alias_id,canonical_page_id,source_reference,reason,review_status
0003504fb992941d93dee794e4d017b76bc5e5f8_1,0003504fb992941d93dee794e4d017b76bc5e5f8_page_0001,0003504fb992941d93dee794e4d017b76bc5e5f8.pdf#page=1,underscore_index,pending_review
0003504fb992941d93dee794e4d017b76bc5e5f8_2,0003504fb992941d93dee794e4d017b76bc5e5f8_page_0002,0003504fb992941d93dee794e4d017b76bc5e5f8.pdf#page=2,underscore_index,pending_review
0003504fb992941d93dee794e4d017b76bc5e5f8_3,0003504fb992941d93dee794e4d017b76bc5e5f8_page_0003,0003504fb992941d93dee794e4d017b76bc5e5f8.pdf#page=3,underscore_index,pending_review
0003504fb992941d93dee794e4d017b76bc5e5f8_4,0003504fb992941d93dee794e4d017b76bc5e5f8_page_0004,0003504fb992941d93dee794e4d017b76bc5e5f8.pdf#page=4,underscore_index,pending_review
0003504fb992941d93dee794e4d017b76bc5e5f8_5,0003504fb992941d93dee794e4d017b76bc5e5f8_page_0005,0003504fb992941d93dee794e4d017b76bc5e5f8.pdf#page=5,underscore_index,pending_review
0003504fb992941d93dee794e4d017b76bc5e5f8_6,0003504fb992941d93dee794e4d017b76bc5e5f8_page_0006,0003504fb992941d93dee794e4d017b76bc5e5f8.pdf#page=6,underscore_index,pending_review
0003504fb992941d93dee794e4d017b76bc5e5f8_7,0003504fb992941d93dee794e4d017b76bc5e5f8_page_0007,0003504fb992941d93dee794e4d017b76bc5e5f8.pdf#page=7,underscore_index,pending_review
0003504fb992941d93dee794e4d017b76bc5e5f8_8,0003504fb992941d93dee794e4d017b76bc5e5f8_page_0008,0003504fb992941d93dee794e4d017b76bc5e5f8.pdf#page=8,underscore_index,pending_review
0003504fb992941d93dee794e4d017b76bc5e5f8_9,0003504fb992941d93dee794e4d017b76bc5e5f8_page_0009,0003504fb992941d93dee794e4d017b76bc5e5f8.pdf#page=9,underscore_index,pending_review
0003504fb992941d93dee794e4d017b76bc5e5f8_10,0003504fb992941d93dee794e4d017b76bc5e5f8_page_0010,0003504fb992941d93dee794e4d017b76bc5e5f8.pdf#page=10,underscore_index,pending_review
0003504fb992941d93dee794e4d017b76bc5e5f8_11,0003504fb992941d93dee794e4d017b76bc5e5f8_page_0011,0003504fb992941d93dee794e4d017b76bc5e5f8.pdf#page=11,underscore_index,pending_review
0003504fb992941d93dee794e4d017b76bc5e5f8_12,0003504fb992941d93dee794e4d017b76bc5e5f8_page_0012,0003504fb992941d93dee794e4d017b76bc5e5f8.pdf#page=12,underscore_index,pending_review
0003504fb992941d93dee794e4d017b76bc5e5f8_13,0003504fb992941d93dee794e4d017b76bc5e5f8_page_0013,0003504fb992941d93dee794e4d017b76bc5e5f8.pdf#page=13,underscore_index,pending_review
0003504fb992941d93dee794e4d017b76bc5e5f8_14,0003504fb992941d93dee794e4d017b76bc5e5f8_page_0014,0003504fb992941d93dee794e4d017b76bc5e5f8.pdf#page=14,underscore_index,pending_review
0003504fb992941d93dee794e4d017b76bc5e5f8_15,0003504fb992941d93dee794e4d017b76bc5e5f8_page_0015,0003504fb992941d93dee794e4d017b76bc5e5f8.pdf#page=15,underscore_index,pending_review
0004b995666f8846b92ffc3d741a930bba0638e3_1,0004b995666f8846b92ffc3d741a930bba0638e3_page_0001,0004b995666f8846b92ffc3d741a930bba0638e3.pdf#page=1,underscore_index,pending_review
0004b995666f8846b92ffc3d741a930bba0638e3_2,0004b995666f8846b92ffc3d741a930bba0638e3_page_0002,0004b995666f8846b92ffc3d741a930bba0638e3.pdf#page=2,underscore_index,pending_review
0004b995666f8846b92ffc3d741a930bba0638e3_3,0004b995666f8846b92ffc3d741a930bba0638e3_page_0003,0004b995666f8846b92ffc3d741a930bba0638e3.pdf#page=3,underscore_index,pending_review
0004b995666f8846b92ffc3d741a930bba0638e3_4,0004b995666f8846b92ffc3d741a930bba0638e3_page_0004,0004b995666f8846b92ffc3d741a930bba0638e3.pdf#page=4,underscore_index,pending_review
0004b995666f8846b92ffc3d741a930bba0638e3_5,0004b995666f8846b92ffc3d741a930bba0638e3_page_0005,0004b995666f8846b92ffc3d741a930bba0638e3.pdf#page=5,underscore_index,pending_review
0004b995666f8846b92ffc3d741a930bba0638e3_6,0004b995666f8846b92ffc3d741a930bba0638e3_page_0006,0004b995666f8846b92ffc3d741a930bba0638e3.pdf#page=6,underscore_index,pending_review
0004b995666f8846b92ffc3d741a930bba0638e3_7,0004b995666f8846b92ffc3d741a930bba0638e3_page_0007,0004b995666f8846b92ffc3d741a930bba0638e3.pdf#page=7,underscore_index,pending_review
0004b995666f8846b92ffc3d741a930bba0638e3_8,0004b995666f8846b92ffc3d741a930bba0638e3_page_0008,0004b995666f8846b92ffc3d741a930bba0638e3.pdf#page=8,underscore_index,pending_review
0004b995666f8846b92ffc3d741a930bba0638e3_9,0004b995666f8846b92ffc3d741a930bba0638e3_page_0009,0004b995666f8846b92ffc3d741a930bba0638e3.pdf#page=9,underscore_index,pending_review
0004b995666f8846b92ffc3d741a930bba0638e3_10,0004b995666f8846b92ffc3d741a930bba0638e3_page_0010,0004b995666f8846b92ffc3d741a930bba0638e3.pdf#page=10,underscore_index,pending_review
0004b995666f8846b92ffc3d741a930bba0638e3_11,0004b995666f8846b92ffc3d741a930bba0638e3_page_0011,0004b995666f8846b92ffc3d741a930bba0638e3.pdf#page=11,underscore_index,pending_review
0004b995666f8846b92ffc3d741a930bba0638e3_12,0004b995666f8846b92ffc3d741a930bba0638e3_page_0012,0004b995666f8846b92ffc3d741a930bba0638e3.pdf#page=12,underscore_index,pending_review
0004b995666f8846b92ffc3d741a930bba0638e3_13,0004b995666f8846b92ffc3d741a930bba0638e3_page_0013,0004b995666f8846b92ffc3d741a930bba0638e3.pdf#page=13,underscore_index,pending_review
0004b995666f8846b92ffc3d741a930bba0638e3_14,0004b995666f8846b92ffc3d741a930bba0638e3_page_0014,0004b995666f8846b92ffc3d741a930bba0638e3.pdf#page=14,underscore_index,pending_review
0004b995666f8846b92ffc3d741a930bba0638e3_15,0004b995666f8846b92ffc3d741a930bba0638e3_page_0015,0004b995666f8846b92ffc3d741a930bba0638e3.pdf#page=15,underscore_index,pending_review
0004b995666f8846b92ffc3d741a930bba0638e3_16,0004b995666f8846b92ffc3d741a930bba0638e3_page_0016,0004b995666f8846b92ffc3d741a930bba0638e3.pdf#page=16,underscore_index,pending_review
0004b995666f8846b92ffc3d741a930bba0638e3_17,0004b995666f8846b92ffc3d741a930bba0638e3_page_0017,0004b995666f8846b92ffc3d741a930bba0638e3.pdf#page=17,underscore_index,pending_review
000787f166f057643ae6a2c248fe104742fade2b_1,000787f166f057643ae6a2c248fe104742fade2b_page_0001,000787f166f057643ae6a2c248fe104742fade2b.pdf#page=1,underscore_index,pending_review
000787f166f057643ae6a2c248fe104742fade2b_2,000787f166f057643ae6a2c248fe104742fade2b_page_0002,000787f166f057643ae6a2c248fe104742fade2b.pdf#page=2,underscore_index,pending_review
000787f166f057643ae6a2c248fe104742fade2b_3,000787f166f057643ae6a2c248fe104742fade2b_page_0003,000787f166f057643ae6a2c248fe104742fade2b.pdf#page=3,underscore_index,pending_review
000787f166f057643ae6a2c248fe104742fade2b_4,000787f166f057643ae6a2c248fe104742fade2b_page_0004,000787f166f057643ae6a2c248fe104742fade2b.pdf#page=4,underscore_index,pending_review
000787f166f057643ae6a2c248fe104742fade2b_5,000787f166f057643ae6a2c248fe104742fade2b_page_0005,000787f166f057643ae6a2c248fe104742fade2b.pdf#page=5,underscore_index,pending_review
000787f166f057643ae6a2c248fe104742fade2b_6,000787f166f057643ae6a2c248fe104742fade2b_page_0006,000787f166f057643ae6a2c248fe104742fade2b.pdf#page=6,underscore_index,pending_review
000787f166f057643ae6a2c248fe104742fade2b_7,000787f166f057643ae6a2c248fe104742fade2b_page_0007,000787f166f057643ae6a2c248fe104742fade2b.pdf#page=7,underscore_index,pending_review
000787f166f057643ae6a2c248fe104742fade2b_8,000787f166f057643ae6a2c248fe104742fade2b_page_0008,000787f166f057643ae6a2c248fe104742fade2b.pdf#page=8,underscore_index,pending_review
000787f166f057643ae6a2c248fe104742fade2b_9,000787f166f057643ae6a2c248fe104742fade2b_page_0009,000787f166f057643ae6a2c248fe104742fade2b.pdf#page=9,underscore_index,pending_review
000787f166f057643ae6a2c248fe104742fade2b_10,000787f166f057643ae6a2c248fe104742fade2b_page_0010,000787f166f057643ae6a2c248fe104742fade2b.pdf#page=10,underscore_index,pending_review
000787f166f057643ae6a2c248fe104742fade2b_11,000787f166f057643ae6a2c248fe104742fade2b_page_0011,000787f166f057643ae6a2c248fe104742fade2b.pdf#page=11,underscore_index,pending_review
000787f166f057643ae6a2c248fe104742fade2b_12,000787f166f057643ae6a2c248fe104742fade2b_page_0012,000787f166f057643ae6a2c248fe104742fade2b.pdf#page=12,underscore_index,pending_review
000787f166f057643ae6a2c248fe104742fade2b_13,000787f166f057643ae6a2c248fe104742fade2b_page_0013,000787f166f057643ae6a2c248fe104742fade2b.pdf#page=13,underscore_index,pending_review
000787f166f057643ae6a2c248fe104742fade2b_14,000787f166f057643ae6a2c248fe104742fade2b_page_0014,000787f166f057643ae6a2c248fe104742fade2b.pdf#page=14,underscore_index,pending_review
000787f166f057643ae6a2c248fe104742fade2b_15,000787f166f057643ae6a2c248fe104742fade2b_page_0015,000787f166f057643ae6a2c248fe104742fade2b.pdf#page=15,underscore_index,pending_review
000787f166f057643ae6a2c248fe104742fade2b_16,000787f166f057643ae6a2c248fe104742fade2b_page_0016,000787f166f057643ae6a2c248fe104742fade2b.pdf#page=16,underscore_index,pending_review
000787f166f057643ae6a2c248fe104742fade2b_17,000787f166f057643ae6a2c248fe104742fade2b_page_0017,000787f166f057643ae6a2c248fe104742fade2b.pdf#page=17,underscore_index,pending_review
000787f166f057643ae6a2c248fe104742fade2b_18,000787f166f057643ae6a2c248fe104742fade2b_page_0018,000787f166f057643ae6a2c248fe104742fade2b.pdf#page=18,underscore_index,pending_review
000787f166f057643ae6a2c248fe104742fade2b_19,000787f166f057643ae6a2c248fe104742fade2b_page_0019,000787f166f057643ae6a2c248fe104742fade2b.pdf#page=19,underscore_index,pending_review
000787f166f057643ae6a2c248fe104742fade2b_20,000787f166f057643ae6a2c248fe104742fade2b_page_0020,000787f166f057643ae6a2c248fe104742fade2b.pdf#page=20,underscore_index,pending_review
000787f166f057643ae6a2c248fe104742fade2b_21,000787f166f057643ae6a2c248fe104742fade2b_page_0021,000787f166f057643ae6a2c248fe104742fade2b.pdf#page=21,underscore_index,pending_review
000787f166f057643ae6a2c248fe104742fade2b_22,000787f166f057643ae6a2c248fe104742fade2b_page_0022,000787f166f057643ae6a2c248fe104742fade2b.pdf#page=22,underscore_index,pending_review
000787f166f057643ae6a2c248fe104742fade2b_23,000787f166f057643ae6a2c248fe104742fade2b_page_0023,000787f166f057643ae6a2c248fe104742fade2b.pdf#page=23,underscore_index,pending_review
000787f166f057643ae6a2c248fe104742fade2b_24,000787f166f057643ae6a2c248fe104742fade2b_page_0024,000787f166f057643ae6a2c248fe104742fade2b.pdf#page=24,underscore_index,pending_review
00136f54532dfe44863f718dea07afadc9d9b1bd_1,00136f54532dfe44863f718dea07afadc9d9b1bd_page_0001,00136f54532dfe44863f718dea07afadc9d9b1bd.pdf#page=1,underscore_index,pending_review
00136f54532dfe44863f718dea07afadc9d9b1bd_2,00136f54532dfe44863f718dea07afadc9d9b1bd_page_0002,00136f54532dfe44863f718dea07afadc9d9b1bd.pdf#page=2,underscore_index,pending_review
00136f54532dfe44863f718dea07afadc9d9b1bd_3,00136f54532dfe44863f718dea07afadc9d9b1bd_page_0003,00136f54532dfe44863f718dea07afadc9d9b1bd.pdf#page=3,underscore_index,pending_review
00136f54532dfe44863f718dea07afadc9d9b1bd_4,00136f54532dfe44863f718dea07afadc9d9b1bd_page_0004,00136f54532dfe44863f718dea07afadc9d9b1bd.pdf#page=4,underscore_index,pending_review
00136f54532dfe44863f718dea07afadc9d9b1bd_5,00136f54532dfe44863f718dea07afadc9d9b1bd_page_0005,00136f54532dfe44863f718dea07afadc9d9b1bd.pdf#page=5,underscore_index,pending_review
00136f54532dfe44863f718dea07afadc9d9b1bd_6,00136f54532dfe44863f718dea07afadc9d9b1bd_page_0006,00136f54532dfe44863f718dea07afadc9d9b1bd.pdf#page=6,underscore_index,pending_review
00136f54532dfe44863f718dea07afadc9d9b1bd_7,00136f54532dfe44863f718dea07afadc9d9b1bd_page_0007,00136f54532dfe44863f718dea07afadc9d9b1bd.pdf#page=7,underscore_index,pending_review
00136f54532dfe44863f718dea07afadc9d9b1bd_8,00136f54532dfe44863f718dea07afadc9d9b1bd_page_0008,00136f54532dfe44863f718dea07afadc9d9b1bd.pdf#page=8,underscore_index,pending_review
00136f54532dfe44863f718dea07afadc9d9b1bd_9,00136f54532dfe44863f718dea07afadc9d9b1bd_page_0009,00136f54532dfe44863f718dea07afadc9d9b1bd.pdf#page=9,underscore_index,pending_review
00136f54532dfe44863f718dea07afadc9d9b1bd_10,00136f54532dfe44863f718dea07afadc9d9b1bd_page_0010,00136f54532dfe44863f718dea07afadc9d9b1bd.pdf#page=10,underscore_index,pending_review
00136f54532dfe44863f718dea07afadc9d9b1bd_11,00136f54532dfe44863f718dea07afadc9d9b1bd_page_0011,00136f54532dfe44863f718dea07afadc9d9b1bd.pdf#page=11,underscore_index,pending_review
00136f54532dfe44863f718dea07afadc9d9b1bd_12,00136f54532dfe44863f718dea07afadc9d9b1bd_page_0012,00136f54532dfe44863f718dea07afadc9d9b1bd.pdf#page=12,underscore_index,pending_review
00136f54532dfe44863f718dea07afadc9d9b1bd_13,00136f54532dfe44863f718dea07afadc9d9b1bd_page_0013,00136f54532dfe44863f718dea07afadc9d9b1bd.pdf#page=13,underscore_index,pending_review
00136f54532dfe44863f718dea07afadc9d9b1bd_14,00136f54532dfe44863f718dea07afadc9d9b1bd_page_0014,00136f54532dfe44863f718dea07afadc9d9b1bd.pdf#page=14,underscore_index,pending_review
00136f54532dfe44863f718dea07afadc9d9b1bd_15,00136f54532dfe44863f718dea07afadc9d9b1bd_page_0015,00136f54532dfe44863f718dea07afadc9d9b1bd.pdf#page=15,underscore_index,pending_review
00136f54532dfe44863f718dea07afadc9d9b1bd_16,00136f54532dfe44863f718dea07afadc9d9b1bd_page_0016,00136f54532dfe44863f718dea07afadc9d9b1bd.pdf#page=16,underscore_index,pending_review
00136f54532dfe44863f718dea07afadc9d9b1bd_17,00136f54532dfe44863f718dea07afadc9d9b1bd_page_0017,00136f54532dfe44863f718dea07afadc9d9b1bd.pdf#page=17,underscore_index,pending_review
00136f54532dfe44863f718dea07afadc9d9b1bd_18,00136f54532dfe44863f718dea07afadc9d9b1bd_page_0018,00136f54532dfe44863f718dea07afadc9d9b1bd.pdf#page=18,underscore_index,pending_review
00136f54532dfe44863f718dea07afadc9d9b1bd_19,00136f54532dfe44863f718dea07afadc9d9b1bd_page_0019,00136f54532dfe44863f718dea07afadc9d9b1bd.pdf#page=19,underscore_index,pending_review
00136f54532dfe44863f718dea07afadc9d9b1bd_20,00136f54532dfe44863f718dea07afadc9d9b1bd_page_0020,00136f54532dfe44863f718dea07afadc9d9b1bd.pdf#page=20,underscore_index,pending_review
00136f54532dfe44863f718dea07afadc9d9b1bd_21,00136f54532dfe44863f718dea07afadc9d9b1bd_page_0021,00136f54532dfe44863f718dea07afadc9d9b1bd.pdf#page=21,underscore_index,pending_review
00136f54532dfe44863f718dea07afadc9d9b1bd_22,00136f54532dfe44863f718dea07afadc9d9b1bd_page_0022,00136f54532dfe44863f718dea07afadc9d9b1bd.pdf#page=22,underscore_index,pending_review
00171a1b5e1078fd6fa76e72d361d1c647d77eb5_1,00171a1b5e1078fd6fa76e72d361d1c647d77eb5_page_0001,00171a1b5e1078fd6fa76e72d361d1c647d77eb5.pdf#page=1,underscore_index,pending_review
00171a1b5e1078fd6fa76e72d361d1c647d77eb5_2,00171a1b5e1078fd6fa76e72d361d1c647d77eb5_page_0002,00171a1b5e1078fd6fa76e72d361d1c647d77eb5.pdf#page=2,underscore_index,pending_review
00171a1b5e1078fd6fa76e72d361d1c647d77eb5_3,00171a1b5e1078fd6fa76e72d361d1c647d77eb5_page_0003,00171a1b5e1078fd6fa76e72d361d1c647d77eb5.pdf#page=3,underscore_index,pending_review
00171a1b5e1078fd6fa76e72d361d1c647d77eb5_4,00171a1b5e1078fd6fa76e72d361d1c647d77eb5_page_0004,00171a1b5e1078fd6fa76e72d361d1c647d77eb5.pdf#page=4,underscore_index,pending_review
00171a1b5e1078fd6fa76e72d361d1c647d77eb5_5,00171a1b5e1078fd6fa76e72d361d1c647d77eb5_page_0005,00171a1b5e1078fd6fa76e72d361d1c647d77eb5.pdf#page=5,underscore_index,pending_review
00171a1b5e1078fd6fa76e72d361d1c647d77eb5_6,00171a1b5e1078fd6fa76e72d361d1c647d77eb5_page_0006,00171a1b5e1078fd6fa76e72d361d1c647d77eb5.pdf#page=6,underscore_index,pending_review
00171a1b5e1078fd6fa76e72d361d1c647d77eb5_7,00171a1b5e1078fd6fa76e72d361d1c647d77eb5_page_0007,00171a1b5e1078fd6fa76e72d361d1c647d77eb5.pdf#page=7,underscore_index,pending_review
00171a1b5e1078fd6fa76e72d361d1c647d77eb5_8,00171a1b5e1078fd6fa76e72d361d1c647d77eb5_page_0008,00171a1b5e1078fd6fa76e72d361d1c647d77eb5.pdf#page=8,underscore_index,pending_review
00171a1b5e1078fd6fa76e72d361d1c647d77eb5_9,00171a1b5e1078fd6fa76e72d361d1c647d77eb5_page_0009,00171a1b5e1078fd6fa76e72d361d1c647d77eb5.pdf#page=9,underscore_index,pending_review
00171a1b5e1078fd6fa76e72d361d1c647d77eb5_10,00171a1b5e1078fd6fa76e72d361d1c647d77eb5_page_0010,00171a1b5e1078fd6fa76e72d361d1c647d77eb5.pdf#page=10,underscore_index,pending_review
00171a1b5e1078fd6fa76e72d361d1c647d77eb5_11,00171a1b5e1078fd6fa76e72d361d1c647d77eb5_page_0011,00171a1b5e1078fd6fa76e72d361d1c647d77eb5.pdf#page=11,underscore_index,pending_review
00171a1b5e1078fd6fa76e72d361d1c647d77eb5_12,00171a1b5e1078fd6fa76e72d361d1c647d77eb5_page_0012,00171a1b5e1078fd6fa76e72d361d1c647d77eb5.pdf#page=12,underscore_index,pending_review
00171a1b5e1078fd6fa76e72d361d1c647d77eb5_13,00171a1b5e1078fd6fa76e72d361d1c647d77eb5_page_0013,00171a1b5e1078fd6fa76e72d361d1c647d77eb5.pdf#page=13,underscore_index,pending_review
00171a1b5e1078fd6fa76e72d361d1c647d77eb5_14,00171a1b5e1078fd6fa76e72d361d1c647d77eb5_page_0014,00171a1b5e1078fd6fa76e72d361d1c647d77eb5.pdf#page=14,underscore_index,pending_review
00171a1b5e1078fd6fa76e72d361d1c647d77eb5_15,00171a1b5e1078fd6fa76e72d361d1c647d77eb5_page_0015,00171a1b5e1078fd6fa76e72d361d1c647d77eb5.pdf#page=15,underscore_index,pending_review
00171a1b5e1078fd6fa76e72d361d1c647d77eb5_16,00171a1b5e1078fd6fa76e72d361d1c647d77eb5_page_0016,00171a1b5e1078fd6fa76e72d361d1c647d77eb5.pdf#page=16,underscore_index,pending_review
00171a1b5e1078fd6fa76e72d361d1c647d77eb5_17,00171a1b5e1078fd6fa76e72d361d1c647d77eb5_page_0017,00171a1b5e1078fd6fa76e72d361d1c647d77eb5.pdf#page=17,underscore_index,pending_review
00171a1b5e1078fd6fa76e72d361d1c647d77eb5_18,00171a1b5e1078fd6fa76e72d361d1c647d77eb5_page_0018,00171a1b5e1078fd6fa76e72d361d1c647d77eb5.pdf#page=18,underscore_index,pending_review
001c68b131356935e1ed82a77300a0d40250cfbb_1,001c68b131356935e1ed82a77300a0d40250cfbb_page_0001,001c68b131356935e1ed82a77300a0d40250cfbb.pdf#page=1,underscore_index,pending_review
001c68b131356935e1ed82a77300a0d40250cfbb_2,001c68b131356935e1ed82a77300a0d40250cfbb_page_0002,001c68b131356935e1ed82a77300a0d40250cfbb.pdf#page=2,underscore_index,pending_review
001c68b131356935e1ed82a77300a0d40250cfbb_3,001c68b131356935e1ed82a77300a0d40250cfbb_page_0003,001c68b131356935e1ed82a77300a0d40250cfbb.pdf#page=3,underscore_index,pending_review
001c68b131356935e1ed82a77300a0d40250cfbb_4,001c68b131356935e1ed82a77300a0d40250cfbb_page_0004,001c68b131356935e1ed82a77300a0d40250cfbb.pdf#page=4,underscore_index,pending_review
001c68b131356935e1ed82a77300a0d40250cfbb_5,001c68b131356935e1ed82a77300a0d40250cfbb_page_0005,001c68b131356935e1ed82a77300a0d40250cfbb.pdf#page=5,underscore_index,pending_review
001c68b131356935e1ed82a77300a0d40250cfbb_6,001c68b131356935e1ed82a77300a0d40250cfbb_page_0006,001c68b131356935e1ed82a77300a0d40250cfbb.pdf#page=6,underscore_index,pending_review
001c68b131356935e1ed82a77300a0d40250cfbb_7,001c68b131356935e1ed82a77300a0d40250cfbb_page_0007,001c68b131356935e1ed82a77300a0d40250cfbb.pdf#page=7,underscore_index,pending_review
001c68b131356935e1ed82a77300a0d40250cfbb_8,001c68b131356935e1ed82a77300a0d40250cfbb_page_0008,001c68b131356935e1ed82a77300a0d40250cfbb.pdf#page=8,underscore_index,pending_review
001c68b131356935e1ed82a77300a0d40250cfbb_9,001c68b131356935e1ed82a77300a0d40250cfbb_page_0009,001c68b131356935e1ed82a77300a0d40250cfbb.pdf#page=9,underscore_index,pending_review
001c68b131356935e1ed82a77300a0d40250cfbb_10,001c68b131356935e1ed82a77300a0d40250cfbb_page_0010,001c68b131356935e1ed82a77300a0d40250cfbb.pdf#page=10,underscore_index,pending_review
001c68b131356935e1ed82a77300a0d40250cfbb_11,001c68b131356935e1ed82a77300a0d40250cfbb_page_0011,001c68b131356935e1ed82a77300a0d40250cfbb.pdf#page=11,underscore_index,pending_review
001c68b131356935e1ed82a77300a0d40250cfbb_12,001c68b131356935e1ed82a77300a0d40250cfbb_page_0012,001c68b131356935e1ed82a77300a0d40250cfbb.pdf#page=12,underscore_index,pending_review
001c68b131356935e1ed82a77300a0d40250cfbb_13,001c68b131356935e1ed82a77300a0d40250cfbb_page_0013,001c68b131356935e1ed82a77300a0d40250cfbb.pdf#page=13,underscore_index,pending_review
001c68b131356935e1ed82a77300a0d40250cfbb_14,001c68b131356935e1ed82a77300a0d40250cfbb_page_0014,001c68b131356935e1ed82a77300a0d40250cfbb.pdf#page=14,underscore_index,pending_review
001c68b131356935e1ed82a77300a0d40250cfbb_15,001c68b131356935e1ed82a77300a0d40250cfbb_page_0015,001c68b131356935e1ed82a77300a0d40250cfbb.pdf#page=15,underscore_index,pending_review
001c68b131356935e1ed82a77300a0d40250cfbb_16,001c68b131356935e1ed82a77300a0d40250cfbb_page_0016,001c68b131356935e1ed82a77300a0d40250cfbb.pdf#page=16,underscore_index,pending_review
001c68b131356935e1ed82a77300a0d40250cfbb_17,001c68b131356935e1ed82a77300a0d40250cfbb_page_0017,001c68b131356935e1ed82a77300a0d40250cfbb.pdf#page=17,underscore_index,pending_review
001c68b131356935e1ed82a77300a0d40250cfbb_18,001c68b131356935e1ed82a77300a0d40250cfbb_page_0018,001c68b131356935e1ed82a77300a0d40250cfbb.pdf#page=18,underscore_index,pending_review
001c68b131356935e1ed82a77300a0d40250cfbb_19,001c68b131356935e1ed82a77300a0d40250cfbb_page_0019,001c68b131356935e1ed82a77300a0d40250cfbb.pdf#page=19,underscore_index,pending_review
001c68b131356935e1ed82a77300a0d40250cfbb_20,001c68b131356935e1ed82a77300a0d40250cfbb_page_0020,001c68b131356935e1ed82a77300a0d40250cfbb.pdf#page=20,underscore_index,pending_review
001c68b131356935e1ed82a77300a0d40250cfbb_21,001c68b131356935e1ed82a77300a0d40250cfbb_page_0021,001c68b131356935e1ed82a77300a0d40250cfbb.pdf#page=21,underscore_index,pending_review
001c68b131356935e1ed82a77300a0d40250cfbb_22,001c68b131356935e1ed82a77300a0d40250cfbb_page_0022,001c68b131356935e1ed82a77300a0d40250cfbb.pdf#page=22,underscore_index,pending_review
001d373f0f9c22ae1a7a3a086f7859aa74c140a8_1,001d373f0f9c22ae1a7a3a086f7859aa74c140a8_page_0001,001d373f0f9c22ae1a7a3a086f7859aa74c140a8.pdf#page=1,underscore_index,pending_review
001d373f0f9c22ae1a7a3a086f7859aa74c140a8_2,001d373f0f9c22ae1a7a3a086f7859aa74c140a8_page_0002,001d373f0f9c22ae1a7a3a086f7859aa74c140a8.pdf#page=2,underscore_index,pending_review
001d373f0f9c22ae1a7a3a086f7859aa74c140a8_3,001d373f0f9c22ae1a7a3a086f7859aa74c140a8_page_0003,001d373f0f9c22ae1a7a3a086f7859aa74c140a8.pdf#page=3,underscore_index,pending_review
001d373f0f9c22ae1a7a3a086f7859aa74c140a8_4,001d373f0f9c22ae1a7a3a086f7859aa74c140a8_page_0004,001d373f0f9c22ae1a7a3a086f7859aa74c140a8.pdf#page=4,underscore_index,pending_review
001d373f0f9c22ae1a7a3a086f7859aa74c140a8_5,001d373f0f9c22ae1a7a3a086f7859aa74c140a8_page_0005,001d373f0f9c22ae1a7a3a086f7859aa74c140a8.pdf#page=5,underscore_index,pending_review
001d373f0f9c22ae1a7a3a086f7859aa74c140a8_6,001d373f0f9c22ae1a7a3a086f7859aa74c140a8_page_0006,001d373f0f9c22ae1a7a3a086f7859aa74c140a8.pdf#page=6,underscore_index,pending_review
001d373f0f9c22ae1a7a3a086f7859aa74c140a8_7,001d373f0f9c22ae1a7a3a086f7859aa74c140a8_page_0007,001d373f0f9c22ae1a7a3a086f7859aa74c140a8.pdf#page=7,underscore_index,pending_review
001d373f0f9c22ae1a7a3a086f7859aa74c140a8_8,001d373f0f9c22ae1a7a3a086f7859aa74c140a8_page_0008,001d373f0f9c22ae1a7a3a086f7859aa74c140a8.pdf#page=8,underscore_index,pending_review
001d373f0f9c22ae1a7a3a086f7859aa74c140a8_9,001d373f0f9c22ae1a7a3a086f7859aa74c140a8_page_0009,001d373f0f9c22ae1a7a3a086f7859aa74c140a8.pdf#page=9,underscore_index,pending_review
001d373f0f9c22ae1a7a3a086f7859aa74c140a8_10,001d373f0f9c22ae1a7a3a086f7859aa74c140a8_page_0010,001d373f0f9c22ae1a7a3a086f7859aa74c140a8.pdf#page=10,underscore_index,pending_review
001d373f0f9c22ae1a7a3a086f7859aa74c140a8_11,001d373f0f9c22ae1a7a3a086f7859aa74c140a8_page_0011,001d373f0f9c22ae1a7a3a086f7859aa74c140a8.pdf#page=11,underscore_index,pending_review
001d373f0f9c22ae1a7a3a086f7859aa74c140a8_12,001d373f0f9c22ae1a7a3a086f7859aa74c140a8_page_0012,001d373f0f9c22ae1a7a3a086f7859aa74c140a8.pdf#page=12,underscore_index,pending_review
001d373f0f9c22ae1a7a3a086f7859aa74c140a8_13,001d373f0f9c22ae1a7a3a086f7859aa74c140a8_page_0013,001d373f0f9c22ae1a7a3a086f7859aa74c140a8.pdf#page=13,underscore_index,pending_review
001d373f0f9c22ae1a7a3a086f7859aa74c140a8_14,001d373f0f9c22ae1a7a3a086f7859aa74c140a8_page_0014,001d373f0f9c22ae1a7a3a086f7859aa74c140a8.pdf#page=14,underscore_index,pending_review
001d373f0f9c22ae1a7a3a086f7859aa74c140a8_15,001d373f0f9c22ae1a7a3a086f7859aa74c140a8_page_0015,001d373f0f9c22ae1a7a3a086f7859aa74c140a8.pdf#page=15,underscore_index,pending_review
001d373f0f9c22ae1a7a3a086f7859aa74c140a8_16,001d373f0f9c22ae1a7a3a086f7859aa74c140a8_page_0016,001d373f0f9c22ae1a7a3a086f7859aa74c140a8.pdf#page=16,underscore_index,pending_review
001d373f0f9c22ae1a7a3a086f7859aa74c140a8_17,001d373f0f9c22ae1a7a3a086f7859aa74c140a8_page_0017,001d373f0f9c22ae1a7a3a086f7859aa74c140a8.pdf#page=17,underscore_index,pending_review
001d373f0f9c22ae1a7a3a086f7859aa74c140a8_18,001d373f0f9c22ae1a7a3a086f7859aa74c140a8_page_0018,001d373f0f9c22ae1a7a3a086f7859aa74c140a8.pdf#page=18,underscore_index,pending_review
001d373f0f9c22ae1a7a3a086f7859aa74c140a8_19,001d373f0f9c22ae1a7a3a086f7859aa74c140a8_page_0019,001d373f0f9c22ae1a7a3a086f7859aa74c140a8.pdf#page=19,underscore_index,pending_review
001d373f0f9c22ae1a7a3a086f7859aa74c140a8_20,001d373f0f9c22ae1a7a3a086f7859aa74c140a8_page_0020,001d373f0f9c22ae1a7a3a086f7859aa74c140a8.pdf#page=20,underscore_index,pending_review
00222bf4bff30ff446c45fee544767a33532ee56_1,00222bf4bff30ff446c45fee544767a33532ee56_page_0001,00222bf4bff30ff446c45fee544767a33532ee56.pdf#page=1,underscore_index,pending_review
00222bf4bff30ff446c45fee544767a33532ee56_2,00222bf4bff30ff446c45fee544767a33532ee56_page_0002,00222bf4bff30ff446c45fee544767a33532ee56.pdf#page=2,underscore_index,pending_review
00222bf4bff30ff446c45fee544767a33532ee56_3,00222bf4bff30ff446c45fee544767a33532ee56_page_0003,00222bf4bff30ff446c45fee544767a33532ee56.pdf#page=3,underscore_index,pending_review
00222bf4bff30ff446c45fee544767a33532ee56_4,00222bf4bff30ff446c45fee544767a33532ee56_page_0004,00222bf4bff30ff446c45fee544767a33532ee56.pdf#page=4,underscore_index,pending_review
00222bf4bff30ff446c45fee544767a33532ee56_5,00222bf4bff30ff446c45fee544767a33532ee56_page_0005,00222bf4bff30ff446c45fee544767a33532ee56.pdf#page=5,underscore_index,pending_review
00222bf4bff30ff446c45fee544767a33532ee56_6,00222bf4bff30ff446c45fee544767a33532ee56_page_0006,00222bf4bff30ff446c45fee544767a33532ee56.pdf#page=6,underscore_index,pending_review
00222bf4bff30ff446c45fee544767a33532ee56_7,00222bf4bff30ff446c45fee544767a33532ee56_page_0007,00222bf4bff30ff446c45fee544767a33532ee56.pdf#page=7,underscore_index,pending_review
00222bf4bff30ff446c45fee544767a33532ee56_8,00222bf4bff30ff446c45fee544767a33532ee56_page_0008,00222bf4bff30ff446c45fee544767a33532ee56.pdf#page=8,underscore_index,pending_review
00222bf4bff30ff446c45fee544767a33532ee56_9,00222bf4bff30ff446c45fee544767a33532ee56_page_0009,00222bf4bff30ff446c45fee544767a33532ee56.pdf#page=9,underscore_index,pending_review
00222bf4bff30ff446c45fee544767a33532ee56_10,00222bf4bff30ff446c45fee544767a33532ee56_page_0010,00222bf4bff30ff446c45fee544767a33532ee56.pdf#page=10,underscore_index,pending_review
00222bf4bff30ff446c45fee544767a33532ee56_11,00222bf4bff30ff446c45fee544767a33532ee56_page_0011,00222bf4bff30ff446c45fee544767a33532ee56.pdf#page=11,underscore_index,pending_review
00222bf4bff30ff446c45fee544767a33532ee56_12,00222bf4bff30ff446c45fee544767a33532ee56_page_0012,00222bf4bff30ff446c45fee544767a33532ee56.pdf#page=12,underscore_index,pending_review
00222bf4bff30ff446c45fee544767a33532ee56_13,00222bf4bff30ff446c45fee544767a33532ee56_page_0013,00222bf4bff30ff446c45fee544767a33532ee56.pdf#page=13,underscore_index,pending_review
00222bf4bff30ff446c45fee544767a33532ee56_14,00222bf4bff30ff446c45fee544767a33532ee56_page_0014,00222bf4bff30ff446c45fee544767a33532ee56.pdf#page=14,underscore_index,pending_review
00222bf4bff30ff446c45fee544767a33532ee56_15,00222bf4bff30ff446c45fee544767a33532ee56_page_0015,00222bf4bff30ff446c45fee544767a33532ee56.pdf#page=15,underscore_index,pending_review
00222bf4bff30ff446c45fee544767a33532ee56_16,00222bf4bff30ff446c45fee544767a33532ee56_page_0016,00222bf4bff30ff446c45fee544767a33532ee56.pdf#page=16,underscore_index,pending_review
00222bf4bff30ff446c45fee544767a33532ee56_17,00222bf4bff30ff446c45fee544767a33532ee56_page_0017,00222bf4bff30ff446c45fee544767a33532ee56.pdf#page=17,underscore_index,pending_review
00222bf4bff30ff446c45fee544767a33532ee56_18,00222bf4bff30ff446c45fee544767a33532ee56_page_0018,00222bf4bff30ff446c45fee544767a33532ee56.pdf#page=18,underscore_index,pending_review
00222bf4bff30ff446c45fee544767a33532ee56_19,00222bf4bff30ff446c45fee544767a33532ee56_page_0019,00222bf4bff30ff446c45fee544767a33532ee56.pdf#page=19,underscore_index,pending_review
00222bf4bff30ff446c45fee544767a33532ee56_20,00222bf4bff30ff446c45fee544767a33532ee56_page_0020,00222bf4bff30ff446c45fee544767a33532ee56.pdf#page=20,underscore_index,pending_review
00222bf4bff30ff446c45fee544767a33532ee56_21,00222bf4bff30ff446c45fee544767a33532ee56_page_0021,00222bf4bff30ff446c45fee544767a33532ee56.pdf#page=21,underscore_index,pending_review
00222bf4bff30ff446c45fee544767a33532ee56_22,00222bf4bff30ff446c45fee544767a33532ee56_page_0022,00222bf4bff30ff446c45fee544767a33532ee56.pdf#page=22,underscore_index,pending_review
0022f971d841560d6ab3eee650475ad2218692c2_1,0022f971d841560d6ab3eee650475ad2218692c2_page_0001,0022f971d841560d6ab3eee650475ad2218692c2.pdf#page=1,underscore_index,pending_review
0022f971d841560d6ab3eee650475ad2218692c2_2,0022f971d841560d6ab3eee650475ad2218692c2_page_0002,0022f971d841560d6ab3eee650475ad2218692c2.pdf#page=2,underscore_index,pending_review
0022f971d841560d6ab3eee650475ad2218692c2_3,0022f971d841560d6ab3eee650475ad2218692c2_page_0003,0022f971d841560d6ab3eee650475ad2218692c2.pdf#page=3,underscore_index,pending_review
0022f971d841560d6ab3eee650475ad2218692c2_4,0022f971d841560d6ab3eee650475ad2218692c2_page_0004,0022f971d841560d6ab3eee650475ad2218692c2.pdf#page=4,underscore_index,pending_review
0022f971d841560d6ab3eee650475ad2218692c2_5,0022f971d841560d6ab3eee650475ad2218692c2_page_0005,0022f971d841560d6ab3eee650475ad2218692c2.pdf#page=5,underscore_index,pending_review
0022f971d841560d6ab3eee650475ad2218692c2_6,0022f971d841560d6ab3eee650475ad2218692c2_page_0006,0022f971d841560d6ab3eee650475ad2218692c2.pdf#page=6,underscore_index,pending_review
0022f971d841560d6ab3eee650475ad2218692c2_7,0022f971d841560d6ab3eee650475ad2218692c2_page_0007,0022f971d841560d6ab3eee650475ad2218692c2.pdf#page=7,underscore_index,pending_review
0022f971d841560d6ab3eee650475ad2218692c2_8,0022f971d841560d6ab3eee650475ad2218692c2_page_0008,0022f971d841560d6ab3eee650475ad2218692c2.pdf#page=8,underscore_index,pending_review
0022f971d841560d6ab3eee650475ad2218692c2_9,0022f971d841560d6ab3eee650475ad2218692c2_page_0009,0022f971d841560d6ab3eee650475ad2218692c2.pdf#page=9,underscore_index,pending_review
0022f971d841560d6ab3eee650475ad2218692c2_10,0022f971d841560d6ab3eee650475ad2218692c2_page_0010,0022f971d841560d6ab3eee650475ad2218692c2.pdf#page=10,underscore_index,pending_review
0022f971d841560d6ab3eee650475ad2218692c2_11,0022f971d841560d6ab3eee650475ad2218692c2_page_0011,0022f971d841560d6ab3eee650475ad2218692c2.pdf#page=11,underscore_index,pending_review
0022f971d841560d6ab3eee650475ad2218692c2_12,0022f971d841560d6ab3eee650475ad2218692c2_page_0012,0022f971d841560d6ab3eee650475ad2218692c2.pdf#page=12,underscore_index,pending_review
0022f971d841560d6ab3eee650475ad2218692c2_13,0022f971d841560d6ab3eee650475ad2218692c2_page_0013,0022f971d841560d6ab3eee650475ad2218692c2.pdf#page=13,underscore_index,pending_review
0022f971d841560d6ab3eee650475ad2218692c2_14,0022f971d841560d6ab3eee650475ad2218692c2_page_0014,0022f971d841560d6ab3eee650475ad2218692c2.pdf#page=14,underscore_index,pending_review
00291389a275d8392d91e1e9f5b462afa26f3732_1,00291389a275d8392d91e1e9f5b462afa26f3732_page_0001,00291389a275d8392d91e1e9f5b462afa26f3732.pdf#page=1,underscore_index,pending_review
00291389a275d8392d91e1e9f5b462afa26f3732_2,00291389a275d8392d91e1e9f5b462afa26f3732_page_0002,00291389a275d8392d91e1e9f5b462afa26f3732.pdf#page=2,underscore_index,pending_review
00291389a275d8392d91e1e9f5b462afa26f3732_3,00291389a275d8392d91e1e9f5b462afa26f3732_page_0003,00291389a275d8392d91e1e9f5b462afa26f3732.pdf#page=3,underscore_index,pending_review
00291389a275d8392d91e1e9f5b462afa26f3732_4,00291389a275d8392d91e1e9f5b462afa26f3732_page_0004,00291389a275d8392d91e1e9f5b462afa26f3732.pdf#page=4,underscore_index,pending_review
00291389a275d8392d91e1e9f5b462afa26f3732_5,00291389a275d8392d91e1e9f5b462afa26f3732_page_0005,00291389a275d8392d91e1e9f5b462afa26f3732.pdf#page=5,underscore_index,pending_review
00291389a275d8392d91e1e9f5b462afa26f3732_6,00291389a275d8392d91e1e9f5b462afa26f3732_page_0006,00291389a275d8392d91e1e9f5b462afa26f3732.pdf#page=6,underscore_index,pending_review
00291389a275d8392d91e1e9f5b462afa26f3732_7,00291389a275d8392d91e1e9f5b462afa26f3732_page_0007,00291389a275d8392d91e1e9f5b462afa26f3732.pdf#page=7,underscore_index,pending_review
00291389a275d8392d91e1e9f5b462afa26f3732_8,00291389a275d8392d91e1e9f5b462afa26f3732_page_0008,00291389a275d8392d91e1e9f5b462afa26f3732.pdf#page=8,underscore_index,pending_review
00291389a275d8392d91e1e9f5b462afa26f3732_9,00291389a275d8392d91e1e9f5b462afa26f3732_page_0009,00291389a275d8392d91e1e9f5b462afa26f3732.pdf#page=9,underscore_index,pending_review
00291389a275d8392d91e1e9f5b462afa26f3732_10,00291389a275d8392d91e1e9f5b462afa26f3732_page_0010,00291389a275d8392d91e1e9f5b462afa26f3732.pdf#page=10,underscore_index,pending_review
00291389a275d8392d91e1e9f5b462afa26f3732_11,00291389a275d8392d91e1e9f5b462afa26f3732_page_0011,00291389a275d8392d91e1e9f5b462afa26f3732.pdf#page=11,underscore_index,pending_review
00291389a275d8392d91e1e9f5b462afa26f3732_12,00291389a275d8392d91e1e9f5b462afa26f3732_page_0012,00291389a275d8392d91e1e9f5b462afa26f3732.pdf#page=12,underscore_index,pending_review
00291389a275d8392d91e1e9f5b462afa26f3732_13,00291389a275d8392d91e1e9f5b462afa26f3732_page_0013,00291389a275d8392d91e1e9f5b462afa26f3732.pdf#page=13,underscore_index,pending_review
00291389a275d8392d91e1e9f5b462afa26f3732_14,00291389a275d8392d91e1e9f5b462afa26f3732_page_0014,00291389a275d8392d91e1e9f5b462afa26f3732.pdf#page=14,underscore_index,pending_review
00291389a275d8392d91e1e9f5b462afa26f3732_15,00291389a275d8392d91e1e9f5b462afa26f3732_page_0015,00291389a275d8392d91e1e9f5b462afa26f3732.pdf#page=15,underscore_index,pending_review
00291389a275d8392d91e1e9f5b462afa26f3732_16,00291389a275d8392d91e1e9f5b462afa26f3732_page_0016,00291389a275d8392d91e1e9f5b462afa26f3732.pdf#page=16,underscore_index,pending_review
00291389a275d8392d91e1e9f5b462afa26f3732_17,00291389a275d8392d91e1e9f5b462afa26f3732_page_0017,00291389a275d8392d91e1e9f5b462afa26f3732.pdf#page=17,underscore_index,pending_review
00291389a275d8392d91e1e9f5b462afa26f3732_18,00291389a275d8392d91e1e9f5b462afa26f3732_page_0018,00291389a275d8392d91e1e9f5b462afa26f3732.pdf#page=18,underscore_index,pending_review
00291389a275d8392d91e1e9f5b462afa26f3732_19,00291389a275d8392d91e1e9f5b462afa26f3732_page_0019,00291389a275d8392d91e1e9f5b462afa26f3732.pdf#page=19,underscore_index,pending_review
00291389a275d8392d91e1e9f5b462afa26f3732_20,00291389a275d8392d91e1e9f5b462afa26f3732_page_0020,00291389a275d8392d91e1e9f5b462afa26f3732.pdf#page=20,underscore_index,pending_review
00291389a275d8392d91e1e9f5b462afa26f3732_21,00291389a275d8392d91e1e9f5b462afa26f3732_page_0021,00291389a275d8392d91e1e9f5b462afa26f3732.pdf#page=21,underscore_index,pending_review
00291389a275d8392d91e1e9f5b462afa26f3732_22,00291389a275d8392d91e1e9f5b462afa26f3732_page_0022,00291389a275d8392d91e1e9f5b462afa26f3732.pdf#page=22,underscore_index,pending_review
00291389a275d8392d91e1e9f5b462afa26f3732_23,00291389a275d8392d91e1e9f5b462afa26f3732_page_0023,00291389a275d8392d91e1e9f5b462afa26f3732.pdf#page=23,underscore_index,pending_review
00291389a275d8392d91e1e9f5b462afa26f3732_24,00291389a275d8392d91e1e9f5b462afa26f3732_page_0024,00291389a275d8392d91e1e9f5b462afa26f3732.pdf#page=24,underscore_index,pending_review
00362e0c00ff5aaff038a11f970f2c0c35addd1e_1,00362e0c00ff5aaff038a11f970f2c0c35addd1e_page_0001,00362e0c00ff5aaff038a11f970f2c0c35addd1e.pdf#page=1,underscore_index,pending_review
00362e0c00ff5aaff038a11f970f2c0c35addd1e_2,00362e0c00ff5aaff038a11f970f2c0c35addd1e_page_0002,00362e0c00ff5aaff038a11f970f2c0c35addd1e.pdf#page=2,underscore_index,pending_review
00362e0c00ff5aaff038a11f970f2c0c35addd1e_3,00362e0c00ff5aaff038a11f970f2c0c35addd1e_page_0003,00362e0c00ff5aaff038a11f970f2c0c35addd1e.pdf#page=3,underscore_index,pending_review
00362e0c00ff5aaff038a11f970f2c0c35addd1e_4,00362e0c00ff5aaff038a11f970f2c0c35addd1e_page_0004,00362e0c00ff5aaff038a11f970f2c0c35addd1e.pdf#page=4,underscore_index,pending_review
00362e0c00ff5aaff038a11f970f2c0c35addd1e_5,00362e0c00ff5aaff038a11f970f2c0c35addd1e_page_0005,00362e0c00ff5aaff038a11f970f2c0c35addd1e.pdf#page=5,underscore_index,pending_review
00362e0c00ff5aaff038a11f970f2c0c35addd1e_6,00362e0c00ff5aaff038a11f970f2c0c35addd1e_page_0006,00362e0c00ff5aaff038a11f970f2c0c35addd1e.pdf#page=6,underscore_index,pending_review
00362e0c00ff5aaff038a11f970f2c0c35addd1e_7,00362e0c00ff5aaff038a11f970f2c0c35addd1e_page_0007,00362e0c00ff5aaff038a11f970f2c0c35addd1e.pdf#page=7,underscore_index,pending_review
00362e0c00ff5aaff038a11f970f2c0c35addd1e_8,00362e0c00ff5aaff038a11f970f2c0c35addd1e_page_0008,00362e0c00ff5aaff038a11f970f2c0c35addd1e.pdf#page=8,underscore_index,pending_review
00362e0c00ff5aaff038a11f970f2c0c35addd1e_9,00362e0c00ff5aaff038a11f970f2c0c35addd1e_page_0009,00362e0c00ff5aaff038a11f970f2c0c35addd1e.pdf#page=9,underscore_index,pending_review
00362e0c00ff5aaff038a11f970f2c0c35addd1e_10,00362e0c00ff5aaff038a11f970f2c0c35addd1e_page_0010,00362e0c00ff5aaff038a11f970f2c0c35addd1e.pdf#page=10,underscore_index,pending_review
00362e0c00ff5aaff038a11f970f2c0c35addd1e_11,00362e0c00ff5aaff038a11f970f2c0c35addd1e_page_0011,00362e0c00ff5aaff038a11f970f2c0c35addd1e.pdf#page=11,underscore_index,pending_review
00362e0c00ff5aaff038a11f970f2c0c35addd1e_12,00362e0c00ff5aaff038a11f970f2c0c35addd1e_page_0012,00362e0c00ff5aaff038a11f970f2c0c35addd1e.pdf#page=12,underscore_index,pending_review
00362e0c00ff5aaff038a11f970f2c0c35addd1e_13,00362e0c00ff5aaff038a11f970f2c0c35addd1e_page_0013,00362e0c00ff5aaff038a11f970f2c0c35addd1e.pdf#page=13,underscore_index,pending_review
00362e0c00ff5aaff038a11f970f2c0c35addd1e_14,00362e0c00ff5aaff038a11f970f2c0c35addd1e_page_0014,00362e0c00ff5aaff038a11f970f2c0c35addd1e.pdf#page=14,underscore_index,pending_review
00362e0c00ff5aaff038a11f970f2c0c35addd1e_15,00362e0c00ff5aaff038a11f970f2c0c35addd1e_page_0015,00362e0c00ff5aaff038a11f970f2c0c35addd1e.pdf#page=15,underscore_index,pending_review
00362e0c00ff5aaff038a11f970f2c0c35addd1e_16,00362e0c00ff5aaff038a11f970f2c0c35addd1e_page_0016,00362e0c00ff5aaff038a11f970f2c0c35addd1e.pdf#page=16,underscore_index,pending_review
00362e0c00ff5aaff038a11f970f2c0c35addd1e_17,00362e0c00ff5aaff038a11f970f2c0c35addd1e_page_0017,00362e0c00ff5aaff038a11f970f2c0c35addd1e.pdf#page=17,underscore_index,pending_review
00362e0c00ff5aaff038a11f970f2c0c35addd1e_18,00362e0c00ff5aaff038a11f970f2c0c35addd1e_page_0018,00362e0c00ff5aaff038a11f970f2c0c35addd1e.pdf#page=18,underscore_index,pending_review
00362e0c00ff5aaff038a11f970f2c0c35addd1e_19,00362e0c00ff5aaff038a11f970f2c0c35addd1e_page_0019,00362e0c00ff5aaff038a11f970f2c0c35addd1e.pdf#page=19,underscore_index,pending_review
00362e0c00ff5aaff038a11f970f2c0c35addd1e_20,00362e0c00ff5aaff038a11f970f2c0c35addd1e_page_0020,00362e0c00ff5aaff038a11f970f2c0c35addd1e.pdf#page=20,underscore_index,pending_review
0036ac776bf7d6a0e1c550e132d99ba4ea07cada_1,0036ac776bf7d6a0e1c550e132d99ba4ea07cada_page_0001,0036ac776bf7d6a0e1c550e132d99ba4ea07cada.pdf#page=1,underscore_index,pending_review
0036ac776bf7d6a0e1c550e132d99ba4ea07cada_2,0036ac776bf7d6a0e1c550e132d99ba4ea07cada_page_0002,0036ac776bf7d6a0e1c550e132d99ba4ea07cada.pdf#page=2,underscore_index,pending_review
0036ac776bf7d6a0e1c550e132d99ba4ea07cada_3,0036ac776bf7d6a0e1c550e132d99ba4ea07cada_page_0003,0036ac776bf7d6a0e1c550e132d99ba4ea07cada.pdf#page=3,underscore_index,pending_review
0036ac776bf7d6a0e1c550e132d99ba4ea07cada_4,0036ac776bf7d6a0e1c550e132d99ba4ea07cada_page_0004,0036ac776bf7d6a0e1c550e132d99ba4ea07cada.pdf#page=4,underscore_index,pending_review
0036ac776bf7d6a0e1c550e132d99ba4ea07cada_5,0036ac776bf7d6a0e1c550e132d99ba4ea07cada_page_0005,0036ac776bf7d6a0e1c550e132d99ba4ea07cada.pdf#page=5,underscore_index,pending_review
0036ac776bf7d6a0e1c550e132d99ba4ea07cada_6,0036ac776bf7d6a0e1c550e132d99ba4ea07cada_page_0006,0036ac776bf7d6a0e1c550e132d99ba4ea07cada.pdf#page=6,underscore_index,pending_review
0036ac776bf7d6a0e1c550e132d99ba4ea07cada_7,0036ac776bf7d6a0e1c550e132d99ba4ea07cada_page_0007,0036ac776bf7d6a0e1c550e132d99ba4ea07cada.pdf#page=7,underscore_index,pending_review
0036ac776bf7d6a0e1c550e132d99ba4ea07cada_8,0036ac776bf7d6a0e1c550e132d99ba4ea07cada_page_0008,0036ac776bf7d6a0e1c550e132d99ba4ea07cada.pdf#page=8,underscore_index,pending_review
0036ac776bf7d6a0e1c550e132d99ba4ea07cada_9,0036ac776bf7d6a0e1c550e132d99ba4ea07cada_page_0009,0036ac776bf7d6a0e1c550e132d99ba4ea07cada.pdf#page=9,underscore_index,pending_review
0036ac776bf7d6a0e1c550e132d99ba4ea07cada_10,0036ac776bf7d6a0e1c550e132d99ba4ea07cada_page_0010,0036ac776bf7d6a0e1c550e132d99ba4ea07cada.pdf#page=10,underscore_index,pending_review
0036ac776bf7d6a0e1c550e132d99ba4ea07cada_11,0036ac776bf7d6a0e1c550e132d99ba4ea07cada_page_0011,0036ac776bf7d6a0e1c550e132d99ba4ea07cada.pdf#page=11,underscore_index,pending_review
0036ac776bf7d6a0e1c550e132d99ba4ea07cada_12,0036ac776bf7d6a0e1c550e132d99ba4ea07cada_page_0012,0036ac776bf7d6a0e1c550e132d99ba4ea07cada.pdf#page=12,underscore_index,pending_review
0036ac776bf7d6a0e1c550e132d99ba4ea07cada_13,0036ac776bf7d6a0e1c550e132d99ba4ea07cada_page_0013,0036ac776bf7d6a0e1c550e132d99ba4ea07cada.pdf#page=13,underscore_index,pending_review
0037474fa0400321fa39f174b2e463c6e1a2c263_1,0037474fa0400321fa39f174b2e463c6e1a2c263_page_0001,0037474fa0400321fa39f174b2e463c6e1a2c263.pdf#page=1,underscore_index,pending_review
0037474fa0400321fa39f174b2e463c6e1a2c263_2,0037474fa0400321fa39f174b2e463c6e1a2c263_page_0002,0037474fa0400321fa39f174b2e463c6e1a2c263.pdf#page=2,underscore_index,pending_review
0037474fa0400321fa39f174b2e463c6e1a2c263_3,0037474fa0400321fa39f174b2e463c6e1a2c263_page_0003,0037474fa0400321fa39f174b2e463c6e1a2c263.pdf#page=3,underscore_index,pending_review
0037474fa0400321fa39f174b2e463c6e1a2c263_4,0037474fa0400321fa39f174b2e463c6e1a2c263_page_0004,0037474fa0400321fa39f174b2e463c6e1a2c263.pdf#page=4,underscore_index,pending_review
0037474fa0400321fa39f174b2e463c6e1a2c263_5,0037474fa0400321fa39f174b2e463c6e1a2c263_page_0005,0037474fa0400321fa39f174b2e463c6e1a2c263.pdf#page=5,underscore_index,pending_review
0037474fa0400321fa39f174b2e463c6e1a2c263_6,0037474fa0400321fa39f174b2e463c6e1a2c263_page_0006,0037474fa0400321fa39f174b2e463c6e1a2c263.pdf#page=6,underscore_index,pending_review
0037474fa0400321fa39f174b2e463c6e1a2c263_7,0037474fa0400321fa39f174b2e463c6e1a2c263_page_0007,0037474fa0400321fa39f174b2e463c6e1a2c263.pdf#page=7,underscore_index,pending_review
0037474fa0400321fa39f174b2e463c6e1a2c263_8,0037474fa0400321fa39f174b2e463c6e1a2c263_page_0008,0037474fa0400321fa39f174b2e463c6e1a2c263.pdf#page=8,underscore_index,pending_review
0037474fa0400321fa39f174b2e463c6e1a2c263_9,0037474fa0400321fa39f174b2e463c6e1a2c263_page_0009,0037474fa0400321fa39f174b2e463c6e1a2c263.pdf#page=9,underscore_index,pending_review
0037474fa0400321fa39f174b2e463c6e1a2c263_10,0037474fa0400321fa39f174b2e463c6e1a2c263_page_0010,0037474fa0400321fa39f174b2e463c6e1a2c263.pdf#page=10,underscore_index,pending_review
0037474fa0400321fa39f174b2e463c6e1a2c263_11,0037474fa0400321fa39f174b2e463c6e1a2c263_page_0011,0037474fa0400321fa39f174b2e463c6e1a2c263.pdf#page=11,underscore_index,pending_review
0037474fa0400321fa39f174b2e463c6e1a2c263_12,0037474fa0400321fa39f174b2e463c6e1a2c263_page_0012,0037474fa0400321fa39f174b2e463c6e1a2c263.pdf#page=12,underscore_index,pending_review
0037474fa0400321fa39f174b2e463c6e1a2c263_13,0037474fa0400321fa39f174b2e463c6e1a2c263_page_0013,0037474fa0400321fa39f174b2e463c6e1a2c263.pdf#page=13,underscore_index,pending_review
0037474fa0400321fa39f174b2e463c6e1a2c263_14,0037474fa0400321fa39f174b2e463c6e1a2c263_page_0014,0037474fa0400321fa39f174b2e463c6e1a2c263.pdf#page=14,underscore_index,pending_review
0037474fa0400321fa39f174b2e463c6e1a2c263_15,0037474fa0400321fa39f174b2e463c6e1a2c263_page_0015,0037474fa0400321fa39f174b2e463c6e1a2c263.pdf#page=15,underscore_index,pending_review
0037474fa0400321fa39f174b2e463c6e1a2c263_16,0037474fa0400321fa39f174b2e463c6e1a2c263_page_0016,0037474fa0400321fa39f174b2e463c6e1a2c263.pdf#page=16,underscore_index,pending_review
0037474fa0400321fa39f174b2e463c6e1a2c263_17,0037474fa0400321fa39f174b2e463c6e1a2c263_page_0017,0037474fa0400321fa39f174b2e463c6e1a2c263.pdf#page=17,underscore_index,pending_review
0037474fa0400321fa39f174b2e463c6e1a2c263_18,0037474fa0400321fa39f174b2e463c6e1a2c263_page_0018,0037474fa0400321fa39f174b2e463c6e1a2c263.pdf#page=18,underscore_index,pending_review
0037474fa0400321fa39f174b2e463c6e1a2c263_19,0037474fa0400321fa39f174b2e463c6e1a2c263_page_0019,0037474fa0400321fa39f174b2e463c6e1a2c263.pdf#page=19,underscore_index,pending_review
0037474fa0400321fa39f174b2e463c6e1a2c263_20,0037474fa0400321fa39f174b2e463c6e1a2c263_page_0020,0037474fa0400321fa39f174b2e463c6e1a2c263.pdf#page=20,underscore_index,pending_review
0037474fa0400321fa39f174b2e463c6e1a2c263_21,0037474fa0400321fa39f174b2e463c6e1a2c263_page_0021,0037474fa0400321fa39f174b2e463c6e1a2c263.pdf#page=21,underscore_index,pending_review
0037474fa0400321fa39f174b2e463c6e1a2c263_22,0037474fa0400321fa39f174b2e463c6e1a2c263_page_0022,0037474fa0400321fa39f174b2e463c6e1a2c263.pdf#page=22,underscore_index,pending_review
0039d8dff6883e560db3de8ce33e756124864c72_1,0039d8dff6883e560db3de8ce33e756124864c72_page_0001,0039d8dff6883e560db3de8ce33e756124864c72.pdf#page=1,underscore_index,pending_review
0039d8dff6883e560db3de8ce33e756124864c72_2,0039d8dff6883e560db3de8ce33e756124864c72_page_0002,0039d8dff6883e560db3de8ce33e756124864c72.pdf#page=2,underscore_index,pending_review
0039d8dff6883e560db3de8ce33e756124864c72_3,0039d8dff6883e560db3de8ce33e756124864c72_page_0003,0039d8dff6883e560db3de8ce33e756124864c72.pdf#page=3,underscore_index,pending_review
0039d8dff6883e560db3de8ce33e756124864c72_4,0039d8dff6883e560db3de8ce33e756124864c72_page_0004,0039d8dff6883e560db3de8ce33e756124864c72.pdf#page=4,underscore_index,pending_review
0039d8dff6883e560db3de8ce33e756124864c72_5,0039d8dff6883e560db3de8ce33e756124864c72_page_0005,0039d8dff6883e560db3de8ce33e756124864c72.pdf#page=5,underscore_index,pending_review
0039d8dff6883e560db3de8ce33e756124864c72_6,0039d8dff6883e560db3de8ce33e756124864c72_page_0006,0039d8dff6883e560db3de8ce33e756124864c72.pdf#page=6,underscore_index,pending_review
0039d8dff6883e560db3de8ce33e756124864c72_7,0039d8dff6883e560db3de8ce33e756124864c72_page_0007,0039d8dff6883e560db3de8ce33e756124864c72.pdf#page=7,underscore_index,pending_review
0039d8dff6883e560db3de8ce33e756124864c72_8,0039d8dff6883e560db3de8ce33e756124864c72_page_0008,0039d8dff6883e560db3de8ce33e756124864c72.pdf#page=8,underscore_index,pending_review
0039d8dff6883e560db3de8ce33e756124864c72_9,0039d8dff6883e560db3de8ce33e756124864c72_page_0009,0039d8dff6883e560db3de8ce33e756124864c72.pdf#page=9,underscore_index,pending_review
0039d8dff6883e560db3de8ce33e756124864c72_10,0039d8dff6883e560db3de8ce33e756124864c72_page_0010,0039d8dff6883e560db3de8ce33e756124864c72.pdf#page=10,underscore_index,pending_review
0039d8dff6883e560db3de8ce33e756124864c72_11,0039d8dff6883e560db3de8ce33e756124864c72_page_0011,0039d8dff6883e560db3de8ce33e756124864c72.pdf#page=11,underscore_index,pending_review
0039d8dff6883e560db3de8ce33e756124864c72_12,0039d8dff6883e560db3de8ce33e756124864c72_page_0012,0039d8dff6883e560db3de8ce33e756124864c72.pdf#page=12,underscore_index,pending_review
0039d8dff6883e560db3de8ce33e756124864c72_13,0039d8dff6883e560db3de8ce33e756124864c72_page_0013,0039d8dff6883e560db3de8ce33e756124864c72.pdf#page=13,underscore_index,pending_review
0039d8dff6883e560db3de8ce33e756124864c72_14,0039d8dff6883e560db3de8ce33e756124864c72_page_0014,0039d8dff6883e560db3de8ce33e756124864c72.pdf#page=14,underscore_index,pending_review
0039d8dff6883e560db3de8ce33e756124864c72_15,0039d8dff6883e560db3de8ce33e756124864c72_page_0015,0039d8dff6883e560db3de8ce33e756124864c72.pdf#page=15,underscore_index,pending_review
0039d8dff6883e560db3de8ce33e756124864c72_16,0039d8dff6883e560db3de8ce33e756124864c72_page_0016,0039d8dff6883e560db3de8ce33e756124864c72.pdf#page=16,underscore_index,pending_review
0046a62271522f82bccb449a6da2a2c3b3438d6f_1,0046a62271522f82bccb449a6da2a2c3b3438d6f_page_0001,0046a62271522f82bccb449a6da2a2c3b3438d6f.pdf#page=1,underscore_index,pending_review
0046a62271522f82bccb449a6da2a2c3b3438d6f_2,0046a62271522f82bccb449a6da2a2c3b3438d6f_page_0002,0046a62271522f82bccb449a6da2a2c3b3438d6f.pdf#page=2,underscore_index,pending_review
0046a62271522f82bccb449a6da2a2c3b3438d6f_3,0046a62271522f82bccb449a6da2a2c3b3438d6f_page_0003,0046a62271522f82bccb449a6da2a2c3b3438d6f.pdf#page=3,underscore_index,pending_review
0046a62271522f82bccb449a6da2a2c3b3438d6f_4,0046a62271522f82bccb449a6da2a2c3b3438d6f_page_0004,0046a62271522f82bccb449a6da2a2c3b3438d6f.pdf#page=4,underscore_index,pending_review
0046a62271522f82bccb449a6da2a2c3b3438d6f_5,0046a62271522f82bccb449a6da2a2c3b3438d6f_page_0005,0046a62271522f82bccb449a6da2a2c3b3438d6f.pdf#page=5,underscore_index,pending_review
0046a62271522f82bccb449a6da2a2c3b3438d6f_6,0046a62271522f82bccb449a6da2a2c3b3438d6f_page_0006,0046a62271522f82bccb449a6da2a2c3b3438d6f.pdf#page=6,underscore_index,pending_review
0046a62271522f82bccb449a6da2a2c3b3438d6f_7,0046a62271522f82bccb449a6da2a2c3b3438d6f_page_0007,0046a62271522f82bccb449a6da2a2c3b3438d6f.pdf#page=7,underscore_index,pending_review
0046a62271522f82bccb449a6da2a2c3b3438d6f_8,0046a62271522f82bccb449a6da2a2c3b3438d6f_page_0008,0046a62271522f82bccb449a6da2a2c3b3438d6f.pdf#page=8,underscore_index,pending_review
0046a62271522f82bccb449a6da2a2c3b3438d6f_9,0046a62271522f82bccb449a6da2a2c3b3438d6f_page_0009,0046a62271522f82bccb449a6da2a2c3b3438d6f.pdf#page=9,underscore_index,pending_review
0046a62271522f82bccb449a6da2a2c3b3438d6f_10,0046a62271522f82bccb449a6da2a2c3b3438d6f_page_0010,0046a62271522f82bccb449a6da2a2c3b3438d6f.pdf#page=10,underscore_index,pending_review
0046a62271522f82bccb449a6da2a2c3b3438d6f_11,0046a62271522f82bccb449a6da2a2c3b3438d6f_page_0011,0046a62271522f82bccb449a6da2a2c3b3438d6f.pdf#page=11,underscore_index,pending_review
0046a62271522f82bccb449a6da2a2c3b3438d6f_12,0046a62271522f82bccb449a6da2a2c3b3438d6f_page_0012,0046a62271522f82bccb449a6da2a2c3b3438d6f.pdf#page=12,underscore_index,pending_review
0046a62271522f82bccb449a6da2a2c3b3438d6f_13,0046a62271522f82bccb449a6da2a2c3b3438d6f_page_0013,0046a62271522f82bccb449a6da2a2c3b3438d6f.pdf#page=13,underscore_index,pending_review
00476779215f7c5dfc33c26f82359defa7fb09a4_1,00476779215f7c5dfc33c26f82359defa7fb09a4_page_0001,00476779215f7c5dfc33c26f82359defa7fb09a4.pdf#page=1,underscore_index,pending_review
00476779215f7c5dfc33c26f82359defa7fb09a4_2,00476779215f7c5dfc33c26f82359defa7fb09a4_page_0002,00476779215f7c5dfc33c26f82359defa7fb09a4.pdf#page=2,underscore_index,pending_review
00476779215f7c5dfc33c26f82359defa7fb09a4_3,00476779215f7c5dfc33c26f82359defa7fb09a4_page_0003,00476779215f7c5dfc33c26f82359defa7fb09a4.pdf#page=3,underscore_index,pending_review
00476779215f7c5dfc33c26f82359defa7fb09a4_4,00476779215f7c5dfc33c26f82359defa7fb09a4_page_0004,00476779215f7c5dfc33c26f82359defa7fb09a4.pdf#page=4,underscore_index,pending_review
00476779215f7c5dfc33c26f82359defa7fb09a4_5,00476779215f7c5dfc33c26f82359defa7fb09a4_page_0005,00476779215f7c5dfc33c26f82359defa7fb09a4.pdf#page=5,underscore_index,pending_review
00476779215f7c5dfc33c26f82359defa7fb09a4_6,00476779215f7c5dfc33c26f82359defa7fb09a4_page_0006,00476779215f7c5dfc33c26f82359defa7fb09a4.pdf#page=6,underscore_index,pending_review
00476779215f7c5dfc33c26f82359defa7fb09a4_7,00476779215f7c5dfc33c26f82359defa7fb09a4_page_0007,00476779215f7c5dfc33c26f82359defa7fb09a4.pdf#page=7,underscore_index,pending_review
00476779215f7c5dfc33c26f82359defa7fb09a4_8,00476779215f7c5dfc33c26f82359defa7fb09a4_page_0008,00476779215f7c5dfc33c26f82359defa7fb09a4.pdf#page=8,underscore_index,pending_review
00476779215f7c5dfc33c26f82359defa7fb09a4_9,00476779215f7c5dfc33c26f82359defa7fb09a4_page_0009,00476779215f7c5dfc33c26f82359defa7fb09a4.pdf#page=9,underscore_index,pending_review
00476779215f7c5dfc33c26f82359defa7fb09a4_10,00476779215f7c5dfc33c26f82359defa7fb09a4_page_0010,00476779215f7c5dfc33c26f82359defa7fb09a4.pdf#page=10,underscore_index,pending_review
00476779215f7c5dfc33c26f82359defa7fb09a4_11,00476779215f7c5dfc33c26f82359defa7fb09a4_page_0011,00476779215f7c5dfc33c26f82359defa7fb09a4.pdf#page=11,underscore_index,pending_review
00476779215f7c5dfc33c26f82359defa7fb09a4_12,00476779215f7c5dfc33c26f82359defa7fb09a4_page_0012,00476779215f7c5dfc33c26f82359defa7fb09a4.pdf#page=12,underscore_index,pending_review
00476779215f7c5dfc33c26f82359defa7fb09a4_13,00476779215f7c5dfc33c26f82359defa7fb09a4_page_0013,00476779215f7c5dfc33c26f82359defa7fb09a4.pdf#page=13,underscore_index,pending_review
00476779215f7c5dfc33c26f82359defa7fb09a4_14,00476779215f7c5dfc33c26f82359defa7fb09a4_page_0014,00476779215f7c5dfc33c26f82359defa7fb09a4.pdf#page=14,underscore_index,pending_review
00476779215f7c5dfc33c26f82359defa7fb09a4_15,00476779215f7c5dfc33c26f82359defa7fb09a4_page_0015,00476779215f7c5dfc33c26f82359defa7fb09a4.pdf#page=15,underscore_index,pending_review
00476779215f7c5dfc33c26f82359defa7fb09a4_16,00476779215f7c5dfc33c26f82359defa7fb09a4_page_0016,00476779215f7c5dfc33c26f82359defa7fb09a4.pdf#page=16,underscore_index,pending_review
00476779215f7c5dfc33c26f82359defa7fb09a4_17,00476779215f7c5dfc33c26f82359defa7fb09a4_page_0017,00476779215f7c5dfc33c26f82359defa7fb09a4.pdf#page=17,underscore_index,pending_review
00476779215f7c5dfc33c26f82359defa7fb09a4_18,00476779215f7c5dfc33c26f82359defa7fb09a4_page_0018,00476779215f7c5dfc33c26f82359defa7fb09a4.pdf#page=18,underscore_index,pending_review
00476779215f7c5dfc33c26f82359defa7fb09a4_19,00476779215f7c5dfc33c26f82359defa7fb09a4_page_0019,00476779215f7c5dfc33c26f82359defa7fb09a4.pdf#page=19,underscore_index,pending_review
004fa5b659d542cc041ca010cd7d7ee62c6cad65_1,004fa5b659d542cc041ca010cd7d7ee62c6cad65_page_0001,004fa5b659d542cc041ca010cd7d7ee62c6cad65.pdf#page=1,underscore_index,pending_review
004fa5b659d542cc041ca010cd7d7ee62c6cad65_2,004fa5b659d542cc041ca010cd7d7ee62c6cad65_page_0002,004fa5b659d542cc041ca010cd7d7ee62c6cad65.pdf#page=2,underscore_index,pending_review
004fa5b659d542cc041ca010cd7d7ee62c6cad65_3,004fa5b659d542cc041ca010cd7d7ee62c6cad65_page_0003,004fa5b659d542cc041ca010cd7d7ee62c6cad65.pdf#page=3,underscore_index,pending_review
004fa5b659d542cc041ca010cd7d7ee62c6cad65_4,004fa5b659d542cc041ca010cd7d7ee62c6cad65_page_0004,004fa5b659d542cc041ca010cd7d7ee62c6cad65.pdf#page=4,underscore_index,pending_review
004fa5b659d542cc041ca010cd7d7ee62c6cad65_5,004fa5b659d542cc041ca010cd7d7ee62c6cad65_page_0005,004fa5b659d542cc041ca010cd7d7ee62c6cad65.pdf#page=5,underscore_index,pending_review
004fa5b659d542cc041ca010cd7d7ee62c6cad65_6,004fa5b659d542cc041ca010cd7d7ee62c6cad65_page_0006,004fa5b659d542cc041ca010cd7d7ee62c6cad65.pdf#page=6,underscore_index,pending_review
004fa5b659d542cc041ca010cd7d7ee62c6cad65_7,004fa5b659d542cc041ca010cd7d7ee62c6cad65_page_0007,004fa5b659d542cc041ca010cd7d7ee62c6cad65.pdf#page=7,underscore_index,pending_review
004fa5b659d542cc041ca010cd7d7ee62c6cad65_8,004fa5b659d542cc041ca010cd7d7ee62c6cad65_page_0008,004fa5b659d542cc041ca010cd7d7ee62c6cad65.pdf#page=8,underscore_index,pending_review
004fa5b659d542cc041ca010cd7d7ee62c6cad65_9,004fa5b659d542cc041ca010cd7d7ee62c6cad65_page_0009,004fa5b659d542cc041ca010cd7d7ee62c6cad65.pdf#page=9,underscore_index,pending_review
004fa5b659d542cc041ca010cd7d7ee62c6cad65_10,004fa5b659d542cc041ca010cd7d7ee62c6cad65_page_0010,004fa5b659d542cc041ca010cd7d7ee62c6cad65.pdf#page=10,underscore_index,pending_review
004fa5b659d542cc041ca010cd7d7ee62c6cad65_11,004fa5b659d542cc041ca010cd7d7ee62c6cad65_page_0011,004fa5b659d542cc041ca010cd7d7ee62c6cad65.pdf#page=11,underscore_index,pending_review
004fa5b659d542cc041ca010cd7d7ee62c6cad65_12,004fa5b659d542cc041ca010cd7d7ee62c6cad65_page_0012,004fa5b659d542cc041ca010cd7d7ee62c6cad65.pdf#page=12,underscore_index,pending_review
004fa5b659d542cc041ca010cd7d7ee62c6cad65_13,004fa5b659d542cc041ca010cd7d7ee62c6cad65_page_0013,004fa5b659d542cc041ca010cd7d7ee62c6cad65.pdf#page=13,underscore_index,pending_review
004fa5b659d542cc041ca010cd7d7ee62c6cad65_14,004fa5b659d542cc041ca010cd7d7ee62c6cad65_page_0014,004fa5b659d542cc041ca010cd7d7ee62c6cad65.pdf#page=14,underscore_index,pending_review
004fa5b659d542cc041ca010cd7d7ee62c6cad65_15,004fa5b659d542cc041ca010cd7d7ee62c6cad65_page_0015,004fa5b659d542cc041ca010cd7d7ee62c6cad65.pdf#page=15,underscore_index,pending_review
004fa5b659d542cc041ca010cd7d7ee62c6cad65_16,004fa5b659d542cc041ca010cd7d7ee62c6cad65_page_0016,004fa5b659d542cc041ca010cd7d7ee62c6cad65.pdf#page=16,underscore_index,pending_review
004fa5b659d542cc041ca010cd7d7ee62c6cad65_17,004fa5b659d542cc041ca010cd7d7ee62c6cad65_page_0017,004fa5b659d542cc041ca010cd7d7ee62c6cad65.pdf#page=17,underscore_index,pending_review
004fa5b659d542cc041ca010cd7d7ee62c6cad65_18,004fa5b659d542cc041ca010cd7d7ee62c6cad65_page_0018,004fa5b659d542cc041ca010cd7d7ee62c6cad65.pdf#page=18,underscore_index,pending_review
004fa5b659d542cc041ca010cd7d7ee62c6cad65_19,004fa5b659d542cc041ca010cd7d7ee62c6cad65_page_0019,004fa5b659d542cc041ca010cd7d7ee62c6cad65.pdf#page=19,underscore_index,pending_review
004fa5b659d542cc041ca010cd7d7ee62c6cad65_20,004fa5b659d542cc041ca010cd7d7ee62c6cad65_page_0020,004fa5b659d542cc041ca010cd7d7ee62c6cad65.pdf#page=20,underscore_index,pending_review
004fa5b659d542cc041ca010cd7d7ee62c6cad65_21,004fa5b659d542cc041ca010cd7d7ee62c6cad65_page_0021,004fa5b659d542cc041ca010cd7d7ee62c6cad65.pdf#page=21,underscore_index,pending_review
004fa5b659d542cc041ca010cd7d7ee62c6cad65_22,004fa5b659d542cc041ca010cd7d7ee62c6cad65_page_0022,004fa5b659d542cc041ca010cd7d7ee62c6cad65.pdf#page=22,underscore_index,pending_review
00514494eaa8512bfe56d31e5ecb4e5f14e3cd3a_1,00514494eaa8512bfe56d31e5ecb4e5f14e3cd3a_page_0001,00514494eaa8512bfe56d31e5ecb4e5f14e3cd3a.pdf#page=1,underscore_index,pending_review
00514494eaa8512bfe56d31e5ecb4e5f14e3cd3a_2,00514494eaa8512bfe56d31e5ecb4e5f14e3cd3a_page_0002,00514494eaa8512bfe56d31e5ecb4e5f14e3cd3a.pdf#page=2,underscore_index,pending_review
00514494eaa8512bfe56d31e5ecb4e5f14e3cd3a_3,00514494eaa8512bfe56d31e5ecb4e5f14e3cd3a_page_0003,00514494eaa8512bfe56d31e5ecb4e5f14e3cd3a.pdf#page=3,underscore_index,pending_review
00514494eaa8512bfe56d31e5ecb4e5f14e3cd3a_4,00514494eaa8512bfe56d31e5ecb4e5f14e3cd3a_page_0004,00514494eaa8512bfe56d31e5ecb4e5f14e3cd3a.pdf#page=4,underscore_index,pending_review
00514494eaa8512bfe56d31e5ecb4e5f14e3cd3a_5,00514494eaa8512bfe56d31e5ecb4e5f14e3cd3a_page_0005,00514494eaa8512bfe56d31e5ecb4e5f14e3cd3a.pdf#page=5,underscore_index,pending_review
00514494eaa8512bfe56d31e5ecb4e5f14e3cd3a_6,00514494eaa8512bfe56d31e5ecb4e5f14e3cd3a_page_0006,00514494eaa8512bfe56d31e5ecb4e5f14e3cd3a.pdf#page=6,underscore_index,pending_review
00514494eaa8512bfe56d31e5ecb4e5f14e3cd3a_7,00514494eaa8512bfe56d31e5ecb4e5f14e3cd3a_page_0007,00514494eaa8512bfe56d31e5ecb4e5f14e3cd3a.pdf#page=7,underscore_index,pending_review
00514494eaa8512bfe56d31e5ecb4e5f14e3cd3a_8,00514494eaa8512bfe56d31e5ecb4e5f14e3cd3a_page_0008,00514494eaa8512bfe56d31e5ecb4e5f14e3cd3a.pdf#page=8,underscore_index,pending_review
00514494eaa8512bfe56d31e5ecb4e5f14e3cd3a_9,00514494eaa8512bfe56d31e5ecb4e5f14e3cd3a_page_0009,00514494eaa8512bfe56d31e5ecb4e5f14e3cd3a.pdf#page=9,underscore_index,pending_review
00514494eaa8512bfe56d31e5ecb4e5f14e3cd3a_10,00514494eaa8512bfe56d31e5ecb4e5f14e3cd3a_page_0010,00514494eaa8512bfe56d31e5ecb4e5f14e3cd3a.pdf#page=10,underscore_index,pending_review
00514494eaa8512bfe56d31e5ecb4e5f14e3cd3a_11,00514494eaa8512bfe56d31e5ecb4e5f14e3cd3a_page_0011,00514494eaa8512bfe56d31e5ecb4e5f14e3cd3a.pdf#page=11,underscore_index,pending_review
00514494eaa8512bfe56d31e5ecb4e5f14e3cd3a_12,00514494eaa8512bfe56d31e5ecb4e5f14e3cd3a_page_0012,00514494eaa8512bfe56d31e5ecb4e5f14e3cd3a.pdf#page=12,underscore_index,pending_review
00514494eaa8512bfe56d31e5ecb4e5f14e3cd3a_13,00514494eaa8512bfe56d31e5ecb4e5f14e3cd3a_page_0013,00514494eaa8512bfe56d31e5ecb4e5f14e3cd3a.pdf#page=13,underscore_index,pending_review
00514494eaa8512bfe56d31e5ecb4e5f14e3cd3a_14,00514494eaa8512bfe56d31e5ecb4e5f14e3cd3a_page_0014,00514494eaa8512bfe56d31e5ecb4e5f14e3cd3a.pdf#page=14,underscore_index,pending_review
00514494eaa8512bfe56d31e5ecb4e5f14e3cd3a_15,00514494eaa8512bfe56d31e5ecb4e5f14e3cd3a_page_0015,00514494eaa8512bfe56d31e5ecb4e5f14e3cd3a.pdf#page=15,underscore_index,pending_review
00514494eaa8512bfe56d31e5ecb4e5f14e3cd3a_16,00514494eaa8512bfe56d31e5ecb4e5f14e3cd3a_page_0016,00514494eaa8512bfe56d31e5ecb4e5f14e3cd3a.pdf#page=16,underscore_index,pending_review
00514494eaa8512bfe56d31e5ecb4e5f14e3cd3a_17,00514494eaa8512bfe56d31e5ecb4e5f14e3cd3a_page_0017,00514494eaa8512bfe56d31e5ecb4e5f14e3cd3a.pdf#page=17,underscore_index,pending_review
00514494eaa8512bfe56d31e5ecb4e5f14e3cd3a_18,00514494eaa8512bfe56d31e5ecb4e5f14e3cd3a_page_0018,00514494eaa8512bfe56d31e5ecb4e5f14e3cd3a.pdf#page=18,underscore_index,pending_review
005d1214a22febf782a7f1cc41ff046d6e7c8bc5_1,005d1214a22febf782a7f1cc41ff046d6e7c8bc5_page_0001,005d1214a22febf782a7f1cc41ff046d6e7c8bc5.pdf#page=1,underscore_index,pending_review
005d1214a22febf782a7f1cc41ff046d6e7c8bc5_2,005d1214a22febf782a7f1cc41ff046d6e7c8bc5_page_0002,005d1214a22febf782a7f1cc41ff046d6e7c8bc5.pdf#page=2,underscore_index,pending_review
005d1214a22febf782a7f1cc41ff046d6e7c8bc5_3,005d1214a22febf782a7f1cc41ff046d6e7c8bc5_page_0003,005d1214a22febf782a7f1cc41ff046d6e7c8bc5.pdf#page=3,underscore_index,pending_review
005d1214a22febf782a7f1cc41ff046d6e7c8bc5_4,005d1214a22febf782a7f1cc41ff046d6e7c8bc5_page_0004,005d1214a22febf782a7f1cc41ff046d6e7c8bc5.pdf#page=4,underscore_index,pending_review
005d1214a22febf782a7f1cc41ff046d6e7c8bc5_5,005d1214a22febf782a7f1cc41ff046d6e7c8bc5_page_0005,005d1214a22febf782a7f1cc41ff046d6e7c8bc5.pdf#page=5,underscore_index,pending_review
005d1214a22febf782a7f1cc41ff046d6e7c8bc5_6,005d1214a22febf782a7f1cc41ff046d6e7c8bc5_page_0006,005d1214a22febf782a7f1cc41ff046d6e7c8bc5.pdf#page=6,underscore_index,pending_review
005d1214a22febf782a7f1cc41ff046d6e7c8bc5_7,005d1214a22febf782a7f1cc41ff046d6e7c8bc5_page_0007,005d1214a22febf782a7f1cc41ff046d6e7c8bc5.pdf#page=7,underscore_index,pending_review
005d1214a22febf782a7f1cc41ff046d6e7c8bc5_8,005d1214a22febf782a7f1cc41ff046d6e7c8bc5_page_0008,005d1214a22febf782a7f1cc41ff046d6e7c8bc5.pdf#page=8,underscore_index,pending_review
005d1214a22febf782a7f1cc41ff046d6e7c8bc5_9,005d1214a22febf782a7f1cc41ff046d6e7c8bc5_page_0009,005d1214a22febf782a7f1cc41ff046d6e7c8bc5.pdf#page=9,underscore_index,pending_review
005d1214a22febf782a7f1cc41ff046d6e7c8bc5_10,005d1214a22febf782a7f1cc41ff046d6e7c8bc5_page_0010,005d1214a22febf782a7f1cc41ff046d6e7c8bc5.pdf#page=10,underscore_index,pending_review
005d1214a22febf782a7f1cc41ff046d6e7c8bc5_11,005d1214a22febf782a7f1cc41ff046d6e7c8bc5_page_0011,005d1214a22febf782a7f1cc41ff046d6e7c8bc5.pdf#page=11,underscore_index,pending_review
005d1214a22febf782a7f1cc41ff046d6e7c8bc5_12,005d1214a22febf782a7f1cc41ff046d6e7c8bc5_page_0012,005d1214a22febf782a7f1cc41ff046d6e7c8bc5.pdf#page=12,underscore_index,pending_review
005d1214a22febf782a7f1cc41ff046d6e7c8bc5_13,005d1214a22febf782a7f1cc41ff046d6e7c8bc5_page_0013,005d1214a22febf782a7f1cc41ff046d6e7c8bc5.pdf#page=13,underscore_index,pending_review
005d1214a22febf782a7f1cc41ff046d6e7c8bc5_14,005d1214a22febf782a7f1cc41ff046d6e7c8bc5_page_0014,005d1214a22febf782a7f1cc41ff046d6e7c8bc5.pdf#page=14,underscore_index,pending_review
005d1214a22febf782a7f1cc41ff046d6e7c8bc5_15,005d1214a22febf782a7f1cc41ff046d6e7c8bc5_page_0015,005d1214a22febf782a7f1cc41ff046d6e7c8bc5.pdf#page=15,underscore_index,pending_review
005d1214a22febf782a7f1cc41ff046d6e7c8bc5_16,005d1214a22febf782a7f1cc41ff046d6e7c8bc5_page_0016,005d1214a22febf782a7f1cc41ff046d6e7c8bc5.pdf#page=16,underscore_index,pending_review
0060ecefdf2940beb2bb815c0fac9f0dc8879223_1,0060ecefdf2940beb2bb815c0fac9f0dc8879223_page_0001,0060ecefdf2940beb2bb815c0fac9f0dc8879223.pdf#page=1,underscore_index,pending_review
0060ecefdf2940beb2bb815c0fac9f0dc8879223_2,0060ecefdf2940beb2bb815c0fac9f0dc8879223_page_0002,0060ecefdf2940beb2bb815c0fac9f0dc8879223.pdf#page=2,underscore_index,pending_review
0060ecefdf2940beb2bb815c0fac9f0dc8879223_3,0060ecefdf2940beb2bb815c0fac9f0dc8879223_page_0003,0060ecefdf2940beb2bb815c0fac9f0dc8879223.pdf#page=3,underscore_index,pending_review
0060ecefdf2940beb2bb815c0fac9f0dc8879223_4,0060ecefdf2940beb2bb815c0fac9f0dc8879223_page_0004,0060ecefdf2940beb2bb815c0fac9f0dc8879223.pdf#page=4,underscore_index,pending_review
0060ecefdf2940beb2bb815c0fac9f0dc8879223_5,0060ecefdf2940beb2bb815c0fac9f0dc8879223_page_0005,0060ecefdf2940beb2bb815c0fac9f0dc8879223.pdf#page=5,underscore_index,pending_review
0060ecefdf2940beb2bb815c0fac9f0dc8879223_6,0060ecefdf2940beb2bb815c0fac9f0dc8879223_page_0006,0060ecefdf2940beb2bb815c0fac9f0dc8879223.pdf#page=6,underscore_index,pending_review
0060ecefdf2940beb2bb815c0fac9f0dc8879223_7,0060ecefdf2940beb2bb815c0fac9f0dc8879223_page_0007,0060ecefdf2940beb2bb815c0fac9f0dc8879223.pdf#page=7,underscore_index,pending_review
0060ecefdf2940beb2bb815c0fac9f0dc8879223_8,0060ecefdf2940beb2bb815c0fac9f0dc8879223_page_0008,0060ecefdf2940beb2bb815c0fac9f0dc8879223.pdf#page=8,underscore_index,pending_review
0060ecefdf2940beb2bb815c0fac9f0dc8879223_9,0060ecefdf2940beb2bb815c0fac9f0dc8879223_page_0009,0060ecefdf2940beb2bb815c0fac9f0dc8879223.pdf#page=9,underscore_index,pending_review
0060ecefdf2940beb2bb815c0fac9f0dc8879223_10,0060ecefdf2940beb2bb815c0fac9f0dc8879223_page_0010,0060ecefdf2940beb2bb815c0fac9f0dc8879223.pdf#page=10,underscore_index,pending_review
0060ecefdf2940beb2bb815c0fac9f0dc8879223_11,0060ecefdf2940beb2bb815c0fac9f0dc8879223_page_0011,0060ecefdf2940beb2bb815c0fac9f0dc8879223.pdf#page=11,underscore_index,pending_review
0060ecefdf2940beb2bb815c0fac9f0dc8879223_12,0060ecefdf2940beb2bb815c0fac9f0dc8879223_page_0012,0060ecefdf2940beb2bb815c0fac9f0dc8879223.pdf#page=12,underscore_index,pending_review
0060ecefdf2940beb2bb815c0fac9f0dc8879223_13,0060ecefdf2940beb2bb815c0fac9f0dc8879223_page_0013,0060ecefdf2940beb2bb815c0fac9f0dc8879223.pdf#page=13,underscore_index,pending_review
0060ecefdf2940beb2bb815c0fac9f0dc8879223_14,0060ecefdf2940beb2bb815c0fac9f0dc8879223_page_0014,0060ecefdf2940beb2bb815c0fac9f0dc8879223.pdf#page=14,underscore_index,pending_review
0060ecefdf2940beb2bb815c0fac9f0dc8879223_15,0060ecefdf2940beb2bb815c0fac9f0dc8879223_page_0015,0060ecefdf2940beb2bb815c0fac9f0dc8879223.pdf#page=15,underscore_index,pending_review
0060ecefdf2940beb2bb815c0fac9f0dc8879223_16,0060ecefdf2940beb2bb815c0fac9f0dc8879223_page_0016,0060ecefdf2940beb2bb815c0fac9f0dc8879223.pdf#page=16,underscore_index,pending_review
0060ecefdf2940beb2bb815c0fac9f0dc8879223_17,0060ecefdf2940beb2bb815c0fac9f0dc8879223_page_0017,0060ecefdf2940beb2bb815c0fac9f0dc8879223.pdf#page=17,underscore_index,pending_review
0060ecefdf2940beb2bb815c0fac9f0dc8879223_18,0060ecefdf2940beb2bb815c0fac9f0dc8879223_page_0018,0060ecefdf2940beb2bb815c0fac9f0dc8879223.pdf#page=18,underscore_index,pending_review
0060ecefdf2940beb2bb815c0fac9f0dc8879223_19,0060ecefdf2940beb2bb815c0fac9f0dc8879223_page_0019,0060ecefdf2940beb2bb815c0fac9f0dc8879223.pdf#page=19,underscore_index,pending_review
0060ecefdf2940beb2bb815c0fac9f0dc8879223_20,0060ecefdf2940beb2bb815c0fac9f0dc8879223_page_0020,0060ecefdf2940beb2bb815c0fac9f0dc8879223.pdf#page=20,underscore_index,pending_review
0060ecefdf2940beb2bb815c0fac9f0dc8879223_21,0060ecefdf2940beb2bb815c0fac9f0dc8879223_page_0021,0060ecefdf2940beb2bb815c0fac9f0dc8879223.pdf#page=21,underscore_index,pending_review
00635dc8c9b99e2c839ade4ee486b54a1bf70a67_1,00635dc8c9b99e2c839ade4ee486b54a1bf70a67_page_0001,00635dc8c9b99e2c839ade4ee486b54a1bf70a67.pdf#page=1,underscore_index,pending_review
00635dc8c9b99e2c839ade4ee486b54a1bf70a67_2,00635dc8c9b99e2c839ade4ee486b54a1bf70a67_page_0002,00635dc8c9b99e2c839ade4ee486b54a1bf70a67.pdf#page=2,underscore_index,pending_review
00635dc8c9b99e2c839ade4ee486b54a1bf70a67_3,00635dc8c9b99e2c839ade4ee486b54a1bf70a67_page_0003,00635dc8c9b99e2c839ade4ee486b54a1bf70a67.pdf#page=3,underscore_index,pending_review
00635dc8c9b99e2c839ade4ee486b54a1bf70a67_4,00635dc8c9b99e2c839ade4ee486b54a1bf70a67_page_0004,00635dc8c9b99e2c839ade4ee486b54a1bf70a67.pdf#page=4,underscore_index,pending_review
00635dc8c9b99e2c839ade4ee486b54a1bf70a67_5,00635dc8c9b99e2c839ade4ee486b54a1bf70a67_page_0005,00635dc8c9b99e2c839ade4ee486b54a1bf70a67.pdf#page=5,underscore_index,pending_review
00635dc8c9b99e2c839ade4ee486b54a1bf70a67_6,00635dc8c9b99e2c839ade4ee486b54a1bf70a67_page_0006,00635dc8c9b99e2c839ade4ee486b54a1bf70a67.pdf#page=6,underscore_index,pending_review
00635dc8c9b99e2c839ade4ee486b54a1bf70a67_7,00635dc8c9b99e2c839ade4ee486b54a1bf70a67_page_0007,00635dc8c9b99e2c839ade4ee486b54a1bf70a67.pdf#page=7,underscore_index,pending_review
00635dc8c9b99e2c839ade4ee486b54a1bf70a67_8,00635dc8c9b99e2c839ade4ee486b54a1bf70a67_page_0008,00635dc8c9b99e2c839ade4ee486b54a1bf70a67.pdf#page=8,underscore_index,pending_review
00635dc8c9b99e2c839ade4ee486b54a1bf70a67_9,00635dc8c9b99e2c839ade4ee486b54a1bf70a67_page_0009,00635dc8c9b99e2c839ade4ee486b54a1bf70a67.pdf#page=9,underscore_index,pending_review
00635dc8c9b99e2c839ade4ee486b54a1bf70a67_10,00635dc8c9b99e2c839ade4ee486b54a1bf70a67_page_0010,00635dc8c9b99e2c839ade4ee486b54a1bf70a67.pdf#page=10,underscore_index,pending_review
00635dc8c9b99e2c839ade4ee486b54a1bf70a67_11,00635dc8c9b99e2c839ade4ee486b54a1bf70a67_page_0011,00635dc8c9b99e2c839ade4ee486b54a1bf70a67.pdf#page=11,underscore_index,pending_review
00635dc8c9b99e2c839ade4ee486b54a1bf70a67_12,00635dc8c9b99e2c839ade4ee486b54a1bf70a67_page_0012,00635dc8c9b99e2c839ade4ee486b54a1bf70a67.pdf#page=12,underscore_index,pending_review
00635dc8c9b99e2c839ade4ee486b54a1bf70a67_13,00635dc8c9b99e2c839ade4ee486b54a1bf70a67_page_0013,00635dc8c9b99e2c839ade4ee486b54a1bf70a67.pdf#page=13,underscore_index,pending_review
00635dc8c9b99e2c839ade4ee486b54a1bf70a67_14,00635dc8c9b99e2c839ade4ee486b54a1bf70a67_page_0014,00635dc8c9b99e2c839ade4ee486b54a1bf70a67.pdf#page=14,underscore_index,pending_review
00635dc8c9b99e2c839ade4ee486b54a1bf70a67_15,00635dc8c9b99e2c839ade4ee486b54a1bf70a67_page_0015,00635dc8c9b99e2c839ade4ee486b54a1bf70a67.pdf#page=15,underscore_index,pending_review
00635dc8c9b99e2c839ade4ee486b54a1bf70a67_16,00635dc8c9b99e2c839ade4ee486b54a1bf70a67_page_0016,00635dc8c9b99e2c839ade4ee486b54a1bf70a67.pdf#page=16,underscore_index,pending_review
00635dc8c9b99e2c839ade4ee486b54a1bf70a67_17,00635dc8c9b99e2c839ade4ee486b54a1bf70a67_page_0017,00635dc8c9b99e2c839ade4ee486b54a1bf70a67.pdf#page=17,underscore_index,pending_review
00635dc8c9b99e2c839ade4ee486b54a1bf70a67_18,00635dc8c9b99e2c839ade4ee486b54a1bf70a67_page_0018,00635dc8c9b99e2c839ade4ee486b54a1bf70a67.pdf#page=18,underscore_index,pending_review
00635dc8c9b99e2c839ade4ee486b54a1bf70a67_19,00635dc8c9b99e2c839ade4ee486b54a1bf70a67_page_0019,00635dc8c9b99e2c839ade4ee486b54a1bf70a67.pdf#page=19,underscore_index,pending_review
00635dc8c9b99e2c839ade4ee486b54a1bf70a67_20,00635dc8c9b99e2c839ade4ee486b54a1bf70a67_page_0020,00635dc8c9b99e2c839ade4ee486b54a1bf70a67.pdf#page=20,underscore_index,pending_review
0065038b9255be3283bedc7bbe75ef5c2660d3a8_1,0065038b9255be3283bedc7bbe75ef5c2660d3a8_page_0001,0065038b9255be3283bedc7bbe75ef5c2660d3a8.pdf#page=1,underscore_index,pending_review
0065038b9255be3283bedc7bbe75ef5c2660d3a8_2,0065038b9255be3283bedc7bbe75ef5c2660d3a8_page_0002,0065038b9255be3283bedc7bbe75ef5c2660d3a8.pdf#page=2,underscore_index,pending_review
0065038b9255be3283bedc7bbe75ef5c2660d3a8_3,0065038b9255be3283bedc7bbe75ef5c2660d3a8_page_0003,0065038b9255be3283bedc7bbe75ef5c2660d3a8.pdf#page=3,underscore_index,pending_review
0065038b9255be3283bedc7bbe75ef5c2660d3a8_4,0065038b9255be3283bedc7bbe75ef5c2660d3a8_page_0004,0065038b9255be3283bedc7bbe75ef5c2660d3a8.pdf#page=4,underscore_index,pending_review
0065038b9255be3283bedc7bbe75ef5c2660d3a8_5,0065038b9255be3283bedc7bbe75ef5c2660d3a8_page_0005,0065038b9255be3283bedc7bbe75ef5c2660d3a8.pdf#page=5,underscore_index,pending_review
0065038b9255be3283bedc7bbe75ef5c2660d3a8_6,0065038b9255be3283bedc7bbe75ef5c2660d3a8_page_0006,0065038b9255be3283bedc7bbe75ef5c2660d3a8.pdf#page=6,underscore_index,pending_review
0065038b9255be3283bedc7bbe75ef5c2660d3a8_7,0065038b9255be3283bedc7bbe75ef5c2660d3a8_page_0007,0065038b9255be3283bedc7bbe75ef5c2660d3a8.pdf#page=7,underscore_index,pending_review
0065038b9255be3283bedc7bbe75ef5c2660d3a8_8,0065038b9255be3283bedc7bbe75ef5c2660d3a8_page_0008,0065038b9255be3283bedc7bbe75ef5c2660d3a8.pdf#page=8,underscore_index,pending_review
0065038b9255be3283bedc7bbe75ef5c2660d3a8_9,0065038b9255be3283bedc7bbe75ef5c2660d3a8_page_0009,0065038b9255be3283bedc7bbe75ef5c2660d3a8.pdf#page=9,underscore_index,pending_review
0065038b9255be3283bedc7bbe75ef5c2660d3a8_10,0065038b9255be3283bedc7bbe75ef5c2660d3a8_page_0010,0065038b9255be3283bedc7bbe75ef5c2660d3a8.pdf#page=10,underscore_index,pending_review
0065038b9255be3283bedc7bbe75ef5c2660d3a8_11,0065038b9255be3283bedc7bbe75ef5c2660d3a8_page_0011,0065038b9255be3283bedc7bbe75ef5c2660d3a8.pdf#page=11,underscore_index,pending_review
0065038b9255be3283bedc7bbe75ef5c2660d3a8_12,0065038b9255be3283bedc7bbe75ef5c2660d3a8_page_0012,0065038b9255be3283bedc7bbe75ef5c2660d3a8.pdf#page=12,underscore_index,pending_review
0065038b9255be3283bedc7bbe75ef5c2660d3a8_13,0065038b9255be3283bedc7bbe75ef5c2660d3a8_page_0013,0065038b9255be3283bedc7bbe75ef5c2660d3a8.pdf#page=13,underscore_index,pending_review
006708446f8b5d7e63ece4e8794811b0c377b8d5_1,006708446f8b5d7e63ece4e8794811b0c377b8d5_page_0001,006708446f8b5d7e63ece4e8794811b0c377b8d5.pdf#page=1,underscore_index,pending_review
006708446f8b5d7e63ece4e8794811b0c377b8d5_2,006708446f8b5d7e63ece4e8794811b0c377b8d5_page_0002,006708446f8b5d7e63ece4e8794811b0c377b8d5.pdf#page=2,underscore_index,pending_review
006708446f8b5d7e63ece4e8794811b0c377b8d5_3,006708446f8b5d7e63ece4e8794811b0c377b8d5_page_0003,006708446f8b5d7e63ece4e8794811b0c377b8d5.pdf#page=3,underscore_index,pending_review
006708446f8b5d7e63ece4e8794811b0c377b8d5_4,006708446f8b5d7e63ece4e8794811b0c377b8d5_page_0004,006708446f8b5d7e63ece4e8794811b0c377b8d5.pdf#page=4,underscore_index,pending_review
006708446f8b5d7e63ece4e8794811b0c377b8d5_5,006708446f8b5d7e63ece4e8794811b0c377b8d5_page_0005,006708446f8b5d7e63ece4e8794811b0c377b8d5.pdf#page=5,underscore_index,pending_review
006708446f8b5d7e63ece4e8794811b0c377b8d5_6,006708446f8b5d7e63ece4e8794811b0c377b8d5_page_0006,006708446f8b5d7e63ece4e8794811b0c377b8d5.pdf#page=6,underscore_index,pending_review
006708446f8b5d7e63ece4e8794811b0c377b8d5_7,006708446f8b5d7e63ece4e8794811b0c377b8d5_page_0007,006708446f8b5d7e63ece4e8794811b0c377b8d5.pdf#page=7,underscore_index,pending_review
006708446f8b5d7e63ece4e8794811b0c377b8d5_8,006708446f8b5d7e63ece4e8794811b0c377b8d5_page_0008,006708446f8b5d7e63ece4e8794811b0c377b8d5.pdf#page=8,underscore_index,pending_review
006708446f8b5d7e63ece4e8794811b0c377b8d5_9,006708446f8b5d7e63ece4e8794811b0c377b8d5_page_0009,006708446f8b5d7e63ece4e8794811b0c377b8d5.pdf#page=9,underscore_index,pending_review
006708446f8b5d7e63ece4e8794811b0c377b8d5_10,006708446f8b5d7e63ece4e8794811b0c377b8d5_page_0010,006708446f8b5d7e63ece4e8794811b0c377b8d5.pdf#page=10,underscore_index,pending_review
006708446f8b5d7e63ece4e8794811b0c377b8d5_11,006708446f8b5d7e63ece4e8794811b0c377b8d5_page_0011,006708446f8b5d7e63ece4e8794811b0c377b8d5.pdf#page=11,underscore_index,pending_review
006708446f8b5d7e63ece4e8794811b0c377b8d5_12,006708446f8b5d7e63ece4e8794811b0c377b8d5_page_0012,006708446f8b5d7e63ece4e8794811b0c377b8d5.pdf#page=12,underscore_index,pending_review
006708446f8b5d7e63ece4e8794811b0c377b8d5_13,006708446f8b5d7e63ece4e8794811b0c377b8d5_page_0013,006708446f8b5d7e63ece4e8794811b0c377b8d5.pdf#page=13,underscore_index,pending_review
006708446f8b5d7e63ece4e8794811b0c377b8d5_14,006708446f8b5d7e63ece4e8794811b0c377b8d5_page_0014,006708446f8b5d7e63ece4e8794811b0c377b8d5.pdf#page=14,underscore_index,pending_review
007190056808dc4305bf7199977e4d9c296df88c_1,007190056808dc4305bf7199977e4d9c296df88c_page_0001,007190056808dc4305bf7199977e4d9c296df88c.pdf#page=1,underscore_index,pending_review
007190056808dc4305bf7199977e4d9c296df88c_2,007190056808dc4305bf7199977e4d9c296df88c_page_0002,007190056808dc4305bf7199977e4d9c296df88c.pdf#page=2,underscore_index,pending_review
007190056808dc4305bf7199977e4d9c296df88c_3,007190056808dc4305bf7199977e4d9c296df88c_page_0003,007190056808dc4305bf7199977e4d9c296df88c.pdf#page=3,underscore_index,pending_review
007190056808dc4305bf7199977e4d9c296df88c_4,007190056808dc4305bf7199977e4d9c296df88c_page_0004,007190056808dc4305bf7199977e4d9c296df88c.pdf#page=4,underscore_index,pending_review
007190056808dc4305bf7199977e4d9c296df88c_5,007190056808dc4305bf7199977e4d9c296df88c_page_0005,007190056808dc4305bf7199977e4d9c296df88c.pdf#page=5,underscore_index,pending_review
007190056808dc4305bf7199977e4d9c296df88c_6,007190056808dc4305bf7199977e4d9c296df88c_page_0006,007190056808dc4305bf7199977e4d9c296df88c.pdf#page=6,underscore_index,pending_review
007190056808dc4305bf7199977e4d9c296df88c_7,007190056808dc4305bf7199977e4d9c296df88c_page_0007,007190056808dc4305bf7199977e4d9c296df88c.pdf#page=7,underscore_index,pending_review
007190056808dc4305bf7199977e4d9c296df88c_8,007190056808dc4305bf7199977e4d9c296df88c_page_0008,007190056808dc4305bf7199977e4d9c296df88c.pdf#page=8,underscore_index,pending_review
007190056808dc4305bf7199977e4d9c296df88c_9,007190056808dc4305bf7199977e4d9c296df88c_page_0009,007190056808dc4305bf7199977e4d9c296df88c.pdf#page=9,underscore_index,pending_review
007190056808dc4305bf7199977e4d9c296df88c_10,007190056808dc4305bf7199977e4d9c296df88c_page_0010,007190056808dc4305bf7199977e4d9c296df88c.pdf#page=10,underscore_index,pending_review
007190056808dc4305bf7199977e4d9c296df88c_11,007190056808dc4305bf7199977e4d9c296df88c_page_0011,007190056808dc4305bf7199977e4d9c296df88c.pdf#page=11,underscore_index,pending_review
007190056808dc4305bf7199977e4d9c296df88c_12,007190056808dc4305bf7199977e4d9c296df88c_page_0012,007190056808dc4305bf7199977e4d9c296df88c.pdf#page=12,underscore_index,pending_review
007190056808dc4305bf7199977e4d9c296df88c_13,007190056808dc4305bf7199977e4d9c296df88c_page_0013,007190056808dc4305bf7199977e4d9c296df88c.pdf#page=13,underscore_index,pending_review
007190056808dc4305bf7199977e4d9c296df88c_14,007190056808dc4305bf7199977e4d9c296df88c_page_0014,007190056808dc4305bf7199977e4d9c296df88c.pdf#page=14,underscore_index,pending_review
007190056808dc4305bf7199977e4d9c296df88c_15,007190056808dc4305bf7199977e4d9c296df88c_page_0015,007190056808dc4305bf7199977e4d9c296df88c.pdf#page=15,underscore_index,pending_review
007190056808dc4305bf7199977e4d9c296df88c_16,007190056808dc4305bf7199977e4d9c296df88c_page_0016,007190056808dc4305bf7199977e4d9c296df88c.pdf#page=16,underscore_index,pending_review
007190056808dc4305bf7199977e4d9c296df88c_17,007190056808dc4305bf7199977e4d9c296df88c_page_0017,007190056808dc4305bf7199977e4d9c296df88c.pdf#page=17,underscore_index,pending_review
007190056808dc4305bf7199977e4d9c296df88c_18,007190056808dc4305bf7199977e4d9c296df88c_page_0018,007190056808dc4305bf7199977e4d9c296df88c.pdf#page=18,underscore_index,pending_review
007190056808dc4305bf7199977e4d9c296df88c_19,007190056808dc4305bf7199977e4d9c296df88c_page_0019,007190056808dc4305bf7199977e4d9c296df88c.pdf#page=19,underscore_index,pending_review
007190056808dc4305bf7199977e4d9c296df88c_20,007190056808dc4305bf7199977e4d9c296df88c_page_0020,007190056808dc4305bf7199977e4d9c296df88c.pdf#page=20,underscore_index,pending_review
0073d1c9d37a124a69560a42acf492e6fae6fb55_1,0073d1c9d37a124a69560a42acf492e6fae6fb55_page_0001,0073d1c9d37a124a69560a42acf492e6fae6fb55.pdf#page=1,underscore_index,pending_review
0073d1c9d37a124a69560a42acf492e6fae6fb55_2,0073d1c9d37a124a69560a42acf492e6fae6fb55_page_0002,0073d1c9d37a124a69560a42acf492e6fae6fb55.pdf#page=2,underscore_index,pending_review
0073d1c9d37a124a69560a42acf492e6fae6fb55_3,0073d1c9d37a124a69560a42acf492e6fae6fb55_page_0003,0073d1c9d37a124a69560a42acf492e6fae6fb55.pdf#page=3,underscore_index,pending_review
0073d1c9d37a124a69560a42acf492e6fae6fb55_4,0073d1c9d37a124a69560a42acf492e6fae6fb55_page_0004,0073d1c9d37a124a69560a42acf492e6fae6fb55.pdf#page=4,underscore_index,pending_review
0073d1c9d37a124a69560a42acf492e6fae6fb55_5,0073d1c9d37a124a69560a42acf492e6fae6fb55_page_0005,0073d1c9d37a124a69560a42acf492e6fae6fb55.pdf#page=5,underscore_index,pending_review
0073d1c9d37a124a69560a42acf492e6fae6fb55_6,0073d1c9d37a124a69560a42acf492e6fae6fb55_page_0006,0073d1c9d37a124a69560a42acf492e6fae6fb55.pdf#page=6,underscore_index,pending_review
0073d1c9d37a124a69560a42acf492e6fae6fb55_7,0073d1c9d37a124a69560a42acf492e6fae6fb55_page_0007,0073d1c9d37a124a69560a42acf492e6fae6fb55.pdf#page=7,underscore_index,pending_review
0073d1c9d37a124a69560a42acf492e6fae6fb55_8,0073d1c9d37a124a69560a42acf492e6fae6fb55_page_0008,0073d1c9d37a124a69560a42acf492e6fae6fb55.pdf#page=8,underscore_index,pending_review
0073d1c9d37a124a69560a42acf492e6fae6fb55_9,0073d1c9d37a124a69560a42acf492e6fae6fb55_page_0009,0073d1c9d37a124a69560a42acf492e6fae6fb55.pdf#page=9,underscore_index,pending_review
0073d1c9d37a124a69560a42acf492e6fae6fb55_10,0073d1c9d37a124a69560a42acf492e6fae6fb55_page_0010,0073d1c9d37a124a69560a42acf492e6fae6fb55.pdf#page=10,underscore_index,pending_review
0073d1c9d37a124a69560a42acf492e6fae6fb55_11,0073d1c9d37a124a69560a42acf492e6fae6fb55_page_0011,0073d1c9d37a124a69560a42acf492e6fae6fb55.pdf#page=11,underscore_index,pending_review
0073d1c9d37a124a69560a42acf492e6fae6fb55_12,0073d1c9d37a124a69560a42acf492e6fae6fb55_page_0012,0073d1c9d37a124a69560a42acf492e6fae6fb55.pdf#page=12,underscore_index,pending_review
0073d1c9d37a124a69560a42acf492e6fae6fb55_13,0073d1c9d37a124a69560a42acf492e6fae6fb55_page_0013,0073d1c9d37a124a69560a42acf492e6fae6fb55.pdf#page=13,underscore_index,pending_review
0073d1c9d37a124a69560a42acf492e6fae6fb55_14,0073d1c9d37a124a69560a42acf492e6fae6fb55_page_0014,0073d1c9d37a124a69560a42acf492e6fae6fb55.pdf#page=14,underscore_index,pending_review
0073d1c9d37a124a69560a42acf492e6fae6fb55_15,0073d1c9d37a124a69560a42acf492e6fae6fb55_page_0015,0073d1c9d37a124a69560a42acf492e6fae6fb55.pdf#page=15,underscore_index,pending_review
0073d1c9d37a124a69560a42acf492e6fae6fb55_16,0073d1c9d37a124a69560a42acf492e6fae6fb55_page_0016,0073d1c9d37a124a69560a42acf492e6fae6fb55.pdf#page=16,underscore_index,pending_review
0073d1c9d37a124a69560a42acf492e6fae6fb55_17,0073d1c9d37a124a69560a42acf492e6fae6fb55_page_0017,0073d1c9d37a124a69560a42acf492e6fae6fb55.pdf#page=17,underscore_index,pending_review
0073d1c9d37a124a69560a42acf492e6fae6fb55_18,0073d1c9d37a124a69560a42acf492e6fae6fb55_page_0018,0073d1c9d37a124a69560a42acf492e6fae6fb55.pdf#page=18,underscore_index,pending_review
0073d1c9d37a124a69560a42acf492e6fae6fb55_19,0073d1c9d37a124a69560a42acf492e6fae6fb55_page_0019,0073d1c9d37a124a69560a42acf492e6fae6fb55.pdf#page=19,underscore_index,pending_review
0073d1c9d37a124a69560a42acf492e6fae6fb55_20,0073d1c9d37a124a69560a42acf492e6fae6fb55_page_0020,0073d1c9d37a124a69560a42acf492e6fae6fb55.pdf#page=20,underscore_index,pending_review
0073d1c9d37a124a69560a42acf492e6fae6fb55_21,0073d1c9d37a124a69560a42acf492e6fae6fb55_page_0021,0073d1c9d37a124a69560a42acf492e6fae6fb55.pdf#page=21,underscore_index,pending_review
0073e9e4899d0c973eab31589057ddbba328be0c_1,0073e9e4899d0c973eab31589057ddbba328be0c_page_0001,0073e9e4899d0c973eab31589057ddbba328be0c.pdf#page=1,underscore_index,pending_review
0073e9e4899d0c973eab31589057ddbba328be0c_2,0073e9e4899d0c973eab31589057ddbba328be0c_page_0002,0073e9e4899d0c973eab31589057ddbba328be0c.pdf#page=2,underscore_index,pending_review
0073e9e4899d0c973eab31589057ddbba328be0c_3,0073e9e4899d0c973eab31589057ddbba328be0c_page_0003,0073e9e4899d0c973eab31589057ddbba328be0c.pdf#page=3,underscore_index,pending_review
0073e9e4899d0c973eab31589057ddbba328be0c_4,0073e9e4899d0c973eab31589057ddbba328be0c_page_0004,0073e9e4899d0c973eab31589057ddbba328be0c.pdf#page=4,underscore_index,pending_review
0073e9e4899d0c973eab31589057ddbba328be0c_5,0073e9e4899d0c973eab31589057ddbba328be0c_page_0005,0073e9e4899d0c973eab31589057ddbba328be0c.pdf#page=5,underscore_index,pending_review
0073e9e4899d0c973eab31589057ddbba328be0c_6,0073e9e4899d0c973eab31589057ddbba328be0c_page_0006,0073e9e4899d0c973eab31589057ddbba328be0c.pdf#page=6,underscore_index,pending_review
0073e9e4899d0c973eab31589057ddbba328be0c_7,0073e9e4899d0c973eab31589057ddbba328be0c_page_0007,0073e9e4899d0c973eab31589057ddbba328be0c.pdf#page=7,underscore_index,pending_review
0073e9e4899d0c973eab31589057ddbba328be0c_8,0073e9e4899d0c973eab31589057ddbba328be0c_page_0008,0073e9e4899d0c973eab31589057ddbba328be0c.pdf#page=8,underscore_index,pending_review
0073e9e4899d0c973eab31589057ddbba328be0c_9,0073e9e4899d0c973eab31589057ddbba328be0c_page_0009,0073e9e4899d0c973eab31589057ddbba328be0c.pdf#page=9,underscore_index,pending_review
0073e9e4899d0c973eab31589057ddbba328be0c_10,0073e9e4899d0c973eab31589057ddbba328be0c_page_0010,0073e9e4899d0c973eab31589057ddbba328be0c.pdf#page=10,underscore_index,pending_review
0073e9e4899d0c973eab31589057ddbba328be0c_11,0073e9e4899d0c973eab31589057ddbba328be0c_page_0011,0073e9e4899d0c973eab31589057ddbba328be0c.pdf#page=11,underscore_index,pending_review
0073e9e4899d0c973eab31589057ddbba328be0c_12,0073e9e4899d0c973eab31589057ddbba328be0c_page_0012,0073e9e4899d0c973eab31589057ddbba328be0c.pdf#page=12,underscore_index,pending_review
0073e9e4899d0c973eab31589057ddbba328be0c_13,0073e9e4899d0c973eab31589057ddbba328be0c_page_0013,0073e9e4899d0c973eab31589057ddbba328be0c.pdf#page=13,underscore_index,pending_review
0073e9e4899d0c973eab31589057ddbba328be0c_14,0073e9e4899d0c973eab31589057ddbba328be0c_page_0014,0073e9e4899d0c973eab31589057ddbba328be0c.pdf#page=14,underscore_index,pending_review
0073e9e4899d0c973eab31589057ddbba328be0c_15,0073e9e4899d0c973eab31589057ddbba328be0c_page_0015,0073e9e4899d0c973eab31589057ddbba328be0c.pdf#page=15,underscore_index,pending_review
0073e9e4899d0c973eab31589057ddbba328be0c_16,0073e9e4899d0c973eab31589057ddbba328be0c_page_0016,0073e9e4899d0c973eab31589057ddbba328be0c.pdf#page=16,underscore_index,pending_review
0073e9e4899d0c973eab31589057ddbba328be0c_17,0073e9e4899d0c973eab31589057ddbba328be0c_page_0017,0073e9e4899d0c973eab31589057ddbba328be0c.pdf#page=17,underscore_index,pending_review
0073e9e4899d0c973eab31589057ddbba328be0c_18,0073e9e4899d0c973eab31589057ddbba328be0c_page_0018,0073e9e4899d0c973eab31589057ddbba328be0c.pdf#page=18,underscore_index,pending_review
00745bf47a154bf4cbc93be8abc0ec86d502e42a_1,00745bf47a154bf4cbc93be8abc0ec86d502e42a_page_0001,00745bf47a154bf4cbc93be8abc0ec86d502e42a.pdf#page=1,underscore_index,pending_review
00745bf47a154bf4cbc93be8abc0ec86d502e42a_2,00745bf47a154bf4cbc93be8abc0ec86d502e42a_page_0002,00745bf47a154bf4cbc93be8abc0ec86d502e42a.pdf#page=2,underscore_index,pending_review
00745bf47a154bf4cbc93be8abc0ec86d502e42a_3,00745bf47a154bf4cbc93be8abc0ec86d502e42a_page_0003,00745bf47a154bf4cbc93be8abc0ec86d502e42a.pdf#page=3,underscore_index,pending_review
00745bf47a154bf4cbc93be8abc0ec86d502e42a_4,00745bf47a154bf4cbc93be8abc0ec86d502e42a_page_0004,00745bf47a154bf4cbc93be8abc0ec86d502e42a.pdf#page=4,underscore_index,pending_review
00745bf47a154bf4cbc93be8abc0ec86d502e42a_5,00745bf47a154bf4cbc93be8abc0ec86d502e42a_page_0005,00745bf47a154bf4cbc93be8abc0ec86d502e42a.pdf#page=5,underscore_index,pending_review
00745bf47a154bf4cbc93be8abc0ec86d502e42a_6,00745bf47a154bf4cbc93be8abc0ec86d502e42a_page_0006,00745bf47a154bf4cbc93be8abc0ec86d502e42a.pdf#page=6,underscore_index,pending_review
00745bf47a154bf4cbc93be8abc0ec86d502e42a_7,00745bf47a154bf4cbc93be8abc0ec86d502e42a_page_0007,00745bf47a154bf4cbc93be8abc0ec86d502e42a.pdf#page=7,underscore_index,pending_review
00745bf47a154bf4cbc93be8abc0ec86d502e42a_8,00745bf47a154bf4cbc93be8abc0ec86d502e42a_page_0008,00745bf47a154bf4cbc93be8abc0ec86d502e42a.pdf#page=8,underscore_index,pending_review
00745bf47a154bf4cbc93be8abc0ec86d502e42a_9,00745bf47a154bf4cbc93be8abc0ec86d502e42a_page_0009,00745bf47a154bf4cbc93be8abc0ec86d502e42a.pdf#page=9,underscore_index,pending_review
00745bf47a154bf4cbc93be8abc0ec86d502e42a_10,00745bf47a154bf4cbc93be8abc0ec86d502e42a_page_0010,00745bf47a154bf4cbc93be8abc0ec86d502e42a.pdf#page=10,underscore_index,pending_review
00745bf47a154bf4cbc93be8abc0ec86d502e42a_11,00745bf47a154bf4cbc93be8abc0ec86d502e42a_page_0011,00745bf47a154bf4cbc93be8abc0ec86d502e42a.pdf#page=11,underscore_index,pending_review
00745bf47a154bf4cbc93be8abc0ec86d502e42a_12,00745bf47a154bf4cbc93be8abc0ec86d502e42a_page_0012,00745bf47a154bf4cbc93be8abc0ec86d502e42a.pdf#page=12,underscore_index,pending_review
00745bf47a154bf4cbc93be8abc0ec86d502e42a_13,00745bf47a154bf4cbc93be8abc0ec86d502e42a_page_0013,00745bf47a154bf4cbc93be8abc0ec86d502e42a.pdf#page=13,underscore_index,pending_review
00745bf47a154bf4cbc93be8abc0ec86d502e42a_14,00745bf47a154bf4cbc93be8abc0ec86d502e42a_page_0014,00745bf47a154bf4cbc93be8abc0ec86d502e42a.pdf#page=14,underscore_index,pending_review
00745bf47a154bf4cbc93be8abc0ec86d502e42a_15,00745bf47a154bf4cbc93be8abc0ec86d502e42a_page_0015,00745bf47a154bf4cbc93be8abc0ec86d502e42a.pdf#page=15,underscore_index,pending_review
00745bf47a154bf4cbc93be8abc0ec86d502e42a_16,00745bf47a154bf4cbc93be8abc0ec86d502e42a_page_0016,00745bf47a154bf4cbc93be8abc0ec86d502e42a.pdf#page=16,underscore_index,pending_review
00745bf47a154bf4cbc93be8abc0ec86d502e42a_17,00745bf47a154bf4cbc93be8abc0ec86d502e42a_page_0017,00745bf47a154bf4cbc93be8abc0ec86d502e42a.pdf#page=17,underscore_index,pending_review
00745bf47a154bf4cbc93be8abc0ec86d502e42a_18,00745bf47a154bf4cbc93be8abc0ec86d502e42a_page_0018,00745bf47a154bf4cbc93be8abc0ec86d502e42a.pdf#page=18,underscore_index,pending_review
00745bf47a154bf4cbc93be8abc0ec86d502e42a_19,00745bf47a154bf4cbc93be8abc0ec86d502e42a_page_0019,00745bf47a154bf4cbc93be8abc0ec86d502e42a.pdf#page=19,underscore_index,pending_review
00745bf47a154bf4cbc93be8abc0ec86d502e42a_20,00745bf47a154bf4cbc93be8abc0ec86d502e42a_page_0020,00745bf47a154bf4cbc93be8abc0ec86d502e42a.pdf#page=20,underscore_index,pending_review
00745bf47a154bf4cbc93be8abc0ec86d502e42a_21,00745bf47a154bf4cbc93be8abc0ec86d502e42a_page_0021,00745bf47a154bf4cbc93be8abc0ec86d502e42a.pdf#page=21,underscore_index,pending_review
00745bf47a154bf4cbc93be8abc0ec86d502e42a_22,00745bf47a154bf4cbc93be8abc0ec86d502e42a_page_0022,00745bf47a154bf4cbc93be8abc0ec86d502e42a.pdf#page=22,underscore_index,pending_review
00745bf47a154bf4cbc93be8abc0ec86d502e42a_23,00745bf47a154bf4cbc93be8abc0ec86d502e42a_page_0023,00745bf47a154bf4cbc93be8abc0ec86d502e42a.pdf#page=23,underscore_index,pending_review
00766a8de5a8bc7c777662b534d8014737dcf248_1,00766a8de5a8bc7c777662b534d8014737dcf248_page_0001,00766a8de5a8bc7c777662b534d8014737dcf248.pdf#page=1,underscore_index,pending_review
00766a8de5a8bc7c777662b534d8014737dcf248_2,00766a8de5a8bc7c777662b534d8014737dcf248_page_0002,00766a8de5a8bc7c777662b534d8014737dcf248.pdf#page=2,underscore_index,pending_review
00766a8de5a8bc7c777662b534d8014737dcf248_3,00766a8de5a8bc7c777662b534d8014737dcf248_page_0003,00766a8de5a8bc7c777662b534d8014737dcf248.pdf#page=3,underscore_index,pending_review
00766a8de5a8bc7c777662b534d8014737dcf248_4,00766a8de5a8bc7c777662b534d8014737dcf248_page_0004,00766a8de5a8bc7c777662b534d8014737dcf248.pdf#page=4,underscore_index,pending_review
00766a8de5a8bc7c777662b534d8014737dcf248_5,00766a8de5a8bc7c777662b534d8014737dcf248_page_0005,00766a8de5a8bc7c777662b534d8014737dcf248.pdf#page=5,underscore_index,pending_review
00766a8de5a8bc7c777662b534d8014737dcf248_6,00766a8de5a8bc7c777662b534d8014737dcf248_page_0006,00766a8de5a8bc7c777662b534d8014737dcf248.pdf#page=6,underscore_index,pending_review
00766a8de5a8bc7c777662b534d8014737dcf248_7,00766a8de5a8bc7c777662b534d8014737dcf248_page_0007,00766a8de5a8bc7c777662b534d8014737dcf248.pdf#page=7,underscore_index,pending_review
00766a8de5a8bc7c777662b534d8014737dcf248_8,00766a8de5a8bc7c777662b534d8014737dcf248_page_0008,00766a8de5a8bc7c777662b534d8014737dcf248.pdf#page=8,underscore_index,pending_review
00766a8de5a8bc7c777662b534d8014737dcf248_9,00766a8de5a8bc7c777662b534d8014737dcf248_page_0009,00766a8de5a8bc7c777662b534d8014737dcf248.pdf#page=9,underscore_index,pending_review
00766a8de5a8bc7c777662b534d8014737dcf248_10,00766a8de5a8bc7c777662b534d8014737dcf248_page_0010,00766a8de5a8bc7c777662b534d8014737dcf248.pdf#page=10,underscore_index,pending_review
00766a8de5a8bc7c777662b534d8014737dcf248_11,00766a8de5a8bc7c777662b534d8014737dcf248_page_0011,00766a8de5a8bc7c777662b534d8014737dcf248.pdf#page=11,underscore_index,pending_review
00766a8de5a8bc7c777662b534d8014737dcf248_12,00766a8de5a8bc7c777662b534d8014737dcf248_page_0012,00766a8de5a8bc7c777662b534d8014737dcf248.pdf#page=12,underscore_index,pending_review
00766a8de5a8bc7c777662b534d8014737dcf248_13,00766a8de5a8bc7c777662b534d8014737dcf248_page_0013,00766a8de5a8bc7c777662b534d8014737dcf248.pdf#page=13,underscore_index,pending_review
00766a8de5a8bc7c777662b534d8014737dcf248_14,00766a8de5a8bc7c777662b534d8014737dcf248_page_0014,00766a8de5a8bc7c777662b534d8014737dcf248.pdf#page=14,underscore_index,pending_review
00766a8de5a8bc7c777662b534d8014737dcf248_15,00766a8de5a8bc7c777662b534d8014737dcf248_page_0015,00766a8de5a8bc7c777662b534d8014737dcf248.pdf#page=15,underscore_index,pending_review
00766a8de5a8bc7c777662b534d8014737dcf248_16,00766a8de5a8bc7c777662b534d8014737dcf248_page_0016,00766a8de5a8bc7c777662b534d8014737dcf248.pdf#page=16,underscore_index,pending_review
00766a8de5a8bc7c777662b534d8014737dcf248_17,00766a8de5a8bc7c777662b534d8014737dcf248_page_0017,00766a8de5a8bc7c777662b534d8014737dcf248.pdf#page=17,underscore_index,pending_review
00766a8de5a8bc7c777662b534d8014737dcf248_18,00766a8de5a8bc7c777662b534d8014737dcf248_page_0018,00766a8de5a8bc7c777662b534d8014737dcf248.pdf#page=18,underscore_index,pending_review
00766a8de5a8bc7c777662b534d8014737dcf248_19,00766a8de5a8bc7c777662b534d8014737dcf248_page_0019,00766a8de5a8bc7c777662b534d8014737dcf248.pdf#page=19,underscore_index,pending_review
00766a8de5a8bc7c777662b534d8014737dcf248_20,00766a8de5a8bc7c777662b534d8014737dcf248_page_0020,00766a8de5a8bc7c777662b534d8014737dcf248.pdf#page=20,underscore_index,pending_review
00766a8de5a8bc7c777662b534d8014737dcf248_21,00766a8de5a8bc7c777662b534d8014737dcf248_page_0021,00766a8de5a8bc7c777662b534d8014737dcf248.pdf#page=21,underscore_index,pending_review
00766a8de5a8bc7c777662b534d8014737dcf248_22,00766a8de5a8bc7c777662b534d8014737dcf248_page_0022,00766a8de5a8bc7c777662b534d8014737dcf248.pdf#page=22,underscore_index,pending_review
007758e589ec783581801f488c13ac03ad616803_1,007758e589ec783581801f488c13ac03ad616803_page_0001,007758e589ec783581801f488c13ac03ad616803.pdf#page=1,underscore_index,pending_review
007758e589ec783581801f488c13ac03ad616803_2,007758e589ec783581801f488c13ac03ad616803_page_0002,007758e589ec783581801f488c13ac03ad616803.pdf#page=2,underscore_index,pending_review
007758e589ec783581801f488c13ac03ad616803_3,007758e589ec783581801f488c13ac03ad616803_page_0003,007758e589ec783581801f488c13ac03ad616803.pdf#page=3,underscore_index,pending_review
007758e589ec783581801f488c13ac03ad616803_4,007758e589ec783581801f488c13ac03ad616803_page_0004,007758e589ec783581801f488c13ac03ad616803.pdf#page=4,underscore_index,pending_review
007758e589ec783581801f488c13ac03ad616803_5,007758e589ec783581801f488c13ac03ad616803_page_0005,007758e589ec783581801f488c13ac03ad616803.pdf#page=5,underscore_index,pending_review
007758e589ec783581801f488c13ac03ad616803_6,007758e589ec783581801f488c13ac03ad616803_page_0006,007758e589ec783581801f488c13ac03ad616803.pdf#page=6,underscore_index,pending_review
007758e589ec783581801f488c13ac03ad616803_7,007758e589ec783581801f488c13ac03ad616803_page_0007,007758e589ec783581801f488c13ac03ad616803.pdf#page=7,underscore_index,pending_review
007758e589ec783581801f488c13ac03ad616803_8,007758e589ec783581801f488c13ac03ad616803_page_0008,007758e589ec783581801f488c13ac03ad616803.pdf#page=8,underscore_index,pending_review
007758e589ec783581801f488c13ac03ad616803_9,007758e589ec783581801f488c13ac03ad616803_page_0009,007758e589ec783581801f488c13ac03ad616803.pdf#page=9,underscore_index,pending_review
007758e589ec783581801f488c13ac03ad616803_10,007758e589ec783581801f488c13ac03ad616803_page_0010,007758e589ec783581801f488c13ac03ad616803.pdf#page=10,underscore_index,pending_review
007758e589ec783581801f488c13ac03ad616803_11,007758e589ec783581801f488c13ac03ad616803_page_0011,007758e589ec783581801f488c13ac03ad616803.pdf#page=11,underscore_index,pending_review
007b9c939a070ebea56e27391ecb1cf9550909df_1,007b9c939a070ebea56e27391ecb1cf9550909df_page_0001,007b9c939a070ebea56e27391ecb1cf9550909df.pdf#page=1,underscore_index,pending_review
007b9c939a070ebea56e27391ecb1cf9550909df_2,007b9c939a070ebea56e27391ecb1cf9550909df_page_0002,007b9c939a070ebea56e27391ecb1cf9550909df.pdf#page=2,underscore_index,pending_review
007b9c939a070ebea56e27391ecb1cf9550909df_3,007b9c939a070ebea56e27391ecb1cf9550909df_page_0003,007b9c939a070ebea56e27391ecb1cf9550909df.pdf#page=3,underscore_index,pending_review
007b9c939a070ebea56e27391ecb1cf9550909df_4,007b9c939a070ebea56e27391ecb1cf9550909df_page_0004,007b9c939a070ebea56e27391ecb1cf9550909df.pdf#page=4,underscore_index,pending_review
007b9c939a070ebea56e27391ecb1cf9550909df_5,007b9c939a070ebea56e27391ecb1cf9550909df_page_0005,007b9c939a070ebea56e27391ecb1cf9550909df.pdf#page=5,underscore_index,pending_review
007b9c939a070ebea56e27391ecb1cf9550909df_6,007b9c939a070ebea56e27391ecb1cf9550909df_page_0006,007b9c939a070ebea56e27391ecb1cf9550909df.pdf#page=6,underscore_index,pending_review
007b9c939a070ebea56e27391ecb1cf9550909df_7,007b9c939a070ebea56e27391ecb1cf9550909df_page_0007,007b9c939a070ebea56e27391ecb1cf9550909df.pdf#page=7,underscore_index,pending_review
007b9c939a070ebea56e27391ecb1cf9550909df_8,007b9c939a070ebea56e27391ecb1cf9550909df_page_0008,007b9c939a070ebea56e27391ecb1cf9550909df.pdf#page=8,underscore_index,pending_review
007b9c939a070ebea56e27391ecb1cf9550909df_9,007b9c939a070ebea56e27391ecb1cf9550909df_page_0009,007b9c939a070ebea56e27391ecb1cf9550909df.pdf#page=9,underscore_index,pending_review
007b9c939a070ebea56e27391ecb1cf9550909df_10,007b9c939a070ebea56e27391ecb1cf9550909df_page_0010,007b9c939a070ebea56e27391ecb1cf9550909df.pdf#page=10,underscore_index,pending_review
007b9c939a070ebea56e27391ecb1cf9550909df_11,007b9c939a070ebea56e27391ecb1cf9550909df_page_0011,007b9c939a070ebea56e27391ecb1cf9550909df.pdf#page=11,underscore_index,pending_review
007b9c939a070ebea56e27391ecb1cf9550909df_12,007b9c939a070ebea56e27391ecb1cf9550909df_page_0012,007b9c939a070ebea56e27391ecb1cf9550909df.pdf#page=12,underscore_index,pending_review
007b9c939a070ebea56e27391ecb1cf9550909df_13,007b9c939a070ebea56e27391ecb1cf9550909df_page_0013,007b9c939a070ebea56e27391ecb1cf9550909df.pdf#page=13,underscore_index,pending_review
007b9c939a070ebea56e27391ecb1cf9550909df_14,007b9c939a070ebea56e27391ecb1cf9550909df_page_0014,007b9c939a070ebea56e27391ecb1cf9550909df.pdf#page=14,underscore_index,pending_review
007b9c939a070ebea56e27391ecb1cf9550909df_15,007b9c939a070ebea56e27391ecb1cf9550909df_page_0015,007b9c939a070ebea56e27391ecb1cf9550909df.pdf#page=15,underscore_index,pending_review
007b9c939a070ebea56e27391ecb1cf9550909df_16,007b9c939a070ebea56e27391ecb1cf9550909df_page_0016,007b9c939a070ebea56e27391ecb1cf9550909df.pdf#page=16,underscore_index,pending_review
007b9c939a070ebea56e27391ecb1cf9550909df_17,007b9c939a070ebea56e27391ecb1cf9550909df_page_0017,007b9c939a070ebea56e27391ecb1cf9550909df.pdf#page=17,underscore_index,pending_review
007b9c939a070ebea56e27391ecb1cf9550909df_18,007b9c939a070ebea56e27391ecb1cf9550909df_page_0018,007b9c939a070ebea56e27391ecb1cf9550909df.pdf#page=18,underscore_index,pending_review
007b9c939a070ebea56e27391ecb1cf9550909df_19,007b9c939a070ebea56e27391ecb1cf9550909df_page_0019,007b9c939a070ebea56e27391ecb1cf9550909df.pdf#page=19,underscore_index,pending_review
007b9c939a070ebea56e27391ecb1cf9550909df_20,007b9c939a070ebea56e27391ecb1cf9550909df_page_0020,007b9c939a070ebea56e27391ecb1cf9550909df.pdf#page=20,underscore_index,pending_review
007b9c939a070ebea56e27391ecb1cf9550909df_21,007b9c939a070ebea56e27391ecb1cf9550909df_page_0021,007b9c939a070ebea56e27391ecb1cf9550909df.pdf#page=21,underscore_index,pending_review
007b9c939a070ebea56e27391ecb1cf9550909df_22,007b9c939a070ebea56e27391ecb1cf9550909df_page_0022,007b9c939a070ebea56e27391ecb1cf9550909df.pdf#page=22,underscore_index,pending_review
007b9c939a070ebea56e27391ecb1cf9550909df_23,007b9c939a070ebea56e27391ecb1cf9550909df_page_0023,007b9c939a070ebea56e27391ecb1cf9550909df.pdf#page=23,underscore_index,pending_review
007ee14d7991c3debc7ebc7558a8a5e38dfb1109_1,007ee14d7991c3debc7ebc7558a8a5e38dfb1109_page_0001,007ee14d7991c3debc7ebc7558a8a5e38dfb1109.pdf#page=1,underscore_index,pending_review
007ee14d7991c3debc7ebc7558a8a5e38dfb1109_2,007ee14d7991c3debc7ebc7558a8a5e38dfb1109_page_0002,007ee14d7991c3debc7ebc7558a8a5e38dfb1109.pdf#page=2,underscore_index,pending_review
007ee14d7991c3debc7ebc7558a8a5e38dfb1109_3,007ee14d7991c3debc7ebc7558a8a5e38dfb1109_page_0003,007ee14d7991c3debc7ebc7558a8a5e38dfb1109.pdf#page=3,underscore_index,pending_review
007ee14d7991c3debc7ebc7558a8a5e38dfb1109_4,007ee14d7991c3debc7ebc7558a8a5e38dfb1109_page_0004,007ee14d7991c3debc7ebc7558a8a5e38dfb1109.pdf#page=4,underscore_index,pending_review
007ee14d7991c3debc7ebc7558a8a5e38dfb1109_5,007ee14d7991c3debc7ebc7558a8a5e38dfb1109_page_0005,007ee14d7991c3debc7ebc7558a8a5e38dfb1109.pdf#page=5,underscore_index,pending_review
007ee14d7991c3debc7ebc7558a8a5e38dfb1109_6,007ee14d7991c3debc7ebc7558a8a5e38dfb1109_page_0006,007ee14d7991c3debc7ebc7558a8a5e38dfb1109.pdf#page=6,underscore_index,pending_review
007ee14d7991c3debc7ebc7558a8a5e38dfb1109_7,007ee14d7991c3debc7ebc7558a8a5e38dfb1109_page_0007,007ee14d7991c3debc7ebc7558a8a5e38dfb1109.pdf#page=7,underscore_index,pending_review
007ee14d7991c3debc7ebc7558a8a5e38dfb1109_8,007ee14d7991c3debc7ebc7558a8a5e38dfb1109_page_0008,007ee14d7991c3debc7ebc7558a8a5e38dfb1109.pdf#page=8,underscore_index,pending_review
007ee14d7991c3debc7ebc7558a8a5e38dfb1109_9,007ee14d7991c3debc7ebc7558a8a5e38dfb1109_page_0009,007ee14d7991c3debc7ebc7558a8a5e38dfb1109.pdf#page=9,underscore_index,pending_review
007ee14d7991c3debc7ebc7558a8a5e38dfb1109_10,007ee14d7991c3debc7ebc7558a8a5e38dfb1109_page_0010,007ee14d7991c3debc7ebc7558a8a5e38dfb1109.pdf#page=10,underscore_index,pending_review
007ee14d7991c3debc7ebc7558a8a5e38dfb1109_11,007ee14d7991c3debc7ebc7558a8a5e38dfb1109_page_0011,007ee14d7991c3debc7ebc7558a8a5e38dfb1109.pdf#page=11,underscore_index,pending_review
007ee14d7991c3debc7ebc7558a8a5e38dfb1109_12,007ee14d7991c3debc7ebc7558a8a5e38dfb1109_page_0012,007ee14d7991c3debc7ebc7558a8a5e38dfb1109.pdf#page=12,underscore_index,pending_review
007ee14d7991c3debc7ebc7558a8a5e38dfb1109_13,007ee14d7991c3debc7ebc7558a8a5e38dfb1109_page_0013,007ee14d7991c3debc7ebc7558a8a5e38dfb1109.pdf#page=13,underscore_index,pending_review
007ee14d7991c3debc7ebc7558a8a5e38dfb1109_14,007ee14d7991c3debc7ebc7558a8a5e38dfb1109_page_0014,007ee14d7991c3debc7ebc7558a8a5e38dfb1109.pdf#page=14,underscore_index,pending_review
007ee14d7991c3debc7ebc7558a8a5e38dfb1109_15,007ee14d7991c3debc7ebc7558a8a5e38dfb1109_page_0015,007ee14d7991c3debc7ebc7558a8a5e38dfb1109.pdf#page=15,underscore_index,pending_review
007ee14d7991c3debc7ebc7558a8a5e38dfb1109_16,007ee14d7991c3debc7ebc7558a8a5e38dfb1109_page_0016,007ee14d7991c3debc7ebc7558a8a5e38dfb1109.pdf#page=16,underscore_index,pending_review
007ee14d7991c3debc7ebc7558a8a5e38dfb1109_17,007ee14d7991c3debc7ebc7558a8a5e38dfb1109_page_0017,007ee14d7991c3debc7ebc7558a8a5e38dfb1109.pdf#page=17,underscore_index,pending_review
007ee14d7991c3debc7ebc7558a8a5e38dfb1109_18,007ee14d7991c3debc7ebc7558a8a5e38dfb1109_page_0018,007ee14d7991c3debc7ebc7558a8a5e38dfb1109.pdf#page=18,underscore_index,pending_review
007ee14d7991c3debc7ebc7558a8a5e38dfb1109_19,007ee14d7991c3debc7ebc7558a8a5e38dfb1109_page_0019,007ee14d7991c3debc7ebc7558a8a5e38dfb1109.pdf#page=19,underscore_index,pending_review
007ee14d7991c3debc7ebc7558a8a5e38dfb1109_20,007ee14d7991c3debc7ebc7558a8a5e38dfb1109_page_0020,007ee14d7991c3debc7ebc7558a8a5e38dfb1109.pdf#page=20,underscore_index,pending_review
007ee14d7991c3debc7ebc7558a8a5e38dfb1109_21,007ee14d7991c3debc7ebc7558a8a5e38dfb1109_page_0021,007ee14d7991c3debc7ebc7558a8a5e38dfb1109.pdf#page=21,underscore_index,pending_review
007ee14d7991c3debc7ebc7558a8a5e38dfb1109_22,007ee14d7991c3debc7ebc7558a8a5e38dfb1109_page_0022,007ee14d7991c3debc7ebc7558a8a5e38dfb1109.pdf#page=22,underscore_index,pending_review
007ee14d7991c3debc7ebc7558a8a5e38dfb1109_23,007ee14d7991c3debc7ebc7558a8a5e38dfb1109_page_0023,007ee14d7991c3debc7ebc7558a8a5e38dfb1109.pdf#page=23,underscore_index,pending_review
007ee14d7991c3debc7ebc7558a8a5e38dfb1109_24,007ee14d7991c3debc7ebc7558a8a5e38dfb1109_page_0024,007ee14d7991c3debc7ebc7558a8a5e38dfb1109.pdf#page=24,underscore_index,pending_review
008179ae43fe6605078e2dfbc1e02a2bfb1f3f48_1,008179ae43fe6605078e2dfbc1e02a2bfb1f3f48_page_0001,008179ae43fe6605078e2dfbc1e02a2bfb1f3f48.pdf#page=1,underscore_index,pending_review
008179ae43fe6605078e2dfbc1e02a2bfb1f3f48_2,008179ae43fe6605078e2dfbc1e02a2bfb1f3f48_page_0002,008179ae43fe6605078e2dfbc1e02a2bfb1f3f48.pdf#page=2,underscore_index,pending_review
008179ae43fe6605078e2dfbc1e02a2bfb1f3f48_3,008179ae43fe6605078e2dfbc1e02a2bfb1f3f48_page_0003,008179ae43fe6605078e2dfbc1e02a2bfb1f3f48.pdf#page=3,underscore_index,pending_review
008179ae43fe6605078e2dfbc1e02a2bfb1f3f48_4,008179ae43fe6605078e2dfbc1e02a2bfb1f3f48_page_0004,008179ae43fe6605078e2dfbc1e02a2bfb1f3f48.pdf#page=4,underscore_index,pending_review
008179ae43fe6605078e2dfbc1e02a2bfb1f3f48_5,008179ae43fe6605078e2dfbc1e02a2bfb1f3f48_page_0005,008179ae43fe6605078e2dfbc1e02a2bfb1f3f48.pdf#page=5,underscore_index,pending_review
008179ae43fe6605078e2dfbc1e02a2bfb1f3f48_6,008179ae43fe6605078e2dfbc1e02a2bfb1f3f48_page_0006,008179ae43fe6605078e2dfbc1e02a2bfb1f3f48.pdf#page=6,underscore_index,pending_review
008179ae43fe6605078e2dfbc1e02a2bfb1f3f48_7,008179ae43fe6605078e2dfbc1e02a2bfb1f3f48_page_0007,008179ae43fe6605078e2dfbc1e02a2bfb1f3f48.pdf#page=7,underscore_index,pending_review
008179ae43fe6605078e2dfbc1e02a2bfb1f3f48_8,008179ae43fe6605078e2dfbc1e02a2bfb1f3f48_page_0008,008179ae43fe6605078e2dfbc1e02a2bfb1f3f48.pdf#page=8,underscore_index,pending_review
008179ae43fe6605078e2dfbc1e02a2bfb1f3f48_9,008179ae43fe6605078e2dfbc1e02a2bfb1f3f48_page_0009,008179ae43fe6605078e2dfbc1e02a2bfb1f3f48.pdf#page=9,underscore_index,pending_review
008179ae43fe6605078e2dfbc1e02a2bfb1f3f48_10,008179ae43fe6605078e2dfbc1e02a2bfb1f3f48_page_0010,008179ae43fe6605078e2dfbc1e02a2bfb1f3f48.pdf#page=10,underscore_index,pending_review
008179ae43fe6605078e2dfbc1e02a2bfb1f3f48_11,008179ae43fe6605078e2dfbc1e02a2bfb1f3f48_page_0011,008179ae43fe6605078e2dfbc1e02a2bfb1f3f48.pdf#page=11,underscore_index,pending_review
008179ae43fe6605078e2dfbc1e02a2bfb1f3f48_12,008179ae43fe6605078e2dfbc1e02a2bfb1f3f48_page_0012,008179ae43fe6605078e2dfbc1e02a2bfb1f3f48.pdf#page=12,underscore_index,pending_review
008179ae43fe6605078e2dfbc1e02a2bfb1f3f48_13,008179ae43fe6605078e2dfbc1e02a2bfb1f3f48_page_0013,008179ae43fe6605078e2dfbc1e02a2bfb1f3f48.pdf#page=13,underscore_index,pending_review
008179ae43fe6605078e2dfbc1e02a2bfb1f3f48_14,008179ae43fe6605078e2dfbc1e02a2bfb1f3f48_page_0014,008179ae43fe6605078e2dfbc1e02a2bfb1f3f48.pdf#page=14,underscore_index,pending_review
008179ae43fe6605078e2dfbc1e02a2bfb1f3f48_15,008179ae43fe6605078e2dfbc1e02a2bfb1f3f48_page_0015,008179ae43fe6605078e2dfbc1e02a2bfb1f3f48.pdf#page=15,underscore_index,pending_review
008179ae43fe6605078e2dfbc1e02a2bfb1f3f48_16,008179ae43fe6605078e2dfbc1e02a2bfb1f3f48_page_0016,008179ae43fe6605078e2dfbc1e02a2bfb1f3f48.pdf#page=16,underscore_index,pending_review
008179ae43fe6605078e2dfbc1e02a2bfb1f3f48_17,008179ae43fe6605078e2dfbc1e02a2bfb1f3f48_page_0017,008179ae43fe6605078e2dfbc1e02a2bfb1f3f48.pdf#page=17,underscore_index,pending_review
008179ae43fe6605078e2dfbc1e02a2bfb1f3f48_18,008179ae43fe6605078e2dfbc1e02a2bfb1f3f48_page_0018,008179ae43fe6605078e2dfbc1e02a2bfb1f3f48.pdf#page=18,underscore_index,pending_review
008179ae43fe6605078e2dfbc1e02a2bfb1f3f48_19,008179ae43fe6605078e2dfbc1e02a2bfb1f3f48_page_0019,008179ae43fe6605078e2dfbc1e02a2bfb1f3f48.pdf#page=19,underscore_index,pending_review
008179ae43fe6605078e2dfbc1e02a2bfb1f3f48_20,008179ae43fe6605078e2dfbc1e02a2bfb1f3f48_page_0020,008179ae43fe6605078e2dfbc1e02a2bfb1f3f48.pdf#page=20,underscore_index,pending_review
008179ae43fe6605078e2dfbc1e02a2bfb1f3f48_21,008179ae43fe6605078e2dfbc1e02a2bfb1f3f48_page_0021,008179ae43fe6605078e2dfbc1e02a2bfb1f3f48.pdf#page=21,underscore_index,pending_review
008179ae43fe6605078e2dfbc1e02a2bfb1f3f48_22,008179ae43fe6605078e2dfbc1e02a2bfb1f3f48_page_0022,008179ae43fe6605078e2dfbc1e02a2bfb1f3f48.pdf#page=22,underscore_index,pending_review
008179ae43fe6605078e2dfbc1e02a2bfb1f3f48_23,008179ae43fe6605078e2dfbc1e02a2bfb1f3f48_page_0023,008179ae43fe6605078e2dfbc1e02a2bfb1f3f48.pdf#page=23,underscore_index,pending_review
008179ae43fe6605078e2dfbc1e02a2bfb1f3f48_24,008179ae43fe6605078e2dfbc1e02a2bfb1f3f48_page_0024,008179ae43fe6605078e2dfbc1e02a2bfb1f3f48.pdf#page=24,underscore_index,pending_review
008179ae43fe6605078e2dfbc1e02a2bfb1f3f48_25,008179ae43fe6605078e2dfbc1e02a2bfb1f3f48_page_0025,008179ae43fe6605078e2dfbc1e02a2bfb1f3f48.pdf#page=25,underscore_index,pending_review
008363273c77bfd99cc0bbe473189616006e7c72_1,008363273c77bfd99cc0bbe473189616006e7c72_page_0001,008363273c77bfd99cc0bbe473189616006e7c72.pdf#page=1,underscore_index,pending_review
008363273c77bfd99cc0bbe473189616006e7c72_2,008363273c77bfd99cc0bbe473189616006e7c72_page_0002,008363273c77bfd99cc0bbe473189616006e7c72.pdf#page=2,underscore_index,pending_review
008363273c77bfd99cc0bbe473189616006e7c72_3,008363273c77bfd99cc0bbe473189616006e7c72_page_0003,008363273c77bfd99cc0bbe473189616006e7c72.pdf#page=3,underscore_index,pending_review
008363273c77bfd99cc0bbe473189616006e7c72_4,008363273c77bfd99cc0bbe473189616006e7c72_page_0004,008363273c77bfd99cc0bbe473189616006e7c72.pdf#page=4,underscore_index,pending_review
008363273c77bfd99cc0bbe473189616006e7c72_5,008363273c77bfd99cc0bbe473189616006e7c72_page_0005,008363273c77bfd99cc0bbe473189616006e7c72.pdf#page=5,underscore_index,pending_review
008363273c77bfd99cc0bbe473189616006e7c72_6,008363273c77bfd99cc0bbe473189616006e7c72_page_0006,008363273c77bfd99cc0bbe473189616006e7c72.pdf#page=6,underscore_index,pending_review
008363273c77bfd99cc0bbe473189616006e7c72_7,008363273c77bfd99cc0bbe473189616006e7c72_page_0007,008363273c77bfd99cc0bbe473189616006e7c72.pdf#page=7,underscore_index,pending_review
008363273c77bfd99cc0bbe473189616006e7c72_8,008363273c77bfd99cc0bbe473189616006e7c72_page_0008,008363273c77bfd99cc0bbe473189616006e7c72.pdf#page=8,underscore_index,pending_review
008363273c77bfd99cc0bbe473189616006e7c72_9,008363273c77bfd99cc0bbe473189616006e7c72_page_0009,008363273c77bfd99cc0bbe473189616006e7c72.pdf#page=9,underscore_index,pending_review
008363273c77bfd99cc0bbe473189616006e7c72_10,008363273c77bfd99cc0bbe473189616006e7c72_page_0010,008363273c77bfd99cc0bbe473189616006e7c72.pdf#page=10,underscore_index,pending_review
008363273c77bfd99cc0bbe473189616006e7c72_11,008363273c77bfd99cc0bbe473189616006e7c72_page_0011,008363273c77bfd99cc0bbe473189616006e7c72.pdf#page=11,underscore_index,pending_review
008363273c77bfd99cc0bbe473189616006e7c72_12,008363273c77bfd99cc0bbe473189616006e7c72_page_0012,008363273c77bfd99cc0bbe473189616006e7c72.pdf#page=12,underscore_index,pending_review
008363273c77bfd99cc0bbe473189616006e7c72_13,008363273c77bfd99cc0bbe473189616006e7c72_page_0013,008363273c77bfd99cc0bbe473189616006e7c72.pdf#page=13,underscore_index,pending_review
008363273c77bfd99cc0bbe473189616006e7c72_14,008363273c77bfd99cc0bbe473189616006e7c72_page_0014,008363273c77bfd99cc0bbe473189616006e7c72.pdf#page=14,underscore_index,pending_review
008363273c77bfd99cc0bbe473189616006e7c72_15,008363273c77bfd99cc0bbe473189616006e7c72_page_0015,008363273c77bfd99cc0bbe473189616006e7c72.pdf#page=15,underscore_index,pending_review
008363273c77bfd99cc0bbe473189616006e7c72_16,008363273c77bfd99cc0bbe473189616006e7c72_page_0016,008363273c77bfd99cc0bbe473189616006e7c72.pdf#page=16,underscore_index,pending_review
008363273c77bfd99cc0bbe473189616006e7c72_17,008363273c77bfd99cc0bbe473189616006e7c72_page_0017,008363273c77bfd99cc0bbe473189616006e7c72.pdf#page=17,underscore_index,pending_review
008363273c77bfd99cc0bbe473189616006e7c72_18,008363273c77bfd99cc0bbe473189616006e7c72_page_0018,008363273c77bfd99cc0bbe473189616006e7c72.pdf#page=18,underscore_index,pending_review
008363273c77bfd99cc0bbe473189616006e7c72_19,008363273c77bfd99cc0bbe473189616006e7c72_page_0019,008363273c77bfd99cc0bbe473189616006e7c72.pdf#page=19,underscore_index,pending_review
008363273c77bfd99cc0bbe473189616006e7c72_20,008363273c77bfd99cc0bbe473189616006e7c72_page_0020,008363273c77bfd99cc0bbe473189616006e7c72.pdf#page=20,underscore_index,pending_review
008363273c77bfd99cc0bbe473189616006e7c72_21,008363273c77bfd99cc0bbe473189616006e7c72_page_0021,008363273c77bfd99cc0bbe473189616006e7c72.pdf#page=21,underscore_index,pending_review
008363273c77bfd99cc0bbe473189616006e7c72_22,008363273c77bfd99cc0bbe473189616006e7c72_page_0022,008363273c77bfd99cc0bbe473189616006e7c72.pdf#page=22,underscore_index,pending_review
008363273c77bfd99cc0bbe473189616006e7c72_23,008363273c77bfd99cc0bbe473189616006e7c72_page_0023,008363273c77bfd99cc0bbe473189616006e7c72.pdf#page=23,underscore_index,pending_review
0085b42536c3a3a4806ab799a56df25c6f183dc2_1,0085b42536c3a3a4806ab799a56df25c6f183dc2_page_0001,0085b42536c3a3a4806ab799a56df25c6f183dc2.pdf#page=1,underscore_index,pending_review
0085b42536c3a3a4806ab799a56df25c6f183dc2_2,0085b42536c3a3a4806ab799a56df25c6f183dc2_page_0002,0085b42536c3a3a4806ab799a56df25c6f183dc2.pdf#page=2,underscore_index,pending_review
0085b42536c3a3a4806ab799a56df25c6f183dc2_3,0085b42536c3a3a4806ab799a56df25c6f183dc2_page_0003,0085b42536c3a3a4806ab799a56df25c6f183dc2.pdf#page=3,underscore_index,pending_review
0085b42536c3a3a4806ab799a56df25c6f183dc2_4,0085b42536c3a3a4806ab799a56df25c6f183dc2_page_0004,0085b42536c3a3a4806ab799a56df25c6f183dc2.pdf#page=4,underscore_index,pending_review
0085b42536c3a3a4806ab799a56df25c6f183dc2_5,0085b42536c3a3a4806ab799a56df25c6f183dc2_page_0005,0085b42536c3a3a4806ab799a56df25c6f183dc2.pdf#page=5,underscore_index,pending_review
0085b42536c3a3a4806ab799a56df25c6f183dc2_6,0085b42536c3a3a4806ab799a56df25c6f183dc2_page_0006,0085b42536c3a3a4806ab799a56df25c6f183dc2.pdf#page=6,underscore_index,pending_review
0085b42536c3a3a4806ab799a56df25c6f183dc2_7,0085b42536c3a3a4806ab799a56df25c6f183dc2_page_0007,0085b42536c3a3a4806ab799a56df25c6f183dc2.pdf#page=7,underscore_index,pending_review
0085b42536c3a3a4806ab799a56df25c6f183dc2_8,0085b42536c3a3a4806ab799a56df25c6f183dc2_page_0008,0085b42536c3a3a4806ab799a56df25c6f183dc2.pdf#page=8,underscore_index,pending_review
0085b42536c3a3a4806ab799a56df25c6f183dc2_9,0085b42536c3a3a4806ab799a56df25c6f183dc2_page_0009,0085b42536c3a3a4806ab799a56df25c6f183dc2.pdf#page=9,underscore_index,pending_review
0085b42536c3a3a4806ab799a56df25c6f183dc2_10,0085b42536c3a3a4806ab799a56df25c6f183dc2_page_0010,0085b42536c3a3a4806ab799a56df25c6f183dc2.pdf#page=10,underscore_index,pending_review
0085b42536c3a3a4806ab799a56df25c6f183dc2_11,0085b42536c3a3a4806ab799a56df25c6f183dc2_page_0011,0085b42536c3a3a4806ab799a56df25c6f183dc2.pdf#page=11,underscore_index,pending_review
0085b42536c3a3a4806ab799a56df25c6f183dc2_12,0085b42536c3a3a4806ab799a56df25c6f183dc2_page_0012,0085b42536c3a3a4806ab799a56df25c6f183dc2.pdf#page=12,underscore_index,pending_review
0092c881cffe1c685ec3bc0fd5d5110c0939c081_1,0092c881cffe1c685ec3bc0fd5d5110c0939c081_page_0001,0092c881cffe1c685ec3bc0fd5d5110c0939c081.pdf#page=1,underscore_index,pending_review
0092c881cffe1c685ec3bc0fd5d5110c0939c081_2,0092c881cffe1c685ec3bc0fd5d5110c0939c081_page_0002,0092c881cffe1c685ec3bc0fd5d5110c0939c081.pdf#page=2,underscore_index,pending_review
0092c881cffe1c685ec3bc0fd5d5110c0939c081_3,0092c881cffe1c685ec3bc0fd5d5110c0939c081_page_0003,0092c881cffe1c685ec3bc0fd5d5110c0939c081.pdf#page=3,underscore_index,pending_review
0092c881cffe1c685ec3bc0fd5d5110c0939c081_4,0092c881cffe1c685ec3bc0fd5d5110c0939c081_page_0004,0092c881cffe1c685ec3bc0fd5d5110c0939c081.pdf#page=4,underscore_index,pending_review
0092c881cffe1c685ec3bc0fd5d5110c0939c081_5,0092c881cffe1c685ec3bc0fd5d5110c0939c081_page_0005,0092c881cffe1c685ec3bc0fd5d5110c0939c081.pdf#page=5,underscore_index,pending_review
0092c881cffe1c685ec3bc0fd5d5110c0939c081_6,0092c881cffe1c685ec3bc0fd5d5110c0939c081_page_0006,0092c881cffe1c685ec3bc0fd5d5110c0939c081.pdf#page=6,underscore_index,pending_review
0092c881cffe1c685ec3bc0fd5d5110c0939c081_7,0092c881cffe1c685ec3bc0fd5d5110c0939c081_page_0007,0092c881cffe1c685ec3bc0fd5d5110c0939c081.pdf#page=7,underscore_index,pending_review
0092c881cffe1c685ec3bc0fd5d5110c0939c081_8,0092c881cffe1c685ec3bc0fd5d5110c0939c081_page_0008,0092c881cffe1c685ec3bc0fd5d5110c0939c081.pdf#page=8,underscore_index,pending_review
0092c881cffe1c685ec3bc0fd5d5110c0939c081_9,0092c881cffe1c685ec3bc0fd5d5110c0939c081_page_0009,0092c881cffe1c685ec3bc0fd5d5110c0939c081.pdf#page=9,underscore_index,pending_review
0092c881cffe1c685ec3bc0fd5d5110c0939c081_10,0092c881cffe1c685ec3bc0fd5d5110c0939c081_page_0010,0092c881cffe1c685ec3bc0fd5d5110c0939c081.pdf#page=10,underscore_index,pending_review
0092c881cffe1c685ec3bc0fd5d5110c0939c081_11,0092c881cffe1c685ec3bc0fd5d5110c0939c081_page_0011,0092c881cffe1c685ec3bc0fd5d5110c0939c081.pdf#page=11,underscore_index,pending_review
0092c881cffe1c685ec3bc0fd5d5110c0939c081_12,0092c881cffe1c685ec3bc0fd5d5110c0939c081_page_0012,0092c881cffe1c685ec3bc0fd5d5110c0939c081.pdf#page=12,underscore_index,pending_review
0092c881cffe1c685ec3bc0fd5d5110c0939c081_13,0092c881cffe1c685ec3bc0fd5d5110c0939c081_page_0013,0092c881cffe1c685ec3bc0fd5d5110c0939c081.pdf#page=13,underscore_index,pending_review
0092c881cffe1c685ec3bc0fd5d5110c0939c081_14,0092c881cffe1c685ec3bc0fd5d5110c0939c081_page_0014,0092c881cffe1c685ec3bc0fd5d5110c0939c081.pdf#page=14,underscore_index,pending_review
0092c881cffe1c685ec3bc0fd5d5110c0939c081_15,0092c881cffe1c685ec3bc0fd5d5110c0939c081_page_0015,0092c881cffe1c685ec3bc0fd5d5110c0939c081.pdf#page=15,underscore_index,pending_review
0092c881cffe1c685ec3bc0fd5d5110c0939c081_16,0092c881cffe1c685ec3bc0fd5d5110c0939c081_page_0016,0092c881cffe1c685ec3bc0fd5d5110c0939c081.pdf#page=16,underscore_index,pending_review
0092c881cffe1c685ec3bc0fd5d5110c0939c081_17,0092c881cffe1c685ec3bc0fd5d5110c0939c081_page_0017,0092c881cffe1c685ec3bc0fd5d5110c0939c081.pdf#page=17,underscore_index,pending_review
0092c881cffe1c685ec3bc0fd5d5110c0939c081_18,0092c881cffe1c685ec3bc0fd5d5110c0939c081_page_0018,0092c881cffe1c685ec3bc0fd5d5110c0939c081.pdf#page=18,underscore_index,pending_review
0092c881cffe1c685ec3bc0fd5d5110c0939c081_19,0092c881cffe1c685ec3bc0fd5d5110c0939c081_page_0019,0092c881cffe1c685ec3bc0fd5d5110c0939c081.pdf#page=19,underscore_index,pending_review
0092c881cffe1c685ec3bc0fd5d5110c0939c081_20,0092c881cffe1c685ec3bc0fd5d5110c0939c081_page_0020,0092c881cffe1c685ec3bc0fd5d5110c0939c081.pdf#page=20,underscore_index,pending_review
0092c881cffe1c685ec3bc0fd5d5110c0939c081_21,0092c881cffe1c685ec3bc0fd5d5110c0939c081_page_0021,0092c881cffe1c685ec3bc0fd5d5110c0939c081.pdf#page=21,underscore_index,pending_review
0092c881cffe1c685ec3bc0fd5d5110c0939c081_22,0092c881cffe1c685ec3bc0fd5d5110c0939c081_page_0022,0092c881cffe1c685ec3bc0fd5d5110c0939c081.pdf#page=22,underscore_index,pending_review
009856a0cdcc230d983c3a3e460a0c1b83cb09d4_1,009856a0cdcc230d983c3a3e460a0c1b83cb09d4_page_0001,009856a0cdcc230d983c3a3e460a0c1b83cb09d4.pdf#page=1,underscore_index,pending_review
009856a0cdcc230d983c3a3e460a0c1b83cb09d4_2,009856a0cdcc230d983c3a3e460a0c1b83cb09d4_page_0002,009856a0cdcc230d983c3a3e460a0c1b83cb09d4.pdf#page=2,underscore_index,pending_review
009856a0cdcc230d983c3a3e460a0c1b83cb09d4_3,009856a0cdcc230d983c3a3e460a0c1b83cb09d4_page_0003,009856a0cdcc230d983c3a3e460a0c1b83cb09d4.pdf#page=3,underscore_index,pending_review
009856a0cdcc230d983c3a3e460a0c1b83cb09d4_4,009856a0cdcc230d983c3a3e460a0c1b83cb09d4_page_0004,009856a0cdcc230d983c3a3e460a0c1b83cb09d4.pdf#page=4,underscore_index,pending_review
009856a0cdcc230d983c3a3e460a0c1b83cb09d4_5,009856a0cdcc230d983c3a3e460a0c1b83cb09d4_page_0005,009856a0cdcc230d983c3a3e460a0c1b83cb09d4.pdf#page=5,underscore_index,pending_review
009856a0cdcc230d983c3a3e460a0c1b83cb09d4_6,009856a0cdcc230d983c3a3e460a0c1b83cb09d4_page_0006,009856a0cdcc230d983c3a3e460a0c1b83cb09d4.pdf#page=6,underscore_index,pending_review
009856a0cdcc230d983c3a3e460a0c1b83cb09d4_7,009856a0cdcc230d983c3a3e460a0c1b83cb09d4_page_0007,009856a0cdcc230d983c3a3e460a0c1b83cb09d4.pdf#page=7,underscore_index,pending_review
009856a0cdcc230d983c3a3e460a0c1b83cb09d4_8,009856a0cdcc230d983c3a3e460a0c1b83cb09d4_page_0008,009856a0cdcc230d983c3a3e460a0c1b83cb09d4.pdf#page=8,underscore_index,pending_review
009856a0cdcc230d983c3a3e460a0c1b83cb09d4_9,009856a0cdcc230d983c3a3e460a0c1b83cb09d4_page_0009,009856a0cdcc230d983c3a3e460a0c1b83cb09d4.pdf#page=9,underscore_index,pending_review
009856a0cdcc230d983c3a3e460a0c1b83cb09d4_10,009856a0cdcc230d983c3a3e460a0c1b83cb09d4_page_0010,009856a0cdcc230d983c3a3e460a0c1b83cb09d4.pdf#page=10,underscore_index,pending_review
009856a0cdcc230d983c3a3e460a0c1b83cb09d4_11,009856a0cdcc230d983c3a3e460a0c1b83cb09d4_page_0011,009856a0cdcc230d983c3a3e460a0c1b83cb09d4.pdf#page=11,underscore_index,pending_review
009856a0cdcc230d983c3a3e460a0c1b83cb09d4_12,009856a0cdcc230d983c3a3e460a0c1b83cb09d4_page_0012,009856a0cdcc230d983c3a3e460a0c1b83cb09d4.pdf#page=12,underscore_index,pending_review
009856a0cdcc230d983c3a3e460a0c1b83cb09d4_13,009856a0cdcc230d983c3a3e460a0c1b83cb09d4_page_0013,009856a0cdcc230d983c3a3e460a0c1b83cb09d4.pdf#page=13,underscore_index,pending_review
009856a0cdcc230d983c3a3e460a0c1b83cb09d4_14,009856a0cdcc230d983c3a3e460a0c1b83cb09d4_page_0014,009856a0cdcc230d983c3a3e460a0c1b83cb09d4.pdf#page=14,underscore_index,pending_review
009856a0cdcc230d983c3a3e460a0c1b83cb09d4_15,009856a0cdcc230d983c3a3e460a0c1b83cb09d4_page_0015,009856a0cdcc230d983c3a3e460a0c1b83cb09d4.pdf#page=15,underscore_index,pending_review
009856a0cdcc230d983c3a3e460a0c1b83cb09d4_16,009856a0cdcc230d983c3a3e460a0c1b83cb09d4_page_0016,009856a0cdcc230d983c3a3e460a0c1b83cb09d4.pdf#page=16,underscore_index,pending_review
009856a0cdcc230d983c3a3e460a0c1b83cb09d4_17,009856a0cdcc230d983c3a3e460a0c1b83cb09d4_page_0017,009856a0cdcc230d983c3a3e460a0c1b83cb09d4.pdf#page=17,underscore_index,pending_review
009856a0cdcc230d983c3a3e460a0c1b83cb09d4_18,009856a0cdcc230d983c3a3e460a0c1b83cb09d4_page_0018,009856a0cdcc230d983c3a3e460a0c1b83cb09d4.pdf#page=18,underscore_index,pending_review
009856a0cdcc230d983c3a3e460a0c1b83cb09d4_19,009856a0cdcc230d983c3a3e460a0c1b83cb09d4_page_0019,009856a0cdcc230d983c3a3e460a0c1b83cb09d4.pdf#page=19,underscore_index,pending_review
009856a0cdcc230d983c3a3e460a0c1b83cb09d4_20,009856a0cdcc230d983c3a3e460a0c1b83cb09d4_page_0020,009856a0cdcc230d983c3a3e460a0c1b83cb09d4.pdf#page=20,underscore_index,pending_review
009856a0cdcc230d983c3a3e460a0c1b83cb09d4_21,009856a0cdcc230d983c3a3e460a0c1b83cb09d4_page_0021,009856a0cdcc230d983c3a3e460a0c1b83cb09d4.pdf#page=21,underscore_index,pending_review
009856a0cdcc230d983c3a3e460a0c1b83cb09d4_22,009856a0cdcc230d983c3a3e460a0c1b83cb09d4_page_0022,009856a0cdcc230d983c3a3e460a0c1b83cb09d4.pdf#page=22,underscore_index,pending_review
009856a0cdcc230d983c3a3e460a0c1b83cb09d4_23,009856a0cdcc230d983c3a3e460a0c1b83cb09d4_page_0023,009856a0cdcc230d983c3a3e460a0c1b83cb09d4.pdf#page=23,underscore_index,pending_review
009856a0cdcc230d983c3a3e460a0c1b83cb09d4_24,009856a0cdcc230d983c3a3e460a0c1b83cb09d4_page_0024,009856a0cdcc230d983c3a3e460a0c1b83cb09d4.pdf#page=24,underscore_index,pending_review
009856a0cdcc230d983c3a3e460a0c1b83cb09d4_25,009856a0cdcc230d983c3a3e460a0c1b83cb09d4_page_0025,009856a0cdcc230d983c3a3e460a0c1b83cb09d4.pdf#page=25,underscore_index,pending_review
009ab62111533e1608fd1d36c955d7d5a85aa77a_1,009ab62111533e1608fd1d36c955d7d5a85aa77a_page_0001,009ab62111533e1608fd1d36c955d7d5a85aa77a.pdf#page=1,underscore_index,pending_review
009ab62111533e1608fd1d36c955d7d5a85aa77a_2,009ab62111533e1608fd1d36c955d7d5a85aa77a_page_0002,009ab62111533e1608fd1d36c955d7d5a85aa77a.pdf#page=2,underscore_index,pending_review
009ab62111533e1608fd1d36c955d7d5a85aa77a_3,009ab62111533e1608fd1d36c955d7d5a85aa77a_page_0003,009ab62111533e1608fd1d36c955d7d5a85aa77a.pdf#page=3,underscore_index,pending_review
009ab62111533e1608fd1d36c955d7d5a85aa77a_4,009ab62111533e1608fd1d36c955d7d5a85aa77a_page_0004,009ab62111533e1608fd1d36c955d7d5a85aa77a.pdf#page=4,underscore_index,pending_review
009ab62111533e1608fd1d36c955d7d5a85aa77a_5,009ab62111533e1608fd1d36c955d7d5a85aa77a_page_0005,009ab62111533e1608fd1d36c955d7d5a85aa77a.pdf#page=5,underscore_index,pending_review
009ab62111533e1608fd1d36c955d7d5a85aa77a_6,009ab62111533e1608fd1d36c955d7d5a85aa77a_page_0006,009ab62111533e1608fd1d36c955d7d5a85aa77a.pdf#page=6,underscore_index,pending_review
009ab62111533e1608fd1d36c955d7d5a85aa77a_7,009ab62111533e1608fd1d36c955d7d5a85aa77a_page_0007,009ab62111533e1608fd1d36c955d7d5a85aa77a.pdf#page=7,underscore_index,pending_review
009ab62111533e1608fd1d36c955d7d5a85aa77a_8,009ab62111533e1608fd1d36c955d7d5a85aa77a_page_0008,009ab62111533e1608fd1d36c955d7d5a85aa77a.pdf#page=8,underscore_index,pending_review
009ab62111533e1608fd1d36c955d7d5a85aa77a_9,009ab62111533e1608fd1d36c955d7d5a85aa77a_page_0009,009ab62111533e1608fd1d36c955d7d5a85aa77a.pdf#page=9,underscore_index,pending_review
009ab62111533e1608fd1d36c955d7d5a85aa77a_10,009ab62111533e1608fd1d36c955d7d5a85aa77a_page_0010,009ab62111533e1608fd1d36c955d7d5a85aa77a.pdf#page=10,underscore_index,pending_review
009ab62111533e1608fd1d36c955d7d5a85aa77a_11,009ab62111533e1608fd1d36c955d7d5a85aa77a_page_0011,009ab62111533e1608fd1d36c955d7d5a85aa77a.pdf#page=11,underscore_index,pending_review
009ab62111533e1608fd1d36c955d7d5a85aa77a_12,009ab62111533e1608fd1d36c955d7d5a85aa77a_page_0012,009ab62111533e1608fd1d36c955d7d5a85aa77a.pdf#page=12,underscore_index,pending_review
009ab62111533e1608fd1d36c955d7d5a85aa77a_13,009ab62111533e1608fd1d36c955d7d5a85aa77a_page_0013,009ab62111533e1608fd1d36c955d7d5a85aa77a.pdf#page=13,underscore_index,pending_review
009ab62111533e1608fd1d36c955d7d5a85aa77a_14,009ab62111533e1608fd1d36c955d7d5a85aa77a_page_0014,009ab62111533e1608fd1d36c955d7d5a85aa77a.pdf#page=14,underscore_index,pending_review
009ab62111533e1608fd1d36c955d7d5a85aa77a_15,009ab62111533e1608fd1d36c955d7d5a85aa77a_page_0015,009ab62111533e1608fd1d36c955d7d5a85aa77a.pdf#page=15,underscore_index,pending_review
009ab62111533e1608fd1d36c955d7d5a85aa77a_16,009ab62111533e1608fd1d36c955d7d5a85aa77a_page_0016,009ab62111533e1608fd1d36c955d7d5a85aa77a.pdf#page=16,underscore_index,pending_review
009ab62111533e1608fd1d36c955d7d5a85aa77a_17,009ab62111533e1608fd1d36c955d7d5a85aa77a_page_0017,009ab62111533e1608fd1d36c955d7d5a85aa77a.pdf#page=17,underscore_index,pending_review
009ab62111533e1608fd1d36c955d7d5a85aa77a_18,009ab62111533e1608fd1d36c955d7d5a85aa77a_page_0018,009ab62111533e1608fd1d36c955d7d5a85aa77a.pdf#page=18,underscore_index,pending_review
009ab62111533e1608fd1d36c955d7d5a85aa77a_19,009ab62111533e1608fd1d36c955d7d5a85aa77a_page_0019,009ab62111533e1608fd1d36c955d7d5a85aa77a.pdf#page=19,underscore_index,pending_review
009ab62111533e1608fd1d36c955d7d5a85aa77a_20,009ab62111533e1608fd1d36c955d7d5a85aa77a_page_0020,009ab62111533e1608fd1d36c955d7d5a85aa77a.pdf#page=20,underscore_index,pending_review
009ab62111533e1608fd1d36c955d7d5a85aa77a_21,009ab62111533e1608fd1d36c955d7d5a85aa77a_page_0021,009ab62111533e1608fd1d36c955d7d5a85aa77a.pdf#page=21,underscore_index,pending_review
009ab62111533e1608fd1d36c955d7d5a85aa77a_22,009ab62111533e1608fd1d36c955d7d5a85aa77a_page_0022,009ab62111533e1608fd1d36c955d7d5a85aa77a.pdf#page=22,underscore_index,pending_review
009ab62111533e1608fd1d36c955d7d5a85aa77a_23,009ab62111533e1608fd1d36c955d7d5a85aa77a_page_0023,009ab62111533e1608fd1d36c955d7d5a85aa77a.pdf#page=23,underscore_index,pending_review
009e328fc7136f2a006b114ff3154d3eafd04ecb_1,009e328fc7136f2a006b114ff3154d3eafd04ecb_page_0001,009e328fc7136f2a006b114ff3154d3eafd04ecb.pdf#page=1,underscore_index,pending_review
009e328fc7136f2a006b114ff3154d3eafd04ecb_2,009e328fc7136f2a006b114ff3154d3eafd04ecb_page_0002,009e328fc7136f2a006b114ff3154d3eafd04ecb.pdf#page=2,underscore_index,pending_review
009e328fc7136f2a006b114ff3154d3eafd04ecb_3,009e328fc7136f2a006b114ff3154d3eafd04ecb_page_0003,009e328fc7136f2a006b114ff3154d3eafd04ecb.pdf#page=3,underscore_index,pending_review
009e328fc7136f2a006b114ff3154d3eafd04ecb_4,009e328fc7136f2a006b114ff3154d3eafd04ecb_page_0004,009e328fc7136f2a006b114ff3154d3eafd04ecb.pdf#page=4,underscore_index,pending_review
009e328fc7136f2a006b114ff3154d3eafd04ecb_5,009e328fc7136f2a006b114ff3154d3eafd04ecb_page_0005,009e328fc7136f2a006b114ff3154d3eafd04ecb.pdf#page=5,underscore_index,pending_review
009e328fc7136f2a006b114ff3154d3eafd04ecb_6,009e328fc7136f2a006b114ff3154d3eafd04ecb_page_0006,009e328fc7136f2a006b114ff3154d3eafd04ecb.pdf#page=6,underscore_index,pending_review
009e328fc7136f2a006b114ff3154d3eafd04ecb_7,009e328fc7136f2a006b114ff3154d3eafd04ecb_page_0007,009e328fc7136f2a006b114ff3154d3eafd04ecb.pdf#page=7,underscore_index,pending_review
009e328fc7136f2a006b114ff3154d3eafd04ecb_8,009e328fc7136f2a006b114ff3154d3eafd04ecb_page_0008,009e328fc7136f2a006b114ff3154d3eafd04ecb.pdf#page=8,underscore_index,pending_review
009e328fc7136f2a006b114ff3154d3eafd04ecb_9,009e328fc7136f2a006b114ff3154d3eafd04ecb_page_0009,009e328fc7136f2a006b114ff3154d3eafd04ecb.pdf#page=9,underscore_index,pending_review
009e328fc7136f2a006b114ff3154d3eafd04ecb_10,009e328fc7136f2a006b114ff3154d3eafd04ecb_page_0010,009e328fc7136f2a006b114ff3154d3eafd04ecb.pdf#page=10,underscore_index,pending_review
009e328fc7136f2a006b114ff3154d3eafd04ecb_11,009e328fc7136f2a006b114ff3154d3eafd04ecb_page_0011,009e328fc7136f2a006b114ff3154d3eafd04ecb.pdf#page=11,underscore_index,pending_review
009e328fc7136f2a006b114ff3154d3eafd04ecb_12,009e328fc7136f2a006b114ff3154d3eafd04ecb_page_0012,009e328fc7136f2a006b114ff3154d3eafd04ecb.pdf#page=12,underscore_index,pending_review
009e328fc7136f2a006b114ff3154d3eafd04ecb_13,009e328fc7136f2a006b114ff3154d3eafd04ecb_page_0013,009e328fc7136f2a006b114ff3154d3eafd04ecb.pdf#page=13,underscore_index,pending_review
009e328fc7136f2a006b114ff3154d3eafd04ecb_14,009e328fc7136f2a006b114ff3154d3eafd04ecb_page_0014,009e328fc7136f2a006b114ff3154d3eafd04ecb.pdf#page=14,underscore_index,pending_review
009e328fc7136f2a006b114ff3154d3eafd04ecb_15,009e328fc7136f2a006b114ff3154d3eafd04ecb_page_0015,009e328fc7136f2a006b114ff3154d3eafd04ecb.pdf#page=15,underscore_index,pending_review
009e328fc7136f2a006b114ff3154d3eafd04ecb_16,009e328fc7136f2a006b114ff3154d3eafd04ecb_page_0016,009e328fc7136f2a006b114ff3154d3eafd04ecb.pdf#page=16,underscore_index,pending_review
009e328fc7136f2a006b114ff3154d3eafd04ecb_17,009e328fc7136f2a006b114ff3154d3eafd04ecb_page_0017,009e328fc7136f2a006b114ff3154d3eafd04ecb.pdf#page=17,underscore_index,pending_review
009e328fc7136f2a006b114ff3154d3eafd04ecb_18,009e328fc7136f2a006b114ff3154d3eafd04ecb_page_0018,009e328fc7136f2a006b114ff3154d3eafd04ecb.pdf#page=18,underscore_index,pending_review
009e328fc7136f2a006b114ff3154d3eafd04ecb_19,009e328fc7136f2a006b114ff3154d3eafd04ecb_page_0019,009e328fc7136f2a006b114ff3154d3eafd04ecb.pdf#page=19,underscore_index,pending_review
009e328fc7136f2a006b114ff3154d3eafd04ecb_20,009e328fc7136f2a006b114ff3154d3eafd04ecb_page_0020,009e328fc7136f2a006b114ff3154d3eafd04ecb.pdf#page=20,underscore_index,pending_review
009e328fc7136f2a006b114ff3154d3eafd04ecb_21,009e328fc7136f2a006b114ff3154d3eafd04ecb_page_0021,009e328fc7136f2a006b114ff3154d3eafd04ecb.pdf#page=21,underscore_index,pending_review
009e328fc7136f2a006b114ff3154d3eafd04ecb_22,009e328fc7136f2a006b114ff3154d3eafd04ecb_page_0022,009e328fc7136f2a006b114ff3154d3eafd04ecb.pdf#page=22,underscore_index,pending_review
009e328fc7136f2a006b114ff3154d3eafd04ecb_23,009e328fc7136f2a006b114ff3154d3eafd04ecb_page_0023,009e328fc7136f2a006b114ff3154d3eafd04ecb.pdf#page=23,underscore_index,pending_review
009e328fc7136f2a006b114ff3154d3eafd04ecb_24,009e328fc7136f2a006b114ff3154d3eafd04ecb_page_0024,009e328fc7136f2a006b114ff3154d3eafd04ecb.pdf#page=24,underscore_index,pending_review
009fba61d172d2e380aa6271996751b3433cfdf6_1,009fba61d172d2e380aa6271996751b3433cfdf6_page_0001,009fba61d172d2e380aa6271996751b3433cfdf6.pdf#page=1,underscore_index,pending_review
009fba61d172d2e380aa6271996751b3433cfdf6_2,009fba61d172d2e380aa6271996751b3433cfdf6_page_0002,009fba61d172d2e380aa6271996751b3433cfdf6.pdf#page=2,underscore_index,pending_review
009fba61d172d2e380aa6271996751b3433cfdf6_3,009fba61d172d2e380aa6271996751b3433cfdf6_page_0003,009fba61d172d2e380aa6271996751b3433cfdf6.pdf#page=3,underscore_index,pending_review
009fba61d172d2e380aa6271996751b3433cfdf6_4,009fba61d172d2e380aa6271996751b3433cfdf6_page_0004,009fba61d172d2e380aa6271996751b3433cfdf6.pdf#page=4,underscore_index,pending_review
009fba61d172d2e380aa6271996751b3433cfdf6_5,009fba61d172d2e380aa6271996751b3433cfdf6_page_0005,009fba61d172d2e380aa6271996751b3433cfdf6.pdf#page=5,underscore_index,pending_review
009fba61d172d2e380aa6271996751b3433cfdf6_6,009fba61d172d2e380aa6271996751b3433cfdf6_page_0006,009fba61d172d2e380aa6271996751b3433cfdf6.pdf#page=6,underscore_index,pending_review
009fba61d172d2e380aa6271996751b3433cfdf6_7,009fba61d172d2e380aa6271996751b3433cfdf6_page_0007,009fba61d172d2e380aa6271996751b3433cfdf6.pdf#page=7,underscore_index,pending_review
009fba61d172d2e380aa6271996751b3433cfdf6_8,009fba61d172d2e380aa6271996751b3433cfdf6_page_0008,009fba61d172d2e380aa6271996751b3433cfdf6.pdf#page=8,underscore_index,pending_review
009fba61d172d2e380aa6271996751b3433cfdf6_9,009fba61d172d2e380aa6271996751b3433cfdf6_page_0009,009fba61d172d2e380aa6271996751b3433cfdf6.pdf#page=9,underscore_index,pending_review
009fba61d172d2e380aa6271996751b3433cfdf6_10,009fba61d172d2e380aa6271996751b3433cfdf6_page_0010,009fba61d172d2e380aa6271996751b3433cfdf6.pdf#page=10,underscore_index,pending_review
009fba61d172d2e380aa6271996751b3433cfdf6_11,009fba61d172d2e380aa6271996751b3433cfdf6_page_0011,009fba61d172d2e380aa6271996751b3433cfdf6.pdf#page=11,underscore_index,pending_review
009fba61d172d2e380aa6271996751b3433cfdf6_12,009fba61d172d2e380aa6271996751b3433cfdf6_page_0012,009fba61d172d2e380aa6271996751b3433cfdf6.pdf#page=12,underscore_index,pending_review
009fba61d172d2e380aa6271996751b3433cfdf6_13,009fba61d172d2e380aa6271996751b3433cfdf6_page_0013,009fba61d172d2e380aa6271996751b3433cfdf6.pdf#page=13,underscore_index,pending_review
009fba61d172d2e380aa6271996751b3433cfdf6_14,009fba61d172d2e380aa6271996751b3433cfdf6_page_0014,009fba61d172d2e380aa6271996751b3433cfdf6.pdf#page=14,underscore_index,pending_review
009fba61d172d2e380aa6271996751b3433cfdf6_15,009fba61d172d2e380aa6271996751b3433cfdf6_page_0015,009fba61d172d2e380aa6271996751b3433cfdf6.pdf#page=15,underscore_index,pending_review
009fba61d172d2e380aa6271996751b3433cfdf6_16,009fba61d172d2e380aa6271996751b3433cfdf6_page_0016,009fba61d172d2e380aa6271996751b3433cfdf6.pdf#page=16,underscore_index,pending_review
009fba61d172d2e380aa6271996751b3433cfdf6_17,009fba61d172d2e380aa6271996751b3433cfdf6_page_0017,009fba61d172d2e380aa6271996751b3433cfdf6.pdf#page=17,underscore_index,pending_review
00a1765f5fa2e5453d308132b37142e8f84ddd23_1,00a1765f5fa2e5453d308132b37142e8f84ddd23_page_0001,00a1765f5fa2e5453d308132b37142e8f84ddd23.pdf#page=1,underscore_index,pending_review
00a1765f5fa2e5453d308132b37142e8f84ddd23_2,00a1765f5fa2e5453d308132b37142e8f84ddd23_page_0002,00a1765f5fa2e5453d308132b37142e8f84ddd23.pdf#page=2,underscore_index,pending_review
00a1765f5fa2e5453d308132b37142e8f84ddd23_3,00a1765f5fa2e5453d308132b37142e8f84ddd23_page_0003,00a1765f5fa2e5453d308132b37142e8f84ddd23.pdf#page=3,underscore_index,pending_review
00a1765f5fa2e5453d308132b37142e8f84ddd23_4,00a1765f5fa2e5453d308132b37142e8f84ddd23_page_0004,00a1765f5fa2e5453d308132b37142e8f84ddd23.pdf#page=4,underscore_index,pending_review
00a1765f5fa2e5453d308132b37142e8f84ddd23_5,00a1765f5fa2e5453d308132b37142e8f84ddd23_page_0005,00a1765f5fa2e5453d308132b37142e8f84ddd23.pdf#page=5,underscore_index,pending_review
00a1765f5fa2e5453d308132b37142e8f84ddd23_6,00a1765f5fa2e5453d308132b37142e8f84ddd23_page_0006,00a1765f5fa2e5453d308132b37142e8f84ddd23.pdf#page=6,underscore_index,pending_review
00a1765f5fa2e5453d308132b37142e8f84ddd23_7,00a1765f5fa2e5453d308132b37142e8f84ddd23_page_0007,00a1765f5fa2e5453d308132b37142e8f84ddd23.pdf#page=7,underscore_index,pending_review
00a1765f5fa2e5453d308132b37142e8f84ddd23_8,00a1765f5fa2e5453d308132b37142e8f84ddd23_page_0008,00a1765f5fa2e5453d308132b37142e8f84ddd23.pdf#page=8,underscore_index,pending_review
00a1765f5fa2e5453d308132b37142e8f84ddd23_9,00a1765f5fa2e5453d308132b37142e8f84ddd23_page_0009,00a1765f5fa2e5453d308132b37142e8f84ddd23.pdf#page=9,underscore_index,pending_review
00a1765f5fa2e5453d308132b37142e8f84ddd23_10,00a1765f5fa2e5453d308132b37142e8f84ddd23_page_0010,00a1765f5fa2e5453d308132b37142e8f84ddd23.pdf#page=10,underscore_index,pending_review
00a1765f5fa2e5453d308132b37142e8f84ddd23_11,00a1765f5fa2e5453d308132b37142e8f84ddd23_page_0011,00a1765f5fa2e5453d308132b37142e8f84ddd23.pdf#page=11,underscore_index,pending_review
00a1765f5fa2e5453d308132b37142e8f84ddd23_12,00a1765f5fa2e5453d308132b37142e8f84ddd23_page_0012,00a1765f5fa2e5453d308132b37142e8f84ddd23.pdf#page=12,underscore_index,pending_review
00a1765f5fa2e5453d308132b37142e8f84ddd23_13,00a1765f5fa2e5453d308132b37142e8f84ddd23_page_0013,00a1765f5fa2e5453d308132b37142e8f84ddd23.pdf#page=13,underscore_index,pending_review
00a1765f5fa2e5453d308132b37142e8f84ddd23_14,00a1765f5fa2e5453d308132b37142e8f84ddd23_page_0014,00a1765f5fa2e5453d308132b37142e8f84ddd23.pdf#page=14,underscore_index,pending_review
00a1765f5fa2e5453d308132b37142e8f84ddd23_15,00a1765f5fa2e5453d308132b37142e8f84ddd23_page_0015,00a1765f5fa2e5453d308132b37142e8f84ddd23.pdf#page=15,underscore_index,pending_review
00a1765f5fa2e5453d308132b37142e8f84ddd23_16,00a1765f5fa2e5453d308132b37142e8f84ddd23_page_0016,00a1765f5fa2e5453d308132b37142e8f84ddd23.pdf#page=16,underscore_index,pending_review
00a1765f5fa2e5453d308132b37142e8f84ddd23_17,00a1765f5fa2e5453d308132b37142e8f84ddd23_page_0017,00a1765f5fa2e5453d308132b37142e8f84ddd23.pdf#page=17,underscore_index,pending_review
00a1765f5fa2e5453d308132b37142e8f84ddd23_18,00a1765f5fa2e5453d308132b37142e8f84ddd23_page_0018,00a1765f5fa2e5453d308132b37142e8f84ddd23.pdf#page=18,underscore_index,pending_review
00a1765f5fa2e5453d308132b37142e8f84ddd23_19,00a1765f5fa2e5453d308132b37142e8f84ddd23_page_0019,00a1765f5fa2e5453d308132b37142e8f84ddd23.pdf#page=19,underscore_index,pending_review
00a1765f5fa2e5453d308132b37142e8f84ddd23_20,00a1765f5fa2e5453d308132b37142e8f84ddd23_page_0020,00a1765f5fa2e5453d308132b37142e8f84ddd23.pdf#page=20,underscore_index,pending_review
00a76e3a9a36255616e2dc14a6eb5dde598b321f_1,00a76e3a9a36255616e2dc14a6eb5dde598b321f_page_0001,00a76e3a9a36255616e2dc14a6eb5dde598b321f.pdf#page=1,underscore_index,pending_review
00a76e3a9a36255616e2dc14a6eb5dde598b321f_2,00a76e3a9a36255616e2dc14a6eb5dde598b321f_page_0002,00a76e3a9a36255616e2dc14a6eb5dde598b321f.pdf#page=2,underscore_index,pending_review
00a76e3a9a36255616e2dc14a6eb5dde598b321f_3,00a76e3a9a36255616e2dc14a6eb5dde598b321f_page_0003,00a76e3a9a36255616e2dc14a6eb5dde598b321f.pdf#page=3,underscore_index,pending_review
00a76e3a9a36255616e2dc14a6eb5dde598b321f_4,00a76e3a9a36255616e2dc14a6eb5dde598b321f_page_0004,00a76e3a9a36255616e2dc14a6eb5dde598b321f.pdf#page=4,underscore_index,pending_review
00a76e3a9a36255616e2dc14a6eb5dde598b321f_5,00a76e3a9a36255616e2dc14a6eb5dde598b321f_page_0005,00a76e3a9a36255616e2dc14a6eb5dde598b321f.pdf#page=5,underscore_index,pending_review
00a76e3a9a36255616e2dc14a6eb5dde598b321f_6,00a76e3a9a36255616e2dc14a6eb5dde598b321f_page_0006,00a76e3a9a36255616e2dc14a6eb5dde598b321f.pdf#page=6,underscore_index,pending_review
00a76e3a9a36255616e2dc14a6eb5dde598b321f_7,00a76e3a9a36255616e2dc14a6eb5dde598b321f_page_0007,00a76e3a9a36255616e2dc14a6eb5dde598b321f.pdf#page=7,underscore_index,pending_review
00a76e3a9a36255616e2dc14a6eb5dde598b321f_8,00a76e3a9a36255616e2dc14a6eb5dde598b321f_page_0008,00a76e3a9a36255616e2dc14a6eb5dde598b321f.pdf#page=8,underscore_index,pending_review
00a76e3a9a36255616e2dc14a6eb5dde598b321f_9,00a76e3a9a36255616e2dc14a6eb5dde598b321f_page_0009,00a76e3a9a36255616e2dc14a6eb5dde598b321f.pdf#page=9,underscore_index,pending_review
00a76e3a9a36255616e2dc14a6eb5dde598b321f_10,00a76e3a9a36255616e2dc14a6eb5dde598b321f_page_0010,00a76e3a9a36255616e2dc14a6eb5dde598b321f.pdf#page=10,underscore_index,pending_review
00a76e3a9a36255616e2dc14a6eb5dde598b321f_11,00a76e3a9a36255616e2dc14a6eb5dde598b321f_page_0011,00a76e3a9a36255616e2dc14a6eb5dde598b321f.pdf#page=11,underscore_index,pending_review
00a76e3a9a36255616e2dc14a6eb5dde598b321f_12,00a76e3a9a36255616e2dc14a6eb5dde598b321f_page_0012,00a76e3a9a36255616e2dc14a6eb5dde598b321f.pdf#page=12,underscore_index,pending_review
00a76e3a9a36255616e2dc14a6eb5dde598b321f_13,00a76e3a9a36255616e2dc14a6eb5dde598b321f_page_0013,00a76e3a9a36255616e2dc14a6eb5dde598b321f.pdf#page=13,underscore_index,pending_review
00a76e3a9a36255616e2dc14a6eb5dde598b321f_14,00a76e3a9a36255616e2dc14a6eb5dde598b321f_page_0014,00a76e3a9a36255616e2dc14a6eb5dde598b321f.pdf#page=14,underscore_index,pending_review
00a76e3a9a36255616e2dc14a6eb5dde598b321f_15,00a76e3a9a36255616e2dc14a6eb5dde598b321f_page_0015,00a76e3a9a36255616e2dc14a6eb5dde598b321f.pdf#page=15,underscore_index,pending_review
00a76e3a9a36255616e2dc14a6eb5dde598b321f_16,00a76e3a9a36255616e2dc14a6eb5dde598b321f_page_0016,00a76e3a9a36255616e2dc14a6eb5dde598b321f.pdf#page=16,underscore_index,pending_review
00a76e3a9a36255616e2dc14a6eb5dde598b321f_17,00a76e3a9a36255616e2dc14a6eb5dde598b321f_page_0017,00a76e3a9a36255616e2dc14a6eb5dde598b321f.pdf#page=17,underscore_index,pending_review
00a76e3a9a36255616e2dc14a6eb5dde598b321f_18,00a76e3a9a36255616e2dc14a6eb5dde598b321f_page_0018,00a76e3a9a36255616e2dc14a6eb5dde598b321f.pdf#page=18,underscore_index,pending_review
00a76e3a9a36255616e2dc14a6eb5dde598b321f_19,00a76e3a9a36255616e2dc14a6eb5dde598b321f_page_0019,00a76e3a9a36255616e2dc14a6eb5dde598b321f.pdf#page=19,underscore_index,pending_review
00a76e3a9a36255616e2dc14a6eb5dde598b321f_20,00a76e3a9a36255616e2dc14a6eb5dde598b321f_page_0020,00a76e3a9a36255616e2dc14a6eb5dde598b321f.pdf#page=20,underscore_index,pending_review
00a76e3a9a36255616e2dc14a6eb5dde598b321f_21,00a76e3a9a36255616e2dc14a6eb5dde598b321f_page_0021,00a76e3a9a36255616e2dc14a6eb5dde598b321f.pdf#page=21,underscore_index,pending_review
00a76e3a9a36255616e2dc14a6eb5dde598b321f_22,00a76e3a9a36255616e2dc14a6eb5dde598b321f_page_0022,00a76e3a9a36255616e2dc14a6eb5dde598b321f.pdf#page=22,underscore_index,pending_review
00a76e3a9a36255616e2dc14a6eb5dde598b321f_23,00a76e3a9a36255616e2dc14a6eb5dde598b321f_page_0023,00a76e3a9a36255616e2dc14a6eb5dde598b321f.pdf#page=23,underscore_index,pending_review
00b713b0c29bb3c2332acc9720ee82084e6d2223_1,00b713b0c29bb3c2332acc9720ee82084e6d2223_page_0001,00b713b0c29bb3c2332acc9720ee82084e6d2223.pdf#page=1,underscore_index,pending_review
00b713b0c29bb3c2332acc9720ee82084e6d2223_2,00b713b0c29bb3c2332acc9720ee82084e6d2223_page_0002,00b713b0c29bb3c2332acc9720ee82084e6d2223.pdf#page=2,underscore_index,pending_review
00b713b0c29bb3c2332acc9720ee82084e6d2223_3,00b713b0c29bb3c2332acc9720ee82084e6d2223_page_0003,00b713b0c29bb3c2332acc9720ee82084e6d2223.pdf#page=3,underscore_index,pending_review
00b713b0c29bb3c2332acc9720ee82084e6d2223_4,00b713b0c29bb3c2332acc9720ee82084e6d2223_page_0004,00b713b0c29bb3c2332acc9720ee82084e6d2223.pdf#page=4,underscore_index,pending_review
00b713b0c29bb3c2332acc9720ee82084e6d2223_5,00b713b0c29bb3c2332acc9720ee82084e6d2223_page_0005,00b713b0c29bb3c2332acc9720ee82084e6d2223.pdf#page=5,underscore_index,pending_review
00b713b0c29bb3c2332acc9720ee82084e6d2223_6,00b713b0c29bb3c2332acc9720ee82084e6d2223_page_0006,00b713b0c29bb3c2332acc9720ee82084e6d2223.pdf#page=6,underscore_index,pending_review
00b713b0c29bb3c2332acc9720ee82084e6d2223_7,00b713b0c29bb3c2332acc9720ee82084e6d2223_page_0007,00b713b0c29bb3c2332acc9720ee82084e6d2223.pdf#page=7,underscore_index,pending_review
00b713b0c29bb3c2332acc9720ee82084e6d2223_8,00b713b0c29bb3c2332acc9720ee82084e6d2223_page_0008,00b713b0c29bb3c2332acc9720ee82084e6d2223.pdf#page=8,underscore_index,pending_review
00b713b0c29bb3c2332acc9720ee82084e6d2223_9,00b713b0c29bb3c2332acc9720ee82084e6d2223_page_0009,00b713b0c29bb3c2332acc9720ee82084e6d2223.pdf#page=9,underscore_index,pending_review
00b713b0c29bb3c2332acc9720ee82084e6d2223_10,00b713b0c29bb3c2332acc9720ee82084e6d2223_page_0010,00b713b0c29bb3c2332acc9720ee82084e6d2223.pdf#page=10,underscore_index,pending_review
00b713b0c29bb3c2332acc9720ee82084e6d2223_11,00b713b0c29bb3c2332acc9720ee82084e6d2223_page_0011,00b713b0c29bb3c2332acc9720ee82084e6d2223.pdf#page=11,underscore_index,pending_review
00b713b0c29bb3c2332acc9720ee82084e6d2223_12,00b713b0c29bb3c2332acc9720ee82084e6d2223_page_0012,00b713b0c29bb3c2332acc9720ee82084e6d2223.pdf#page=12,underscore_index,pending_review
00c9161083ca956372a7548e69650556a8c7f358_1,00c9161083ca956372a7548e69650556a8c7f358_page_0001,00c9161083ca956372a7548e69650556a8c7f358.pdf#page=1,underscore_index,pending_review
00c9161083ca956372a7548e69650556a8c7f358_2,00c9161083ca956372a7548e69650556a8c7f358_page_0002,00c9161083ca956372a7548e69650556a8c7f358.pdf#page=2,underscore_index,pending_review
00c9161083ca956372a7548e69650556a8c7f358_3,00c9161083ca956372a7548e69650556a8c7f358_page_0003,00c9161083ca956372a7548e69650556a8c7f358.pdf#page=3,underscore_index,pending_review
00c9161083ca956372a7548e69650556a8c7f358_4,00c9161083ca956372a7548e69650556a8c7f358_page_0004,00c9161083ca956372a7548e69650556a8c7f358.pdf#page=4,underscore_index,pending_review
00c9161083ca956372a7548e69650556a8c7f358_5,00c9161083ca956372a7548e69650556a8c7f358_page_0005,00c9161083ca956372a7548e69650556a8c7f358.pdf#page=5,underscore_index,pending_review
00c9161083ca956372a7548e69650556a8c7f358_6,00c9161083ca956372a7548e69650556a8c7f358_page_0006,00c9161083ca956372a7548e69650556a8c7f358.pdf#page=6,underscore_index,pending_review
00c9161083ca956372a7548e69650556a8c7f358_7,00c9161083ca956372a7548e69650556a8c7f358_page_0007,00c9161083ca956372a7548e69650556a8c7f358.pdf#page=7,underscore_index,pending_review
00c9161083ca956372a7548e69650556a8c7f358_8,00c9161083ca956372a7548e69650556a8c7f358_page_0008,00c9161083ca956372a7548e69650556a8c7f358.pdf#page=8,underscore_index,pending_review
00c9161083ca956372a7548e69650556a8c7f358_9,00c9161083ca956372a7548e69650556a8c7f358_page_0009,00c9161083ca956372a7548e69650556a8c7f358.pdf#page=9,underscore_index,pending_review
00c9161083ca956372a7548e69650556a8c7f358_10,00c9161083ca956372a7548e69650556a8c7f358_page_0010,00c9161083ca956372a7548e69650556a8c7f358.pdf#page=10,underscore_index,pending_review
00c9161083ca956372a7548e69650556a8c7f358_11,00c9161083ca956372a7548e69650556a8c7f358_page_0011,00c9161083ca956372a7548e69650556a8c7f358.pdf#page=11,underscore_index,pending_review
00c9161083ca956372a7548e69650556a8c7f358_12,00c9161083ca956372a7548e69650556a8c7f358_page_0012,00c9161083ca956372a7548e69650556a8c7f358.pdf#page=12,underscore_index,pending_review
00c9161083ca956372a7548e69650556a8c7f358_13,00c9161083ca956372a7548e69650556a8c7f358_page_0013,00c9161083ca956372a7548e69650556a8c7f358.pdf#page=13,underscore_index,pending_review
00c9161083ca956372a7548e69650556a8c7f358_14,00c9161083ca956372a7548e69650556a8c7f358_page_0014,00c9161083ca956372a7548e69650556a8c7f358.pdf#page=14,underscore_index,pending_review
00c9161083ca956372a7548e69650556a8c7f358_15,00c9161083ca956372a7548e69650556a8c7f358_page_0015,00c9161083ca956372a7548e69650556a8c7f358.pdf#page=15,underscore_index,pending_review
00c9161083ca956372a7548e69650556a8c7f358_16,00c9161083ca956372a7548e69650556a8c7f358_page_0016,00c9161083ca956372a7548e69650556a8c7f358.pdf#page=16,underscore_index,pending_review
00c9161083ca956372a7548e69650556a8c7f358_17,00c9161083ca956372a7548e69650556a8c7f358_page_0017,00c9161083ca956372a7548e69650556a8c7f358.pdf#page=17,underscore_index,pending_review
00c9161083ca956372a7548e69650556a8c7f358_18,00c9161083ca956372a7548e69650556a8c7f358_page_0018,00c9161083ca956372a7548e69650556a8c7f358.pdf#page=18,underscore_index,pending_review
00c9161083ca956372a7548e69650556a8c7f358_19,00c9161083ca956372a7548e69650556a8c7f358_page_0019,00c9161083ca956372a7548e69650556a8c7f358.pdf#page=19,underscore_index,pending_review
00c9161083ca956372a7548e69650556a8c7f358_20,00c9161083ca956372a7548e69650556a8c7f358_page_0020,00c9161083ca956372a7548e69650556a8c7f358.pdf#page=20,underscore_index,pending_review
00c9161083ca956372a7548e69650556a8c7f358_21,00c9161083ca956372a7548e69650556a8c7f358_page_0021,00c9161083ca956372a7548e69650556a8c7f358.pdf#page=21,underscore_index,pending_review
00c9161083ca956372a7548e69650556a8c7f358_22,00c9161083ca956372a7548e69650556a8c7f358_page_0022,00c9161083ca956372a7548e69650556a8c7f358.pdf#page=22,underscore_index,pending_review
00d3101e767726159003a7e4aa9e34ed7811ac4d_1,00d3101e767726159003a7e4aa9e34ed7811ac4d_page_0001,00d3101e767726159003a7e4aa9e34ed7811ac4d.pdf#page=1,underscore_index,pending_review
00d3101e767726159003a7e4aa9e34ed7811ac4d_2,00d3101e767726159003a7e4aa9e34ed7811ac4d_page_0002,00d3101e767726159003a7e4aa9e34ed7811ac4d.pdf#page=2,underscore_index,pending_review
00d3101e767726159003a7e4aa9e34ed7811ac4d_3,00d3101e767726159003a7e4aa9e34ed7811ac4d_page_0003,00d3101e767726159003a7e4aa9e34ed7811ac4d.pdf#page=3,underscore_index,pending_review
00d3101e767726159003a7e4aa9e34ed7811ac4d_4,00d3101e767726159003a7e4aa9e34ed7811ac4d_page_0004,00d3101e767726159003a7e4aa9e34ed7811ac4d.pdf#page=4,underscore_index,pending_review
00d3101e767726159003a7e4aa9e34ed7811ac4d_5,00d3101e767726159003a7e4aa9e34ed7811ac4d_page_0005,00d3101e767726159003a7e4aa9e34ed7811ac4d.pdf#page=5,underscore_index,pending_review
00d3101e767726159003a7e4aa9e34ed7811ac4d_6,00d3101e767726159003a7e4aa9e34ed7811ac4d_page_0006,00d3101e767726159003a7e4aa9e34ed7811ac4d.pdf#page=6,underscore_index,pending_review
00d3101e767726159003a7e4aa9e34ed7811ac4d_7,00d3101e767726159003a7e4aa9e34ed7811ac4d_page_0007,00d3101e767726159003a7e4aa9e34ed7811ac4d.pdf#page=7,underscore_index,pending_review
00d3101e767726159003a7e4aa9e34ed7811ac4d_8,00d3101e767726159003a7e4aa9e34ed7811ac4d_page_0008,00d3101e767726159003a7e4aa9e34ed7811ac4d.pdf#page=8,underscore_index,pending_review
00d3101e767726159003a7e4aa9e34ed7811ac4d_9,00d3101e767726159003a7e4aa9e34ed7811ac4d_page_0009,00d3101e767726159003a7e4aa9e34ed7811ac4d.pdf#page=9,underscore_index,pending_review
00d3101e767726159003a7e4aa9e34ed7811ac4d_10,00d3101e767726159003a7e4aa9e34ed7811ac4d_page_0010,00d3101e767726159003a7e4aa9e34ed7811ac4d.pdf#page=10,underscore_index,pending_review
00d3101e767726159003a7e4aa9e34ed7811ac4d_11,00d3101e767726159003a7e4aa9e34ed7811ac4d_page_0011,00d3101e767726159003a7e4aa9e34ed7811ac4d.pdf#page=11,underscore_index,pending_review
00d3101e767726159003a7e4aa9e34ed7811ac4d_12,00d3101e767726159003a7e4aa9e34ed7811ac4d_page_0012,00d3101e767726159003a7e4aa9e34ed7811ac4d.pdf#page=12,underscore_index,pending_review
00d3101e767726159003a7e4aa9e34ed7811ac4d_13,00d3101e767726159003a7e4aa9e34ed7811ac4d_page_0013,00d3101e767726159003a7e4aa9e34ed7811ac4d.pdf#page=13,underscore_index,pending_review
00d3101e767726159003a7e4aa9e34ed7811ac4d_14,00d3101e767726159003a7e4aa9e34ed7811ac4d_page_0014,00d3101e767726159003a7e4aa9e34ed7811ac4d.pdf#page=14,underscore_index,pending_review
00d3101e767726159003a7e4aa9e34ed7811ac4d_15,00d3101e767726159003a7e4aa9e34ed7811ac4d_page_0015,00d3101e767726159003a7e4aa9e34ed7811ac4d.pdf#page=15,underscore_index,pending_review
00d3101e767726159003a7e4aa9e34ed7811ac4d_16,00d3101e767726159003a7e4aa9e34ed7811ac4d_page_0016,00d3101e767726159003a7e4aa9e34ed7811ac4d.pdf#page=16,underscore_index,pending_review
00d3101e767726159003a7e4aa9e34ed7811ac4d_17,00d3101e767726159003a7e4aa9e34ed7811ac4d_page_0017,00d3101e767726159003a7e4aa9e34ed7811ac4d.pdf#page=17,underscore_index,pending_review
00d3101e767726159003a7e4aa9e34ed7811ac4d_18,00d3101e767726159003a7e4aa9e34ed7811ac4d_page_0018,00d3101e767726159003a7e4aa9e34ed7811ac4d.pdf#page=18,underscore_index,pending_review
00d3101e767726159003a7e4aa9e34ed7811ac4d_19,00d3101e767726159003a7e4aa9e34ed7811ac4d_page_0019,00d3101e767726159003a7e4aa9e34ed7811ac4d.pdf#page=19,underscore_index,pending_review
00d651c402c11a65c94ff362c3cc6f116e1408d0_1,00d651c402c11a65c94ff362c3cc6f116e1408d0_page_0001,00d651c402c11a65c94ff362c3cc6f116e1408d0.pdf#page=1,underscore_index,pending_review
00d651c402c11a65c94ff362c3cc6f116e1408d0_2,00d651c402c11a65c94ff362c3cc6f116e1408d0_page_0002,00d651c402c11a65c94ff362c3cc6f116e1408d0.pdf#page=2,underscore_index,pending_review
00d651c402c11a65c94ff362c3cc6f116e1408d0_3,00d651c402c11a65c94ff362c3cc6f116e1408d0_page_0003,00d651c402c11a65c94ff362c3cc6f116e1408d0.pdf#page=3,underscore_index,pending_review
00d651c402c11a65c94ff362c3cc6f116e1408d0_4,00d651c402c11a65c94ff362c3cc6f116e1408d0_page_0004,00d651c402c11a65c94ff362c3cc6f116e1408d0.pdf#page=4,underscore_index,pending_review
00d651c402c11a65c94ff362c3cc6f116e1408d0_5,00d651c402c11a65c94ff362c3cc6f116e1408d0_page_0005,00d651c402c11a65c94ff362c3cc6f116e1408d0.pdf#page=5,underscore_index,pending_review
00d651c402c11a65c94ff362c3cc6f116e1408d0_6,00d651c402c11a65c94ff362c3cc6f116e1408d0_page_0006,00d651c402c11a65c94ff362c3cc6f116e1408d0.pdf#page=6,underscore_index,pending_review
00d651c402c11a65c94ff362c3cc6f116e1408d0_7,00d651c402c11a65c94ff362c3cc6f116e1408d0_page_0007,00d651c402c11a65c94ff362c3cc6f116e1408d0.pdf#page=7,underscore_index,pending_review
00d651c402c11a65c94ff362c3cc6f116e1408d0_8,00d651c402c11a65c94ff362c3cc6f116e1408d0_page_0008,00d651c402c11a65c94ff362c3cc6f116e1408d0.pdf#page=8,underscore_index,pending_review
00d651c402c11a65c94ff362c3cc6f116e1408d0_9,00d651c402c11a65c94ff362c3cc6f116e1408d0_page_0009,00d651c402c11a65c94ff362c3cc6f116e1408d0.pdf#page=9,underscore_index,pending_review
00d651c402c11a65c94ff362c3cc6f116e1408d0_10,00d651c402c11a65c94ff362c3cc6f116e1408d0_page_0010,00d651c402c11a65c94ff362c3cc6f116e1408d0.pdf#page=10,underscore_index,pending_review
00d651c402c11a65c94ff362c3cc6f116e1408d0_11,00d651c402c11a65c94ff362c3cc6f116e1408d0_page_0011,00d651c402c11a65c94ff362c3cc6f116e1408d0.pdf#page=11,underscore_index,pending_review
00d651c402c11a65c94ff362c3cc6f116e1408d0_12,00d651c402c11a65c94ff362c3cc6f116e1408d0_page_0012,00d651c402c11a65c94ff362c3cc6f116e1408d0.pdf#page=12,underscore_index,pending_review
00d651c402c11a65c94ff362c3cc6f116e1408d0_13,00d651c402c11a65c94ff362c3cc6f116e1408d0_page_0013,00d651c402c11a65c94ff362c3cc6f116e1408d0.pdf#page=13,underscore_index,pending_review
00d651c402c11a65c94ff362c3cc6f116e1408d0_14,00d651c402c11a65c94ff362c3cc6f116e1408d0_page_0014,00d651c402c11a65c94ff362c3cc6f116e1408d0.pdf#page=14,underscore_index,pending_review
00d8d22ded241c20c75d49578359057cd25739d1_1,00d8d22ded241c20c75d49578359057cd25739d1_page_0001,00d8d22ded241c20c75d49578359057cd25739d1.pdf#page=1,underscore_index,pending_review
00d8d22ded241c20c75d49578359057cd25739d1_2,00d8d22ded241c20c75d49578359057cd25739d1_page_0002,00d8d22ded241c20c75d49578359057cd25739d1.pdf#page=2,underscore_index,pending_review
00d8d22ded241c20c75d49578359057cd25739d1_3,00d8d22ded241c20c75d49578359057cd25739d1_page_0003,00d8d22ded241c20c75d49578359057cd25739d1.pdf#page=3,underscore_index,pending_review
00d8d22ded241c20c75d49578359057cd25739d1_4,00d8d22ded241c20c75d49578359057cd25739d1_page_0004,00d8d22ded241c20c75d49578359057cd25739d1.pdf#page=4,underscore_index,pending_review
00d8d22ded241c20c75d49578359057cd25739d1_5,00d8d22ded241c20c75d49578359057cd25739d1_page_0005,00d8d22ded241c20c75d49578359057cd25739d1.pdf#page=5,underscore_index,pending_review
00d8d22ded241c20c75d49578359057cd25739d1_6,00d8d22ded241c20c75d49578359057cd25739d1_page_0006,00d8d22ded241c20c75d49578359057cd25739d1.pdf#page=6,underscore_index,pending_review
00d8d22ded241c20c75d49578359057cd25739d1_7,00d8d22ded241c20c75d49578359057cd25739d1_page_0007,00d8d22ded241c20c75d49578359057cd25739d1.pdf#page=7,underscore_index,pending_review
00d8d22ded241c20c75d49578359057cd25739d1_8,00d8d22ded241c20c75d49578359057cd25739d1_page_0008,00d8d22ded241c20c75d49578359057cd25739d1.pdf#page=8,underscore_index,pending_review
00d8d22ded241c20c75d49578359057cd25739d1_9,00d8d22ded241c20c75d49578359057cd25739d1_page_0009,00d8d22ded241c20c75d49578359057cd25739d1.pdf#page=9,underscore_index,pending_review
00d8d22ded241c20c75d49578359057cd25739d1_10,00d8d22ded241c20c75d49578359057cd25739d1_page_0010,00d8d22ded241c20c75d49578359057cd25739d1.pdf#page=10,underscore_index,pending_review
00d8d22ded241c20c75d49578359057cd25739d1_11,00d8d22ded241c20c75d49578359057cd25739d1_page_0011,00d8d22ded241c20c75d49578359057cd25739d1.pdf#page=11,underscore_index,pending_review
00d8d22ded241c20c75d49578359057cd25739d1_12,00d8d22ded241c20c75d49578359057cd25739d1_page_0012,00d8d22ded241c20c75d49578359057cd25739d1.pdf#page=12,underscore_index,pending_review
00d8d22ded241c20c75d49578359057cd25739d1_13,00d8d22ded241c20c75d49578359057cd25739d1_page_0013,00d8d22ded241c20c75d49578359057cd25739d1.pdf#page=13,underscore_index,pending_review
00d8d22ded241c20c75d49578359057cd25739d1_14,00d8d22ded241c20c75d49578359057cd25739d1_page_0014,00d8d22ded241c20c75d49578359057cd25739d1.pdf#page=14,underscore_index,pending_review
00d8d22ded241c20c75d49578359057cd25739d1_15,00d8d22ded241c20c75d49578359057cd25739d1_page_0015,00d8d22ded241c20c75d49578359057cd25739d1.pdf#page=15,underscore_index,pending_review
00d8d22ded241c20c75d49578359057cd25739d1_16,00d8d22ded241c20c75d49578359057cd25739d1_page_0016,00d8d22ded241c20c75d49578359057cd25739d1.pdf#page=16,underscore_index,pending_review
00d8d22ded241c20c75d49578359057cd25739d1_17,00d8d22ded241c20c75d49578359057cd25739d1_page_0017,00d8d22ded241c20c75d49578359057cd25739d1.pdf#page=17,underscore_index,pending_review
00d8d22ded241c20c75d49578359057cd25739d1_18,00d8d22ded241c20c75d49578359057cd25739d1_page_0018,00d8d22ded241c20c75d49578359057cd25739d1.pdf#page=18,underscore_index,pending_review
00d8d22ded241c20c75d49578359057cd25739d1_19,00d8d22ded241c20c75d49578359057cd25739d1_page_0019,00d8d22ded241c20c75d49578359057cd25739d1.pdf#page=19,underscore_index,pending_review
00d8d22ded241c20c75d49578359057cd25739d1_20,00d8d22ded241c20c75d49578359057cd25739d1_page_0020,00d8d22ded241c20c75d49578359057cd25739d1.pdf#page=20,underscore_index,pending_review
00d8d22ded241c20c75d49578359057cd25739d1_21,00d8d22ded241c20c75d49578359057cd25739d1_page_0021,00d8d22ded241c20c75d49578359057cd25739d1.pdf#page=21,underscore_index,pending_review
00d8d22ded241c20c75d49578359057cd25739d1_22,00d8d22ded241c20c75d49578359057cd25739d1_page_0022,00d8d22ded241c20c75d49578359057cd25739d1.pdf#page=22,underscore_index,pending_review
00d8d22ded241c20c75d49578359057cd25739d1_23,00d8d22ded241c20c75d49578359057cd25739d1_page_0023,00d8d22ded241c20c75d49578359057cd25739d1.pdf#page=23,underscore_index,pending_review
00e3465b452fe1a062568e4c6df56d4b25091e4a_1,00e3465b452fe1a062568e4c6df56d4b25091e4a_page_0001,00e3465b452fe1a062568e4c6df56d4b25091e4a.pdf#page=1,underscore_index,pending_review
00e3465b452fe1a062568e4c6df56d4b25091e4a_2,00e3465b452fe1a062568e4c6df56d4b25091e4a_page_0002,00e3465b452fe1a062568e4c6df56d4b25091e4a.pdf#page=2,underscore_index,pending_review
00e3465b452fe1a062568e4c6df56d4b25091e4a_3,00e3465b452fe1a062568e4c6df56d4b25091e4a_page_0003,00e3465b452fe1a062568e4c6df56d4b25091e4a.pdf#page=3,underscore_index,pending_review
00e3465b452fe1a062568e4c6df56d4b25091e4a_4,00e3465b452fe1a062568e4c6df56d4b25091e4a_page_0004,00e3465b452fe1a062568e4c6df56d4b25091e4a.pdf#page=4,underscore_index,pending_review
00e3465b452fe1a062568e4c6df56d4b25091e4a_5,00e3465b452fe1a062568e4c6df56d4b25091e4a_page_0005,00e3465b452fe1a062568e4c6df56d4b25091e4a.pdf#page=5,underscore_index,pending_review
00e3465b452fe1a062568e4c6df56d4b25091e4a_6,00e3465b452fe1a062568e4c6df56d4b25091e4a_page_0006,00e3465b452fe1a062568e4c6df56d4b25091e4a.pdf#page=6,underscore_index,pending_review
00e3465b452fe1a062568e4c6df56d4b25091e4a_7,00e3465b452fe1a062568e4c6df56d4b25091e4a_page_0007,00e3465b452fe1a062568e4c6df56d4b25091e4a.pdf#page=7,underscore_index,pending_review
00e3465b452fe1a062568e4c6df56d4b25091e4a_8,00e3465b452fe1a062568e4c6df56d4b25091e4a_page_0008,00e3465b452fe1a062568e4c6df56d4b25091e4a.pdf#page=8,underscore_index,pending_review
00e3465b452fe1a062568e4c6df56d4b25091e4a_9,00e3465b452fe1a062568e4c6df56d4b25091e4a_page_0009,00e3465b452fe1a062568e4c6df56d4b25091e4a.pdf#page=9,underscore_index,pending_review
00e3465b452fe1a062568e4c6df56d4b25091e4a_10,00e3465b452fe1a062568e4c6df56d4b25091e4a_page_0010,00e3465b452fe1a062568e4c6df56d4b25091e4a.pdf#page=10,underscore_index,pending_review
00e3465b452fe1a062568e4c6df56d4b25091e4a_11,00e3465b452fe1a062568e4c6df56d4b25091e4a_page_0011,00e3465b452fe1a062568e4c6df56d4b25091e4a.pdf#page=11,underscore_index,pending_review
00e3465b452fe1a062568e4c6df56d4b25091e4a_12,00e3465b452fe1a062568e4c6df56d4b25091e4a_page_0012,00e3465b452fe1a062568e4c6df56d4b25091e4a.pdf#page=12,underscore_index,pending_review
00e3465b452fe1a062568e4c6df56d4b25091e4a_13,00e3465b452fe1a062568e4c6df56d4b25091e4a_page_0013,00e3465b452fe1a062568e4c6df56d4b25091e4a.pdf#page=13,underscore_index,pending_review
00e957f8d92df41cce41fa6f0860beeb63a2bc0d_1,00e957f8d92df41cce41fa6f0860beeb63a2bc0d_page_0001,00e957f8d92df41cce41fa6f0860beeb63a2bc0d.pdf#page=1,underscore_index,pending_review
00e957f8d92df41cce41fa6f0860beeb63a2bc0d_2,00e957f8d92df41cce41fa6f0860beeb63a2bc0d_page_0002,00e957f8d92df41cce41fa6f0860beeb63a2bc0d.pdf#page=2,underscore_index,pending_review
00e957f8d92df41cce41fa6f0860beeb63a2bc0d_3,00e957f8d92df41cce41fa6f0860beeb63a2bc0d_page_0003,00e957f8d92df41cce41fa6f0860beeb63a2bc0d.pdf#page=3,underscore_index,pending_review
00e957f8d92df41cce41fa6f0860beeb63a2bc0d_4,00e957f8d92df41cce41fa6f0860beeb63a2bc0d_page_0004,00e957f8d92df41cce41fa6f0860beeb63a2bc0d.pdf#page=4,underscore_index,pending_review
00e957f8d92df41cce41fa6f0860beeb63a2bc0d_5,00e957f8d92df41cce41fa6f0860beeb63a2bc0d_page_0005,00e957f8d92df41cce41fa6f0860beeb63a2bc0d.pdf#page=5,underscore_index,pending_review
00e957f8d92df41cce41fa6f0860beeb63a2bc0d_6,00e957f8d92df41cce41fa6f0860beeb63a2bc0d_page_0006,00e957f8d92df41cce41fa6f0860beeb63a2bc0d.pdf#page=6,underscore_index,pending_review
00e957f8d92df41cce41fa6f0860beeb63a2bc0d_7,00e957f8d92df41cce41fa6f0860beeb63a2bc0d_page_0007,00e957f8d92df41cce41fa6f0860beeb63a2bc0d.pdf#page=7,underscore_index,pending_review
00e957f8d92df41cce41fa6f0860beeb63a2bc0d_8,00e957f8d92df41cce41fa6f0860beeb63a2bc0d_page_0008,00e957f8d92df41cce41fa6f0860beeb63a2bc0d.pdf#page=8,underscore_index,pending_review
00e957f8d92df41cce41fa6f0860beeb63a2bc0d_9,00e957f8d92df41cce41fa6f0860beeb63a2bc0d_page_0009,00e957f8d92df41cce41fa6f0860beeb63a2bc0d.pdf#page=9,underscore_index,pending_review
00e957f8d92df41cce41fa6f0860beeb63a2bc0d_10,00e957f8d92df41cce41fa6f0860beeb63a2bc0d_page_0010,00e957f8d92df41cce41fa6f0860beeb63a2bc0d.pdf#page=10,underscore_index,pending_review
00e957f8d92df41cce41fa6f0860beeb63a2bc0d_11,00e957f8d92df41cce41fa6f0860beeb63a2bc0d_page_0011,00e957f8d92df41cce41fa6f0860beeb63a2bc0d.pdf#page=11,underscore_index,pending_review
00e957f8d92df41cce41fa6f0860beeb63a2bc0d_12,00e957f8d92df41cce41fa6f0860beeb63a2bc0d_page_0012,00e957f8d92df41cce41fa6f0860beeb63a2bc0d.pdf#page=12,underscore_index,pending_review
00e957f8d92df41cce41fa6f0860beeb63a2bc0d_13,00e957f8d92df41cce41fa6f0860beeb63a2bc0d_page_0013,00e957f8d92df41cce41fa6f0860beeb63a2bc0d.pdf#page=13,underscore_index,pending_review
00eaa8398ef80dca6f36488467acf600d01f8a98_1,00eaa8398ef80dca6f36488467acf600d01f8a98_page_0001,00eaa8398ef80dca6f36488467acf600d01f8a98.pdf#page=1,underscore_index,pending_review
00eaa8398ef80dca6f36488467acf600d01f8a98_2,00eaa8398ef80dca6f36488467acf600d01f8a98_page_0002,00eaa8398ef80dca6f36488467acf600d01f8a98.pdf#page=2,underscore_index,pending_review
00eaa8398ef80dca6f36488467acf600d01f8a98_3,00eaa8398ef80dca6f36488467acf600d01f8a98_page_0003,00eaa8398ef80dca6f36488467acf600d01f8a98.pdf#page=3,underscore_index,pending_review
00eaa8398ef80dca6f36488467acf600d01f8a98_4,00eaa8398ef80dca6f36488467acf600d01f8a98_page_0004,00eaa8398ef80dca6f36488467acf600d01f8a98.pdf#page=4,underscore_index,pending_review
00eaa8398ef80dca6f36488467acf600d01f8a98_5,00eaa8398ef80dca6f36488467acf600d01f8a98_page_0005,00eaa8398ef80dca6f36488467acf600d01f8a98.pdf#page=5,underscore_index,pending_review
00eaa8398ef80dca6f36488467acf600d01f8a98_6,00eaa8398ef80dca6f36488467acf600d01f8a98_page_0006,00eaa8398ef80dca6f36488467acf600d01f8a98.pdf#page=6,underscore_index,pending_review
00eaa8398ef80dca6f36488467acf600d01f8a98_7,00eaa8398ef80dca6f36488467acf600d01f8a98_page_0007,00eaa8398ef80dca6f36488467acf600d01f8a98.pdf#page=7,underscore_index,pending_review
00eaa8398ef80dca6f36488467acf600d01f8a98_8,00eaa8398ef80dca6f36488467acf600d01f8a98_page_0008,00eaa8398ef80dca6f36488467acf600d01f8a98.pdf#page=8,underscore_index,pending_review
00eaa8398ef80dca6f36488467acf600d01f8a98_9,00eaa8398ef80dca6f36488467acf600d01f8a98_page_0009,00eaa8398ef80dca6f36488467acf600d01f8a98.pdf#page=9,underscore_index,pending_review
00eaa8398ef80dca6f36488467acf600d01f8a98_10,00eaa8398ef80dca6f36488467acf600d01f8a98_page_0010,00eaa8398ef80dca6f36488467acf600d01f8a98.pdf#page=10,underscore_index,pending_review
00eaa8398ef80dca6f36488467acf600d01f8a98_11,00eaa8398ef80dca6f36488467acf600d01f8a98_page_0011,00eaa8398ef80dca6f36488467acf600d01f8a98.pdf#page=11,underscore_index,pending_review
00eaa8398ef80dca6f36488467acf600d01f8a98_12,00eaa8398ef80dca6f36488467acf600d01f8a98_page_0012,00eaa8398ef80dca6f36488467acf600d01f8a98.pdf#page=12,underscore_index,pending_review
00eaa8398ef80dca6f36488467acf600d01f8a98_13,00eaa8398ef80dca6f36488467acf600d01f8a98_page_0013,00eaa8398ef80dca6f36488467acf600d01f8a98.pdf#page=13,underscore_index,pending_review
00eaa8398ef80dca6f36488467acf600d01f8a98_14,00eaa8398ef80dca6f36488467acf600d01f8a98_page_0014,00eaa8398ef80dca6f36488467acf600d01f8a98.pdf#page=14,underscore_index,pending_review
00eaa8398ef80dca6f36488467acf600d01f8a98_15,00eaa8398ef80dca6f36488467acf600d01f8a98_page_0015,00eaa8398ef80dca6f36488467acf600d01f8a98.pdf#page=15,underscore_index,pending_review
00eaa8398ef80dca6f36488467acf600d01f8a98_16,00eaa8398ef80dca6f36488467acf600d01f8a98_page_0016,00eaa8398ef80dca6f36488467acf600d01f8a98.pdf#page=16,underscore_index,pending_review
00eaa8398ef80dca6f36488467acf600d01f8a98_17,00eaa8398ef80dca6f36488467acf600d01f8a98_page_0017,00eaa8398ef80dca6f36488467acf600d01f8a98.pdf#page=17,underscore_index,pending_review
00eaa8398ef80dca6f36488467acf600d01f8a98_18,00eaa8398ef80dca6f36488467acf600d01f8a98_page_0018,00eaa8398ef80dca6f36488467acf600d01f8a98.pdf#page=18,underscore_index,pending_review
00eaa8398ef80dca6f36488467acf600d01f8a98_19,00eaa8398ef80dca6f36488467acf600d01f8a98_page_0019,00eaa8398ef80dca6f36488467acf600d01f8a98.pdf#page=19,underscore_index,pending_review
00eaa8398ef80dca6f36488467acf600d01f8a98_20,00eaa8398ef80dca6f36488467acf600d01f8a98_page_0020,00eaa8398ef80dca6f36488467acf600d01f8a98.pdf#page=20,underscore_index,pending_review
00eaa8398ef80dca6f36488467acf600d01f8a98_21,00eaa8398ef80dca6f36488467acf600d01f8a98_page_0021,00eaa8398ef80dca6f36488467acf600d01f8a98.pdf#page=21,underscore_index,pending_review
00eaa8398ef80dca6f36488467acf600d01f8a98_22,00eaa8398ef80dca6f36488467acf600d01f8a98_page_0022,00eaa8398ef80dca6f36488467acf600d01f8a98.pdf#page=22,underscore_index,pending_review
00f09f97f9d5b77133891f15abdf622f1021c828_1,00f09f97f9d5b77133891f15abdf622f1021c828_page_0001,00f09f97f9d5b77133891f15abdf622f1021c828.pdf#page=1,underscore_index,pending_review
00f09f97f9d5b77133891f15abdf622f1021c828_2,00f09f97f9d5b77133891f15abdf622f1021c828_page_0002,00f09f97f9d5b77133891f15abdf622f1021c828.pdf#page=2,underscore_index,pending_review
00f09f97f9d5b77133891f15abdf622f1021c828_3,00f09f97f9d5b77133891f15abdf622f1021c828_page_0003,00f09f97f9d5b77133891f15abdf622f1021c828.pdf#page=3,underscore_index,pending_review
00f09f97f9d5b77133891f15abdf622f1021c828_4,00f09f97f9d5b77133891f15abdf622f1021c828_page_0004,00f09f97f9d5b77133891f15abdf622f1021c828.pdf#page=4,underscore_index,pending_review
00f09f97f9d5b77133891f15abdf622f1021c828_5,00f09f97f9d5b77133891f15abdf622f1021c828_page_0005,00f09f97f9d5b77133891f15abdf622f1021c828.pdf#page=5,underscore_index,pending_review
00f09f97f9d5b77133891f15abdf622f1021c828_6,00f09f97f9d5b77133891f15abdf622f1021c828_page_0006,00f09f97f9d5b77133891f15abdf622f1021c828.pdf#page=6,underscore_index,pending_review
00f09f97f9d5b77133891f15abdf622f1021c828_7,00f09f97f9d5b77133891f15abdf622f1021c828_page_0007,00f09f97f9d5b77133891f15abdf622f1021c828.pdf#page=7,underscore_index,pending_review
00f09f97f9d5b77133891f15abdf622f1021c828_8,00f09f97f9d5b77133891f15abdf622f1021c828_page_0008,00f09f97f9d5b77133891f15abdf622f1021c828.pdf#page=8,underscore_index,pending_review
00f09f97f9d5b77133891f15abdf622f1021c828_9,00f09f97f9d5b77133891f15abdf622f1021c828_page_0009,00f09f97f9d5b77133891f15abdf622f1021c828.pdf#page=9,underscore_index,pending_review
00f09f97f9d5b77133891f15abdf622f1021c828_10,00f09f97f9d5b77133891f15abdf622f1021c828_page_0010,00f09f97f9d5b77133891f15abdf622f1021c828.pdf#page=10,underscore_index,pending_review
00f09f97f9d5b77133891f15abdf622f1021c828_11,00f09f97f9d5b77133891f15abdf622f1021c828_page_0011,00f09f97f9d5b77133891f15abdf622f1021c828.pdf#page=11,underscore_index,pending_review
00f09f97f9d5b77133891f15abdf622f1021c828_12,00f09f97f9d5b77133891f15abdf622f1021c828_page_0012,00f09f97f9d5b77133891f15abdf622f1021c828.pdf#page=12,underscore_index,pending_review
00f09f97f9d5b77133891f15abdf622f1021c828_13,00f09f97f9d5b77133891f15abdf622f1021c828_page_0013,00f09f97f9d5b77133891f15abdf622f1021c828.pdf#page=13,underscore_index,pending_review
00f09f97f9d5b77133891f15abdf622f1021c828_14,00f09f97f9d5b77133891f15abdf622f1021c828_page_0014,00f09f97f9d5b77133891f15abdf622f1021c828.pdf#page=14,underscore_index,pending_review
00f09f97f9d5b77133891f15abdf622f1021c828_15,00f09f97f9d5b77133891f15abdf622f1021c828_page_0015,00f09f97f9d5b77133891f15abdf622f1021c828.pdf#page=15,underscore_index,pending_review
00f09f97f9d5b77133891f15abdf622f1021c828_16,00f09f97f9d5b77133891f15abdf622f1021c828_page_0016,00f09f97f9d5b77133891f15abdf622f1021c828.pdf#page=16,underscore_index,pending_review
00f09f97f9d5b77133891f15abdf622f1021c828_17,00f09f97f9d5b77133891f15abdf622f1021c828_page_0017,00f09f97f9d5b77133891f15abdf622f1021c828.pdf#page=17,underscore_index,pending_review
00f9525a2659bdcd3f43e08ef8403a11284d1879_1,00f9525a2659bdcd3f43e08ef8403a11284d1879_page_0001,00f9525a2659bdcd3f43e08ef8403a11284d1879.pdf#page=1,underscore_index,pending_review
00f9525a2659bdcd3f43e08ef8403a11284d1879_2,00f9525a2659bdcd3f43e08ef8403a11284d1879_page_0002,00f9525a2659bdcd3f43e08ef8403a11284d1879.pdf#page=2,underscore_index,pending_review
00f9525a2659bdcd3f43e08ef8403a11284d1879_3,00f9525a2659bdcd3f43e08ef8403a11284d1879_page_0003,00f9525a2659bdcd3f43e08ef8403a11284d1879.pdf#page=3,underscore_index,pending_review
00f9525a2659bdcd3f43e08ef8403a11284d1879_4,00f9525a2659bdcd3f43e08ef8403a11284d1879_page_0004,00f9525a2659bdcd3f43e08ef8403a11284d1879.pdf#page=4,underscore_index,pending_review
00f9525a2659bdcd3f43e08ef8403a11284d1879_5,00f9525a2659bdcd3f43e08ef8403a11284d1879_page_0005,00f9525a2659bdcd3f43e08ef8403a11284d1879.pdf#page=5,underscore_index,pending_review
00f9525a2659bdcd3f43e08ef8403a11284d1879_6,00f9525a2659bdcd3f43e08ef8403a11284d1879_page_0006,00f9525a2659bdcd3f43e08ef8403a11284d1879.pdf#page=6,underscore_index,pending_review
00f9525a2659bdcd3f43e08ef8403a11284d1879_7,00f9525a2659bdcd3f43e08ef8403a11284d1879_page_0007,00f9525a2659bdcd3f43e08ef8403a11284d1879.pdf#page=7,underscore_index,pending_review
00f9525a2659bdcd3f43e08ef8403a11284d1879_8,00f9525a2659bdcd3f43e08ef8403a11284d1879_page_0008,00f9525a2659bdcd3f43e08ef8403a11284d1879.pdf#page=8,underscore_index,pending_review
00f9525a2659bdcd3f43e08ef8403a11284d1879_9,00f9525a2659bdcd3f43e08ef8403a11284d1879_page_0009,00f9525a2659bdcd3f43e08ef8403a11284d1879.pdf#page=9,underscore_index,pending_review
00f9525a2659bdcd3f43e08ef8403a11284d1879_10,00f9525a2659bdcd3f43e08ef8403a11284d1879_page_0010,00f9525a2659bdcd3f43e08ef8403a11284d1879.pdf#page=10,underscore_index,pending_review
00f9525a2659bdcd3f43e08ef8403a11284d1879_11,00f9525a2659bdcd3f43e08ef8403a11284d1879_page_0011,00f9525a2659bdcd3f43e08ef8403a11284d1879.pdf#page=11,underscore_index,pending_review
00f9525a2659bdcd3f43e08ef8403a11284d1879_12,00f9525a2659bdcd3f43e08ef8403a11284d1879_page_0012,00f9525a2659bdcd3f43e08ef8403a11284d1879.pdf#page=12,underscore_index,pending_review
00f9525a2659bdcd3f43e08ef8403a11284d1879_13,00f9525a2659bdcd3f43e08ef8403a11284d1879_page_0013,00f9525a2659bdcd3f43e08ef8403a11284d1879.pdf#page=13,underscore_index,pending_review
00f9525a2659bdcd3f43e08ef8403a11284d1879_14,00f9525a2659bdcd3f43e08ef8403a11284d1879_page_0014,00f9525a2659bdcd3f43e08ef8403a11284d1879.pdf#page=14,underscore_index,pending_review
00f9525a2659bdcd3f43e08ef8403a11284d1879_15,00f9525a2659bdcd3f43e08ef8403a11284d1879_page_0015,00f9525a2659bdcd3f43e08ef8403a11284d1879.pdf#page=15,underscore_index,pending_review
00f9525a2659bdcd3f43e08ef8403a11284d1879_16,00f9525a2659bdcd3f43e08ef8403a11284d1879_page_0016,00f9525a2659bdcd3f43e08ef8403a11284d1879.pdf#page=16,underscore_index,pending_review
00f9525a2659bdcd3f43e08ef8403a11284d1879_17,00f9525a2659bdcd3f43e08ef8403a11284d1879_page_0017,00f9525a2659bdcd3f43e08ef8403a11284d1879.pdf#page=17,underscore_index,pending_review
00f9525a2659bdcd3f43e08ef8403a11284d1879_18,00f9525a2659bdcd3f43e08ef8403a11284d1879_page_0018,00f9525a2659bdcd3f43e08ef8403a11284d1879.pdf#page=18,underscore_index,pending_review
00f9525a2659bdcd3f43e08ef8403a11284d1879_19,00f9525a2659bdcd3f43e08ef8403a11284d1879_page_0019,00f9525a2659bdcd3f43e08ef8403a11284d1879.pdf#page=19,underscore_index,pending_review
00f9525a2659bdcd3f43e08ef8403a11284d1879_20,00f9525a2659bdcd3f43e08ef8403a11284d1879_page_0020,00f9525a2659bdcd3f43e08ef8403a11284d1879.pdf#page=20,underscore_index,pending_review
00f9525a2659bdcd3f43e08ef8403a11284d1879_21,00f9525a2659bdcd3f43e08ef8403a11284d1879_page_0021,00f9525a2659bdcd3f43e08ef8403a11284d1879.pdf#page=21,underscore_index,pending_review
00f9525a2659bdcd3f43e08ef8403a11284d1879_22,00f9525a2659bdcd3f43e08ef8403a11284d1879_page_0022,00f9525a2659bdcd3f43e08ef8403a11284d1879.pdf#page=22,underscore_index,pending_review
00f9525a2659bdcd3f43e08ef8403a11284d1879_23,00f9525a2659bdcd3f43e08ef8403a11284d1879_page_0023,00f9525a2659bdcd3f43e08ef8403a11284d1879.pdf#page=23,underscore_index,pending_review
00f9525a2659bdcd3f43e08ef8403a11284d1879_24,00f9525a2659bdcd3f43e08ef8403a11284d1879_page_0024,00f9525a2659bdcd3f43e08ef8403a11284d1879.pdf#page=24,underscore_index,pending_review
00f9525a2659bdcd3f43e08ef8403a11284d1879_25,00f9525a2659bdcd3f43e08ef8403a11284d1879_page_0025,00f9525a2659bdcd3f43e08ef8403a11284d1879.pdf#page=25,underscore_index,pending_review
01008ed4462f4cd8ca21bb3f0ba2c9f42adf31e0_1,01008ed4462f4cd8ca21bb3f0ba2c9f42adf31e0_page_0001,01008ed4462f4cd8ca21bb3f0ba2c9f42adf31e0.pdf#page=1,underscore_index,pending_review
01008ed4462f4cd8ca21bb3f0ba2c9f42adf31e0_2,01008ed4462f4cd8ca21bb3f0ba2c9f42adf31e0_page_0002,01008ed4462f4cd8ca21bb3f0ba2c9f42adf31e0.pdf#page=2,underscore_index,pending_review
01008ed4462f4cd8ca21bb3f0ba2c9f42adf31e0_3,01008ed4462f4cd8ca21bb3f0ba2c9f42adf31e0_page_0003,01008ed4462f4cd8ca21bb3f0ba2c9f42adf31e0.pdf#page=3,underscore_index,pending_review
01008ed4462f4cd8ca21bb3f0ba2c9f42adf31e0_4,01008ed4462f4cd8ca21bb3f0ba2c9f42adf31e0_page_0004,01008ed4462f4cd8ca21bb3f0ba2c9f42adf31e0.pdf#page=4,underscore_index,pending_review
01008ed4462f4cd8ca21bb3f0ba2c9f42adf31e0_5,01008ed4462f4cd8ca21bb3f0ba2c9f42adf31e0_page_0005,01008ed4462f4cd8ca21bb3f0ba2c9f42adf31e0.pdf#page=5,underscore_index,pending_review
01008ed4462f4cd8ca21bb3f0ba2c9f42adf31e0_6,01008ed4462f4cd8ca21bb3f0ba2c9f42adf31e0_page_0006,01008ed4462f4cd8ca21bb3f0ba2c9f42adf31e0.pdf#page=6,underscore_index,pending_review
01008ed4462f4cd8ca21bb3f0ba2c9f42adf31e0_7,01008ed4462f4cd8ca21bb3f0ba2c9f42adf31e0_page_0007,01008ed4462f4cd8ca21bb3f0ba2c9f42adf31e0.pdf#page=7,underscore_index,pending_review
01008ed4462f4cd8ca21bb3f0ba2c9f42adf31e0_8,01008ed4462f4cd8ca21bb3f0ba2c9f42adf31e0_page_0008,01008ed4462f4cd8ca21bb3f0ba2c9f42adf31e0.pdf#page=8,underscore_index,pending_review
01008ed4462f4cd8ca21bb3f0ba2c9f42adf31e0_9,01008ed4462f4cd8ca21bb3f0ba2c9f42adf31e0_page_0009,01008ed4462f4cd8ca21bb3f0ba2c9f42adf31e0.pdf#page=9,underscore_index,pending_review
01008ed4462f4cd8ca21bb3f0ba2c9f42adf31e0_10,01008ed4462f4cd8ca21bb3f0ba2c9f42adf31e0_page_0010,01008ed4462f4cd8ca21bb3f0ba2c9f42adf31e0.pdf#page=10,underscore_index,pending_review
01008ed4462f4cd8ca21bb3f0ba2c9f42adf31e0_11,01008ed4462f4cd8ca21bb3f0ba2c9f42adf31e0_page_0011,01008ed4462f4cd8ca21bb3f0ba2c9f42adf31e0.pdf#page=11,underscore_index,pending_review
01008ed4462f4cd8ca21bb3f0ba2c9f42adf31e0_12,01008ed4462f4cd8ca21bb3f0ba2c9f42adf31e0_page_0012,01008ed4462f4cd8ca21bb3f0ba2c9f42adf31e0.pdf#page=12,underscore_index,pending_review
01008ed4462f4cd8ca21bb3f0ba2c9f42adf31e0_13,01008ed4462f4cd8ca21bb3f0ba2c9f42adf31e0_page_0013,01008ed4462f4cd8ca21bb3f0ba2c9f42adf31e0.pdf#page=13,underscore_index,pending_review
01008ed4462f4cd8ca21bb3f0ba2c9f42adf31e0_14,01008ed4462f4cd8ca21bb3f0ba2c9f42adf31e0_page_0014,01008ed4462f4cd8ca21bb3f0ba2c9f42adf31e0.pdf#page=14,underscore_index,pending_review
01008ed4462f4cd8ca21bb3f0ba2c9f42adf31e0_15,01008ed4462f4cd8ca21bb3f0ba2c9f42adf31e0_page_0015,01008ed4462f4cd8ca21bb3f0ba2c9f42adf31e0.pdf#page=15,underscore_index,pending_review
01008ed4462f4cd8ca21bb3f0ba2c9f42adf31e0_16,01008ed4462f4cd8ca21bb3f0ba2c9f42adf31e0_page_0016,01008ed4462f4cd8ca21bb3f0ba2c9f42adf31e0.pdf#page=16,underscore_index,pending_review
01008ed4462f4cd8ca21bb3f0ba2c9f42adf31e0_17,01008ed4462f4cd8ca21bb3f0ba2c9f42adf31e0_page_0017,01008ed4462f4cd8ca21bb3f0ba2c9f42adf31e0.pdf#page=17,underscore_index,pending_review
0102d1ef93ef13b1164524c4f5386ce4208e05c6_1,0102d1ef93ef13b1164524c4f5386ce4208e05c6_page_0001,0102d1ef93ef13b1164524c4f5386ce4208e05c6.pdf#page=1,underscore_index,pending_review
0102d1ef93ef13b1164524c4f5386ce4208e05c6_2,0102d1ef93ef13b1164524c4f5386ce4208e05c6_page_0002,0102d1ef93ef13b1164524c4f5386ce4208e05c6.pdf#page=2,underscore_index,pending_review
0102d1ef93ef13b1164524c4f5386ce4208e05c6_3,0102d1ef93ef13b1164524c4f5386ce4208e05c6_page_0003,0102d1ef93ef13b1164524c4f5386ce4208e05c6.pdf#page=3,underscore_index,pending_review
0102d1ef93ef13b1164524c4f5386ce4208e05c6_4,0102d1ef93ef13b1164524c4f5386ce4208e05c6_page_0004,0102d1ef93ef13b1164524c4f5386ce4208e05c6.pdf#page=4,underscore_index,pending_review
0102d1ef93ef13b1164524c4f5386ce4208e05c6_5,0102d1ef93ef13b1164524c4f5386ce4208e05c6_page_0005,0102d1ef93ef13b1164524c4f5386ce4208e05c6.pdf#page=5,underscore_index,pending_review
0102d1ef93ef13b1164524c4f5386ce4208e05c6_6,0102d1ef93ef13b1164524c4f5386ce4208e05c6_page_0006,0102d1ef93ef13b1164524c4f5386ce4208e05c6.pdf#page=6,underscore_index,pending_review
0102d1ef93ef13b1164524c4f5386ce4208e05c6_7,0102d1ef93ef13b1164524c4f5386ce4208e05c6_page_0007,0102d1ef93ef13b1164524c4f5386ce4208e05c6.pdf#page=7,underscore_index,pending_review
0102d1ef93ef13b1164524c4f5386ce4208e05c6_8,0102d1ef93ef13b1164524c4f5386ce4208e05c6_page_0008,0102d1ef93ef13b1164524c4f5386ce4208e05c6.pdf#page=8,underscore_index,pending_review
0102d1ef93ef13b1164524c4f5386ce4208e05c6_9,0102d1ef93ef13b1164524c4f5386ce4208e05c6_page_0009,0102d1ef93ef13b1164524c4f5386ce4208e05c6.pdf#page=9,underscore_index,pending_review
0102d1ef93ef13b1164524c4f5386ce4208e05c6_10,0102d1ef93ef13b1164524c4f5386ce4208e05c6_page_0010,0102d1ef93ef13b1164524c4f5386ce4208e05c6.pdf#page=10,underscore_index,pending_review
0102d1ef93ef13b1164524c4f5386ce4208e05c6_11,0102d1ef93ef13b1164524c4f5386ce4208e05c6_page_0011,0102d1ef93ef13b1164524c4f5386ce4208e05c6.pdf#page=11,underscore_index,pending_review
0102d1ef93ef13b1164524c4f5386ce4208e05c6_12,0102d1ef93ef13b1164524c4f5386ce4208e05c6_page_0012,0102d1ef93ef13b1164524c4f5386ce4208e05c6.pdf#page=12,underscore_index,pending_review
0102d1ef93ef13b1164524c4f5386ce4208e05c6_13,0102d1ef93ef13b1164524c4f5386ce4208e05c6_page_0013,0102d1ef93ef13b1164524c4f5386ce4208e05c6.pdf#page=13,underscore_index,pending_review
0102d1ef93ef13b1164524c4f5386ce4208e05c6_14,0102d1ef93ef13b1164524c4f5386ce4208e05c6_page_0014,0102d1ef93ef13b1164524c4f5386ce4208e05c6.pdf#page=14,underscore_index,pending_review
0102d1ef93ef13b1164524c4f5386ce4208e05c6_15,0102d1ef93ef13b1164524c4f5386ce4208e05c6_page_0015,0102d1ef93ef13b1164524c4f5386ce4208e05c6.pdf#page=15,underscore_index,pending_review
0102d1ef93ef13b1164524c4f5386ce4208e05c6_16,0102d1ef93ef13b1164524c4f5386ce4208e05c6_page_0016,0102d1ef93ef13b1164524c4f5386ce4208e05c6.pdf#page=16,underscore_index,pending_review
0102d1ef93ef13b1164524c4f5386ce4208e05c6_17,0102d1ef93ef13b1164524c4f5386ce4208e05c6_page_0017,0102d1ef93ef13b1164524c4f5386ce4208e05c6.pdf#page=17,underscore_index,pending_review
0102d1ef93ef13b1164524c4f5386ce4208e05c6_18,0102d1ef93ef13b1164524c4f5386ce4208e05c6_page_0018,0102d1ef93ef13b1164524c4f5386ce4208e05c6.pdf#page=18,underscore_index,pending_review
0102d1ef93ef13b1164524c4f5386ce4208e05c6_19,0102d1ef93ef13b1164524c4f5386ce4208e05c6_page_0019,0102d1ef93ef13b1164524c4f5386ce4208e05c6.pdf#page=19,underscore_index,pending_review
0102d1ef93ef13b1164524c4f5386ce4208e05c6_20,0102d1ef93ef13b1164524c4f5386ce4208e05c6_page_0020,0102d1ef93ef13b1164524c4f5386ce4208e05c6.pdf#page=20,underscore_index,pending_review
01044e66f7113aacd8a9b011f7cc6251a66715cd_1,01044e66f7113aacd8a9b011f7cc6251a66715cd_page_0001,01044e66f7113aacd8a9b011f7cc6251a66715cd.pdf#page=1,underscore_index,pending_review
01044e66f7113aacd8a9b011f7cc6251a66715cd_2,01044e66f7113aacd8a9b011f7cc6251a66715cd_page_0002,01044e66f7113aacd8a9b011f7cc6251a66715cd.pdf#page=2,underscore_index,pending_review
01044e66f7113aacd8a9b011f7cc6251a66715cd_3,01044e66f7113aacd8a9b011f7cc6251a66715cd_page_0003,01044e66f7113aacd8a9b011f7cc6251a66715cd.pdf#page=3,underscore_index,pending_review
01044e66f7113aacd8a9b011f7cc6251a66715cd_4,01044e66f7113aacd8a9b011f7cc6251a66715cd_page_0004,01044e66f7113aacd8a9b011f7cc6251a66715cd.pdf#page=4,underscore_index,pending_review
01044e66f7113aacd8a9b011f7cc6251a66715cd_5,01044e66f7113aacd8a9b011f7cc6251a66715cd_page_0005,01044e66f7113aacd8a9b011f7cc6251a66715cd.pdf#page=5,underscore_index,pending_review
01044e66f7113aacd8a9b011f7cc6251a66715cd_6,01044e66f7113aacd8a9b011f7cc6251a66715cd_page_0006,01044e66f7113aacd8a9b011f7cc6251a66715cd.pdf#page=6,underscore_index,pending_review
01044e66f7113aacd8a9b011f7cc6251a66715cd_7,01044e66f7113aacd8a9b011f7cc6251a66715cd_page_0007,01044e66f7113aacd8a9b011f7cc6251a66715cd.pdf#page=7,underscore_index,pending_review
01044e66f7113aacd8a9b011f7cc6251a66715cd_8,01044e66f7113aacd8a9b011f7cc6251a66715cd_page_0008,01044e66f7113aacd8a9b011f7cc6251a66715cd.pdf#page=8,underscore_index,pending_review
01044e66f7113aacd8a9b011f7cc6251a66715cd_9,01044e66f7113aacd8a9b011f7cc6251a66715cd_page_0009,01044e66f7113aacd8a9b011f7cc6251a66715cd.pdf#page=9,underscore_index,pending_review
01044e66f7113aacd8a9b011f7cc6251a66715cd_10,01044e66f7113aacd8a9b011f7cc6251a66715cd_page_0010,01044e66f7113aacd8a9b011f7cc6251a66715cd.pdf#page=10,underscore_index,pending_review
01044e66f7113aacd8a9b011f7cc6251a66715cd_11,01044e66f7113aacd8a9b011f7cc6251a66715cd_page_0011,01044e66f7113aacd8a9b011f7cc6251a66715cd.pdf#page=11,underscore_index,pending_review
01044e66f7113aacd8a9b011f7cc6251a66715cd_12,01044e66f7113aacd8a9b011f7cc6251a66715cd_page_0012,01044e66f7113aacd8a9b011f7cc6251a66715cd.pdf#page=12,underscore_index,pending_review
01044e66f7113aacd8a9b011f7cc6251a66715cd_13,01044e66f7113aacd8a9b011f7cc6251a66715cd_page_0013,01044e66f7113aacd8a9b011f7cc6251a66715cd.pdf#page=13,underscore_index,pending_review
01044e66f7113aacd8a9b011f7cc6251a66715cd_14,01044e66f7113aacd8a9b011f7cc6251a66715cd_page_0014,01044e66f7113aacd8a9b011f7cc6251a66715cd.pdf#page=14,underscore_index,pending_review
01044e66f7113aacd8a9b011f7cc6251a66715cd_15,01044e66f7113aacd8a9b011f7cc6251a66715cd_page_0015,01044e66f7113aacd8a9b011f7cc6251a66715cd.pdf#page=15,underscore_index,pending_review
01044e66f7113aacd8a9b011f7cc6251a66715cd_16,01044e66f7113aacd8a9b011f7cc6251a66715cd_page_0016,01044e66f7113aacd8a9b011f7cc6251a66715cd.pdf#page=16,underscore_index,pending_review
01044e66f7113aacd8a9b011f7cc6251a66715cd_17,01044e66f7113aacd8a9b011f7cc6251a66715cd_page_0017,01044e66f7113aacd8a9b011f7cc6251a66715cd.pdf#page=17,underscore_index,pending_review
01044e66f7113aacd8a9b011f7cc6251a66715cd_18,01044e66f7113aacd8a9b011f7cc6251a66715cd_page_0018,01044e66f7113aacd8a9b011f7cc6251a66715cd.pdf#page=18,underscore_index,pending_review
01044e66f7113aacd8a9b011f7cc6251a66715cd_19,01044e66f7113aacd8a9b011f7cc6251a66715cd_page_0019,01044e66f7113aacd8a9b011f7cc6251a66715cd.pdf#page=19,underscore_index,pending_review
01044e66f7113aacd8a9b011f7cc6251a66715cd_20,01044e66f7113aacd8a9b011f7cc6251a66715cd_page_0020,01044e66f7113aacd8a9b011f7cc6251a66715cd.pdf#page=20,underscore_index,pending_review
01044e66f7113aacd8a9b011f7cc6251a66715cd_21,01044e66f7113aacd8a9b011f7cc6251a66715cd_page_0021,01044e66f7113aacd8a9b011f7cc6251a66715cd.pdf#page=21,underscore_index,pending_review
01044e66f7113aacd8a9b011f7cc6251a66715cd_22,01044e66f7113aacd8a9b011f7cc6251a66715cd_page_0022,01044e66f7113aacd8a9b011f7cc6251a66715cd.pdf#page=22,underscore_index,pending_review
01044e66f7113aacd8a9b011f7cc6251a66715cd_23,01044e66f7113aacd8a9b011f7cc6251a66715cd_page_0023,01044e66f7113aacd8a9b011f7cc6251a66715cd.pdf#page=23,underscore_index,pending_review
01054a87c831f60e8cfaead13508fb385ef34f44_1,01054a87c831f60e8cfaead13508fb385ef34f44_page_0001,01054a87c831f60e8cfaead13508fb385ef34f44.pdf#page=1,underscore_index,pending_review
01054a87c831f60e8cfaead13508fb385ef34f44_2,01054a87c831f60e8cfaead13508fb385ef34f44_page_0002,01054a87c831f60e8cfaead13508fb385ef34f44.pdf#page=2,underscore_index,pending_review
01054a87c831f60e8cfaead13508fb385ef34f44_3,01054a87c831f60e8cfaead13508fb385ef34f44_page_0003,01054a87c831f60e8cfaead13508fb385ef34f44.pdf#page=3,underscore_index,pending_review
01054a87c831f60e8cfaead13508fb385ef34f44_4,01054a87c831f60e8cfaead13508fb385ef34f44_page_0004,01054a87c831f60e8cfaead13508fb385ef34f44.pdf#page=4,underscore_index,pending_review
01054a87c831f60e8cfaead13508fb385ef34f44_5,01054a87c831f60e8cfaead13508fb385ef34f44_page_0005,01054a87c831f60e8cfaead13508fb385ef34f44.pdf#page=5,underscore_index,pending_review
01054a87c831f60e8cfaead13508fb385ef34f44_6,01054a87c831f60e8cfaead13508fb385ef34f44_page_0006,01054a87c831f60e8cfaead13508fb385ef34f44.pdf#page=6,underscore_index,pending_review
01054a87c831f60e8cfaead13508fb385ef34f44_7,01054a87c831f60e8cfaead13508fb385ef34f44_page_0007,01054a87c831f60e8cfaead13508fb385ef34f44.pdf#page=7,underscore_index,pending_review
01054a87c831f60e8cfaead13508fb385ef34f44_8,01054a87c831f60e8cfaead13508fb385ef34f44_page_0008,01054a87c831f60e8cfaead13508fb385ef34f44.pdf#page=8,underscore_index,pending_review
01054a87c831f60e8cfaead13508fb385ef34f44_9,01054a87c831f60e8cfaead13508fb385ef34f44_page_0009,01054a87c831f60e8cfaead13508fb385ef34f44.pdf#page=9,underscore_index,pending_review
01054a87c831f60e8cfaead13508fb385ef34f44_10,01054a87c831f60e8cfaead13508fb385ef34f44_page_0010,01054a87c831f60e8cfaead13508fb385ef34f44.pdf#page=10,underscore_index,pending_review
01054a87c831f60e8cfaead13508fb385ef34f44_11,01054a87c831f60e8cfaead13508fb385ef34f44_page_0011,01054a87c831f60e8cfaead13508fb385ef34f44.pdf#page=11,underscore_index,pending_review
01054a87c831f60e8cfaead13508fb385ef34f44_12,01054a87c831f60e8cfaead13508fb385ef34f44_page_0012,01054a87c831f60e8cfaead13508fb385ef34f44.pdf#page=12,underscore_index,pending_review
01054a87c831f60e8cfaead13508fb385ef34f44_13,01054a87c831f60e8cfaead13508fb385ef34f44_page_0013,01054a87c831f60e8cfaead13508fb385ef34f44.pdf#page=13,underscore_index,pending_review
01054a87c831f60e8cfaead13508fb385ef34f44_14,01054a87c831f60e8cfaead13508fb385ef34f44_page_0014,01054a87c831f60e8cfaead13508fb385ef34f44.pdf#page=14,underscore_index,pending_review
01054a87c831f60e8cfaead13508fb385ef34f44_15,01054a87c831f60e8cfaead13508fb385ef34f44_page_0015,01054a87c831f60e8cfaead13508fb385ef34f44.pdf#page=15,underscore_index,pending_review
01054a87c831f60e8cfaead13508fb385ef34f44_16,01054a87c831f60e8cfaead13508fb385ef34f44_page_0016,01054a87c831f60e8cfaead13508fb385ef34f44.pdf#page=16,underscore_index,pending_review
01054a87c831f60e8cfaead13508fb385ef34f44_17,01054a87c831f60e8cfaead13508fb385ef34f44_page_0017,01054a87c831f60e8cfaead13508fb385ef34f44.pdf#page=17,underscore_index,pending_review
01054a87c831f60e8cfaead13508fb385ef34f44_18,01054a87c831f60e8cfaead13508fb385ef34f44_page_0018,01054a87c831f60e8cfaead13508fb385ef34f44.pdf#page=18,underscore_index,pending_review
01054a87c831f60e8cfaead13508fb385ef34f44_19,01054a87c831f60e8cfaead13508fb385ef34f44_page_0019,01054a87c831f60e8cfaead13508fb385ef34f44.pdf#page=19,underscore_index,pending_review
01054a87c831f60e8cfaead13508fb385ef34f44_20,01054a87c831f60e8cfaead13508fb385ef34f44_page_0020,01054a87c831f60e8cfaead13508fb385ef34f44.pdf#page=20,underscore_index,pending_review
01054a87c831f60e8cfaead13508fb385ef34f44_21,01054a87c831f60e8cfaead13508fb385ef34f44_page_0021,01054a87c831f60e8cfaead13508fb385ef34f44.pdf#page=21,underscore_index,pending_review
01054a87c831f60e8cfaead13508fb385ef34f44_22,01054a87c831f60e8cfaead13508fb385ef34f44_page_0022,01054a87c831f60e8cfaead13508fb385ef34f44.pdf#page=22,underscore_index,pending_review
01054a87c831f60e8cfaead13508fb385ef34f44_23,01054a87c831f60e8cfaead13508fb385ef34f44_page_0023,01054a87c831f60e8cfaead13508fb385ef34f44.pdf#page=23,underscore_index,pending_review
01054a87c831f60e8cfaead13508fb385ef34f44_24,01054a87c831f60e8cfaead13508fb385ef34f44_page_0024,01054a87c831f60e8cfaead13508fb385ef34f44.pdf#page=24,underscore_index,pending_review
01056efdbb585d355a073b6aba9a906611fc1cc4_1,01056efdbb585d355a073b6aba9a906611fc1cc4_page_0001,01056efdbb585d355a073b6aba9a906611fc1cc4.pdf#page=1,underscore_index,pending_review
01056efdbb585d355a073b6aba9a906611fc1cc4_2,01056efdbb585d355a073b6aba9a906611fc1cc4_page_0002,01056efdbb585d355a073b6aba9a906611fc1cc4.pdf#page=2,underscore_index,pending_review
01056efdbb585d355a073b6aba9a906611fc1cc4_3,01056efdbb585d355a073b6aba9a906611fc1cc4_page_0003,01056efdbb585d355a073b6aba9a906611fc1cc4.pdf#page=3,underscore_index,pending_review
01056efdbb585d355a073b6aba9a906611fc1cc4_4,01056efdbb585d355a073b6aba9a906611fc1cc4_page_0004,01056efdbb585d355a073b6aba9a906611fc1cc4.pdf#page=4,underscore_index,pending_review
01056efdbb585d355a073b6aba9a906611fc1cc4_5,01056efdbb585d355a073b6aba9a906611fc1cc4_page_0005,01056efdbb585d355a073b6aba9a906611fc1cc4.pdf#page=5,underscore_index,pending_review
01056efdbb585d355a073b6aba9a906611fc1cc4_6,01056efdbb585d355a073b6aba9a906611fc1cc4_page_0006,01056efdbb585d355a073b6aba9a906611fc1cc4.pdf#page=6,underscore_index,pending_review
01056efdbb585d355a073b6aba9a906611fc1cc4_7,01056efdbb585d355a073b6aba9a906611fc1cc4_page_0007,01056efdbb585d355a073b6aba9a906611fc1cc4.pdf#page=7,underscore_index,pending_review
010590d6cf97f7ade2020f7d8a19467c75998833_1,010590d6cf97f7ade2020f7d8a19467c75998833_page_0001,010590d6cf97f7ade2020f7d8a19467c75998833.pdf#page=1,underscore_index,pending_review
010590d6cf97f7ade2020f7d8a19467c75998833_2,010590d6cf97f7ade2020f7d8a19467c75998833_page_0002,010590d6cf97f7ade2020f7d8a19467c75998833.pdf#page=2,underscore_index,pending_review
010590d6cf97f7ade2020f7d8a19467c75998833_3,010590d6cf97f7ade2020f7d8a19467c75998833_page_0003,010590d6cf97f7ade2020f7d8a19467c75998833.pdf#page=3,underscore_index,pending_review
010590d6cf97f7ade2020f7d8a19467c75998833_4,010590d6cf97f7ade2020f7d8a19467c75998833_page_0004,010590d6cf97f7ade2020f7d8a19467c75998833.pdf#page=4,underscore_index,pending_review
010590d6cf97f7ade2020f7d8a19467c75998833_5,010590d6cf97f7ade2020f7d8a19467c75998833_page_0005,010590d6cf97f7ade2020f7d8a19467c75998833.pdf#page=5,underscore_index,pending_review
010590d6cf97f7ade2020f7d8a19467c75998833_6,010590d6cf97f7ade2020f7d8a19467c75998833_page_0006,010590d6cf97f7ade2020f7d8a19467c75998833.pdf#page=6,underscore_index,pending_review
010590d6cf97f7ade2020f7d8a19467c75998833_7,010590d6cf97f7ade2020f7d8a19467c75998833_page_0007,010590d6cf97f7ade2020f7d8a19467c75998833.pdf#page=7,underscore_index,pending_review
010590d6cf97f7ade2020f7d8a19467c75998833_8,010590d6cf97f7ade2020f7d8a19467c75998833_page_0008,010590d6cf97f7ade2020f7d8a19467c75998833.pdf#page=8,underscore_index,pending_review
010590d6cf97f7ade2020f7d8a19467c75998833_9,010590d6cf97f7ade2020f7d8a19467c75998833_page_0009,010590d6cf97f7ade2020f7d8a19467c75998833.pdf#page=9,underscore_index,pending_review
010590d6cf97f7ade2020f7d8a19467c75998833_10,010590d6cf97f7ade2020f7d8a19467c75998833_page_0010,010590d6cf97f7ade2020f7d8a19467c75998833.pdf#page=10,underscore_index,pending_review
010590d6cf97f7ade2020f7d8a19467c75998833_11,010590d6cf97f7ade2020f7d8a19467c75998833_page_0011,010590d6cf97f7ade2020f7d8a19467c75998833.pdf#page=11,underscore_index,pending_review
010590d6cf97f7ade2020f7d8a19467c75998833_12,010590d6cf97f7ade2020f7d8a19467c75998833_page_0012,010590d6cf97f7ade2020f7d8a19467c75998833.pdf#page=12,underscore_index,pending_review
010590d6cf97f7ade2020f7d8a19467c75998833_13,010590d6cf97f7ade2020f7d8a19467c75998833_page_0013,010590d6cf97f7ade2020f7d8a19467c75998833.pdf#page=13,underscore_index,pending_review
010590d6cf97f7ade2020f7d8a19467c75998833_14,010590d6cf97f7ade2020f7d8a19467c75998833_page_0014,010590d6cf97f7ade2020f7d8a19467c75998833.pdf#page=14,underscore_index,pending_review
010590d6cf97f7ade2020f7d8a19467c75998833_15,010590d6cf97f7ade2020f7d8a19467c75998833_page_0015,010590d6cf97f7ade2020f7d8a19467c75998833.pdf#page=15,underscore_index,pending_review
010590d6cf97f7ade2020f7d8a19467c75998833_16,010590d6cf97f7ade2020f7d8a19467c75998833_page_0016,010590d6cf97f7ade2020f7d8a19467c75998833.pdf#page=16,underscore_index,pending_review
010a416cae90d4bb404900188fa5b3b588cf4ee6_1,010a416cae90d4bb404900188fa5b3b588cf4ee6_page_0001,010a416cae90d4bb404900188fa5b3b588cf4ee6.pdf#page=1,underscore_index,pending_review
010a416cae90d4bb404900188fa5b3b588cf4ee6_2,010a416cae90d4bb404900188fa5b3b588cf4ee6_page_0002,010a416cae90d4bb404900188fa5b3b588cf4ee6.pdf#page=2,underscore_index,pending_review
010a416cae90d4bb404900188fa5b3b588cf4ee6_3,010a416cae90d4bb404900188fa5b3b588cf4ee6_page_0003,010a416cae90d4bb404900188fa5b3b588cf4ee6.pdf#page=3,underscore_index,pending_review
010a416cae90d4bb404900188fa5b3b588cf4ee6_4,010a416cae90d4bb404900188fa5b3b588cf4ee6_page_0004,010a416cae90d4bb404900188fa5b3b588cf4ee6.pdf#page=4,underscore_index,pending_review
010a416cae90d4bb404900188fa5b3b588cf4ee6_5,010a416cae90d4bb404900188fa5b3b588cf4ee6_page_0005,010a416cae90d4bb404900188fa5b3b588cf4ee6.pdf#page=5,underscore_index,pending_review
010a416cae90d4bb404900188fa5b3b588cf4ee6_6,010a416cae90d4bb404900188fa5b3b588cf4ee6_page_0006,010a416cae90d4bb404900188fa5b3b588cf4ee6.pdf#page=6,underscore_index,pending_review
010a416cae90d4bb404900188fa5b3b588cf4ee6_7,010a416cae90d4bb404900188fa5b3b588cf4ee6_page_0007,010a416cae90d4bb404900188fa5b3b588cf4ee6.pdf#page=7,underscore_index,pending_review
010a416cae90d4bb404900188fa5b3b588cf4ee6_8,010a416cae90d4bb404900188fa5b3b588cf4ee6_page_0008,010a416cae90d4bb404900188fa5b3b588cf4ee6.pdf#page=8,underscore_index,pending_review
010a416cae90d4bb404900188fa5b3b588cf4ee6_9,010a416cae90d4bb404900188fa5b3b588cf4ee6_page_0009,010a416cae90d4bb404900188fa5b3b588cf4ee6.pdf#page=9,underscore_index,pending_review
010a416cae90d4bb404900188fa5b3b588cf4ee6_10,010a416cae90d4bb404900188fa5b3b588cf4ee6_page_0010,010a416cae90d4bb404900188fa5b3b588cf4ee6.pdf#page=10,underscore_index,pending_review
010a416cae90d4bb404900188fa5b3b588cf4ee6_11,010a416cae90d4bb404900188fa5b3b588cf4ee6_page_0011,010a416cae90d4bb404900188fa5b3b588cf4ee6.pdf#page=11,underscore_index,pending_review
010a416cae90d4bb404900188fa5b3b588cf4ee6_12,010a416cae90d4bb404900188fa5b3b588cf4ee6_page_0012,010a416cae90d4bb404900188fa5b3b588cf4ee6.pdf#page=12,underscore_index,pending_review
010a416cae90d4bb404900188fa5b3b588cf4ee6_13,010a416cae90d4bb404900188fa5b3b588cf4ee6_page_0013,010a416cae90d4bb404900188fa5b3b588cf4ee6.pdf#page=13,underscore_index,pending_review
010a416cae90d4bb404900188fa5b3b588cf4ee6_14,010a416cae90d4bb404900188fa5b3b588cf4ee6_page_0014,010a416cae90d4bb404900188fa5b3b588cf4ee6.pdf#page=14,underscore_index,pending_review
010a416cae90d4bb404900188fa5b3b588cf4ee6_15,010a416cae90d4bb404900188fa5b3b588cf4ee6_page_0015,010a416cae90d4bb404900188fa5b3b588cf4ee6.pdf#page=15,underscore_index,pending_review
010a416cae90d4bb404900188fa5b3b588cf4ee6_16,010a416cae90d4bb404900188fa5b3b588cf4ee6_page_0016,010a416cae90d4bb404900188fa5b3b588cf4ee6.pdf#page=16,underscore_index,pending_review
010a416cae90d4bb404900188fa5b3b588cf4ee6_17,010a416cae90d4bb404900188fa5b3b588cf4ee6_page_0017,010a416cae90d4bb404900188fa5b3b588cf4ee6.pdf#page=17,underscore_index,pending_review
010a416cae90d4bb404900188fa5b3b588cf4ee6_18,010a416cae90d4bb404900188fa5b3b588cf4ee6_page_0018,010a416cae90d4bb404900188fa5b3b588cf4ee6.pdf#page=18,underscore_index,pending_review
010a416cae90d4bb404900188fa5b3b588cf4ee6_19,010a416cae90d4bb404900188fa5b3b588cf4ee6_page_0019,010a416cae90d4bb404900188fa5b3b588cf4ee6.pdf#page=19,underscore_index,pending_review
010a416cae90d4bb404900188fa5b3b588cf4ee6_20,010a416cae90d4bb404900188fa5b3b588cf4ee6_page_0020,010a416cae90d4bb404900188fa5b3b588cf4ee6.pdf#page=20,underscore_index,pending_review
010a416cae90d4bb404900188fa5b3b588cf4ee6_21,010a416cae90d4bb404900188fa5b3b588cf4ee6_page_0021,010a416cae90d4bb404900188fa5b3b588cf4ee6.pdf#page=21,underscore_index,pending_review
010a416cae90d4bb404900188fa5b3b588cf4ee6_22,010a416cae90d4bb404900188fa5b3b588cf4ee6_page_0022,010a416cae90d4bb404900188fa5b3b588cf4ee6.pdf#page=22,underscore_index,pending_review
010a416cae90d4bb404900188fa5b3b588cf4ee6_23,010a416cae90d4bb404900188fa5b3b588cf4ee6_page_0023,010a416cae90d4bb404900188fa5b3b588cf4ee6.pdf#page=23,underscore_index,pending_review
010a416cae90d4bb404900188fa5b3b588cf4ee6_24,010a416cae90d4bb404900188fa5b3b588cf4ee6_page_0024,010a416cae90d4bb404900188fa5b3b588cf4ee6.pdf#page=24,underscore_index,pending_review
010aa2ce76c2512f680fb811dfb2b345a728d207_1,010aa2ce76c2512f680fb811dfb2b345a728d207_page_0001,010aa2ce76c2512f680fb811dfb2b345a728d207.pdf#page=1,underscore_index,pending_review
010aa2ce76c2512f680fb811dfb2b345a728d207_2,010aa2ce76c2512f680fb811dfb2b345a728d207_page_0002,010aa2ce76c2512f680fb811dfb2b345a728d207.pdf#page=2,underscore_index,pending_review
010aa2ce76c2512f680fb811dfb2b345a728d207_3,010aa2ce76c2512f680fb811dfb2b345a728d207_page_0003,010aa2ce76c2512f680fb811dfb2b345a728d207.pdf#page=3,underscore_index,pending_review
010aa2ce76c2512f680fb811dfb2b345a728d207_4,010aa2ce76c2512f680fb811dfb2b345a728d207_page_0004,010aa2ce76c2512f680fb811dfb2b345a728d207.pdf#page=4,underscore_index,pending_review
010aa2ce76c2512f680fb811dfb2b345a728d207_5,010aa2ce76c2512f680fb811dfb2b345a728d207_page_0005,010aa2ce76c2512f680fb811dfb2b345a728d207.pdf#page=5,underscore_index,pending_review
010b32101467eec8ee7547ff0b4273c6570d1a3e_1,010b32101467eec8ee7547ff0b4273c6570d1a3e_page_0001,010b32101467eec8ee7547ff0b4273c6570d1a3e.pdf#page=1,underscore_index,pending_review
010b32101467eec8ee7547ff0b4273c6570d1a3e_2,010b32101467eec8ee7547ff0b4273c6570d1a3e_page_0002,010b32101467eec8ee7547ff0b4273c6570d1a3e.pdf#page=2,underscore_index,pending_review
010b32101467eec8ee7547ff0b4273c6570d1a3e_3,010b32101467eec8ee7547ff0b4273c6570d1a3e_page_0003,010b32101467eec8ee7547ff0b4273c6570d1a3e.pdf#page=3,underscore_index,pending_review
010b32101467eec8ee7547ff0b4273c6570d1a3e_4,010b32101467eec8ee7547ff0b4273c6570d1a3e_page_0004,010b32101467eec8ee7547ff0b4273c6570d1a3e.pdf#page=4,underscore_index,pending_review
010b32101467eec8ee7547ff0b4273c6570d1a3e_5,010b32101467eec8ee7547ff0b4273c6570d1a3e_page_0005,010b32101467eec8ee7547ff0b4273c6570d1a3e.pdf#page=5,underscore_index,pending_review
010b32101467eec8ee7547ff0b4273c6570d1a3e_6,010b32101467eec8ee7547ff0b4273c6570d1a3e_page_0006,010b32101467eec8ee7547ff0b4273c6570d1a3e.pdf#page=6,underscore_index,pending_review
010b32101467eec8ee7547ff0b4273c6570d1a3e_7,010b32101467eec8ee7547ff0b4273c6570d1a3e_page_0007,010b32101467eec8ee7547ff0b4273c6570d1a3e.pdf#page=7,underscore_index,pending_review
010b32101467eec8ee7547ff0b4273c6570d1a3e_8,010b32101467eec8ee7547ff0b4273c6570d1a3e_page_0008,010b32101467eec8ee7547ff0b4273c6570d1a3e.pdf#page=8,underscore_index,pending_review
010b954baee991271716f3cf02078768ce291cad_1,010b954baee991271716f3cf02078768ce291cad_page_0001,010b954baee991271716f3cf02078768ce291cad.pdf#page=1,underscore_index,pending_review
010b954baee991271716f3cf02078768ce291cad_2,010b954baee991271716f3cf02078768ce291cad_page_0002,010b954baee991271716f3cf02078768ce291cad.pdf#page=2,underscore_index,pending_review
010b954baee991271716f3cf02078768ce291cad_3,010b954baee991271716f3cf02078768ce291cad_page_0003,010b954baee991271716f3cf02078768ce291cad.pdf#page=3,underscore_index,pending_review
010b954baee991271716f3cf02078768ce291cad_4,010b954baee991271716f3cf02078768ce291cad_page_0004,010b954baee991271716f3cf02078768ce291cad.pdf#page=4,underscore_index,pending_review
010b954baee991271716f3cf02078768ce291cad_5,010b954baee991271716f3cf02078768ce291cad_page_0005,010b954baee991271716f3cf02078768ce291cad.pdf#page=5,underscore_index,pending_review
010b954baee991271716f3cf02078768ce291cad_6,010b954baee991271716f3cf02078768ce291cad_page_0006,010b954baee991271716f3cf02078768ce291cad.pdf#page=6,underscore_index,pending_review
010b954baee991271716f3cf02078768ce291cad_7,010b954baee991271716f3cf02078768ce291cad_page_0007,010b954baee991271716f3cf02078768ce291cad.pdf#page=7,underscore_index,pending_review
010b954baee991271716f3cf02078768ce291cad_8,010b954baee991271716f3cf02078768ce291cad_page_0008,010b954baee991271716f3cf02078768ce291cad.pdf#page=8,underscore_index,pending_review
010b954baee991271716f3cf02078768ce291cad_9,010b954baee991271716f3cf02078768ce291cad_page_0009,010b954baee991271716f3cf02078768ce291cad.pdf#page=9,underscore_index,pending_review
010b954baee991271716f3cf02078768ce291cad_10,010b954baee991271716f3cf02078768ce291cad_page_0010,010b954baee991271716f3cf02078768ce291cad.pdf#page=10,underscore_index,pending_review
010b954baee991271716f3cf02078768ce291cad_11,010b954baee991271716f3cf02078768ce291cad_page_0011,010b954baee991271716f3cf02078768ce291cad.pdf#page=11,underscore_index,pending_review
010b954baee991271716f3cf02078768ce291cad_12,010b954baee991271716f3cf02078768ce291cad_page_0012,010b954baee991271716f3cf02078768ce291cad.pdf#page=12,underscore_index,pending_review
010b954baee991271716f3cf02078768ce291cad_13,010b954baee991271716f3cf02078768ce291cad_page_0013,010b954baee991271716f3cf02078768ce291cad.pdf#page=13,underscore_index,pending_review
010b954baee991271716f3cf02078768ce291cad_14,010b954baee991271716f3cf02078768ce291cad_page_0014,010b954baee991271716f3cf02078768ce291cad.pdf#page=14,underscore_index,pending_review
010b954baee991271716f3cf02078768ce291cad_15,010b954baee991271716f3cf02078768ce291cad_page_0015,010b954baee991271716f3cf02078768ce291cad.pdf#page=15,underscore_index,pending_review
010b954baee991271716f3cf02078768ce291cad_16,010b954baee991271716f3cf02078768ce291cad_page_0016,010b954baee991271716f3cf02078768ce291cad.pdf#page=16,underscore_index,pending_review
010b954baee991271716f3cf02078768ce291cad_17,010b954baee991271716f3cf02078768ce291cad_page_0017,010b954baee991271716f3cf02078768ce291cad.pdf#page=17,underscore_index,pending_review
010b954baee991271716f3cf02078768ce291cad_18,010b954baee991271716f3cf02078768ce291cad_page_0018,010b954baee991271716f3cf02078768ce291cad.pdf#page=18,underscore_index,pending_review
010b954baee991271716f3cf02078768ce291cad_19,010b954baee991271716f3cf02078768ce291cad_page_0019,010b954baee991271716f3cf02078768ce291cad.pdf#page=19,underscore_index,pending_review
010b954baee991271716f3cf02078768ce291cad_20,010b954baee991271716f3cf02078768ce291cad_page_0020,010b954baee991271716f3cf02078768ce291cad.pdf#page=20,underscore_index,pending_review
010b954baee991271716f3cf02078768ce291cad_21,010b954baee991271716f3cf02078768ce291cad_page_0021,010b954baee991271716f3cf02078768ce291cad.pdf#page=21,underscore_index,pending_review
010b954baee991271716f3cf02078768ce291cad_22,010b954baee991271716f3cf02078768ce291cad_page_0022,010b954baee991271716f3cf02078768ce291cad.pdf#page=22,underscore_index,pending_review
0110a283b16e9eb0d864336a69f474f16bc246fc_1,0110a283b16e9eb0d864336a69f474f16bc246fc_page_0001,0110a283b16e9eb0d864336a69f474f16bc246fc.pdf#page=1,underscore_index,pending_review
0110a283b16e9eb0d864336a69f474f16bc246fc_2,0110a283b16e9eb0d864336a69f474f16bc246fc_page_0002,0110a283b16e9eb0d864336a69f474f16bc246fc.pdf#page=2,underscore_index,pending_review
0110a283b16e9eb0d864336a69f474f16bc246fc_3,0110a283b16e9eb0d864336a69f474f16bc246fc_page_0003,0110a283b16e9eb0d864336a69f474f16bc246fc.pdf#page=3,underscore_index,pending_review
0110a283b16e9eb0d864336a69f474f16bc246fc_4,0110a283b16e9eb0d864336a69f474f16bc246fc_page_0004,0110a283b16e9eb0d864336a69f474f16bc246fc.pdf#page=4,underscore_index,pending_review
0110a283b16e9eb0d864336a69f474f16bc246fc_5,0110a283b16e9eb0d864336a69f474f16bc246fc_page_0005,0110a283b16e9eb0d864336a69f474f16bc246fc.pdf#page=5,underscore_index,pending_review
0110a283b16e9eb0d864336a69f474f16bc246fc_6,0110a283b16e9eb0d864336a69f474f16bc246fc_page_0006,0110a283b16e9eb0d864336a69f474f16bc246fc.pdf#page=6,underscore_index,pending_review
0110a283b16e9eb0d864336a69f474f16bc246fc_7,0110a283b16e9eb0d864336a69f474f16bc246fc_page_0007,0110a283b16e9eb0d864336a69f474f16bc246fc.pdf#page=7,underscore_index,pending_review
0110a283b16e9eb0d864336a69f474f16bc246fc_8,0110a283b16e9eb0d864336a69f474f16bc246fc_page_0008,0110a283b16e9eb0d864336a69f474f16bc246fc.pdf#page=8,underscore_index,pending_review
0110a283b16e9eb0d864336a69f474f16bc246fc_9,0110a283b16e9eb0d864336a69f474f16bc246fc_page_0009,0110a283b16e9eb0d864336a69f474f16bc246fc.pdf#page=9,underscore_index,pending_review
0110a283b16e9eb0d864336a69f474f16bc246fc_10,0110a283b16e9eb0d864336a69f474f16bc246fc_page_0010,0110a283b16e9eb0d864336a69f474f16bc246fc.pdf#page=10,underscore_index,pending_review
0110a283b16e9eb0d864336a69f474f16bc246fc_11,0110a283b16e9eb0d864336a69f474f16bc246fc_page_0011,0110a283b16e9eb0d864336a69f474f16bc246fc.pdf#page=11,underscore_index,pending_review
0110a283b16e9eb0d864336a69f474f16bc246fc_12,0110a283b16e9eb0d864336a69f474f16bc246fc_page_0012,0110a283b16e9eb0d864336a69f474f16bc246fc.pdf#page=12,underscore_index,pending_review
0110a283b16e9eb0d864336a69f474f16bc246fc_13,0110a283b16e9eb0d864336a69f474f16bc246fc_page_0013,0110a283b16e9eb0d864336a69f474f16bc246fc.pdf#page=13,underscore_index,pending_review
0110a283b16e9eb0d864336a69f474f16bc246fc_14,0110a283b16e9eb0d864336a69f474f16bc246fc_page_0014,0110a283b16e9eb0d864336a69f474f16bc246fc.pdf#page=14,underscore_index,pending_review
0110a283b16e9eb0d864336a69f474f16bc246fc_15,0110a283b16e9eb0d864336a69f474f16bc246fc_page_0015,0110a283b16e9eb0d864336a69f474f16bc246fc.pdf#page=15,underscore_index,pending_review
0110a283b16e9eb0d864336a69f474f16bc246fc_16,0110a283b16e9eb0d864336a69f474f16bc246fc_page_0016,0110a283b16e9eb0d864336a69f474f16bc246fc.pdf#page=16,underscore_index,pending_review
0110a283b16e9eb0d864336a69f474f16bc246fc_17,0110a283b16e9eb0d864336a69f474f16bc246fc_page_0017,0110a283b16e9eb0d864336a69f474f16bc246fc.pdf#page=17,underscore_index,pending_review
0110a283b16e9eb0d864336a69f474f16bc246fc_18,0110a283b16e9eb0d864336a69f474f16bc246fc_page_0018,0110a283b16e9eb0d864336a69f474f16bc246fc.pdf#page=18,underscore_index,pending_review
0110a283b16e9eb0d864336a69f474f16bc246fc_19,0110a283b16e9eb0d864336a69f474f16bc246fc_page_0019,0110a283b16e9eb0d864336a69f474f16bc246fc.pdf#page=19,underscore_index,pending_review
0110a283b16e9eb0d864336a69f474f16bc246fc_20,0110a283b16e9eb0d864336a69f474f16bc246fc_page_0020,0110a283b16e9eb0d864336a69f474f16bc246fc.pdf#page=20,underscore_index,pending_review
0112ca2699d66e29e4030467d283e111e8460785_1,0112ca2699d66e29e4030467d283e111e8460785_page_0001,0112ca2699d66e29e4030467d283e111e8460785.pdf#page=1,underscore_index,pending_review
0112ca2699d66e29e4030467d283e111e8460785_2,0112ca2699d66e29e4030467d283e111e8460785_page_0002,0112ca2699d66e29e4030467d283e111e8460785.pdf#page=2,underscore_index,pending_review
0112ca2699d66e29e4030467d283e111e8460785_3,0112ca2699d66e29e4030467d283e111e8460785_page_0003,0112ca2699d66e29e4030467d283e111e8460785.pdf#page=3,underscore_index,pending_review
0112ca2699d66e29e4030467d283e111e8460785_4,0112ca2699d66e29e4030467d283e111e8460785_page_0004,0112ca2699d66e29e4030467d283e111e8460785.pdf#page=4,underscore_index,pending_review
0112ca2699d66e29e4030467d283e111e8460785_5,0112ca2699d66e29e4030467d283e111e8460785_page_0005,0112ca2699d66e29e4030467d283e111e8460785.pdf#page=5,underscore_index,pending_review
0112ca2699d66e29e4030467d283e111e8460785_6,0112ca2699d66e29e4030467d283e111e8460785_page_0006,0112ca2699d66e29e4030467d283e111e8460785.pdf#page=6,underscore_index,pending_review
0112ca2699d66e29e4030467d283e111e8460785_7,0112ca2699d66e29e4030467d283e111e8460785_page_0007,0112ca2699d66e29e4030467d283e111e8460785.pdf#page=7,underscore_index,pending_review
0112ca2699d66e29e4030467d283e111e8460785_8,0112ca2699d66e29e4030467d283e111e8460785_page_0008,0112ca2699d66e29e4030467d283e111e8460785.pdf#page=8,underscore_index,pending_review
0112ca2699d66e29e4030467d283e111e8460785_9,0112ca2699d66e29e4030467d283e111e8460785_page_0009,0112ca2699d66e29e4030467d283e111e8460785.pdf#page=9,underscore_index,pending_review
0112ca2699d66e29e4030467d283e111e8460785_10,0112ca2699d66e29e4030467d283e111e8460785_page_0010,0112ca2699d66e29e4030467d283e111e8460785.pdf#page=10,underscore_index,pending_review
0113e646ae1bfb91d3b7e0c7461ef216d49364ec_1,0113e646ae1bfb91d3b7e0c7461ef216d49364ec_page_0001,0113e646ae1bfb91d3b7e0c7461ef216d49364ec.pdf#page=1,underscore_index,pending_review
0113e646ae1bfb91d3b7e0c7461ef216d49364ec_2,0113e646ae1bfb91d3b7e0c7461ef216d49364ec_page_0002,0113e646ae1bfb91d3b7e0c7461ef216d49364ec.pdf#page=2,underscore_index,pending_review
0113e646ae1bfb91d3b7e0c7461ef216d49364ec_3,0113e646ae1bfb91d3b7e0c7461ef216d49364ec_page_0003,0113e646ae1bfb91d3b7e0c7461ef216d49364ec.pdf#page=3,underscore_index,pending_review
0113e646ae1bfb91d3b7e0c7461ef216d49364ec_4,0113e646ae1bfb91d3b7e0c7461ef216d49364ec_page_0004,0113e646ae1bfb91d3b7e0c7461ef216d49364ec.pdf#page=4,underscore_index,pending_review
0113e646ae1bfb91d3b7e0c7461ef216d49364ec_5,0113e646ae1bfb91d3b7e0c7461ef216d49364ec_page_0005,0113e646ae1bfb91d3b7e0c7461ef216d49364ec.pdf#page=5,underscore_index,pending_review
0113e646ae1bfb91d3b7e0c7461ef216d49364ec_6,0113e646ae1bfb91d3b7e0c7461ef216d49364ec_page_0006,0113e646ae1bfb91d3b7e0c7461ef216d49364ec.pdf#page=6,underscore_index,pending_review
0113e646ae1bfb91d3b7e0c7461ef216d49364ec_7,0113e646ae1bfb91d3b7e0c7461ef216d49364ec_page_0007,0113e646ae1bfb91d3b7e0c7461ef216d49364ec.pdf#page=7,underscore_index,pending_review
0113e646ae1bfb91d3b7e0c7461ef216d49364ec_8,0113e646ae1bfb91d3b7e0c7461ef216d49364ec_page_0008,0113e646ae1bfb91d3b7e0c7461ef216d49364ec.pdf#page=8,underscore_index,pending_review
0113e646ae1bfb91d3b7e0c7461ef216d49364ec_9,0113e646ae1bfb91d3b7e0c7461ef216d49364ec_page_0009,0113e646ae1bfb91d3b7e0c7461ef216d49364ec.pdf#page=9,underscore_index,pending_review
0113e646ae1bfb91d3b7e0c7461ef216d49364ec_10,0113e646ae1bfb91d3b7e0c7461ef216d49364ec_page_0010,0113e646ae1bfb91d3b7e0c7461ef216d49364ec.pdf#page=10,underscore_index,pending_review
0113e646ae1bfb91d3b7e0c7461ef216d49364ec_11,0113e646ae1bfb91d3b7e0c7461ef216d49364ec_page_0011,0113e646ae1bfb91d3b7e0c7461ef216d49364ec.pdf#page=11,underscore_index,pending_review
0113e646ae1bfb91d3b7e0c7461ef216d49364ec_12,0113e646ae1bfb91d3b7e0c7461ef216d49364ec_page_0012,0113e646ae1bfb91d3b7e0c7461ef216d49364ec.pdf#page=12,underscore_index,pending_review
0113e646ae1bfb91d3b7e0c7461ef216d49364ec_13,0113e646ae1bfb91d3b7e0c7461ef216d49364ec_page_0013,0113e646ae1bfb91d3b7e0c7461ef216d49364ec.pdf#page=13,underscore_index,pending_review
011a2465874f6d9a254213a736098a0a2bb02008_1,011a2465874f6d9a254213a736098a0a2bb02008_page_0001,011a2465874f6d9a254213a736098a0a2bb02008.pdf#page=1,underscore_index,pending_review
011a2465874f6d9a254213a736098a0a2bb02008_2,011a2465874f6d9a254213a736098a0a2bb02008_page_0002,011a2465874f6d9a254213a736098a0a2bb02008.pdf#page=2,underscore_index,pending_review
011a2465874f6d9a254213a736098a0a2bb02008_3,011a2465874f6d9a254213a736098a0a2bb02008_page_0003,011a2465874f6d9a254213a736098a0a2bb02008.pdf#page=3,underscore_index,pending_review
011a2465874f6d9a254213a736098a0a2bb02008_4,011a2465874f6d9a254213a736098a0a2bb02008_page_0004,011a2465874f6d9a254213a736098a0a2bb02008.pdf#page=4,underscore_index,pending_review
011a2465874f6d9a254213a736098a0a2bb02008_5,011a2465874f6d9a254213a736098a0a2bb02008_page_0005,011a2465874f6d9a254213a736098a0a2bb02008.pdf#page=5,underscore_index,pending_review
011a2465874f6d9a254213a736098a0a2bb02008_6,011a2465874f6d9a254213a736098a0a2bb02008_page_0006,011a2465874f6d9a254213a736098a0a2bb02008.pdf#page=6,underscore_index,pending_review
011a2465874f6d9a254213a736098a0a2bb02008_7,011a2465874f6d9a254213a736098a0a2bb02008_page_0007,011a2465874f6d9a254213a736098a0a2bb02008.pdf#page=7,underscore_index,pending_review
011a2465874f6d9a254213a736098a0a2bb02008_8,011a2465874f6d9a254213a736098a0a2bb02008_page_0008,011a2465874f6d9a254213a736098a0a2bb02008.pdf#page=8,underscore_index,pending_review
011a2465874f6d9a254213a736098a0a2bb02008_9,011a2465874f6d9a254213a736098a0a2bb02008_page_0009,011a2465874f6d9a254213a736098a0a2bb02008.pdf#page=9,underscore_index,pending_review
011a2465874f6d9a254213a736098a0a2bb02008_10,011a2465874f6d9a254213a736098a0a2bb02008_page_0010,011a2465874f6d9a254213a736098a0a2bb02008.pdf#page=10,underscore_index,pending_review
011a2465874f6d9a254213a736098a0a2bb02008_11,011a2465874f6d9a254213a736098a0a2bb02008_page_0011,011a2465874f6d9a254213a736098a0a2bb02008.pdf#page=11,underscore_index,pending_review
011a2465874f6d9a254213a736098a0a2bb02008_12,011a2465874f6d9a254213a736098a0a2bb02008_page_0012,011a2465874f6d9a254213a736098a0a2bb02008.pdf#page=12,underscore_index,pending_review
011a2465874f6d9a254213a736098a0a2bb02008_13,011a2465874f6d9a254213a736098a0a2bb02008_page_0013,011a2465874f6d9a254213a736098a0a2bb02008.pdf#page=13,underscore_index,pending_review
011d63ccb0a9d4bf4acb930130cab628f8257a80_1,011d63ccb0a9d4bf4acb930130cab628f8257a80_page_0001,011d63ccb0a9d4bf4acb930130cab628f8257a80.pdf#page=1,underscore_index,pending_review
011d63ccb0a9d4bf4acb930130cab628f8257a80_2,011d63ccb0a9d4bf4acb930130cab628f8257a80_page_0002,011d63ccb0a9d4bf4acb930130cab628f8257a80.pdf#page=2,underscore_index,pending_review
011d63ccb0a9d4bf4acb930130cab628f8257a80_3,011d63ccb0a9d4bf4acb930130cab628f8257a80_page_0003,011d63ccb0a9d4bf4acb930130cab628f8257a80.pdf#page=3,underscore_index,pending_review
011d63ccb0a9d4bf4acb930130cab628f8257a80_4,011d63ccb0a9d4bf4acb930130cab628f8257a80_page_0004,011d63ccb0a9d4bf4acb930130cab628f8257a80.pdf#page=4,underscore_index,pending_review
011d63ccb0a9d4bf4acb930130cab628f8257a80_5,011d63ccb0a9d4bf4acb930130cab628f8257a80_page_0005,011d63ccb0a9d4bf4acb930130cab628f8257a80.pdf#page=5,underscore_index,pending_review
011d63ccb0a9d4bf4acb930130cab628f8257a80_6,011d63ccb0a9d4bf4acb930130cab628f8257a80_page_0006,011d63ccb0a9d4bf4acb930130cab628f8257a80.pdf#page=6,underscore_index,pending_review
011d63ccb0a9d4bf4acb930130cab628f8257a80_7,011d63ccb0a9d4bf4acb930130cab628f8257a80_page_0007,011d63ccb0a9d4bf4acb930130cab628f8257a80.pdf#page=7,underscore_index,pending_review
011d63ccb0a9d4bf4acb930130cab628f8257a80_8,011d63ccb0a9d4bf4acb930130cab628f8257a80_page_0008,011d63ccb0a9d4bf4acb930130cab628f8257a80.pdf#page=8,underscore_index,pending_review
011d63ccb0a9d4bf4acb930130cab628f8257a80_9,011d63ccb0a9d4bf4acb930130cab628f8257a80_page_0009,011d63ccb0a9d4bf4acb930130cab628f8257a80.pdf#page=9,underscore_index,pending_review
011d63ccb0a9d4bf4acb930130cab628f8257a80_10,011d63ccb0a9d4bf4acb930130cab628f8257a80_page_0010,011d63ccb0a9d4bf4acb930130cab628f8257a80.pdf#page=10,underscore_index,pending_review
011d63ccb0a9d4bf4acb930130cab628f8257a80_11,011d63ccb0a9d4bf4acb930130cab628f8257a80_page_0011,011d63ccb0a9d4bf4acb930130cab628f8257a80.pdf#page=11,underscore_index,pending_review
011d63ccb0a9d4bf4acb930130cab628f8257a80_12,011d63ccb0a9d4bf4acb930130cab628f8257a80_page_0012,011d63ccb0a9d4bf4acb930130cab628f8257a80.pdf#page=12,underscore_index,pending_review
011d63ccb0a9d4bf4acb930130cab628f8257a80_13,011d63ccb0a9d4bf4acb930130cab628f8257a80_page_0013,011d63ccb0a9d4bf4acb930130cab628f8257a80.pdf#page=13,underscore_index,pending_review
011d63ccb0a9d4bf4acb930130cab628f8257a80_14,011d63ccb0a9d4bf4acb930130cab628f8257a80_page_0014,011d63ccb0a9d4bf4acb930130cab628f8257a80.pdf#page=14,underscore_index,pending_review
011d63ccb0a9d4bf4acb930130cab628f8257a80_15,011d63ccb0a9d4bf4acb930130cab628f8257a80_page_0015,011d63ccb0a9d4bf4acb930130cab628f8257a80.pdf#page=15,underscore_index,pending_review
011d63ccb0a9d4bf4acb930130cab628f8257a80_16,011d63ccb0a9d4bf4acb930130cab628f8257a80_page_0016,011d63ccb0a9d4bf4acb930130cab628f8257a80.pdf#page=16,underscore_index,pending_review
011d63ccb0a9d4bf4acb930130cab628f8257a80_17,011d63ccb0a9d4bf4acb930130cab628f8257a80_page_0017,011d63ccb0a9d4bf4acb930130cab628f8257a80.pdf#page=17,underscore_index,pending_review
011d63ccb0a9d4bf4acb930130cab628f8257a80_18,011d63ccb0a9d4bf4acb930130cab628f8257a80_page_0018,011d63ccb0a9d4bf4acb930130cab628f8257a80.pdf#page=18,underscore_index,pending_review
011d63ccb0a9d4bf4acb930130cab628f8257a80_19,011d63ccb0a9d4bf4acb930130cab628f8257a80_page_0019,011d63ccb0a9d4bf4acb930130cab628f8257a80.pdf#page=19,underscore_index,pending_review
011d63ccb0a9d4bf4acb930130cab628f8257a80_20,011d63ccb0a9d4bf4acb930130cab628f8257a80_page_0020,011d63ccb0a9d4bf4acb930130cab628f8257a80.pdf#page=20,underscore_index,pending_review
011d63ccb0a9d4bf4acb930130cab628f8257a80_21,011d63ccb0a9d4bf4acb930130cab628f8257a80_page_0021,011d63ccb0a9d4bf4acb930130cab628f8257a80.pdf#page=21,underscore_index,pending_review
011d63ccb0a9d4bf4acb930130cab628f8257a80_22,011d63ccb0a9d4bf4acb930130cab628f8257a80_page_0022,011d63ccb0a9d4bf4acb930130cab628f8257a80.pdf#page=22,underscore_index,pending_review
011d63ccb0a9d4bf4acb930130cab628f8257a80_23,011d63ccb0a9d4bf4acb930130cab628f8257a80_page_0023,011d63ccb0a9d4bf4acb930130cab628f8257a80.pdf#page=23,underscore_index,pending_review
011d63ccb0a9d4bf4acb930130cab628f8257a80_24,011d63ccb0a9d4bf4acb930130cab628f8257a80_page_0024,011d63ccb0a9d4bf4acb930130cab628f8257a80.pdf#page=24,underscore_index,pending_review
011e012b28d60278c243b200eaf19952a725370c_1,011e012b28d60278c243b200eaf19952a725370c_page_0001,011e012b28d60278c243b200eaf19952a725370c.pdf#page=1,underscore_index,pending_review
011e012b28d60278c243b200eaf19952a725370c_2,011e012b28d60278c243b200eaf19952a725370c_page_0002,011e012b28d60278c243b200eaf19952a725370c.pdf#page=2,underscore_index,pending_review
011e012b28d60278c243b200eaf19952a725370c_3,011e012b28d60278c243b200eaf19952a725370c_page_0003,011e012b28d60278c243b200eaf19952a725370c.pdf#page=3,underscore_index,pending_review
011e012b28d60278c243b200eaf19952a725370c_4,011e012b28d60278c243b200eaf19952a725370c_page_0004,011e012b28d60278c243b200eaf19952a725370c.pdf#page=4,underscore_index,pending_review
011e012b28d60278c243b200eaf19952a725370c_5,011e012b28d60278c243b200eaf19952a725370c_page_0005,011e012b28d60278c243b200eaf19952a725370c.pdf#page=5,underscore_index,pending_review
011e012b28d60278c243b200eaf19952a725370c_6,011e012b28d60278c243b200eaf19952a725370c_page_0006,011e012b28d60278c243b200eaf19952a725370c.pdf#page=6,underscore_index,pending_review
011e012b28d60278c243b200eaf19952a725370c_7,011e012b28d60278c243b200eaf19952a725370c_page_0007,011e012b28d60278c243b200eaf19952a725370c.pdf#page=7,underscore_index,pending_review
011e012b28d60278c243b200eaf19952a725370c_8,011e012b28d60278c243b200eaf19952a725370c_page_0008,011e012b28d60278c243b200eaf19952a725370c.pdf#page=8,underscore_index,pending_review
011e012b28d60278c243b200eaf19952a725370c_9,011e012b28d60278c243b200eaf19952a725370c_page_0009,011e012b28d60278c243b200eaf19952a725370c.pdf#page=9,underscore_index,pending_review
011e012b28d60278c243b200eaf19952a725370c_10,011e012b28d60278c243b200eaf19952a725370c_page_0010,011e012b28d60278c243b200eaf19952a725370c.pdf#page=10,underscore_index,pending_review
01205fc33e82bddd5ac1382b8b99368f54bec83f_1,01205fc33e82bddd5ac1382b8b99368f54bec83f_page_0001,01205fc33e82bddd5ac1382b8b99368f54bec83f.pdf#page=1,underscore_index,pending_review
01205fc33e82bddd5ac1382b8b99368f54bec83f_2,01205fc33e82bddd5ac1382b8b99368f54bec83f_page_0002,01205fc33e82bddd5ac1382b8b99368f54bec83f.pdf#page=2,underscore_index,pending_review
01205fc33e82bddd5ac1382b8b99368f54bec83f_3,01205fc33e82bddd5ac1382b8b99368f54bec83f_page_0003,01205fc33e82bddd5ac1382b8b99368f54bec83f.pdf#page=3,underscore_index,pending_review
01205fc33e82bddd5ac1382b8b99368f54bec83f_4,01205fc33e82bddd5ac1382b8b99368f54bec83f_page_0004,01205fc33e82bddd5ac1382b8b99368f54bec83f.pdf#page=4,underscore_index,pending_review
01205fc33e82bddd5ac1382b8b99368f54bec83f_5,01205fc33e82bddd5ac1382b8b99368f54bec83f_page_0005,01205fc33e82bddd5ac1382b8b99368f54bec83f.pdf#page=5,underscore_index,pending_review
01205fc33e82bddd5ac1382b8b99368f54bec83f_6,01205fc33e82bddd5ac1382b8b99368f54bec83f_page_0006,01205fc33e82bddd5ac1382b8b99368f54bec83f.pdf#page=6,underscore_index,pending_review
01205fc33e82bddd5ac1382b8b99368f54bec83f_7,01205fc33e82bddd5ac1382b8b99368f54bec83f_page_0007,01205fc33e82bddd5ac1382b8b99368f54bec83f.pdf#page=7,underscore_index,pending_review
01205fc33e82bddd5ac1382b8b99368f54bec83f_8,01205fc33e82bddd5ac1382b8b99368f54bec83f_page_0008,01205fc33e82bddd5ac1382b8b99368f54bec83f.pdf#page=8,underscore_index,pending_review
01205fc33e82bddd5ac1382b8b99368f54bec83f_9,01205fc33e82bddd5ac1382b8b99368f54bec83f_page_0009,01205fc33e82bddd5ac1382b8b99368f54bec83f.pdf#page=9,underscore_index,pending_review
01205fc33e82bddd5ac1382b8b99368f54bec83f_10,01205fc33e82bddd5ac1382b8b99368f54bec83f_page_0010,01205fc33e82bddd5ac1382b8b99368f54bec83f.pdf#page=10,underscore_index,pending_review
01205fc33e82bddd5ac1382b8b99368f54bec83f_11,01205fc33e82bddd5ac1382b8b99368f54bec83f_page_0011,01205fc33e82bddd5ac1382b8b99368f54bec83f.pdf#page=11,underscore_index,pending_review
01205fc33e82bddd5ac1382b8b99368f54bec83f_12,01205fc33e82bddd5ac1382b8b99368f54bec83f_page_0012,01205fc33e82bddd5ac1382b8b99368f54bec83f.pdf#page=12,underscore_index,pending_review
01205fc33e82bddd5ac1382b8b99368f54bec83f_13,01205fc33e82bddd5ac1382b8b99368f54bec83f_page_0013,01205fc33e82bddd5ac1382b8b99368f54bec83f.pdf#page=13,underscore_index,pending_review
01205fc33e82bddd5ac1382b8b99368f54bec83f_14,01205fc33e82bddd5ac1382b8b99368f54bec83f_page_0014,01205fc33e82bddd5ac1382b8b99368f54bec83f.pdf#page=14,underscore_index,pending_review
01205fc33e82bddd5ac1382b8b99368f54bec83f_15,01205fc33e82bddd5ac1382b8b99368f54bec83f_page_0015,01205fc33e82bddd5ac1382b8b99368f54bec83f.pdf#page=15,underscore_index,pending_review
01205fc33e82bddd5ac1382b8b99368f54bec83f_16,01205fc33e82bddd5ac1382b8b99368f54bec83f_page_0016,01205fc33e82bddd5ac1382b8b99368f54bec83f.pdf#page=16,underscore_index,pending_review
01205fc33e82bddd5ac1382b8b99368f54bec83f_17,01205fc33e82bddd5ac1382b8b99368f54bec83f_page_0017,01205fc33e82bddd5ac1382b8b99368f54bec83f.pdf#page=17,underscore_index,pending_review
01205fc33e82bddd5ac1382b8b99368f54bec83f_18,01205fc33e82bddd5ac1382b8b99368f54bec83f_page_0018,01205fc33e82bddd5ac1382b8b99368f54bec83f.pdf#page=18,underscore_index,pending_review
0123e4fee5e59cc7a1476402986a2b9fb41162c2_1,0123e4fee5e59cc7a1476402986a2b9fb41162c2_page_0001,0123e4fee5e59cc7a1476402986a2b9fb41162c2.pdf#page=1,underscore_index,pending_review
0123e4fee5e59cc7a1476402986a2b9fb41162c2_2,0123e4fee5e59cc7a1476402986a2b9fb41162c2_page_0002,0123e4fee5e59cc7a1476402986a2b9fb41162c2.pdf#page=2,underscore_index,pending_review
0123e4fee5e59cc7a1476402986a2b9fb41162c2_3,0123e4fee5e59cc7a1476402986a2b9fb41162c2_page_0003,0123e4fee5e59cc7a1476402986a2b9fb41162c2.pdf#page=3,underscore_index,pending_review
0123e4fee5e59cc7a1476402986a2b9fb41162c2_4,0123e4fee5e59cc7a1476402986a2b9fb41162c2_page_0004,0123e4fee5e59cc7a1476402986a2b9fb41162c2.pdf#page=4,underscore_index,pending_review
0123e4fee5e59cc7a1476402986a2b9fb41162c2_5,0123e4fee5e59cc7a1476402986a2b9fb41162c2_page_0005,0123e4fee5e59cc7a1476402986a2b9fb41162c2.pdf#page=5,underscore_index,pending_review
0123e4fee5e59cc7a1476402986a2b9fb41162c2_6,0123e4fee5e59cc7a1476402986a2b9fb41162c2_page_0006,0123e4fee5e59cc7a1476402986a2b9fb41162c2.pdf#page=6,underscore_index,pending_review
0123e4fee5e59cc7a1476402986a2b9fb41162c2_7,0123e4fee5e59cc7a1476402986a2b9fb41162c2_page_0007,0123e4fee5e59cc7a1476402986a2b9fb41162c2.pdf#page=7,underscore_index,pending_review
0123e4fee5e59cc7a1476402986a2b9fb41162c2_8,0123e4fee5e59cc7a1476402986a2b9fb41162c2_page_0008,0123e4fee5e59cc7a1476402986a2b9fb41162c2.pdf#page=8,underscore_index,pending_review
0123e4fee5e59cc7a1476402986a2b9fb41162c2_9,0123e4fee5e59cc7a1476402986a2b9fb41162c2_page_0009,0123e4fee5e59cc7a1476402986a2b9fb41162c2.pdf#page=9,underscore_index,pending_review
0123e4fee5e59cc7a1476402986a2b9fb41162c2_10,0123e4fee5e59cc7a1476402986a2b9fb41162c2_page_0010,0123e4fee5e59cc7a1476402986a2b9fb41162c2.pdf#page=10,underscore_index,pending_review
012cc40cf7002584e28a0bb878bcee275f0709c3_1,012cc40cf7002584e28a0bb878bcee275f0709c3_page_0001,012cc40cf7002584e28a0bb878bcee275f0709c3.pdf#page=1,underscore_index,pending_review
012cc40cf7002584e28a0bb878bcee275f0709c3_2,012cc40cf7002584e28a0bb878bcee275f0709c3_page_0002,012cc40cf7002584e28a0bb878bcee275f0709c3.pdf#page=2,underscore_index,pending_review
012cc40cf7002584e28a0bb878bcee275f0709c3_3,012cc40cf7002584e28a0bb878bcee275f0709c3_page_0003,012cc40cf7002584e28a0bb878bcee275f0709c3.pdf#page=3,underscore_index,pending_review
012cc40cf7002584e28a0bb878bcee275f0709c3_4,012cc40cf7002584e28a0bb878bcee275f0709c3_page_0004,012cc40cf7002584e28a0bb878bcee275f0709c3.pdf#page=4,underscore_index,pending_review
012cc40cf7002584e28a0bb878bcee275f0709c3_5,012cc40cf7002584e28a0bb878bcee275f0709c3_page_0005,012cc40cf7002584e28a0bb878bcee275f0709c3.pdf#page=5,underscore_index,pending_review
012cc40cf7002584e28a0bb878bcee275f0709c3_6,012cc40cf7002584e28a0bb878bcee275f0709c3_page_0006,012cc40cf7002584e28a0bb878bcee275f0709c3.pdf#page=6,underscore_index,pending_review
012cc40cf7002584e28a0bb878bcee275f0709c3_7,012cc40cf7002584e28a0bb878bcee275f0709c3_page_0007,012cc40cf7002584e28a0bb878bcee275f0709c3.pdf#page=7,underscore_index,pending_review
012cc40cf7002584e28a0bb878bcee275f0709c3_8,012cc40cf7002584e28a0bb878bcee275f0709c3_page_0008,012cc40cf7002584e28a0bb878bcee275f0709c3.pdf#page=8,underscore_index,pending_review
012cc40cf7002584e28a0bb878bcee275f0709c3_9,012cc40cf7002584e28a0bb878bcee275f0709c3_page_0009,012cc40cf7002584e28a0bb878bcee275f0709c3.pdf#page=9,underscore_index,pending_review
012cc40cf7002584e28a0bb878bcee275f0709c3_10,012cc40cf7002584e28a0bb878bcee275f0709c3_page_0010,012cc40cf7002584e28a0bb878bcee275f0709c3.pdf#page=10,underscore_index,pending_review
012cc40cf7002584e28a0bb878bcee275f0709c3_11,012cc40cf7002584e28a0bb878bcee275f0709c3_page_0011,012cc40cf7002584e28a0bb878bcee275f0709c3.pdf#page=11,underscore_index,pending_review
012cc40cf7002584e28a0bb878bcee275f0709c3_12,012cc40cf7002584e28a0bb878bcee275f0709c3_page_0012,012cc40cf7002584e28a0bb878bcee275f0709c3.pdf#page=12,underscore_index,pending_review
012cc40cf7002584e28a0bb878bcee275f0709c3_13,012cc40cf7002584e28a0bb878bcee275f0709c3_page_0013,012cc40cf7002584e28a0bb878bcee275f0709c3.pdf#page=13,underscore_index,pending_review
012cc40cf7002584e28a0bb878bcee275f0709c3_14,012cc40cf7002584e28a0bb878bcee275f0709c3_page_0014,012cc40cf7002584e28a0bb878bcee275f0709c3.pdf#page=14,underscore_index,pending_review
012cc40cf7002584e28a0bb878bcee275f0709c3_15,012cc40cf7002584e28a0bb878bcee275f0709c3_page_0015,012cc40cf7002584e28a0bb878bcee275f0709c3.pdf#page=15,underscore_index,pending_review
012cc40cf7002584e28a0bb878bcee275f0709c3_16,012cc40cf7002584e28a0bb878bcee275f0709c3_page_0016,012cc40cf7002584e28a0bb878bcee275f0709c3.pdf#page=16,underscore_index,pending_review
012cc40cf7002584e28a0bb878bcee275f0709c3_17,012cc40cf7002584e28a0bb878bcee275f0709c3_page_0017,012cc40cf7002584e28a0bb878bcee275f0709c3.pdf#page=17,underscore_index,pending_review
012cc40cf7002584e28a0bb878bcee275f0709c3_18,012cc40cf7002584e28a0bb878bcee275f0709c3_page_0018,012cc40cf7002584e28a0bb878bcee275f0709c3.pdf#page=18,underscore_index,pending_review
01308bf277aae0458648b3e45465b72b296bec79_1,01308bf277aae0458648b3e45465b72b296bec79_page_0001,01308bf277aae0458648b3e45465b72b296bec79.pdf#page=1,underscore_index,pending_review
01308bf277aae0458648b3e45465b72b296bec79_2,01308bf277aae0458648b3e45465b72b296bec79_page_0002,01308bf277aae0458648b3e45465b72b296bec79.pdf#page=2,underscore_index,pending_review
01308bf277aae0458648b3e45465b72b296bec79_3,01308bf277aae0458648b3e45465b72b296bec79_page_0003,01308bf277aae0458648b3e45465b72b296bec79.pdf#page=3,underscore_index,pending_review
01308bf277aae0458648b3e45465b72b296bec79_4,01308bf277aae0458648b3e45465b72b296bec79_page_0004,01308bf277aae0458648b3e45465b72b296bec79.pdf#page=4,underscore_index,pending_review
01308bf277aae0458648b3e45465b72b296bec79_5,01308bf277aae0458648b3e45465b72b296bec79_page_0005,01308bf277aae0458648b3e45465b72b296bec79.pdf#page=5,underscore_index,pending_review
01308bf277aae0458648b3e45465b72b296bec79_6,01308bf277aae0458648b3e45465b72b296bec79_page_0006,01308bf277aae0458648b3e45465b72b296bec79.pdf#page=6,underscore_index,pending_review
01308bf277aae0458648b3e45465b72b296bec79_7,01308bf277aae0458648b3e45465b72b296bec79_page_0007,01308bf277aae0458648b3e45465b72b296bec79.pdf#page=7,underscore_index,pending_review
01308bf277aae0458648b3e45465b72b296bec79_8,01308bf277aae0458648b3e45465b72b296bec79_page_0008,01308bf277aae0458648b3e45465b72b296bec79.pdf#page=8,underscore_index,pending_review
01308bf277aae0458648b3e45465b72b296bec79_9,01308bf277aae0458648b3e45465b72b296bec79_page_0009,01308bf277aae0458648b3e45465b72b296bec79.pdf#page=9,underscore_index,pending_review
01308bf277aae0458648b3e45465b72b296bec79_10,01308bf277aae0458648b3e45465b72b296bec79_page_0010,01308bf277aae0458648b3e45465b72b296bec79.pdf#page=10,underscore_index,pending_review
01308bf277aae0458648b3e45465b72b296bec79_11,01308bf277aae0458648b3e45465b72b296bec79_page_0011,01308bf277aae0458648b3e45465b72b296bec79.pdf#page=11,underscore_index,pending_review
01308bf277aae0458648b3e45465b72b296bec79_12,01308bf277aae0458648b3e45465b72b296bec79_page_0012,01308bf277aae0458648b3e45465b72b296bec79.pdf#page=12,underscore_index,pending_review
01308bf277aae0458648b3e45465b72b296bec79_13,01308bf277aae0458648b3e45465b72b296bec79_page_0013,01308bf277aae0458648b3e45465b72b296bec79.pdf#page=13,underscore_index,pending_review
01308bf277aae0458648b3e45465b72b296bec79_14,01308bf277aae0458648b3e45465b72b296bec79_page_0014,01308bf277aae0458648b3e45465b72b296bec79.pdf#page=14,underscore_index,pending_review
01308bf277aae0458648b3e45465b72b296bec79_15,01308bf277aae0458648b3e45465b72b296bec79_page_0015,01308bf277aae0458648b3e45465b72b296bec79.pdf#page=15,underscore_index,pending_review
01308bf277aae0458648b3e45465b72b296bec79_16,01308bf277aae0458648b3e45465b72b296bec79_page_0016,01308bf277aae0458648b3e45465b72b296bec79.pdf#page=16,underscore_index,pending_review
01308bf277aae0458648b3e45465b72b296bec79_17,01308bf277aae0458648b3e45465b72b296bec79_page_0017,01308bf277aae0458648b3e45465b72b296bec79.pdf#page=17,underscore_index,pending_review
01308bf277aae0458648b3e45465b72b296bec79_18,01308bf277aae0458648b3e45465b72b296bec79_page_0018,01308bf277aae0458648b3e45465b72b296bec79.pdf#page=18,underscore_index,pending_review
01308bf277aae0458648b3e45465b72b296bec79_19,01308bf277aae0458648b3e45465b72b296bec79_page_0019,01308bf277aae0458648b3e45465b72b296bec79.pdf#page=19,underscore_index,pending_review
01308bf277aae0458648b3e45465b72b296bec79_20,01308bf277aae0458648b3e45465b72b296bec79_page_0020,01308bf277aae0458648b3e45465b72b296bec79.pdf#page=20,underscore_index,pending_review
01308bf277aae0458648b3e45465b72b296bec79_21,01308bf277aae0458648b3e45465b72b296bec79_page_0021,01308bf277aae0458648b3e45465b72b296bec79.pdf#page=21,underscore_index,pending_review
01308bf277aae0458648b3e45465b72b296bec79_22,01308bf277aae0458648b3e45465b72b296bec79_page_0022,01308bf277aae0458648b3e45465b72b296bec79.pdf#page=22,underscore_index,pending_review
01366bd3d0d29464d17b4b237c57f9212335e065_1,01366bd3d0d29464d17b4b237c57f9212335e065_page_0001,01366bd3d0d29464d17b4b237c57f9212335e065.pdf#page=1,underscore_index,pending_review
01366bd3d0d29464d17b4b237c57f9212335e065_2,01366bd3d0d29464d17b4b237c57f9212335e065_page_0002,01366bd3d0d29464d17b4b237c57f9212335e065.pdf#page=2,underscore_index,pending_review
01366bd3d0d29464d17b4b237c57f9212335e065_3,01366bd3d0d29464d17b4b237c57f9212335e065_page_0003,01366bd3d0d29464d17b4b237c57f9212335e065.pdf#page=3,underscore_index,pending_review
01366bd3d0d29464d17b4b237c57f9212335e065_4,01366bd3d0d29464d17b4b237c57f9212335e065_page_0004,01366bd3d0d29464d17b4b237c57f9212335e065.pdf#page=4,underscore_index,pending_review
01366bd3d0d29464d17b4b237c57f9212335e065_5,01366bd3d0d29464d17b4b237c57f9212335e065_page_0005,01366bd3d0d29464d17b4b237c57f9212335e065.pdf#page=5,underscore_index,pending_review
01366bd3d0d29464d17b4b237c57f9212335e065_6,01366bd3d0d29464d17b4b237c57f9212335e065_page_0006,01366bd3d0d29464d17b4b237c57f9212335e065.pdf#page=6,underscore_index,pending_review
01366bd3d0d29464d17b4b237c57f9212335e065_7,01366bd3d0d29464d17b4b237c57f9212335e065_page_0007,01366bd3d0d29464d17b4b237c57f9212335e065.pdf#page=7,underscore_index,pending_review
01366bd3d0d29464d17b4b237c57f9212335e065_8,01366bd3d0d29464d17b4b237c57f9212335e065_page_0008,01366bd3d0d29464d17b4b237c57f9212335e065.pdf#page=8,underscore_index,pending_review
01366bd3d0d29464d17b4b237c57f9212335e065_9,01366bd3d0d29464d17b4b237c57f9212335e065_page_0009,01366bd3d0d29464d17b4b237c57f9212335e065.pdf#page=9,underscore_index,pending_review
01366bd3d0d29464d17b4b237c57f9212335e065_10,01366bd3d0d29464d17b4b237c57f9212335e065_page_0010,01366bd3d0d29464d17b4b237c57f9212335e065.pdf#page=10,underscore_index,pending_review
01366bd3d0d29464d17b4b237c57f9212335e065_11,01366bd3d0d29464d17b4b237c57f9212335e065_page_0011,01366bd3d0d29464d17b4b237c57f9212335e065.pdf#page=11,underscore_index,pending_review
01366bd3d0d29464d17b4b237c57f9212335e065_12,01366bd3d0d29464d17b4b237c57f9212335e065_page_0012,01366bd3d0d29464d17b4b237c57f9212335e065.pdf#page=12,underscore_index,pending_review
01366bd3d0d29464d17b4b237c57f9212335e065_13,01366bd3d0d29464d17b4b237c57f9212335e065_page_0013,01366bd3d0d29464d17b4b237c57f9212335e065.pdf#page=13,underscore_index,pending_review
01366bd3d0d29464d17b4b237c57f9212335e065_14,01366bd3d0d29464d17b4b237c57f9212335e065_page_0014,01366bd3d0d29464d17b4b237c57f9212335e065.pdf#page=14,underscore_index,pending_review
01366bd3d0d29464d17b4b237c57f9212335e065_15,01366bd3d0d29464d17b4b237c57f9212335e065_page_0015,01366bd3d0d29464d17b4b237c57f9212335e065.pdf#page=15,underscore_index,pending_review
01366bd3d0d29464d17b4b237c57f9212335e065_16,01366bd3d0d29464d17b4b237c57f9212335e065_page_0016,01366bd3d0d29464d17b4b237c57f9212335e065.pdf#page=16,underscore_index,pending_review
013a76b7d4fff54f05699693f7bcdf0a146db252_1,013a76b7d4fff54f05699693f7bcdf0a146db252_page_0001,013a76b7d4fff54f05699693f7bcdf0a146db252.pdf#page=1,underscore_index,pending_review
013a76b7d4fff54f05699693f7bcdf0a146db252_2,013a76b7d4fff54f05699693f7bcdf0a146db252_page_0002,013a76b7d4fff54f05699693f7bcdf0a146db252.pdf#page=2,underscore_index,pending_review
013a76b7d4fff54f05699693f7bcdf0a146db252_3,013a76b7d4fff54f05699693f7bcdf0a146db252_page_0003,013a76b7d4fff54f05699693f7bcdf0a146db252.pdf#page=3,underscore_index,pending_review
013a76b7d4fff54f05699693f7bcdf0a146db252_4,013a76b7d4fff54f05699693f7bcdf0a146db252_page_0004,013a76b7d4fff54f05699693f7bcdf0a146db252.pdf#page=4,underscore_index,pending_review
013a76b7d4fff54f05699693f7bcdf0a146db252_5,013a76b7d4fff54f05699693f7bcdf0a146db252_page_0005,013a76b7d4fff54f05699693f7bcdf0a146db252.pdf#page=5,underscore_index,pending_review
013a76b7d4fff54f05699693f7bcdf0a146db252_6,013a76b7d4fff54f05699693f7bcdf0a146db252_page_0006,013a76b7d4fff54f05699693f7bcdf0a146db252.pdf#page=6,underscore_index,pending_review
013a76b7d4fff54f05699693f7bcdf0a146db252_7,013a76b7d4fff54f05699693f7bcdf0a146db252_page_0007,013a76b7d4fff54f05699693f7bcdf0a146db252.pdf#page=7,underscore_index,pending_review
013a76b7d4fff54f05699693f7bcdf0a146db252_8,013a76b7d4fff54f05699693f7bcdf0a146db252_page_0008,013a76b7d4fff54f05699693f7bcdf0a146db252.pdf#page=8,underscore_index,pending_review
013a76b7d4fff54f05699693f7bcdf0a146db252_9,013a76b7d4fff54f05699693f7bcdf0a146db252_page_0009,013a76b7d4fff54f05699693f7bcdf0a146db252.pdf#page=9,underscore_index,pending_review
013a76b7d4fff54f05699693f7bcdf0a146db252_10,013a76b7d4fff54f05699693f7bcdf0a146db252_page_0010,013a76b7d4fff54f05699693f7bcdf0a146db252.pdf#page=10,underscore_index,pending_review
013a76b7d4fff54f05699693f7bcdf0a146db252_11,013a76b7d4fff54f05699693f7bcdf0a146db252_page_0011,013a76b7d4fff54f05699693f7bcdf0a146db252.pdf#page=11,underscore_index,pending_review
013a76b7d4fff54f05699693f7bcdf0a146db252_12,013a76b7d4fff54f05699693f7bcdf0a146db252_page_0012,013a76b7d4fff54f05699693f7bcdf0a146db252.pdf#page=12,underscore_index,pending_review
013a76b7d4fff54f05699693f7bcdf0a146db252_13,013a76b7d4fff54f05699693f7bcdf0a146db252_page_0013,013a76b7d4fff54f05699693f7bcdf0a146db252.pdf#page=13,underscore_index,pending_review
013a76b7d4fff54f05699693f7bcdf0a146db252_14,013a76b7d4fff54f05699693f7bcdf0a146db252_page_0014,013a76b7d4fff54f05699693f7bcdf0a146db252.pdf#page=14,underscore_index,pending_review
013a76b7d4fff54f05699693f7bcdf0a146db252_15,013a76b7d4fff54f05699693f7bcdf0a146db252_page_0015,013a76b7d4fff54f05699693f7bcdf0a146db252.pdf#page=15,underscore_index,pending_review
0141423d1458ba94137419fea5eaaa76ff9e66f5_1,0141423d1458ba94137419fea5eaaa76ff9e66f5_page_0001,0141423d1458ba94137419fea5eaaa76ff9e66f5.pdf#page=1,underscore_index,pending_review
0141423d1458ba94137419fea5eaaa76ff9e66f5_2,0141423d1458ba94137419fea5eaaa76ff9e66f5_page_0002,0141423d1458ba94137419fea5eaaa76ff9e66f5.pdf#page=2,underscore_index,pending_review
0141423d1458ba94137419fea5eaaa76ff9e66f5_3,0141423d1458ba94137419fea5eaaa76ff9e66f5_page_0003,0141423d1458ba94137419fea5eaaa76ff9e66f5.pdf#page=3,underscore_index,pending_review
0141423d1458ba94137419fea5eaaa76ff9e66f5_4,0141423d1458ba94137419fea5eaaa76ff9e66f5_page_0004,0141423d1458ba94137419fea5eaaa76ff9e66f5.pdf#page=4,underscore_index,pending_review
0141423d1458ba94137419fea5eaaa76ff9e66f5_5,0141423d1458ba94137419fea5eaaa76ff9e66f5_page_0005,0141423d1458ba94137419fea5eaaa76ff9e66f5.pdf#page=5,underscore_index,pending_review
0141423d1458ba94137419fea5eaaa76ff9e66f5_6,0141423d1458ba94137419fea5eaaa76ff9e66f5_page_0006,0141423d1458ba94137419fea5eaaa76ff9e66f5.pdf#page=6,underscore_index,pending_review
0141423d1458ba94137419fea5eaaa76ff9e66f5_7,0141423d1458ba94137419fea5eaaa76ff9e66f5_page_0007,0141423d1458ba94137419fea5eaaa76ff9e66f5.pdf#page=7,underscore_index,pending_review
0141423d1458ba94137419fea5eaaa76ff9e66f5_8,0141423d1458ba94137419fea5eaaa76ff9e66f5_page_0008,0141423d1458ba94137419fea5eaaa76ff9e66f5.pdf#page=8,underscore_index,pending_review
0141423d1458ba94137419fea5eaaa76ff9e66f5_9,0141423d1458ba94137419fea5eaaa76ff9e66f5_page_0009,0141423d1458ba94137419fea5eaaa76ff9e66f5.pdf#page=9,underscore_index,pending_review
0141423d1458ba94137419fea5eaaa76ff9e66f5_10,0141423d1458ba94137419fea5eaaa76ff9e66f5_page_0010,0141423d1458ba94137419fea5eaaa76ff9e66f5.pdf#page=10,underscore_index,pending_review
0141423d1458ba94137419fea5eaaa76ff9e66f5_11,0141423d1458ba94137419fea5eaaa76ff9e66f5_page_0011,0141423d1458ba94137419fea5eaaa76ff9e66f5.pdf#page=11,underscore_index,pending_review
0141423d1458ba94137419fea5eaaa76ff9e66f5_12,0141423d1458ba94137419fea5eaaa76ff9e66f5_page_0012,0141423d1458ba94137419fea5eaaa76ff9e66f5.pdf#page=12,underscore_index,pending_review
0141423d1458ba94137419fea5eaaa76ff9e66f5_13,0141423d1458ba94137419fea5eaaa76ff9e66f5_page_0013,0141423d1458ba94137419fea5eaaa76ff9e66f5.pdf#page=13,underscore_index,pending_review
0141423d1458ba94137419fea5eaaa76ff9e66f5_14,0141423d1458ba94137419fea5eaaa76ff9e66f5_page_0014,0141423d1458ba94137419fea5eaaa76ff9e66f5.pdf#page=14,underscore_index,pending_review
0141423d1458ba94137419fea5eaaa76ff9e66f5_15,0141423d1458ba94137419fea5eaaa76ff9e66f5_page_0015,0141423d1458ba94137419fea5eaaa76ff9e66f5.pdf#page=15,underscore_index,pending_review
0141423d1458ba94137419fea5eaaa76ff9e66f5_16,0141423d1458ba94137419fea5eaaa76ff9e66f5_page_0016,0141423d1458ba94137419fea5eaaa76ff9e66f5.pdf#page=16,underscore_index,pending_review
0141423d1458ba94137419fea5eaaa76ff9e66f5_17,0141423d1458ba94137419fea5eaaa76ff9e66f5_page_0017,0141423d1458ba94137419fea5eaaa76ff9e66f5.pdf#page=17,underscore_index,pending_review
0141423d1458ba94137419fea5eaaa76ff9e66f5_18,0141423d1458ba94137419fea5eaaa76ff9e66f5_page_0018,0141423d1458ba94137419fea5eaaa76ff9e66f5.pdf#page=18,underscore_index,pending_review
014a0f670eefb10fb9b8c82f29e8ec877dd7b2ae_1,014a0f670eefb10fb9b8c82f29e8ec877dd7b2ae_page_0001,014a0f670eefb10fb9b8c82f29e8ec877dd7b2ae.pdf#page=1,underscore_index,pending_review
014a0f670eefb10fb9b8c82f29e8ec877dd7b2ae_2,014a0f670eefb10fb9b8c82f29e8ec877dd7b2ae_page_0002,014a0f670eefb10fb9b8c82f29e8ec877dd7b2ae.pdf#page=2,underscore_index,pending_review
014a0f670eefb10fb9b8c82f29e8ec877dd7b2ae_3,014a0f670eefb10fb9b8c82f29e8ec877dd7b2ae_page_0003,014a0f670eefb10fb9b8c82f29e8ec877dd7b2ae.pdf#page=3,underscore_index,pending_review
014a0f670eefb10fb9b8c82f29e8ec877dd7b2ae_4,014a0f670eefb10fb9b8c82f29e8ec877dd7b2ae_page_0004,014a0f670eefb10fb9b8c82f29e8ec877dd7b2ae.pdf#page=4,underscore_index,pending_review
014a0f670eefb10fb9b8c82f29e8ec877dd7b2ae_5,014a0f670eefb10fb9b8c82f29e8ec877dd7b2ae_page_0005,014a0f670eefb10fb9b8c82f29e8ec877dd7b2ae.pdf#page=5,underscore_index,pending_review
014a0f670eefb10fb9b8c82f29e8ec877dd7b2ae_6,014a0f670eefb10fb9b8c82f29e8ec877dd7b2ae_page_0006,014a0f670eefb10fb9b8c82f29e8ec877dd7b2ae.pdf#page=6,underscore_index,pending_review
014a0f670eefb10fb9b8c82f29e8ec877dd7b2ae_7,014a0f670eefb10fb9b8c82f29e8ec877dd7b2ae_page_0007,014a0f670eefb10fb9b8c82f29e8ec877dd7b2ae.pdf#page=7,underscore_index,pending_review
014a0f670eefb10fb9b8c82f29e8ec877dd7b2ae_8,014a0f670eefb10fb9b8c82f29e8ec877dd7b2ae_page_0008,014a0f670eefb10fb9b8c82f29e8ec877dd7b2ae.pdf#page=8,underscore_index,pending_review
014a0f670eefb10fb9b8c82f29e8ec877dd7b2ae_9,014a0f670eefb10fb9b8c82f29e8ec877dd7b2ae_page_0009,014a0f670eefb10fb9b8c82f29e8ec877dd7b2ae.pdf#page=9,underscore_index,pending_review
014a0f670eefb10fb9b8c82f29e8ec877dd7b2ae_10,014a0f670eefb10fb9b8c82f29e8ec877dd7b2ae_page_0010,014a0f670eefb10fb9b8c82f29e8ec877dd7b2ae.pdf#page=10,underscore_index,pending_review
014a0f670eefb10fb9b8c82f29e8ec877dd7b2ae_11,014a0f670eefb10fb9b8c82f29e8ec877dd7b2ae_page_0011,014a0f670eefb10fb9b8c82f29e8ec877dd7b2ae.pdf#page=11,underscore_index,pending_review
014a0f670eefb10fb9b8c82f29e8ec877dd7b2ae_12,014a0f670eefb10fb9b8c82f29e8ec877dd7b2ae_page_0012,014a0f670eefb10fb9b8c82f29e8ec877dd7b2ae.pdf#page=12,underscore_index,pending_review
014a0f670eefb10fb9b8c82f29e8ec877dd7b2ae_13,014a0f670eefb10fb9b8c82f29e8ec877dd7b2ae_page_0013,014a0f670eefb10fb9b8c82f29e8ec877dd7b2ae.pdf#page=13,underscore_index,pending_review
014a0f670eefb10fb9b8c82f29e8ec877dd7b2ae_14,014a0f670eefb10fb9b8c82f29e8ec877dd7b2ae_page_0014,014a0f670eefb10fb9b8c82f29e8ec877dd7b2ae.pdf#page=14,underscore_index,pending_review
014a0f670eefb10fb9b8c82f29e8ec877dd7b2ae_15,014a0f670eefb10fb9b8c82f29e8ec877dd7b2ae_page_0015,014a0f670eefb10fb9b8c82f29e8ec877dd7b2ae.pdf#page=15,underscore_index,pending_review
014a0f670eefb10fb9b8c82f29e8ec877dd7b2ae_16,014a0f670eefb10fb9b8c82f29e8ec877dd7b2ae_page_0016,014a0f670eefb10fb9b8c82f29e8ec877dd7b2ae.pdf#page=16,underscore_index,pending_review
014a0f670eefb10fb9b8c82f29e8ec877dd7b2ae_17,014a0f670eefb10fb9b8c82f29e8ec877dd7b2ae_page_0017,014a0f670eefb10fb9b8c82f29e8ec877dd7b2ae.pdf#page=17,underscore_index,pending_review
014b7b21bdb3febc039b65199de37a0e67c7b970_1,014b7b21bdb3febc039b65199de37a0e67c7b970_page_0001,014b7b21bdb3febc039b65199de37a0e67c7b970.pdf#page=1,underscore_index,pending_review
014b7b21bdb3febc039b65199de37a0e67c7b970_2,014b7b21bdb3febc039b65199de37a0e67c7b970_page_0002,014b7b21bdb3febc039b65199de37a0e67c7b970.pdf#page=2,underscore_index,pending_review
014b7b21bdb3febc039b65199de37a0e67c7b970_3,014b7b21bdb3febc039b65199de37a0e67c7b970_page_0003,014b7b21bdb3febc039b65199de37a0e67c7b970.pdf#page=3,underscore_index,pending_review
014b7b21bdb3febc039b65199de37a0e67c7b970_4,014b7b21bdb3febc039b65199de37a0e67c7b970_page_0004,014b7b21bdb3febc039b65199de37a0e67c7b970.pdf#page=4,underscore_index,pending_review
014b7b21bdb3febc039b65199de37a0e67c7b970_5,014b7b21bdb3febc039b65199de37a0e67c7b970_page_0005,014b7b21bdb3febc039b65199de37a0e67c7b970.pdf#page=5,underscore_index,pending_review
014b7b21bdb3febc039b65199de37a0e67c7b970_6,014b7b21bdb3febc039b65199de37a0e67c7b970_page_0006,014b7b21bdb3febc039b65199de37a0e67c7b970.pdf#page=6,underscore_index,pending_review
014b7b21bdb3febc039b65199de37a0e67c7b970_7,014b7b21bdb3febc039b65199de37a0e67c7b970_page_0007,014b7b21bdb3febc039b65199de37a0e67c7b970.pdf#page=7,underscore_index,pending_review
014b7b21bdb3febc039b65199de37a0e67c7b970_8,014b7b21bdb3febc039b65199de37a0e67c7b970_page_0008,014b7b21bdb3febc039b65199de37a0e67c7b970.pdf#page=8,underscore_index,pending_review
014b7b21bdb3febc039b65199de37a0e67c7b970_9,014b7b21bdb3febc039b65199de37a0e67c7b970_page_0009,014b7b21bdb3febc039b65199de37a0e67c7b970.pdf#page=9,underscore_index,pending_review
014b7b21bdb3febc039b65199de37a0e67c7b970_10,014b7b21bdb3febc039b65199de37a0e67c7b970_page_0010,014b7b21bdb3febc039b65199de37a0e67c7b970.pdf#page=10,underscore_index,pending_review
014b7b21bdb3febc039b65199de37a0e67c7b970_11,014b7b21bdb3febc039b65199de37a0e67c7b970_page_0011,014b7b21bdb3febc039b65199de37a0e67c7b970.pdf#page=11,underscore_index,pending_review
014b7b21bdb3febc039b65199de37a0e67c7b970_12,014b7b21bdb3febc039b65199de37a0e67c7b970_page_0012,014b7b21bdb3febc039b65199de37a0e67c7b970.pdf#page=12,underscore_index,pending_review
014b7b21bdb3febc039b65199de37a0e67c7b970_13,014b7b21bdb3febc039b65199de37a0e67c7b970_page_0013,014b7b21bdb3febc039b65199de37a0e67c7b970.pdf#page=13,underscore_index,pending_review
014b7b21bdb3febc039b65199de37a0e67c7b970_14,014b7b21bdb3febc039b65199de37a0e67c7b970_page_0014,014b7b21bdb3febc039b65199de37a0e67c7b970.pdf#page=14,underscore_index,pending_review
014b7b21bdb3febc039b65199de37a0e67c7b970_15,014b7b21bdb3febc039b65199de37a0e67c7b970_page_0015,014b7b21bdb3febc039b65199de37a0e67c7b970.pdf#page=15,underscore_index,pending_review
014b7b21bdb3febc039b65199de37a0e67c7b970_16,014b7b21bdb3febc039b65199de37a0e67c7b970_page_0016,014b7b21bdb3febc039b65199de37a0e67c7b970.pdf#page=16,underscore_index,pending_review
014b7b21bdb3febc039b65199de37a0e67c7b970_17,014b7b21bdb3febc039b65199de37a0e67c7b970_page_0017,014b7b21bdb3febc039b65199de37a0e67c7b970.pdf#page=17,underscore_index,pending_review
014b7b21bdb3febc039b65199de37a0e67c7b970_18,014b7b21bdb3febc039b65199de37a0e67c7b970_page_0018,014b7b21bdb3febc039b65199de37a0e67c7b970.pdf#page=18,underscore_index,pending_review
014b7b21bdb3febc039b65199de37a0e67c7b970_19,014b7b21bdb3febc039b65199de37a0e67c7b970_page_0019,014b7b21bdb3febc039b65199de37a0e67c7b970.pdf#page=19,underscore_index,pending_review
014b7b21bdb3febc039b65199de37a0e67c7b970_20,014b7b21bdb3febc039b65199de37a0e67c7b970_page_0020,014b7b21bdb3febc039b65199de37a0e67c7b970.pdf#page=20,underscore_index,pending_review
014da9165faa5601e43d0579cbc08e102729bc2f_1,014da9165faa5601e43d0579cbc08e102729bc2f_page_0001,014da9165faa5601e43d0579cbc08e102729bc2f.pdf#page=1,underscore_index,pending_review
014da9165faa5601e43d0579cbc08e102729bc2f_2,014da9165faa5601e43d0579cbc08e102729bc2f_page_0002,014da9165faa5601e43d0579cbc08e102729bc2f.pdf#page=2,underscore_index,pending_review
014da9165faa5601e43d0579cbc08e102729bc2f_3,014da9165faa5601e43d0579cbc08e102729bc2f_page_0003,014da9165faa5601e43d0579cbc08e102729bc2f.pdf#page=3,underscore_index,pending_review
014da9165faa5601e43d0579cbc08e102729bc2f_4,014da9165faa5601e43d0579cbc08e102729bc2f_page_0004,014da9165faa5601e43d0579cbc08e102729bc2f.pdf#page=4,underscore_index,pending_review
014da9165faa5601e43d0579cbc08e102729bc2f_5,014da9165faa5601e43d0579cbc08e102729bc2f_page_0005,014da9165faa5601e43d0579cbc08e102729bc2f.pdf#page=5,underscore_index,pending_review
014da9165faa5601e43d0579cbc08e102729bc2f_6,014da9165faa5601e43d0579cbc08e102729bc2f_page_0006,014da9165faa5601e43d0579cbc08e102729bc2f.pdf#page=6,underscore_index,pending_review
014da9165faa5601e43d0579cbc08e102729bc2f_7,014da9165faa5601e43d0579cbc08e102729bc2f_page_0007,014da9165faa5601e43d0579cbc08e102729bc2f.pdf#page=7,underscore_index,pending_review
014da9165faa5601e43d0579cbc08e102729bc2f_8,014da9165faa5601e43d0579cbc08e102729bc2f_page_0008,014da9165faa5601e43d0579cbc08e102729bc2f.pdf#page=8,underscore_index,pending_review
014da9165faa5601e43d0579cbc08e102729bc2f_9,014da9165faa5601e43d0579cbc08e102729bc2f_page_0009,014da9165faa5601e43d0579cbc08e102729bc2f.pdf#page=9,underscore_index,pending_review
014da9165faa5601e43d0579cbc08e102729bc2f_10,014da9165faa5601e43d0579cbc08e102729bc2f_page_0010,014da9165faa5601e43d0579cbc08e102729bc2f.pdf#page=10,underscore_index,pending_review
014da9165faa5601e43d0579cbc08e102729bc2f_11,014da9165faa5601e43d0579cbc08e102729bc2f_page_0011,014da9165faa5601e43d0579cbc08e102729bc2f.pdf#page=11,underscore_index,pending_review
014da9165faa5601e43d0579cbc08e102729bc2f_12,014da9165faa5601e43d0579cbc08e102729bc2f_page_0012,014da9165faa5601e43d0579cbc08e102729bc2f.pdf#page=12,underscore_index,pending_review
014da9165faa5601e43d0579cbc08e102729bc2f_13,014da9165faa5601e43d0579cbc08e102729bc2f_page_0013,014da9165faa5601e43d0579cbc08e102729bc2f.pdf#page=13,underscore_index,pending_review
014da9165faa5601e43d0579cbc08e102729bc2f_14,014da9165faa5601e43d0579cbc08e102729bc2f_page_0014,014da9165faa5601e43d0579cbc08e102729bc2f.pdf#page=14,underscore_index,pending_review
014da9165faa5601e43d0579cbc08e102729bc2f_15,014da9165faa5601e43d0579cbc08e102729bc2f_page_0015,014da9165faa5601e43d0579cbc08e102729bc2f.pdf#page=15,underscore_index,pending_review
014da9165faa5601e43d0579cbc08e102729bc2f_16,014da9165faa5601e43d0579cbc08e102729bc2f_page_0016,014da9165faa5601e43d0579cbc08e102729bc2f.pdf#page=16,underscore_index,pending_review
014e06ff15aa70dca51689af416805faa0a4584a_1,014e06ff15aa70dca51689af416805faa0a4584a_page_0001,014e06ff15aa70dca51689af416805faa0a4584a.pdf#page=1,underscore_index,pending_review
014e06ff15aa70dca51689af416805faa0a4584a_2,014e06ff15aa70dca51689af416805faa0a4584a_page_0002,014e06ff15aa70dca51689af416805faa0a4584a.pdf#page=2,underscore_index,pending_review
014e06ff15aa70dca51689af416805faa0a4584a_3,014e06ff15aa70dca51689af416805faa0a4584a_page_0003,014e06ff15aa70dca51689af416805faa0a4584a.pdf#page=3,underscore_index,pending_review
014e06ff15aa70dca51689af416805faa0a4584a_4,014e06ff15aa70dca51689af416805faa0a4584a_page_0004,014e06ff15aa70dca51689af416805faa0a4584a.pdf#page=4,underscore_index,pending_review
014e06ff15aa70dca51689af416805faa0a4584a_5,014e06ff15aa70dca51689af416805faa0a4584a_page_0005,014e06ff15aa70dca51689af416805faa0a4584a.pdf#page=5,underscore_index,pending_review
014e06ff15aa70dca51689af416805faa0a4584a_6,014e06ff15aa70dca51689af416805faa0a4584a_page_0006,014e06ff15aa70dca51689af416805faa0a4584a.pdf#page=6,underscore_index,pending_review
014e06ff15aa70dca51689af416805faa0a4584a_7,014e06ff15aa70dca51689af416805faa0a4584a_page_0007,014e06ff15aa70dca51689af416805faa0a4584a.pdf#page=7,underscore_index,pending_review
014e06ff15aa70dca51689af416805faa0a4584a_8,014e06ff15aa70dca51689af416805faa0a4584a_page_0008,014e06ff15aa70dca51689af416805faa0a4584a.pdf#page=8,underscore_index,pending_review
014e06ff15aa70dca51689af416805faa0a4584a_9,014e06ff15aa70dca51689af416805faa0a4584a_page_0009,014e06ff15aa70dca51689af416805faa0a4584a.pdf#page=9,underscore_index,pending_review
014e06ff15aa70dca51689af416805faa0a4584a_10,014e06ff15aa70dca51689af416805faa0a4584a_page_0010,014e06ff15aa70dca51689af416805faa0a4584a.pdf#page=10,underscore_index,pending_review
014e06ff15aa70dca51689af416805faa0a4584a_11,014e06ff15aa70dca51689af416805faa0a4584a_page_0011,014e06ff15aa70dca51689af416805faa0a4584a.pdf#page=11,underscore_index,pending_review
014e06ff15aa70dca51689af416805faa0a4584a_12,014e06ff15aa70dca51689af416805faa0a4584a_page_0012,014e06ff15aa70dca51689af416805faa0a4584a.pdf#page=12,underscore_index,pending_review
014e06ff15aa70dca51689af416805faa0a4584a_13,014e06ff15aa70dca51689af416805faa0a4584a_page_0013,014e06ff15aa70dca51689af416805faa0a4584a.pdf#page=13,underscore_index,pending_review
014e06ff15aa70dca51689af416805faa0a4584a_14,014e06ff15aa70dca51689af416805faa0a4584a_page_0014,014e06ff15aa70dca51689af416805faa0a4584a.pdf#page=14,underscore_index,pending_review
014e06ff15aa70dca51689af416805faa0a4584a_15,014e06ff15aa70dca51689af416805faa0a4584a_page_0015,014e06ff15aa70dca51689af416805faa0a4584a.pdf#page=15,underscore_index,pending_review
014e06ff15aa70dca51689af416805faa0a4584a_16,014e06ff15aa70dca51689af416805faa0a4584a_page_0016,014e06ff15aa70dca51689af416805faa0a4584a.pdf#page=16,underscore_index,pending_review
014e06ff15aa70dca51689af416805faa0a4584a_17,014e06ff15aa70dca51689af416805faa0a4584a_page_0017,014e06ff15aa70dca51689af416805faa0a4584a.pdf#page=17,underscore_index,pending_review
014e06ff15aa70dca51689af416805faa0a4584a_18,014e06ff15aa70dca51689af416805faa0a4584a_page_0018,014e06ff15aa70dca51689af416805faa0a4584a.pdf#page=18,underscore_index,pending_review
014e06ff15aa70dca51689af416805faa0a4584a_19,014e06ff15aa70dca51689af416805faa0a4584a_page_0019,014e06ff15aa70dca51689af416805faa0a4584a.pdf#page=19,underscore_index,pending_review
014e06ff15aa70dca51689af416805faa0a4584a_20,014e06ff15aa70dca51689af416805faa0a4584a_page_0020,014e06ff15aa70dca51689af416805faa0a4584a.pdf#page=20,underscore_index,pending_review
014e06ff15aa70dca51689af416805faa0a4584a_21,014e06ff15aa70dca51689af416805faa0a4584a_page_0021,014e06ff15aa70dca51689af416805faa0a4584a.pdf#page=21,underscore_index,pending_review
014e06ff15aa70dca51689af416805faa0a4584a_22,014e06ff15aa70dca51689af416805faa0a4584a_page_0022,014e06ff15aa70dca51689af416805faa0a4584a.pdf#page=22,underscore_index,pending_review
014fd451d352ca6afa4520bc065d9223a77220fd_1,014fd451d352ca6afa4520bc065d9223a77220fd_page_0001,014fd451d352ca6afa4520bc065d9223a77220fd.pdf#page=1,underscore_index,pending_review
014fd451d352ca6afa4520bc065d9223a77220fd_2,014fd451d352ca6afa4520bc065d9223a77220fd_page_0002,014fd451d352ca6afa4520bc065d9223a77220fd.pdf#page=2,underscore_index,pending_review
014fd451d352ca6afa4520bc065d9223a77220fd_3,014fd451d352ca6afa4520bc065d9223a77220fd_page_0003,014fd451d352ca6afa4520bc065d9223a77220fd.pdf#page=3,underscore_index,pending_review
014fd451d352ca6afa4520bc065d9223a77220fd_4,014fd451d352ca6afa4520bc065d9223a77220fd_page_0004,014fd451d352ca6afa4520bc065d9223a77220fd.pdf#page=4,underscore_index,pending_review
014fd451d352ca6afa4520bc065d9223a77220fd_5,014fd451d352ca6afa4520bc065d9223a77220fd_page_0005,014fd451d352ca6afa4520bc065d9223a77220fd.pdf#page=5,underscore_index,pending_review
014fd451d352ca6afa4520bc065d9223a77220fd_6,014fd451d352ca6afa4520bc065d9223a77220fd_page_0006,014fd451d352ca6afa4520bc065d9223a77220fd.pdf#page=6,underscore_index,pending_review
014fd451d352ca6afa4520bc065d9223a77220fd_7,014fd451d352ca6afa4520bc065d9223a77220fd_page_0007,014fd451d352ca6afa4520bc065d9223a77220fd.pdf#page=7,underscore_index,pending_review
014fd451d352ca6afa4520bc065d9223a77220fd_8,014fd451d352ca6afa4520bc065d9223a77220fd_page_0008,014fd451d352ca6afa4520bc065d9223a77220fd.pdf#page=8,underscore_index,pending_review
014fd451d352ca6afa4520bc065d9223a77220fd_9,014fd451d352ca6afa4520bc065d9223a77220fd_page_0009,014fd451d352ca6afa4520bc065d9223a77220fd.pdf#page=9,underscore_index,pending_review
014fd451d352ca6afa4520bc065d9223a77220fd_10,014fd451d352ca6afa4520bc065d9223a77220fd_page_0010,014fd451d352ca6afa4520bc065d9223a77220fd.pdf#page=10,underscore_index,pending_review
014fd451d352ca6afa4520bc065d9223a77220fd_11,014fd451d352ca6afa4520bc065d9223a77220fd_page_0011,014fd451d352ca6afa4520bc065d9223a77220fd.pdf#page=11,underscore_index,pending_review
014fd451d352ca6afa4520bc065d9223a77220fd_12,014fd451d352ca6afa4520bc065d9223a77220fd_page_0012,014fd451d352ca6afa4520bc065d9223a77220fd.pdf#page=12,underscore_index,pending_review
014fd451d352ca6afa4520bc065d9223a77220fd_13,014fd451d352ca6afa4520bc065d9223a77220fd_page_0013,014fd451d352ca6afa4520bc065d9223a77220fd.pdf#page=13,underscore_index,pending_review
014fd451d352ca6afa4520bc065d9223a77220fd_14,014fd451d352ca6afa4520bc065d9223a77220fd_page_0014,014fd451d352ca6afa4520bc065d9223a77220fd.pdf#page=14,underscore_index,pending_review
014fd451d352ca6afa4520bc065d9223a77220fd_15,014fd451d352ca6afa4520bc065d9223a77220fd_page_0015,014fd451d352ca6afa4520bc065d9223a77220fd.pdf#page=15,underscore_index,pending_review
014fd451d352ca6afa4520bc065d9223a77220fd_16,014fd451d352ca6afa4520bc065d9223a77220fd_page_0016,014fd451d352ca6afa4520bc065d9223a77220fd.pdf#page=16,underscore_index,pending_review
014fd451d352ca6afa4520bc065d9223a77220fd_17,014fd451d352ca6afa4520bc065d9223a77220fd_page_0017,014fd451d352ca6afa4520bc065d9223a77220fd.pdf#page=17,underscore_index,pending_review
014fd451d352ca6afa4520bc065d9223a77220fd_18,014fd451d352ca6afa4520bc065d9223a77220fd_page_0018,014fd451d352ca6afa4520bc065d9223a77220fd.pdf#page=18,underscore_index,pending_review
014fd451d352ca6afa4520bc065d9223a77220fd_19,014fd451d352ca6afa4520bc065d9223a77220fd_page_0019,014fd451d352ca6afa4520bc065d9223a77220fd.pdf#page=19,underscore_index,pending_review
014fd451d352ca6afa4520bc065d9223a77220fd_20,014fd451d352ca6afa4520bc065d9223a77220fd_page_0020,014fd451d352ca6afa4520bc065d9223a77220fd.pdf#page=20,underscore_index,pending_review
014fd451d352ca6afa4520bc065d9223a77220fd_21,014fd451d352ca6afa4520bc065d9223a77220fd_page_0021,014fd451d352ca6afa4520bc065d9223a77220fd.pdf#page=21,underscore_index,pending_review
014fd451d352ca6afa4520bc065d9223a77220fd_22,014fd451d352ca6afa4520bc065d9223a77220fd_page_0022,014fd451d352ca6afa4520bc065d9223a77220fd.pdf#page=22,underscore_index,pending_review
014fd451d352ca6afa4520bc065d9223a77220fd_23,014fd451d352ca6afa4520bc065d9223a77220fd_page_0023,014fd451d352ca6afa4520bc065d9223a77220fd.pdf#page=23,underscore_index,pending_review
015080023c12881bbdaba9a10869fe1b7abb392b_1,015080023c12881bbdaba9a10869fe1b7abb392b_page_0001,015080023c12881bbdaba9a10869fe1b7abb392b.pdf#page=1,underscore_index,pending_review
015080023c12881bbdaba9a10869fe1b7abb392b_2,015080023c12881bbdaba9a10869fe1b7abb392b_page_0002,015080023c12881bbdaba9a10869fe1b7abb392b.pdf#page=2,underscore_index,pending_review
015080023c12881bbdaba9a10869fe1b7abb392b_3,015080023c12881bbdaba9a10869fe1b7abb392b_page_0003,015080023c12881bbdaba9a10869fe1b7abb392b.pdf#page=3,underscore_index,pending_review
015080023c12881bbdaba9a10869fe1b7abb392b_4,015080023c12881bbdaba9a10869fe1b7abb392b_page_0004,015080023c12881bbdaba9a10869fe1b7abb392b.pdf#page=4,underscore_index,pending_review
015080023c12881bbdaba9a10869fe1b7abb392b_5,015080023c12881bbdaba9a10869fe1b7abb392b_page_0005,015080023c12881bbdaba9a10869fe1b7abb392b.pdf#page=5,underscore_index,pending_review
015080023c12881bbdaba9a10869fe1b7abb392b_6,015080023c12881bbdaba9a10869fe1b7abb392b_page_0006,015080023c12881bbdaba9a10869fe1b7abb392b.pdf#page=6,underscore_index,pending_review
015080023c12881bbdaba9a10869fe1b7abb392b_7,015080023c12881bbdaba9a10869fe1b7abb392b_page_0007,015080023c12881bbdaba9a10869fe1b7abb392b.pdf#page=7,underscore_index,pending_review
015080023c12881bbdaba9a10869fe1b7abb392b_8,015080023c12881bbdaba9a10869fe1b7abb392b_page_0008,015080023c12881bbdaba9a10869fe1b7abb392b.pdf#page=8,underscore_index,pending_review
015080023c12881bbdaba9a10869fe1b7abb392b_9,015080023c12881bbdaba9a10869fe1b7abb392b_page_0009,015080023c12881bbdaba9a10869fe1b7abb392b.pdf#page=9,underscore_index,pending_review
015080023c12881bbdaba9a10869fe1b7abb392b_10,015080023c12881bbdaba9a10869fe1b7abb392b_page_0010,015080023c12881bbdaba9a10869fe1b7abb392b.pdf#page=10,underscore_index,pending_review
015080023c12881bbdaba9a10869fe1b7abb392b_11,015080023c12881bbdaba9a10869fe1b7abb392b_page_0011,015080023c12881bbdaba9a10869fe1b7abb392b.pdf#page=11,underscore_index,pending_review
015080023c12881bbdaba9a10869fe1b7abb392b_12,015080023c12881bbdaba9a10869fe1b7abb392b_page_0012,015080023c12881bbdaba9a10869fe1b7abb392b.pdf#page=12,underscore_index,pending_review
015080023c12881bbdaba9a10869fe1b7abb392b_13,015080023c12881bbdaba9a10869fe1b7abb392b_page_0013,015080023c12881bbdaba9a10869fe1b7abb392b.pdf#page=13,underscore_index,pending_review
015080023c12881bbdaba9a10869fe1b7abb392b_14,015080023c12881bbdaba9a10869fe1b7abb392b_page_0014,015080023c12881bbdaba9a10869fe1b7abb392b.pdf#page=14,underscore_index,pending_review
015080023c12881bbdaba9a10869fe1b7abb392b_15,015080023c12881bbdaba9a10869fe1b7abb392b_page_0015,015080023c12881bbdaba9a10869fe1b7abb392b.pdf#page=15,underscore_index,pending_review
015080023c12881bbdaba9a10869fe1b7abb392b_16,015080023c12881bbdaba9a10869fe1b7abb392b_page_0016,015080023c12881bbdaba9a10869fe1b7abb392b.pdf#page=16,underscore_index,pending_review
015080023c12881bbdaba9a10869fe1b7abb392b_17,015080023c12881bbdaba9a10869fe1b7abb392b_page_0017,015080023c12881bbdaba9a10869fe1b7abb392b.pdf#page=17,underscore_index,pending_review
015080023c12881bbdaba9a10869fe1b7abb392b_18,015080023c12881bbdaba9a10869fe1b7abb392b_page_0018,015080023c12881bbdaba9a10869fe1b7abb392b.pdf#page=18,underscore_index,pending_review
015080023c12881bbdaba9a10869fe1b7abb392b_19,015080023c12881bbdaba9a10869fe1b7abb392b_page_0019,015080023c12881bbdaba9a10869fe1b7abb392b.pdf#page=19,underscore_index,pending_review
015080023c12881bbdaba9a10869fe1b7abb392b_20,015080023c12881bbdaba9a10869fe1b7abb392b_page_0020,015080023c12881bbdaba9a10869fe1b7abb392b.pdf#page=20,underscore_index,pending_review
015629bf22e394df0ea1e3e162e3d5bef341415f_1,015629bf22e394df0ea1e3e162e3d5bef341415f_page_0001,015629bf22e394df0ea1e3e162e3d5bef341415f.pdf#page=1,underscore_index,pending_review
015629bf22e394df0ea1e3e162e3d5bef341415f_2,015629bf22e394df0ea1e3e162e3d5bef341415f_page_0002,015629bf22e394df0ea1e3e162e3d5bef341415f.pdf#page=2,underscore_index,pending_review
015629bf22e394df0ea1e3e162e3d5bef341415f_3,015629bf22e394df0ea1e3e162e3d5bef341415f_page_0003,015629bf22e394df0ea1e3e162e3d5bef341415f.pdf#page=3,underscore_index,pending_review
015629bf22e394df0ea1e3e162e3d5bef341415f_4,015629bf22e394df0ea1e3e162e3d5bef341415f_page_0004,015629bf22e394df0ea1e3e162e3d5bef341415f.pdf#page=4,underscore_index,pending_review
015629bf22e394df0ea1e3e162e3d5bef341415f_5,015629bf22e394df0ea1e3e162e3d5bef341415f_page_0005,015629bf22e394df0ea1e3e162e3d5bef341415f.pdf#page=5,underscore_index,pending_review
015629bf22e394df0ea1e3e162e3d5bef341415f_6,015629bf22e394df0ea1e3e162e3d5bef341415f_page_0006,015629bf22e394df0ea1e3e162e3d5bef341415f.pdf#page=6,underscore_index,pending_review
015629bf22e394df0ea1e3e162e3d5bef341415f_7,015629bf22e394df0ea1e3e162e3d5bef341415f_page_0007,015629bf22e394df0ea1e3e162e3d5bef341415f.pdf#page=7,underscore_index,pending_review
015629bf22e394df0ea1e3e162e3d5bef341415f_8,015629bf22e394df0ea1e3e162e3d5bef341415f_page_0008,015629bf22e394df0ea1e3e162e3d5bef341415f.pdf#page=8,underscore_index,pending_review
015629bf22e394df0ea1e3e162e3d5bef341415f_9,015629bf22e394df0ea1e3e162e3d5bef341415f_page_0009,015629bf22e394df0ea1e3e162e3d5bef341415f.pdf#page=9,underscore_index,pending_review
015629bf22e394df0ea1e3e162e3d5bef341415f_10,015629bf22e394df0ea1e3e162e3d5bef341415f_page_0010,015629bf22e394df0ea1e3e162e3d5bef341415f.pdf#page=10,underscore_index,pending_review
015629bf22e394df0ea1e3e162e3d5bef341415f_11,015629bf22e394df0ea1e3e162e3d5bef341415f_page_0011,015629bf22e394df0ea1e3e162e3d5bef341415f.pdf#page=11,underscore_index,pending_review
015629bf22e394df0ea1e3e162e3d5bef341415f_12,015629bf22e394df0ea1e3e162e3d5bef341415f_page_0012,015629bf22e394df0ea1e3e162e3d5bef341415f.pdf#page=12,underscore_index,pending_review
015629bf22e394df0ea1e3e162e3d5bef341415f_13,015629bf22e394df0ea1e3e162e3d5bef341415f_page_0013,015629bf22e394df0ea1e3e162e3d5bef341415f.pdf#page=13,underscore_index,pending_review
015629bf22e394df0ea1e3e162e3d5bef341415f_14,015629bf22e394df0ea1e3e162e3d5bef341415f_page_0014,015629bf22e394df0ea1e3e162e3d5bef341415f.pdf#page=14,underscore_index,pending_review
015629bf22e394df0ea1e3e162e3d5bef341415f_15,015629bf22e394df0ea1e3e162e3d5bef341415f_page_0015,015629bf22e394df0ea1e3e162e3d5bef341415f.pdf#page=15,underscore_index,pending_review
015834912780c3a83a8c27aa66c52252994a8b16_1,015834912780c3a83a8c27aa66c52252994a8b16_page_0001,015834912780c3a83a8c27aa66c52252994a8b16.pdf#page=1,underscore_index,pending_review
015834912780c3a83a8c27aa66c52252994a8b16_2,015834912780c3a83a8c27aa66c52252994a8b16_page_0002,015834912780c3a83a8c27aa66c52252994a8b16.pdf#page=2,underscore_index,pending_review
015834912780c3a83a8c27aa66c52252994a8b16_3,015834912780c3a83a8c27aa66c52252994a8b16_page_0003,015834912780c3a83a8c27aa66c52252994a8b16.pdf#page=3,underscore_index,pending_review
015834912780c3a83a8c27aa66c52252994a8b16_4,015834912780c3a83a8c27aa66c52252994a8b16_page_0004,015834912780c3a83a8c27aa66c52252994a8b16.pdf#page=4,underscore_index,pending_review
015834912780c3a83a8c27aa66c52252994a8b16_5,015834912780c3a83a8c27aa66c52252994a8b16_page_0005,015834912780c3a83a8c27aa66c52252994a8b16.pdf#page=5,underscore_index,pending_review
015834912780c3a83a8c27aa66c52252994a8b16_6,015834912780c3a83a8c27aa66c52252994a8b16_page_0006,015834912780c3a83a8c27aa66c52252994a8b16.pdf#page=6,underscore_index,pending_review
015834912780c3a83a8c27aa66c52252994a8b16_7,015834912780c3a83a8c27aa66c52252994a8b16_page_0007,015834912780c3a83a8c27aa66c52252994a8b16.pdf#page=7,underscore_index,pending_review
015834912780c3a83a8c27aa66c52252994a8b16_8,015834912780c3a83a8c27aa66c52252994a8b16_page_0008,015834912780c3a83a8c27aa66c52252994a8b16.pdf#page=8,underscore_index,pending_review
015834912780c3a83a8c27aa66c52252994a8b16_9,015834912780c3a83a8c27aa66c52252994a8b16_page_0009,015834912780c3a83a8c27aa66c52252994a8b16.pdf#page=9,underscore_index,pending_review
015834912780c3a83a8c27aa66c52252994a8b16_10,015834912780c3a83a8c27aa66c52252994a8b16_page_0010,015834912780c3a83a8c27aa66c52252994a8b16.pdf#page=10,underscore_index,pending_review
015834912780c3a83a8c27aa66c52252994a8b16_11,015834912780c3a83a8c27aa66c52252994a8b16_page_0011,015834912780c3a83a8c27aa66c52252994a8b16.pdf#page=11,underscore_index,pending_review
015834912780c3a83a8c27aa66c52252994a8b16_12,015834912780c3a83a8c27aa66c52252994a8b16_page_0012,015834912780c3a83a8c27aa66c52252994a8b16.pdf#page=12,underscore_index,pending_review
015834912780c3a83a8c27aa66c52252994a8b16_13,015834912780c3a83a8c27aa66c52252994a8b16_page_0013,015834912780c3a83a8c27aa66c52252994a8b16.pdf#page=13,underscore_index,pending_review
015834912780c3a83a8c27aa66c52252994a8b16_14,015834912780c3a83a8c27aa66c52252994a8b16_page_0014,015834912780c3a83a8c27aa66c52252994a8b16.pdf#page=14,underscore_index,pending_review
015834912780c3a83a8c27aa66c52252994a8b16_15,015834912780c3a83a8c27aa66c52252994a8b16_page_0015,015834912780c3a83a8c27aa66c52252994a8b16.pdf#page=15,underscore_index,pending_review
015834912780c3a83a8c27aa66c52252994a8b16_16,015834912780c3a83a8c27aa66c52252994a8b16_page_0016,015834912780c3a83a8c27aa66c52252994a8b16.pdf#page=16,underscore_index,pending_review
015834912780c3a83a8c27aa66c52252994a8b16_17,015834912780c3a83a8c27aa66c52252994a8b16_page_0017,015834912780c3a83a8c27aa66c52252994a8b16.pdf#page=17,underscore_index,pending_review
016c6142ccc35a54402cf0838e2c9bd00d0cfe26_1,016c6142ccc35a54402cf0838e2c9bd00d0cfe26_page_0001,016c6142ccc35a54402cf0838e2c9bd00d0cfe26.pdf#page=1,underscore_index,pending_review
016c6142ccc35a54402cf0838e2c9bd00d0cfe26_2,016c6142ccc35a54402cf0838e2c9bd00d0cfe26_page_0002,016c6142ccc35a54402cf0838e2c9bd00d0cfe26.pdf#page=2,underscore_index,pending_review
016c6142ccc35a54402cf0838e2c9bd00d0cfe26_3,016c6142ccc35a54402cf0838e2c9bd00d0cfe26_page_0003,016c6142ccc35a54402cf0838e2c9bd00d0cfe26.pdf#page=3,underscore_index,pending_review
016c6142ccc35a54402cf0838e2c9bd00d0cfe26_4,016c6142ccc35a54402cf0838e2c9bd00d0cfe26_page_0004,016c6142ccc35a54402cf0838e2c9bd00d0cfe26.pdf#page=4,underscore_index,pending_review
016c6142ccc35a54402cf0838e2c9bd00d0cfe26_5,016c6142ccc35a54402cf0838e2c9bd00d0cfe26_page_0005,016c6142ccc35a54402cf0838e2c9bd00d0cfe26.pdf#page=5,underscore_index,pending_review
016c6142ccc35a54402cf0838e2c9bd00d0cfe26_6,016c6142ccc35a54402cf0838e2c9bd00d0cfe26_page_0006,016c6142ccc35a54402cf0838e2c9bd00d0cfe26.pdf#page=6,underscore_index,pending_review
016c6142ccc35a54402cf0838e2c9bd00d0cfe26_7,016c6142ccc35a54402cf0838e2c9bd00d0cfe26_page_0007,016c6142ccc35a54402cf0838e2c9bd00d0cfe26.pdf#page=7,underscore_index,pending_review
016c6142ccc35a54402cf0838e2c9bd00d0cfe26_8,016c6142ccc35a54402cf0838e2c9bd00d0cfe26_page_0008,016c6142ccc35a54402cf0838e2c9bd00d0cfe26.pdf#page=8,underscore_index,pending_review
016c6142ccc35a54402cf0838e2c9bd00d0cfe26_9,016c6142ccc35a54402cf0838e2c9bd00d0cfe26_page_0009,016c6142ccc35a54402cf0838e2c9bd00d0cfe26.pdf#page=9,underscore_index,pending_review
016c6142ccc35a54402cf0838e2c9bd00d0cfe26_10,016c6142ccc35a54402cf0838e2c9bd00d0cfe26_page_0010,016c6142ccc35a54402cf0838e2c9bd00d0cfe26.pdf#page=10,underscore_index,pending_review
016c6142ccc35a54402cf0838e2c9bd00d0cfe26_11,016c6142ccc35a54402cf0838e2c9bd00d0cfe26_page_0011,016c6142ccc35a54402cf0838e2c9bd00d0cfe26.pdf#page=11,underscore_index,pending_review
016c6142ccc35a54402cf0838e2c9bd00d0cfe26_12,016c6142ccc35a54402cf0838e2c9bd00d0cfe26_page_0012,016c6142ccc35a54402cf0838e2c9bd00d0cfe26.pdf#page=12,underscore_index,pending_review
016c6142ccc35a54402cf0838e2c9bd00d0cfe26_13,016c6142ccc35a54402cf0838e2c9bd00d0cfe26_page_0013,016c6142ccc35a54402cf0838e2c9bd00d0cfe26.pdf#page=13,underscore_index,pending_review
016c6142ccc35a54402cf0838e2c9bd00d0cfe26_14,016c6142ccc35a54402cf0838e2c9bd00d0cfe26_page_0014,016c6142ccc35a54402cf0838e2c9bd00d0cfe26.pdf#page=14,underscore_index,pending_review
016c6142ccc35a54402cf0838e2c9bd00d0cfe26_15,016c6142ccc35a54402cf0838e2c9bd00d0cfe26_page_0015,016c6142ccc35a54402cf0838e2c9bd00d0cfe26.pdf#page=15,underscore_index,pending_review
016c6142ccc35a54402cf0838e2c9bd00d0cfe26_16,016c6142ccc35a54402cf0838e2c9bd00d0cfe26_page_0016,016c6142ccc35a54402cf0838e2c9bd00d0cfe26.pdf#page=16,underscore_index,pending_review
016c6142ccc35a54402cf0838e2c9bd00d0cfe26_17,016c6142ccc35a54402cf0838e2c9bd00d0cfe26_page_0017,016c6142ccc35a54402cf0838e2c9bd00d0cfe26.pdf#page=17,underscore_index,pending_review
016d380720964134f37e5803bc182f7bcb0af024_1,016d380720964134f37e5803bc182f7bcb0af024_page_0001,016d380720964134f37e5803bc182f7bcb0af024.pdf#page=1,underscore_index,pending_review
016d380720964134f37e5803bc182f7bcb0af024_2,016d380720964134f37e5803bc182f7bcb0af024_page_0002,016d380720964134f37e5803bc182f7bcb0af024.pdf#page=2,underscore_index,pending_review
016d380720964134f37e5803bc182f7bcb0af024_3,016d380720964134f37e5803bc182f7bcb0af024_page_0003,016d380720964134f37e5803bc182f7bcb0af024.pdf#page=3,underscore_index,pending_review
016d380720964134f37e5803bc182f7bcb0af024_4,016d380720964134f37e5803bc182f7bcb0af024_page_0004,016d380720964134f37e5803bc182f7bcb0af024.pdf#page=4,underscore_index,pending_review
016d380720964134f37e5803bc182f7bcb0af024_5,016d380720964134f37e5803bc182f7bcb0af024_page_0005,016d380720964134f37e5803bc182f7bcb0af024.pdf#page=5,underscore_index,pending_review
016d380720964134f37e5803bc182f7bcb0af024_6,016d380720964134f37e5803bc182f7bcb0af024_page_0006,016d380720964134f37e5803bc182f7bcb0af024.pdf#page=6,underscore_index,pending_review
016d380720964134f37e5803bc182f7bcb0af024_7,016d380720964134f37e5803bc182f7bcb0af024_page_0007,016d380720964134f37e5803bc182f7bcb0af024.pdf#page=7,underscore_index,pending_review
016d380720964134f37e5803bc182f7bcb0af024_8,016d380720964134f37e5803bc182f7bcb0af024_page_0008,016d380720964134f37e5803bc182f7bcb0af024.pdf#page=8,underscore_index,pending_review
016d380720964134f37e5803bc182f7bcb0af024_9,016d380720964134f37e5803bc182f7bcb0af024_page_0009,016d380720964134f37e5803bc182f7bcb0af024.pdf#page=9,underscore_index,pending_review
016d380720964134f37e5803bc182f7bcb0af024_10,016d380720964134f37e5803bc182f7bcb0af024_page_0010,016d380720964134f37e5803bc182f7bcb0af024.pdf#page=10,underscore_index,pending_review
016d380720964134f37e5803bc182f7bcb0af024_11,016d380720964134f37e5803bc182f7bcb0af024_page_0011,016d380720964134f37e5803bc182f7bcb0af024.pdf#page=11,underscore_index,pending_review
016d380720964134f37e5803bc182f7bcb0af024_12,016d380720964134f37e5803bc182f7bcb0af024_page_0012,016d380720964134f37e5803bc182f7bcb0af024.pdf#page=12,underscore_index,pending_review
016d380720964134f37e5803bc182f7bcb0af024_13,016d380720964134f37e5803bc182f7bcb0af024_page_0013,016d380720964134f37e5803bc182f7bcb0af024.pdf#page=13,underscore_index,pending_review
016d380720964134f37e5803bc182f7bcb0af024_14,016d380720964134f37e5803bc182f7bcb0af024_page_0014,016d380720964134f37e5803bc182f7bcb0af024.pdf#page=14,underscore_index,pending_review
01710452190c12c400325a76e75776f660935e6d_1,01710452190c12c400325a76e75776f660935e6d_page_0001,01710452190c12c400325a76e75776f660935e6d.pdf#page=1,underscore_index,pending_review
01710452190c12c400325a76e75776f660935e6d_2,01710452190c12c400325a76e75776f660935e6d_page_0002,01710452190c12c400325a76e75776f660935e6d.pdf#page=2,underscore_index,pending_review
01710452190c12c400325a76e75776f660935e6d_3,01710452190c12c400325a76e75776f660935e6d_page_0003,01710452190c12c400325a76e75776f660935e6d.pdf#page=3,underscore_index,pending_review
01710452190c12c400325a76e75776f660935e6d_4,01710452190c12c400325a76e75776f660935e6d_page_0004,01710452190c12c400325a76e75776f660935e6d.pdf#page=4,underscore_index,pending_review
01710452190c12c400325a76e75776f660935e6d_5,01710452190c12c400325a76e75776f660935e6d_page_0005,01710452190c12c400325a76e75776f660935e6d.pdf#page=5,underscore_index,pending_review
01710452190c12c400325a76e75776f660935e6d_6,01710452190c12c400325a76e75776f660935e6d_page_0006,01710452190c12c400325a76e75776f660935e6d.pdf#page=6,underscore_index,pending_review
01710452190c12c400325a76e75776f660935e6d_7,01710452190c12c400325a76e75776f660935e6d_page_0007,01710452190c12c400325a76e75776f660935e6d.pdf#page=7,underscore_index,pending_review
01710452190c12c400325a76e75776f660935e6d_8,01710452190c12c400325a76e75776f660935e6d_page_0008,01710452190c12c400325a76e75776f660935e6d.pdf#page=8,underscore_index,pending_review
01710452190c12c400325a76e75776f660935e6d_9,01710452190c12c400325a76e75776f660935e6d_page_0009,01710452190c12c400325a76e75776f660935e6d.pdf#page=9,underscore_index,pending_review
01710452190c12c400325a76e75776f660935e6d_10,01710452190c12c400325a76e75776f660935e6d_page_0010,01710452190c12c400325a76e75776f660935e6d.pdf#page=10,underscore_index,pending_review
01710452190c12c400325a76e75776f660935e6d_11,01710452190c12c400325a76e75776f660935e6d_page_0011,01710452190c12c400325a76e75776f660935e6d.pdf#page=11,underscore_index,pending_review
01710452190c12c400325a76e75776f660935e6d_12,01710452190c12c400325a76e75776f660935e6d_page_0012,01710452190c12c400325a76e75776f660935e6d.pdf#page=12,underscore_index,pending_review
01710452190c12c400325a76e75776f660935e6d_13,01710452190c12c400325a76e75776f660935e6d_page_0013,01710452190c12c400325a76e75776f660935e6d.pdf#page=13,underscore_index,pending_review
01710452190c12c400325a76e75776f660935e6d_14,01710452190c12c400325a76e75776f660935e6d_page_0014,01710452190c12c400325a76e75776f660935e6d.pdf#page=14,underscore_index,pending_review
01710452190c12c400325a76e75776f660935e6d_15,01710452190c12c400325a76e75776f660935e6d_page_0015,01710452190c12c400325a76e75776f660935e6d.pdf#page=15,underscore_index,pending_review
01710452190c12c400325a76e75776f660935e6d_16,01710452190c12c400325a76e75776f660935e6d_page_0016,01710452190c12c400325a76e75776f660935e6d.pdf#page=16,underscore_index,pending_review
01710452190c12c400325a76e75776f660935e6d_17,01710452190c12c400325a76e75776f660935e6d_page_0017,01710452190c12c400325a76e75776f660935e6d.pdf#page=17,underscore_index,pending_review
01710452190c12c400325a76e75776f660935e6d_18,01710452190c12c400325a76e75776f660935e6d_page_0018,01710452190c12c400325a76e75776f660935e6d.pdf#page=18,underscore_index,pending_review
01710452190c12c400325a76e75776f660935e6d_19,01710452190c12c400325a76e75776f660935e6d_page_0019,01710452190c12c400325a76e75776f660935e6d.pdf#page=19,underscore_index,pending_review
01710452190c12c400325a76e75776f660935e6d_20,01710452190c12c400325a76e75776f660935e6d_page_0020,01710452190c12c400325a76e75776f660935e6d.pdf#page=20,underscore_index,pending_review
017a22d5906315fd57b67970a5c6829b1de1de5d_1,017a22d5906315fd57b67970a5c6829b1de1de5d_page_0001,017a22d5906315fd57b67970a5c6829b1de1de5d.pdf#page=1,underscore_index,pending_review
017a22d5906315fd57b67970a5c6829b1de1de5d_2,017a22d5906315fd57b67970a5c6829b1de1de5d_page_0002,017a22d5906315fd57b67970a5c6829b1de1de5d.pdf#page=2,underscore_index,pending_review
017a22d5906315fd57b67970a5c6829b1de1de5d_3,017a22d5906315fd57b67970a5c6829b1de1de5d_page_0003,017a22d5906315fd57b67970a5c6829b1de1de5d.pdf#page=3,underscore_index,pending_review
017a22d5906315fd57b67970a5c6829b1de1de5d_4,017a22d5906315fd57b67970a5c6829b1de1de5d_page_0004,017a22d5906315fd57b67970a5c6829b1de1de5d.pdf#page=4,underscore_index,pending_review
017a22d5906315fd57b67970a5c6829b1de1de5d_5,017a22d5906315fd57b67970a5c6829b1de1de5d_page_0005,017a22d5906315fd57b67970a5c6829b1de1de5d.pdf#page=5,underscore_index,pending_review
017a22d5906315fd57b67970a5c6829b1de1de5d_6,017a22d5906315fd57b67970a5c6829b1de1de5d_page_0006,017a22d5906315fd57b67970a5c6829b1de1de5d.pdf#page=6,underscore_index,pending_review
017a22d5906315fd57b67970a5c6829b1de1de5d_7,017a22d5906315fd57b67970a5c6829b1de1de5d_page_0007,017a22d5906315fd57b67970a5c6829b1de1de5d.pdf#page=7,underscore_index,pending_review
017a22d5906315fd57b67970a5c6829b1de1de5d_8,017a22d5906315fd57b67970a5c6829b1de1de5d_page_0008,017a22d5906315fd57b67970a5c6829b1de1de5d.pdf#page=8,underscore_index,pending_review
017a22d5906315fd57b67970a5c6829b1de1de5d_9,017a22d5906315fd57b67970a5c6829b1de1de5d_page_0009,017a22d5906315fd57b67970a5c6829b1de1de5d.pdf#page=9,underscore_index,pending_review
017a22d5906315fd57b67970a5c6829b1de1de5d_10,017a22d5906315fd57b67970a5c6829b1de1de5d_page_0010,017a22d5906315fd57b67970a5c6829b1de1de5d.pdf#page=10,underscore_index,pending_review
017a22d5906315fd57b67970a5c6829b1de1de5d_11,017a22d5906315fd57b67970a5c6829b1de1de5d_page_0011,017a22d5906315fd57b67970a5c6829b1de1de5d.pdf#page=11,underscore_index,pending_review
017a22d5906315fd57b67970a5c6829b1de1de5d_12,017a22d5906315fd57b67970a5c6829b1de1de5d_page_0012,017a22d5906315fd57b67970a5c6829b1de1de5d.pdf#page=12,underscore_index,pending_review
017a22d5906315fd57b67970a5c6829b1de1de5d_13,017a22d5906315fd57b67970a5c6829b1de1de5d_page_0013,017a22d5906315fd57b67970a5c6829b1de1de5d.pdf#page=13,underscore_index,pending_review
017a22d5906315fd57b67970a5c6829b1de1de5d_14,017a22d5906315fd57b67970a5c6829b1de1de5d_page_0014,017a22d5906315fd57b67970a5c6829b1de1de5d.pdf#page=14,underscore_index,pending_review
017a22d5906315fd57b67970a5c6829b1de1de5d_15,017a22d5906315fd57b67970a5c6829b1de1de5d_page_0015,017a22d5906315fd57b67970a5c6829b1de1de5d.pdf#page=15,underscore_index,pending_review
017a22d5906315fd57b67970a5c6829b1de1de5d_16,017a22d5906315fd57b67970a5c6829b1de1de5d_page_0016,017a22d5906315fd57b67970a5c6829b1de1de5d.pdf#page=16,underscore_index,pending_review
017a22d5906315fd57b67970a5c6829b1de1de5d_17,017a22d5906315fd57b67970a5c6829b1de1de5d_page_0017,017a22d5906315fd57b67970a5c6829b1de1de5d.pdf#page=17,underscore_index,pending_review
017a22d5906315fd57b67970a5c6829b1de1de5d_18,017a22d5906315fd57b67970a5c6829b1de1de5d_page_0018,017a22d5906315fd57b67970a5c6829b1de1de5d.pdf#page=18,underscore_index,pending_review
017a22d5906315fd57b67970a5c6829b1de1de5d_19,017a22d5906315fd57b67970a5c6829b1de1de5d_page_0019,017a22d5906315fd57b67970a5c6829b1de1de5d.pdf#page=19,underscore_index,pending_review
017af5182e83e83177be247bf4f05adeddd6105b_1,017af5182e83e83177be247bf4f05adeddd6105b_page_0001,017af5182e83e83177be247bf4f05adeddd6105b.pdf#page=1,underscore_index,pending_review
017af5182e83e83177be247bf4f05adeddd6105b_2,017af5182e83e83177be247bf4f05adeddd6105b_page_0002,017af5182e83e83177be247bf4f05adeddd6105b.pdf#page=2,underscore_index,pending_review
017af5182e83e83177be247bf4f05adeddd6105b_3,017af5182e83e83177be247bf4f05adeddd6105b_page_0003,017af5182e83e83177be247bf4f05adeddd6105b.pdf#page=3,underscore_index,pending_review
017af5182e83e83177be247bf4f05adeddd6105b_4,017af5182e83e83177be247bf4f05adeddd6105b_page_0004,017af5182e83e83177be247bf4f05adeddd6105b.pdf#page=4,underscore_index,pending_review
017af5182e83e83177be247bf4f05adeddd6105b_5,017af5182e83e83177be247bf4f05adeddd6105b_page_0005,017af5182e83e83177be247bf4f05adeddd6105b.pdf#page=5,underscore_index,pending_review
017af5182e83e83177be247bf4f05adeddd6105b_6,017af5182e83e83177be247bf4f05adeddd6105b_page_0006,017af5182e83e83177be247bf4f05adeddd6105b.pdf#page=6,underscore_index,pending_review
017af5182e83e83177be247bf4f05adeddd6105b_7,017af5182e83e83177be247bf4f05adeddd6105b_page_0007,017af5182e83e83177be247bf4f05adeddd6105b.pdf#page=7,underscore_index,pending_review
017af5182e83e83177be247bf4f05adeddd6105b_8,017af5182e83e83177be247bf4f05adeddd6105b_page_0008,017af5182e83e83177be247bf4f05adeddd6105b.pdf#page=8,underscore_index,pending_review
017af5182e83e83177be247bf4f05adeddd6105b_9,017af5182e83e83177be247bf4f05adeddd6105b_page_0009,017af5182e83e83177be247bf4f05adeddd6105b.pdf#page=9,underscore_index,pending_review
017af5182e83e83177be247bf4f05adeddd6105b_10,017af5182e83e83177be247bf4f05adeddd6105b_page_0010,017af5182e83e83177be247bf4f05adeddd6105b.pdf#page=10,underscore_index,pending_review
017af5182e83e83177be247bf4f05adeddd6105b_11,017af5182e83e83177be247bf4f05adeddd6105b_page_0011,017af5182e83e83177be247bf4f05adeddd6105b.pdf#page=11,underscore_index,pending_review
017af5182e83e83177be247bf4f05adeddd6105b_12,017af5182e83e83177be247bf4f05adeddd6105b_page_0012,017af5182e83e83177be247bf4f05adeddd6105b.pdf#page=12,underscore_index,pending_review
017af5182e83e83177be247bf4f05adeddd6105b_13,017af5182e83e83177be247bf4f05adeddd6105b_page_0013,017af5182e83e83177be247bf4f05adeddd6105b.pdf#page=13,underscore_index,pending_review
017af5182e83e83177be247bf4f05adeddd6105b_14,017af5182e83e83177be247bf4f05adeddd6105b_page_0014,017af5182e83e83177be247bf4f05adeddd6105b.pdf#page=14,underscore_index,pending_review
017b534723c463c51f4031ccbba8ce156a502b42_1,017b534723c463c51f4031ccbba8ce156a502b42_page_0001,017b534723c463c51f4031ccbba8ce156a502b42.pdf#page=1,underscore_index,pending_review
017b534723c463c51f4031ccbba8ce156a502b42_2,017b534723c463c51f4031ccbba8ce156a502b42_page_0002,017b534723c463c51f4031ccbba8ce156a502b42.pdf#page=2,underscore_index,pending_review
017b534723c463c51f4031ccbba8ce156a502b42_3,017b534723c463c51f4031ccbba8ce156a502b42_page_0003,017b534723c463c51f4031ccbba8ce156a502b42.pdf#page=3,underscore_index,pending_review
017b534723c463c51f4031ccbba8ce156a502b42_4,017b534723c463c51f4031ccbba8ce156a502b42_page_0004,017b534723c463c51f4031ccbba8ce156a502b42.pdf#page=4,underscore_index,pending_review
017b534723c463c51f4031ccbba8ce156a502b42_5,017b534723c463c51f4031ccbba8ce156a502b42_page_0005,017b534723c463c51f4031ccbba8ce156a502b42.pdf#page=5,underscore_index,pending_review
017b534723c463c51f4031ccbba8ce156a502b42_6,017b534723c463c51f4031ccbba8ce156a502b42_page_0006,017b534723c463c51f4031ccbba8ce156a502b42.pdf#page=6,underscore_index,pending_review
017b534723c463c51f4031ccbba8ce156a502b42_7,017b534723c463c51f4031ccbba8ce156a502b42_page_0007,017b534723c463c51f4031ccbba8ce156a502b42.pdf#page=7,underscore_index,pending_review
017b534723c463c51f4031ccbba8ce156a502b42_8,017b534723c463c51f4031ccbba8ce156a502b42_page_0008,017b534723c463c51f4031ccbba8ce156a502b42.pdf#page=8,underscore_index,pending_review
017b534723c463c51f4031ccbba8ce156a502b42_9,017b534723c463c51f4031ccbba8ce156a502b42_page_0009,017b534723c463c51f4031ccbba8ce156a502b42.pdf#page=9,underscore_index,pending_review
017b534723c463c51f4031ccbba8ce156a502b42_10,017b534723c463c51f4031ccbba8ce156a502b42_page_0010,017b534723c463c51f4031ccbba8ce156a502b42.pdf#page=10,underscore_index,pending_review
017b534723c463c51f4031ccbba8ce156a502b42_11,017b534723c463c51f4031ccbba8ce156a502b42_page_0011,017b534723c463c51f4031ccbba8ce156a502b42.pdf#page=11,underscore_index,pending_review
017b534723c463c51f4031ccbba8ce156a502b42_12,017b534723c463c51f4031ccbba8ce156a502b42_page_0012,017b534723c463c51f4031ccbba8ce156a502b42.pdf#page=12,underscore_index,pending_review
017b6f58539aba1651e897c39a8104381e627794_1,017b6f58539aba1651e897c39a8104381e627794_page_0001,017b6f58539aba1651e897c39a8104381e627794.pdf#page=1,underscore_index,pending_review
017b6f58539aba1651e897c39a8104381e627794_2,017b6f58539aba1651e897c39a8104381e627794_page_0002,017b6f58539aba1651e897c39a8104381e627794.pdf#page=2,underscore_index,pending_review
017b6f58539aba1651e897c39a8104381e627794_3,017b6f58539aba1651e897c39a8104381e627794_page_0003,017b6f58539aba1651e897c39a8104381e627794.pdf#page=3,underscore_index,pending_review
017b6f58539aba1651e897c39a8104381e627794_4,017b6f58539aba1651e897c39a8104381e627794_page_0004,017b6f58539aba1651e897c39a8104381e627794.pdf#page=4,underscore_index,pending_review
017b6f58539aba1651e897c39a8104381e627794_5,017b6f58539aba1651e897c39a8104381e627794_page_0005,017b6f58539aba1651e897c39a8104381e627794.pdf#page=5,underscore_index,pending_review
017b6f58539aba1651e897c39a8104381e627794_6,017b6f58539aba1651e897c39a8104381e627794_page_0006,017b6f58539aba1651e897c39a8104381e627794.pdf#page=6,underscore_index,pending_review
017b6f58539aba1651e897c39a8104381e627794_7,017b6f58539aba1651e897c39a8104381e627794_page_0007,017b6f58539aba1651e897c39a8104381e627794.pdf#page=7,underscore_index,pending_review
017b6f58539aba1651e897c39a8104381e627794_8,017b6f58539aba1651e897c39a8104381e627794_page_0008,017b6f58539aba1651e897c39a8104381e627794.pdf#page=8,underscore_index,pending_review
017b6f58539aba1651e897c39a8104381e627794_9,017b6f58539aba1651e897c39a8104381e627794_page_0009,017b6f58539aba1651e897c39a8104381e627794.pdf#page=9,underscore_index,pending_review
017b6f58539aba1651e897c39a8104381e627794_10,017b6f58539aba1651e897c39a8104381e627794_page_0010,017b6f58539aba1651e897c39a8104381e627794.pdf#page=10,underscore_index,pending_review
017b6f58539aba1651e897c39a8104381e627794_11,017b6f58539aba1651e897c39a8104381e627794_page_0011,017b6f58539aba1651e897c39a8104381e627794.pdf#page=11,underscore_index,pending_review
017b6f58539aba1651e897c39a8104381e627794_12,017b6f58539aba1651e897c39a8104381e627794_page_0012,017b6f58539aba1651e897c39a8104381e627794.pdf#page=12,underscore_index,pending_review
017b6f58539aba1651e897c39a8104381e627794_13,017b6f58539aba1651e897c39a8104381e627794_page_0013,017b6f58539aba1651e897c39a8104381e627794.pdf#page=13,underscore_index,pending_review
017b6f58539aba1651e897c39a8104381e627794_14,017b6f58539aba1651e897c39a8104381e627794_page_0014,017b6f58539aba1651e897c39a8104381e627794.pdf#page=14,underscore_index,pending_review
017b6f58539aba1651e897c39a8104381e627794_15,017b6f58539aba1651e897c39a8104381e627794_page_0015,017b6f58539aba1651e897c39a8104381e627794.pdf#page=15,underscore_index,pending_review
017b6f58539aba1651e897c39a8104381e627794_16,017b6f58539aba1651e897c39a8104381e627794_page_0016,017b6f58539aba1651e897c39a8104381e627794.pdf#page=16,underscore_index,pending_review
017b6f58539aba1651e897c39a8104381e627794_17,017b6f58539aba1651e897c39a8104381e627794_page_0017,017b6f58539aba1651e897c39a8104381e627794.pdf#page=17,underscore_index,pending_review
017b6f58539aba1651e897c39a8104381e627794_18,017b6f58539aba1651e897c39a8104381e627794_page_0018,017b6f58539aba1651e897c39a8104381e627794.pdf#page=18,underscore_index,pending_review
017b6f58539aba1651e897c39a8104381e627794_19,017b6f58539aba1651e897c39a8104381e627794_page_0019,017b6f58539aba1651e897c39a8104381e627794.pdf#page=19,underscore_index,pending_review
017b6f58539aba1651e897c39a8104381e627794_20,017b6f58539aba1651e897c39a8104381e627794_page_0020,017b6f58539aba1651e897c39a8104381e627794.pdf#page=20,underscore_index,pending_review
017b6f58539aba1651e897c39a8104381e627794_21,017b6f58539aba1651e897c39a8104381e627794_page_0021,017b6f58539aba1651e897c39a8104381e627794.pdf#page=21,underscore_index,pending_review
017b6f58539aba1651e897c39a8104381e627794_22,017b6f58539aba1651e897c39a8104381e627794_page_0022,017b6f58539aba1651e897c39a8104381e627794.pdf#page=22,underscore_index,pending_review
017b6f58539aba1651e897c39a8104381e627794_23,017b6f58539aba1651e897c39a8104381e627794_page_0023,017b6f58539aba1651e897c39a8104381e627794.pdf#page=23,underscore_index,pending_review
017b6f58539aba1651e897c39a8104381e627794_24,017b6f58539aba1651e897c39a8104381e627794_page_0024,017b6f58539aba1651e897c39a8104381e627794.pdf#page=24,underscore_index,pending_review
017b6f58539aba1651e897c39a8104381e627794_25,017b6f58539aba1651e897c39a8104381e627794_page_0025,017b6f58539aba1651e897c39a8104381e627794.pdf#page=25,underscore_index,pending_review
01867e3e7f633451b5d59291fb4ff2bce1d23d4f_1,01867e3e7f633451b5d59291fb4ff2bce1d23d4f_page_0001,01867e3e7f633451b5d59291fb4ff2bce1d23d4f.pdf#page=1,underscore_index,pending_review
01867e3e7f633451b5d59291fb4ff2bce1d23d4f_2,01867e3e7f633451b5d59291fb4ff2bce1d23d4f_page_0002,01867e3e7f633451b5d59291fb4ff2bce1d23d4f.pdf#page=2,underscore_index,pending_review
01867e3e7f633451b5d59291fb4ff2bce1d23d4f_3,01867e3e7f633451b5d59291fb4ff2bce1d23d4f_page_0003,01867e3e7f633451b5d59291fb4ff2bce1d23d4f.pdf#page=3,underscore_index,pending_review
01867e3e7f633451b5d59291fb4ff2bce1d23d4f_4,01867e3e7f633451b5d59291fb4ff2bce1d23d4f_page_0004,01867e3e7f633451b5d59291fb4ff2bce1d23d4f.pdf#page=4,underscore_index,pending_review
01867e3e7f633451b5d59291fb4ff2bce1d23d4f_5,01867e3e7f633451b5d59291fb4ff2bce1d23d4f_page_0005,01867e3e7f633451b5d59291fb4ff2bce1d23d4f.pdf#page=5,underscore_index,pending_review
01867e3e7f633451b5d59291fb4ff2bce1d23d4f_6,01867e3e7f633451b5d59291fb4ff2bce1d23d4f_page_0006,01867e3e7f633451b5d59291fb4ff2bce1d23d4f.pdf#page=6,underscore_index,pending_review
01867e3e7f633451b5d59291fb4ff2bce1d23d4f_7,01867e3e7f633451b5d59291fb4ff2bce1d23d4f_page_0007,01867e3e7f633451b5d59291fb4ff2bce1d23d4f.pdf#page=7,underscore_index,pending_review
01867e3e7f633451b5d59291fb4ff2bce1d23d4f_8,01867e3e7f633451b5d59291fb4ff2bce1d23d4f_page_0008,01867e3e7f633451b5d59291fb4ff2bce1d23d4f.pdf#page=8,underscore_index,pending_review
01867e3e7f633451b5d59291fb4ff2bce1d23d4f_9,01867e3e7f633451b5d59291fb4ff2bce1d23d4f_page_0009,01867e3e7f633451b5d59291fb4ff2bce1d23d4f.pdf#page=9,underscore_index,pending_review
01867e3e7f633451b5d59291fb4ff2bce1d23d4f_10,01867e3e7f633451b5d59291fb4ff2bce1d23d4f_page_0010,01867e3e7f633451b5d59291fb4ff2bce1d23d4f.pdf#page=10,underscore_index,pending_review
01867e3e7f633451b5d59291fb4ff2bce1d23d4f_11,01867e3e7f633451b5d59291fb4ff2bce1d23d4f_page_0011,01867e3e7f633451b5d59291fb4ff2bce1d23d4f.pdf#page=11,underscore_index,pending_review
01867e3e7f633451b5d59291fb4ff2bce1d23d4f_12,01867e3e7f633451b5d59291fb4ff2bce1d23d4f_page_0012,01867e3e7f633451b5d59291fb4ff2bce1d23d4f.pdf#page=12,underscore_index,pending_review
01867e3e7f633451b5d59291fb4ff2bce1d23d4f_13,01867e3e7f633451b5d59291fb4ff2bce1d23d4f_page_0013,01867e3e7f633451b5d59291fb4ff2bce1d23d4f.pdf#page=13,underscore_index,pending_review
01867e3e7f633451b5d59291fb4ff2bce1d23d4f_14,01867e3e7f633451b5d59291fb4ff2bce1d23d4f_page_0014,01867e3e7f633451b5d59291fb4ff2bce1d23d4f.pdf#page=14,underscore_index,pending_review
01867e3e7f633451b5d59291fb4ff2bce1d23d4f_15,01867e3e7f633451b5d59291fb4ff2bce1d23d4f_page_0015,01867e3e7f633451b5d59291fb4ff2bce1d23d4f.pdf#page=15,underscore_index,pending_review
01867e3e7f633451b5d59291fb4ff2bce1d23d4f_16,01867e3e7f633451b5d59291fb4ff2bce1d23d4f_page_0016,01867e3e7f633451b5d59291fb4ff2bce1d23d4f.pdf#page=16,underscore_index,pending_review
01867e3e7f633451b5d59291fb4ff2bce1d23d4f_17,01867e3e7f633451b5d59291fb4ff2bce1d23d4f_page_0017,01867e3e7f633451b5d59291fb4ff2bce1d23d4f.pdf#page=17,underscore_index,pending_review
01867e3e7f633451b5d59291fb4ff2bce1d23d4f_18,01867e3e7f633451b5d59291fb4ff2bce1d23d4f_page_0018,01867e3e7f633451b5d59291fb4ff2bce1d23d4f.pdf#page=18,underscore_index,pending_review
01867e3e7f633451b5d59291fb4ff2bce1d23d4f_19,01867e3e7f633451b5d59291fb4ff2bce1d23d4f_page_0019,01867e3e7f633451b5d59291fb4ff2bce1d23d4f.pdf#page=19,underscore_index,pending_review
01867e3e7f633451b5d59291fb4ff2bce1d23d4f_20,01867e3e7f633451b5d59291fb4ff2bce1d23d4f_page_0020,01867e3e7f633451b5d59291fb4ff2bce1d23d4f.pdf#page=20,underscore_index,pending_review
018c1bacd62f681697487fa8f033c0f332e849a0_1,018c1bacd62f681697487fa8f033c0f332e849a0_page_0001,018c1bacd62f681697487fa8f033c0f332e849a0.pdf#page=1,underscore_index,pending_review
018c1bacd62f681697487fa8f033c0f332e849a0_2,018c1bacd62f681697487fa8f033c0f332e849a0_page_0002,018c1bacd62f681697487fa8f033c0f332e849a0.pdf#page=2,underscore_index,pending_review
018c1bacd62f681697487fa8f033c0f332e849a0_3,018c1bacd62f681697487fa8f033c0f332e849a0_page_0003,018c1bacd62f681697487fa8f033c0f332e849a0.pdf#page=3,underscore_index,pending_review
018c1bacd62f681697487fa8f033c0f332e849a0_4,018c1bacd62f681697487fa8f033c0f332e849a0_page_0004,018c1bacd62f681697487fa8f033c0f332e849a0.pdf#page=4,underscore_index,pending_review
018c1bacd62f681697487fa8f033c0f332e849a0_5,018c1bacd62f681697487fa8f033c0f332e849a0_page_0005,018c1bacd62f681697487fa8f033c0f332e849a0.pdf#page=5,underscore_index,pending_review
018c1bacd62f681697487fa8f033c0f332e849a0_6,018c1bacd62f681697487fa8f033c0f332e849a0_page_0006,018c1bacd62f681697487fa8f033c0f332e849a0.pdf#page=6,underscore_index,pending_review
018c1bacd62f681697487fa8f033c0f332e849a0_7,018c1bacd62f681697487fa8f033c0f332e849a0_page_0007,018c1bacd62f681697487fa8f033c0f332e849a0.pdf#page=7,underscore_index,pending_review
018c1bacd62f681697487fa8f033c0f332e849a0_8,018c1bacd62f681697487fa8f033c0f332e849a0_page_0008,018c1bacd62f681697487fa8f033c0f332e849a0.pdf#page=8,underscore_index,pending_review
018c1bacd62f681697487fa8f033c0f332e849a0_9,018c1bacd62f681697487fa8f033c0f332e849a0_page_0009,018c1bacd62f681697487fa8f033c0f332e849a0.pdf#page=9,underscore_index,pending_review
018c1bacd62f681697487fa8f033c0f332e849a0_10,018c1bacd62f681697487fa8f033c0f332e849a0_page_0010,018c1bacd62f681697487fa8f033c0f332e849a0.pdf#page=10,underscore_index,pending_review
018c1bacd62f681697487fa8f033c0f332e849a0_11,018c1bacd62f681697487fa8f033c0f332e849a0_page_0011,018c1bacd62f681697487fa8f033c0f332e849a0.pdf#page=11,underscore_index,pending_review
018c1bacd62f681697487fa8f033c0f332e849a0_12,018c1bacd62f681697487fa8f033c0f332e849a0_page_0012,018c1bacd62f681697487fa8f033c0f332e849a0.pdf#page=12,underscore_index,pending_review
018c1bacd62f681697487fa8f033c0f332e849a0_13,018c1bacd62f681697487fa8f033c0f332e849a0_page_0013,018c1bacd62f681697487fa8f033c0f332e849a0.pdf#page=13,underscore_index,pending_review
018c1bacd62f681697487fa8f033c0f332e849a0_14,018c1bacd62f681697487fa8f033c0f332e849a0_page_0014,018c1bacd62f681697487fa8f033c0f332e849a0.pdf#page=14,underscore_index,pending_review
018c1bacd62f681697487fa8f033c0f332e849a0_15,018c1bacd62f681697487fa8f033c0f332e849a0_page_0015,018c1bacd62f681697487fa8f033c0f332e849a0.pdf#page=15,underscore_index,pending_review
018c1bacd62f681697487fa8f033c0f332e849a0_16,018c1bacd62f681697487fa8f033c0f332e849a0_page_0016,018c1bacd62f681697487fa8f033c0f332e849a0.pdf#page=16,underscore_index,pending_review
018c1bacd62f681697487fa8f033c0f332e849a0_17,018c1bacd62f681697487fa8f033c0f332e849a0_page_0017,018c1bacd62f681697487fa8f033c0f332e849a0.pdf#page=17,underscore_index,pending_review
018c1bacd62f681697487fa8f033c0f332e849a0_18,018c1bacd62f681697487fa8f033c0f332e849a0_page_0018,018c1bacd62f681697487fa8f033c0f332e849a0.pdf#page=18,underscore_index,pending_review
018c1bacd62f681697487fa8f033c0f332e849a0_19,018c1bacd62f681697487fa8f033c0f332e849a0_page_0019,018c1bacd62f681697487fa8f033c0f332e849a0.pdf#page=19,underscore_index,pending_review
018c1bacd62f681697487fa8f033c0f332e849a0_20,018c1bacd62f681697487fa8f033c0f332e849a0_page_0020,018c1bacd62f681697487fa8f033c0f332e849a0.pdf#page=20,underscore_index,pending_review
019628e5cf93e750e1ba161b17b970acaeaaf5bb_1,019628e5cf93e750e1ba161b17b970acaeaaf5bb_page_0001,019628e5cf93e750e1ba161b17b970acaeaaf5bb.pdf#page=1,underscore_index,pending_review
019628e5cf93e750e1ba161b17b970acaeaaf5bb_2,019628e5cf93e750e1ba161b17b970acaeaaf5bb_page_0002,019628e5cf93e750e1ba161b17b970acaeaaf5bb.pdf#page=2,underscore_index,pending_review
019628e5cf93e750e1ba161b17b970acaeaaf5bb_3,019628e5cf93e750e1ba161b17b970acaeaaf5bb_page_0003,019628e5cf93e750e1ba161b17b970acaeaaf5bb.pdf#page=3,underscore_index,pending_review
019628e5cf93e750e1ba161b17b970acaeaaf5bb_4,019628e5cf93e750e1ba161b17b970acaeaaf5bb_page_0004,019628e5cf93e750e1ba161b17b970acaeaaf5bb.pdf#page=4,underscore_index,pending_review
019628e5cf93e750e1ba161b17b970acaeaaf5bb_5,019628e5cf93e750e1ba161b17b970acaeaaf5bb_page_0005,019628e5cf93e750e1ba161b17b970acaeaaf5bb.pdf#page=5,underscore_index,pending_review
019628e5cf93e750e1ba161b17b970acaeaaf5bb_6,019628e5cf93e750e1ba161b17b970acaeaaf5bb_page_0006,019628e5cf93e750e1ba161b17b970acaeaaf5bb.pdf#page=6,underscore_index,pending_review
019628e5cf93e750e1ba161b17b970acaeaaf5bb_7,019628e5cf93e750e1ba161b17b970acaeaaf5bb_page_0007,019628e5cf93e750e1ba161b17b970acaeaaf5bb.pdf#page=7,underscore_index,pending_review
019628e5cf93e750e1ba161b17b970acaeaaf5bb_8,019628e5cf93e750e1ba161b17b970acaeaaf5bb_page_0008,019628e5cf93e750e1ba161b17b970acaeaaf5bb.pdf#page=8,underscore_index,pending_review
019628e5cf93e750e1ba161b17b970acaeaaf5bb_9,019628e5cf93e750e1ba161b17b970acaeaaf5bb_page_0009,019628e5cf93e750e1ba161b17b970acaeaaf5bb.pdf#page=9,underscore_index,pending_review
019628e5cf93e750e1ba161b17b970acaeaaf5bb_10,019628e5cf93e750e1ba161b17b970acaeaaf5bb_page_0010,019628e5cf93e750e1ba161b17b970acaeaaf5bb.pdf#page=10,underscore_index,pending_review
019628e5cf93e750e1ba161b17b970acaeaaf5bb_11,019628e5cf93e750e1ba161b17b970acaeaaf5bb_page_0011,019628e5cf93e750e1ba161b17b970acaeaaf5bb.pdf#page=11,underscore_index,pending_review
019628e5cf93e750e1ba161b17b970acaeaaf5bb_12,019628e5cf93e750e1ba161b17b970acaeaaf5bb_page_0012,019628e5cf93e750e1ba161b17b970acaeaaf5bb.pdf#page=12,underscore_index,pending_review
019628e5cf93e750e1ba161b17b970acaeaaf5bb_13,019628e5cf93e750e1ba161b17b970acaeaaf5bb_page_0013,019628e5cf93e750e1ba161b17b970acaeaaf5bb.pdf#page=13,underscore_index,pending_review
019628e5cf93e750e1ba161b17b970acaeaaf5bb_14,019628e5cf93e750e1ba161b17b970acaeaaf5bb_page_0014,019628e5cf93e750e1ba161b17b970acaeaaf5bb.pdf#page=14,underscore_index,pending_review
019628e5cf93e750e1ba161b17b970acaeaaf5bb_15,019628e5cf93e750e1ba161b17b970acaeaaf5bb_page_0015,019628e5cf93e750e1ba161b17b970acaeaaf5bb.pdf#page=15,underscore_index,pending_review
019628e5cf93e750e1ba161b17b970acaeaaf5bb_16,019628e5cf93e750e1ba161b17b970acaeaaf5bb_page_0016,019628e5cf93e750e1ba161b17b970acaeaaf5bb.pdf#page=16,underscore_index,pending_review
019628e5cf93e750e1ba161b17b970acaeaaf5bb_17,019628e5cf93e750e1ba161b17b970acaeaaf5bb_page_0017,019628e5cf93e750e1ba161b17b970acaeaaf5bb.pdf#page=17,underscore_index,pending_review
019628e5cf93e750e1ba161b17b970acaeaaf5bb_18,019628e5cf93e750e1ba161b17b970acaeaaf5bb_page_0018,019628e5cf93e750e1ba161b17b970acaeaaf5bb.pdf#page=18,underscore_index,pending_review
019628e5cf93e750e1ba161b17b970acaeaaf5bb_19,019628e5cf93e750e1ba161b17b970acaeaaf5bb_page_0019,019628e5cf93e750e1ba161b17b970acaeaaf5bb.pdf#page=19,underscore_index,pending_review
019628e5cf93e750e1ba161b17b970acaeaaf5bb_20,019628e5cf93e750e1ba161b17b970acaeaaf5bb_page_0020,019628e5cf93e750e1ba161b17b970acaeaaf5bb.pdf#page=20,underscore_index,pending_review
019628e5cf93e750e1ba161b17b970acaeaaf5bb_21,019628e5cf93e750e1ba161b17b970acaeaaf5bb_page_0021,019628e5cf93e750e1ba161b17b970acaeaaf5bb.pdf#page=21,underscore_index,pending_review
01972440b42f5700a79723eb27cf8f86fb9ca967_1,01972440b42f5700a79723eb27cf8f86fb9ca967_page_0001,01972440b42f5700a79723eb27cf8f86fb9ca967.pdf#page=1,underscore_index,pending_review
01972440b42f5700a79723eb27cf8f86fb9ca967_2,01972440b42f5700a79723eb27cf8f86fb9ca967_page_0002,01972440b42f5700a79723eb27cf8f86fb9ca967.pdf#page=2,underscore_index,pending_review
01972440b42f5700a79723eb27cf8f86fb9ca967_3,01972440b42f5700a79723eb27cf8f86fb9ca967_page_0003,01972440b42f5700a79723eb27cf8f86fb9ca967.pdf#page=3,underscore_index,pending_review
01972440b42f5700a79723eb27cf8f86fb9ca967_4,01972440b42f5700a79723eb27cf8f86fb9ca967_page_0004,01972440b42f5700a79723eb27cf8f86fb9ca967.pdf#page=4,underscore_index,pending_review
01972440b42f5700a79723eb27cf8f86fb9ca967_5,01972440b42f5700a79723eb27cf8f86fb9ca967_page_0005,01972440b42f5700a79723eb27cf8f86fb9ca967.pdf#page=5,underscore_index,pending_review
01972440b42f5700a79723eb27cf8f86fb9ca967_6,01972440b42f5700a79723eb27cf8f86fb9ca967_page_0006,01972440b42f5700a79723eb27cf8f86fb9ca967.pdf#page=6,underscore_index,pending_review
01972440b42f5700a79723eb27cf8f86fb9ca967_7,01972440b42f5700a79723eb27cf8f86fb9ca967_page_0007,01972440b42f5700a79723eb27cf8f86fb9ca967.pdf#page=7,underscore_index,pending_review
01972440b42f5700a79723eb27cf8f86fb9ca967_8,01972440b42f5700a79723eb27cf8f86fb9ca967_page_0008,01972440b42f5700a79723eb27cf8f86fb9ca967.pdf#page=8,underscore_index,pending_review
01972440b42f5700a79723eb27cf8f86fb9ca967_9,01972440b42f5700a79723eb27cf8f86fb9ca967_page_0009,01972440b42f5700a79723eb27cf8f86fb9ca967.pdf#page=9,underscore_index,pending_review
01972440b42f5700a79723eb27cf8f86fb9ca967_10,01972440b42f5700a79723eb27cf8f86fb9ca967_page_0010,01972440b42f5700a79723eb27cf8f86fb9ca967.pdf#page=10,underscore_index,pending_review
01972440b42f5700a79723eb27cf8f86fb9ca967_11,01972440b42f5700a79723eb27cf8f86fb9ca967_page_0011,01972440b42f5700a79723eb27cf8f86fb9ca967.pdf#page=11,underscore_index,pending_review
01972440b42f5700a79723eb27cf8f86fb9ca967_12,01972440b42f5700a79723eb27cf8f86fb9ca967_page_0012,01972440b42f5700a79723eb27cf8f86fb9ca967.pdf#page=12,underscore_index,pending_review
01972440b42f5700a79723eb27cf8f86fb9ca967_13,01972440b42f5700a79723eb27cf8f86fb9ca967_page_0013,01972440b42f5700a79723eb27cf8f86fb9ca967.pdf#page=13,underscore_index,pending_review
01ada48daaf576de7e173f212b032ab06b742e24_1,01ada48daaf576de7e173f212b032ab06b742e24_page_0001,01ada48daaf576de7e173f212b032ab06b742e24.pdf#page=1,underscore_index,pending_review
01ada48daaf576de7e173f212b032ab06b742e24_2,01ada48daaf576de7e173f212b032ab06b742e24_page_0002,01ada48daaf576de7e173f212b032ab06b742e24.pdf#page=2,underscore_index,pending_review
01ada48daaf576de7e173f212b032ab06b742e24_3,01ada48daaf576de7e173f212b032ab06b742e24_page_0003,01ada48daaf576de7e173f212b032ab06b742e24.pdf#page=3,underscore_index,pending_review
01ada48daaf576de7e173f212b032ab06b742e24_4,01ada48daaf576de7e173f212b032ab06b742e24_page_0004,01ada48daaf576de7e173f212b032ab06b742e24.pdf#page=4,underscore_index,pending_review
01ada48daaf576de7e173f212b032ab06b742e24_5,01ada48daaf576de7e173f212b032ab06b742e24_page_0005,01ada48daaf576de7e173f212b032ab06b742e24.pdf#page=5,underscore_index,pending_review
01ada48daaf576de7e173f212b032ab06b742e24_6,01ada48daaf576de7e173f212b032ab06b742e24_page_0006,01ada48daaf576de7e173f212b032ab06b742e24.pdf#page=6,underscore_index,pending_review
01ada48daaf576de7e173f212b032ab06b742e24_7,01ada48daaf576de7e173f212b032ab06b742e24_page_0007,01ada48daaf576de7e173f212b032ab06b742e24.pdf#page=7,underscore_index,pending_review
01ada48daaf576de7e173f212b032ab06b742e24_8,01ada48daaf576de7e173f212b032ab06b742e24_page_0008,01ada48daaf576de7e173f212b032ab06b742e24.pdf#page=8,underscore_index,pending_review
01ada48daaf576de7e173f212b032ab06b742e24_9,01ada48daaf576de7e173f212b032ab06b742e24_page_0009,01ada48daaf576de7e173f212b032ab06b742e24.pdf#page=9,underscore_index,pending_review
01ada48daaf576de7e173f212b032ab06b742e24_10,01ada48daaf576de7e173f212b032ab06b742e24_page_0010,01ada48daaf576de7e173f212b032ab06b742e24.pdf#page=10,underscore_index,pending_review
01ada48daaf576de7e173f212b032ab06b742e24_11,01ada48daaf576de7e173f212b032ab06b742e24_page_0011,01ada48daaf576de7e173f212b032ab06b742e24.pdf#page=11,underscore_index,pending_review
01ada48daaf576de7e173f212b032ab06b742e24_12,01ada48daaf576de7e173f212b032ab06b742e24_page_0012,01ada48daaf576de7e173f212b032ab06b742e24.pdf#page=12,underscore_index,pending_review
01adef9a43d47eb468db708906f53c182e01c156_1,01adef9a43d47eb468db708906f53c182e01c156_page_0001,01adef9a43d47eb468db708906f53c182e01c156.pdf#page=1,underscore_index,pending_review
01adef9a43d47eb468db708906f53c182e01c156_2,01adef9a43d47eb468db708906f53c182e01c156_page_0002,01adef9a43d47eb468db708906f53c182e01c156.pdf#page=2,underscore_index,pending_review
01adef9a43d47eb468db708906f53c182e01c156_3,01adef9a43d47eb468db708906f53c182e01c156_page_0003,01adef9a43d47eb468db708906f53c182e01c156.pdf#page=3,underscore_index,pending_review
01adef9a43d47eb468db708906f53c182e01c156_4,01adef9a43d47eb468db708906f53c182e01c156_page_0004,01adef9a43d47eb468db708906f53c182e01c156.pdf#page=4,underscore_index,pending_review
01adef9a43d47eb468db708906f53c182e01c156_5,01adef9a43d47eb468db708906f53c182e01c156_page_0005,01adef9a43d47eb468db708906f53c182e01c156.pdf#page=5,underscore_index,pending_review
01adef9a43d47eb468db708906f53c182e01c156_6,01adef9a43d47eb468db708906f53c182e01c156_page_0006,01adef9a43d47eb468db708906f53c182e01c156.pdf#page=6,underscore_index,pending_review
01adef9a43d47eb468db708906f53c182e01c156_7,01adef9a43d47eb468db708906f53c182e01c156_page_0007,01adef9a43d47eb468db708906f53c182e01c156.pdf#page=7,underscore_index,pending_review
01adef9a43d47eb468db708906f53c182e01c156_8,01adef9a43d47eb468db708906f53c182e01c156_page_0008,01adef9a43d47eb468db708906f53c182e01c156.pdf#page=8,underscore_index,pending_review
01adef9a43d47eb468db708906f53c182e01c156_9,01adef9a43d47eb468db708906f53c182e01c156_page_0009,01adef9a43d47eb468db708906f53c182e01c156.pdf#page=9,underscore_index,pending_review
01adef9a43d47eb468db708906f53c182e01c156_10,01adef9a43d47eb468db708906f53c182e01c156_page_0010,01adef9a43d47eb468db708906f53c182e01c156.pdf#page=10,underscore_index,pending_review
01adef9a43d47eb468db708906f53c182e01c156_11,01adef9a43d47eb468db708906f53c182e01c156_page_0011,01adef9a43d47eb468db708906f53c182e01c156.pdf#page=11,underscore_index,pending_review
01adef9a43d47eb468db708906f53c182e01c156_12,01adef9a43d47eb468db708906f53c182e01c156_page_0012,01adef9a43d47eb468db708906f53c182e01c156.pdf#page=12,underscore_index,pending_review
01adef9a43d47eb468db708906f53c182e01c156_13,01adef9a43d47eb468db708906f53c182e01c156_page_0013,01adef9a43d47eb468db708906f53c182e01c156.pdf#page=13,underscore_index,pending_review
01adef9a43d47eb468db708906f53c182e01c156_14,01adef9a43d47eb468db708906f53c182e01c156_page_0014,01adef9a43d47eb468db708906f53c182e01c156.pdf#page=14,underscore_index,pending_review
01adef9a43d47eb468db708906f53c182e01c156_15,01adef9a43d47eb468db708906f53c182e01c156_page_0015,01adef9a43d47eb468db708906f53c182e01c156.pdf#page=15,underscore_index,pending_review
01adef9a43d47eb468db708906f53c182e01c156_16,01adef9a43d47eb468db708906f53c182e01c156_page_0016,01adef9a43d47eb468db708906f53c182e01c156.pdf#page=16,underscore_index,pending_review
01adef9a43d47eb468db708906f53c182e01c156_17,01adef9a43d47eb468db708906f53c182e01c156_page_0017,01adef9a43d47eb468db708906f53c182e01c156.pdf#page=17,underscore_index,pending_review
01adef9a43d47eb468db708906f53c182e01c156_18,01adef9a43d47eb468db708906f53c182e01c156_page_0018,01adef9a43d47eb468db708906f53c182e01c156.pdf#page=18,underscore_index,pending_review
01adef9a43d47eb468db708906f53c182e01c156_19,01adef9a43d47eb468db708906f53c182e01c156_page_0019,01adef9a43d47eb468db708906f53c182e01c156.pdf#page=19,underscore_index,pending_review
01adef9a43d47eb468db708906f53c182e01c156_20,01adef9a43d47eb468db708906f53c182e01c156_page_0020,01adef9a43d47eb468db708906f53c182e01c156.pdf#page=20,underscore_index,pending_review
01adef9a43d47eb468db708906f53c182e01c156_21,01adef9a43d47eb468db708906f53c182e01c156_page_0021,01adef9a43d47eb468db708906f53c182e01c156.pdf#page=21,underscore_index,pending_review
01adef9a43d47eb468db708906f53c182e01c156_22,01adef9a43d47eb468db708906f53c182e01c156_page_0022,01adef9a43d47eb468db708906f53c182e01c156.pdf#page=22,underscore_index,pending_review
01adef9a43d47eb468db708906f53c182e01c156_23,01adef9a43d47eb468db708906f53c182e01c156_page_0023,01adef9a43d47eb468db708906f53c182e01c156.pdf#page=23,underscore_index,pending_review
01adef9a43d47eb468db708906f53c182e01c156_24,01adef9a43d47eb468db708906f53c182e01c156_page_0024,01adef9a43d47eb468db708906f53c182e01c156.pdf#page=24,underscore_index,pending_review
01b0562bad7dae455fb107d2ab7cc9bf85dc28d1_1,01b0562bad7dae455fb107d2ab7cc9bf85dc28d1_page_0001,01b0562bad7dae455fb107d2ab7cc9bf85dc28d1.pdf#page=1,underscore_index,pending_review
01b0562bad7dae455fb107d2ab7cc9bf85dc28d1_2,01b0562bad7dae455fb107d2ab7cc9bf85dc28d1_page_0002,01b0562bad7dae455fb107d2ab7cc9bf85dc28d1.pdf#page=2,underscore_index,pending_review
01b0562bad7dae455fb107d2ab7cc9bf85dc28d1_3,01b0562bad7dae455fb107d2ab7cc9bf85dc28d1_page_0003,01b0562bad7dae455fb107d2ab7cc9bf85dc28d1.pdf#page=3,underscore_index,pending_review
01b0562bad7dae455fb107d2ab7cc9bf85dc28d1_4,01b0562bad7dae455fb107d2ab7cc9bf85dc28d1_page_0004,01b0562bad7dae455fb107d2ab7cc9bf85dc28d1.pdf#page=4,underscore_index,pending_review
01b0562bad7dae455fb107d2ab7cc9bf85dc28d1_5,01b0562bad7dae455fb107d2ab7cc9bf85dc28d1_page_0005,01b0562bad7dae455fb107d2ab7cc9bf85dc28d1.pdf#page=5,underscore_index,pending_review
01b0562bad7dae455fb107d2ab7cc9bf85dc28d1_6,01b0562bad7dae455fb107d2ab7cc9bf85dc28d1_page_0006,01b0562bad7dae455fb107d2ab7cc9bf85dc28d1.pdf#page=6,underscore_index,pending_review
01b0562bad7dae455fb107d2ab7cc9bf85dc28d1_7,01b0562bad7dae455fb107d2ab7cc9bf85dc28d1_page_0007,01b0562bad7dae455fb107d2ab7cc9bf85dc28d1.pdf#page=7,underscore_index,pending_review
01b0562bad7dae455fb107d2ab7cc9bf85dc28d1_8,01b0562bad7dae455fb107d2ab7cc9bf85dc28d1_page_0008,01b0562bad7dae455fb107d2ab7cc9bf85dc28d1.pdf#page=8,underscore_index,pending_review
01b0562bad7dae455fb107d2ab7cc9bf85dc28d1_9,01b0562bad7dae455fb107d2ab7cc9bf85dc28d1_page_0009,01b0562bad7dae455fb107d2ab7cc9bf85dc28d1.pdf#page=9,underscore_index,pending_review
01b0562bad7dae455fb107d2ab7cc9bf85dc28d1_10,01b0562bad7dae455fb107d2ab7cc9bf85dc28d1_page_0010,01b0562bad7dae455fb107d2ab7cc9bf85dc28d1.pdf#page=10,underscore_index,pending_review
01b0562bad7dae455fb107d2ab7cc9bf85dc28d1_11,01b0562bad7dae455fb107d2ab7cc9bf85dc28d1_page_0011,01b0562bad7dae455fb107d2ab7cc9bf85dc28d1.pdf#page=11,underscore_index,pending_review
01b0562bad7dae455fb107d2ab7cc9bf85dc28d1_12,01b0562bad7dae455fb107d2ab7cc9bf85dc28d1_page_0012,01b0562bad7dae455fb107d2ab7cc9bf85dc28d1.pdf#page=12,underscore_index,pending_review
01b0562bad7dae455fb107d2ab7cc9bf85dc28d1_13,01b0562bad7dae455fb107d2ab7cc9bf85dc28d1_page_0013,01b0562bad7dae455fb107d2ab7cc9bf85dc28d1.pdf#page=13,underscore_index,pending_review
01b0562bad7dae455fb107d2ab7cc9bf85dc28d1_14,01b0562bad7dae455fb107d2ab7cc9bf85dc28d1_page_0014,01b0562bad7dae455fb107d2ab7cc9bf85dc28d1.pdf#page=14,underscore_index,pending_review
01b0562bad7dae455fb107d2ab7cc9bf85dc28d1_15,01b0562bad7dae455fb107d2ab7cc9bf85dc28d1_page_0015,01b0562bad7dae455fb107d2ab7cc9bf85dc28d1.pdf#page=15,underscore_index,pending_review
01b0562bad7dae455fb107d2ab7cc9bf85dc28d1_16,01b0562bad7dae455fb107d2ab7cc9bf85dc28d1_page_0016,01b0562bad7dae455fb107d2ab7cc9bf85dc28d1.pdf#page=16,underscore_index,pending_review
01b45067b00e9d6a633241ded31d8359ffecfab3_1,01b45067b00e9d6a633241ded31d8359ffecfab3_page_0001,01b45067b00e9d6a633241ded31d8359ffecfab3.pdf#page=1,underscore_index,pending_review
01b45067b00e9d6a633241ded31d8359ffecfab3_2,01b45067b00e9d6a633241ded31d8359ffecfab3_page_0002,01b45067b00e9d6a633241ded31d8359ffecfab3.pdf#page=2,underscore_index,pending_review
01b45067b00e9d6a633241ded31d8359ffecfab3_3,01b45067b00e9d6a633241ded31d8359ffecfab3_page_0003,01b45067b00e9d6a633241ded31d8359ffecfab3.pdf#page=3,underscore_index,pending_review
01b45067b00e9d6a633241ded31d8359ffecfab3_4,01b45067b00e9d6a633241ded31d8359ffecfab3_page_0004,01b45067b00e9d6a633241ded31d8359ffecfab3.pdf#page=4,underscore_index,pending_review
01b45067b00e9d6a633241ded31d8359ffecfab3_5,01b45067b00e9d6a633241ded31d8359ffecfab3_page_0005,01b45067b00e9d6a633241ded31d8359ffecfab3.pdf#page=5,underscore_index,pending_review
01b45067b00e9d6a633241ded31d8359ffecfab3_6,01b45067b00e9d6a633241ded31d8359ffecfab3_page_0006,01b45067b00e9d6a633241ded31d8359ffecfab3.pdf#page=6,underscore_index,pending_review
01b45067b00e9d6a633241ded31d8359ffecfab3_7,01b45067b00e9d6a633241ded31d8359ffecfab3_page_0007,01b45067b00e9d6a633241ded31d8359ffecfab3.pdf#page=7,underscore_index,pending_review
01b45067b00e9d6a633241ded31d8359ffecfab3_8,01b45067b00e9d6a633241ded31d8359ffecfab3_page_0008,01b45067b00e9d6a633241ded31d8359ffecfab3.pdf#page=8,underscore_index,pending_review
01b45067b00e9d6a633241ded31d8359ffecfab3_9,01b45067b00e9d6a633241ded31d8359ffecfab3_page_0009,01b45067b00e9d6a633241ded31d8359ffecfab3.pdf#page=9,underscore_index,pending_review
01b45067b00e9d6a633241ded31d8359ffecfab3_10,01b45067b00e9d6a633241ded31d8359ffecfab3_page_0010,01b45067b00e9d6a633241ded31d8359ffecfab3.pdf#page=10,underscore_index,pending_review
01b45067b00e9d6a633241ded31d8359ffecfab3_11,01b45067b00e9d6a633241ded31d8359ffecfab3_page_0011,01b45067b00e9d6a633241ded31d8359ffecfab3.pdf#page=11,underscore_index,pending_review
01b45067b00e9d6a633241ded31d8359ffecfab3_12,01b45067b00e9d6a633241ded31d8359ffecfab3_page_0012,01b45067b00e9d6a633241ded31d8359ffecfab3.pdf#page=12,underscore_index,pending_review
01b45067b00e9d6a633241ded31d8359ffecfab3_13,01b45067b00e9d6a633241ded31d8359ffecfab3_page_0013,01b45067b00e9d6a633241ded31d8359ffecfab3.pdf#page=13,underscore_index,pending_review
01b45067b00e9d6a633241ded31d8359ffecfab3_14,01b45067b00e9d6a633241ded31d8359ffecfab3_page_0014,01b45067b00e9d6a633241ded31d8359ffecfab3.pdf#page=14,underscore_index,pending_review
01b45067b00e9d6a633241ded31d8359ffecfab3_15,01b45067b00e9d6a633241ded31d8359ffecfab3_page_0015,01b45067b00e9d6a633241ded31d8359ffecfab3.pdf#page=15,underscore_index,pending_review
01b45067b00e9d6a633241ded31d8359ffecfab3_16,01b45067b00e9d6a633241ded31d8359ffecfab3_page_0016,01b45067b00e9d6a633241ded31d8359ffecfab3.pdf#page=16,underscore_index,pending_review
01b45067b00e9d6a633241ded31d8359ffecfab3_17,01b45067b00e9d6a633241ded31d8359ffecfab3_page_0017,01b45067b00e9d6a633241ded31d8359ffecfab3.pdf#page=17,underscore_index,pending_review
01b45067b00e9d6a633241ded31d8359ffecfab3_18,01b45067b00e9d6a633241ded31d8359ffecfab3_page_0018,01b45067b00e9d6a633241ded31d8359ffecfab3.pdf#page=18,underscore_index,pending_review
01b45067b00e9d6a633241ded31d8359ffecfab3_19,01b45067b00e9d6a633241ded31d8359ffecfab3_page_0019,01b45067b00e9d6a633241ded31d8359ffecfab3.pdf#page=19,underscore_index,pending_review
01b45067b00e9d6a633241ded31d8359ffecfab3_20,01b45067b00e9d6a633241ded31d8359ffecfab3_page_0020,01b45067b00e9d6a633241ded31d8359ffecfab3.pdf#page=20,underscore_index,pending_review
01b45067b00e9d6a633241ded31d8359ffecfab3_21,01b45067b00e9d6a633241ded31d8359ffecfab3_page_0021,01b45067b00e9d6a633241ded31d8359ffecfab3.pdf#page=21,underscore_index,pending_review
01b45067b00e9d6a633241ded31d8359ffecfab3_22,01b45067b00e9d6a633241ded31d8359ffecfab3_page_0022,01b45067b00e9d6a633241ded31d8359ffecfab3.pdf#page=22,underscore_index,pending_review
01b45067b00e9d6a633241ded31d8359ffecfab3_23,01b45067b00e9d6a633241ded31d8359ffecfab3_page_0023,01b45067b00e9d6a633241ded31d8359ffecfab3.pdf#page=23,underscore_index,pending_review
01b45067b00e9d6a633241ded31d8359ffecfab3_24,01b45067b00e9d6a633241ded31d8359ffecfab3_page_0024,01b45067b00e9d6a633241ded31d8359ffecfab3.pdf#page=24,underscore_index,pending_review
01b45067b00e9d6a633241ded31d8359ffecfab3_25,01b45067b00e9d6a633241ded31d8359ffecfab3_page_0025,01b45067b00e9d6a633241ded31d8359ffecfab3.pdf#page=25,underscore_index,pending_review
01d19e89beeb2a6dc209a3d38a8a0b5d1289e1d9_1,01d19e89beeb2a6dc209a3d38a8a0b5d1289e1d9_page_0001,01d19e89beeb2a6dc209a3d38a8a0b5d1289e1d9.pdf#page=1,underscore_index,pending_review
01d19e89beeb2a6dc209a3d38a8a0b5d1289e1d9_2,01d19e89beeb2a6dc209a3d38a8a0b5d1289e1d9_page_0002,01d19e89beeb2a6dc209a3d38a8a0b5d1289e1d9.pdf#page=2,underscore_index,pending_review
01d19e89beeb2a6dc209a3d38a8a0b5d1289e1d9_3,01d19e89beeb2a6dc209a3d38a8a0b5d1289e1d9_page_0003,01d19e89beeb2a6dc209a3d38a8a0b5d1289e1d9.pdf#page=3,underscore_index,pending_review
01d19e89beeb2a6dc209a3d38a8a0b5d1289e1d9_4,01d19e89beeb2a6dc209a3d38a8a0b5d1289e1d9_page_0004,01d19e89beeb2a6dc209a3d38a8a0b5d1289e1d9.pdf#page=4,underscore_index,pending_review
01d19e89beeb2a6dc209a3d38a8a0b5d1289e1d9_5,01d19e89beeb2a6dc209a3d38a8a0b5d1289e1d9_page_0005,01d19e89beeb2a6dc209a3d38a8a0b5d1289e1d9.pdf#page=5,underscore_index,pending_review
01d19e89beeb2a6dc209a3d38a8a0b5d1289e1d9_6,01d19e89beeb2a6dc209a3d38a8a0b5d1289e1d9_page_0006,01d19e89beeb2a6dc209a3d38a8a0b5d1289e1d9.pdf#page=6,underscore_index,pending_review
01d19e89beeb2a6dc209a3d38a8a0b5d1289e1d9_7,01d19e89beeb2a6dc209a3d38a8a0b5d1289e1d9_page_0007,01d19e89beeb2a6dc209a3d38a8a0b5d1289e1d9.pdf#page=7,underscore_index,pending_review
01d19e89beeb2a6dc209a3d38a8a0b5d1289e1d9_8,01d19e89beeb2a6dc209a3d38a8a0b5d1289e1d9_page_0008,01d19e89beeb2a6dc209a3d38a8a0b5d1289e1d9.pdf#page=8,underscore_index,pending_review
01d19e89beeb2a6dc209a3d38a8a0b5d1289e1d9_9,01d19e89beeb2a6dc209a3d38a8a0b5d1289e1d9_page_0009,01d19e89beeb2a6dc209a3d38a8a0b5d1289e1d9.pdf#page=9,underscore_index,pending_review
01d19e89beeb2a6dc209a3d38a8a0b5d1289e1d9_10,01d19e89beeb2a6dc209a3d38a8a0b5d1289e1d9_page_0010,01d19e89beeb2a6dc209a3d38a8a0b5d1289e1d9.pdf#page=10,underscore_index,pending_review
01d19e89beeb2a6dc209a3d38a8a0b5d1289e1d9_11,01d19e89beeb2a6dc209a3d38a8a0b5d1289e1d9_page_0011,01d19e89beeb2a6dc209a3d38a8a0b5d1289e1d9.pdf#page=11,underscore_index,pending_review
01d19e89beeb2a6dc209a3d38a8a0b5d1289e1d9_12,01d19e89beeb2a6dc209a3d38a8a0b5d1289e1d9_page_0012,01d19e89beeb2a6dc209a3d38a8a0b5d1289e1d9.pdf#page=12,underscore_index,pending_review
01d19e89beeb2a6dc209a3d38a8a0b5d1289e1d9_13,01d19e89beeb2a6dc209a3d38a8a0b5d1289e1d9_page_0013,01d19e89beeb2a6dc209a3d38a8a0b5d1289e1d9.pdf#page=13,underscore_index,pending_review
01d19e89beeb2a6dc209a3d38a8a0b5d1289e1d9_14,01d19e89beeb2a6dc209a3d38a8a0b5d1289e1d9_page_0014,01d19e89beeb2a6dc209a3d38a8a0b5d1289e1d9.pdf#page=14,underscore_index,pending_review
01d19e89beeb2a6dc209a3d38a8a0b5d1289e1d9_15,01d19e89beeb2a6dc209a3d38a8a0b5d1289e1d9_page_0015,01d19e89beeb2a6dc209a3d38a8a0b5d1289e1d9.pdf#page=15,underscore_index,pending_review
01d19e89beeb2a6dc209a3d38a8a0b5d1289e1d9_16,01d19e89beeb2a6dc209a3d38a8a0b5d1289e1d9_page_0016,01d19e89beeb2a6dc209a3d38a8a0b5d1289e1d9.pdf#page=16,underscore_index,pending_review
01d19e89beeb2a6dc209a3d38a8a0b5d1289e1d9_17,01d19e89beeb2a6dc209a3d38a8a0b5d1289e1d9_page_0017,01d19e89beeb2a6dc209a3d38a8a0b5d1289e1d9.pdf#page=17,underscore_index,pending_review
01d19e89beeb2a6dc209a3d38a8a0b5d1289e1d9_18,01d19e89beeb2a6dc209a3d38a8a0b5d1289e1d9_page_0018,01d19e89beeb2a6dc209a3d38a8a0b5d1289e1d9.pdf#page=18,underscore_index,pending_review
01d19e89beeb2a6dc209a3d38a8a0b5d1289e1d9_19,01d19e89beeb2a6dc209a3d38a8a0b5d1289e1d9_page_0019,01d19e89beeb2a6dc209a3d38a8a0b5d1289e1d9.pdf#page=19,underscore_index,pending_review
01d19e89beeb2a6dc209a3d38a8a0b5d1289e1d9_20,01d19e89beeb2a6dc209a3d38a8a0b5d1289e1d9_page_0020,01d19e89beeb2a6dc209a3d38a8a0b5d1289e1d9.pdf#page=20,underscore_index,pending_review
01d2cbe048456cbecc7d3049ddb16145b22eeaee_1,01d2cbe048456cbecc7d3049ddb16145b22eeaee_page_0001,01d2cbe048456cbecc7d3049ddb16145b22eeaee.pdf#page=1,underscore_index,pending_review
01d2cbe048456cbecc7d3049ddb16145b22eeaee_2,01d2cbe048456cbecc7d3049ddb16145b22eeaee_page_0002,01d2cbe048456cbecc7d3049ddb16145b22eeaee.pdf#page=2,underscore_index,pending_review
01d2cbe048456cbecc7d3049ddb16145b22eeaee_3,01d2cbe048456cbecc7d3049ddb16145b22eeaee_page_0003,01d2cbe048456cbecc7d3049ddb16145b22eeaee.pdf#page=3,underscore_index,pending_review
01d2cbe048456cbecc7d3049ddb16145b22eeaee_4,01d2cbe048456cbecc7d3049ddb16145b22eeaee_page_0004,01d2cbe048456cbecc7d3049ddb16145b22eeaee.pdf#page=4,underscore_index,pending_review
01d2cbe048456cbecc7d3049ddb16145b22eeaee_5,01d2cbe048456cbecc7d3049ddb16145b22eeaee_page_0005,01d2cbe048456cbecc7d3049ddb16145b22eeaee.pdf#page=5,underscore_index,pending_review
01d2cbe048456cbecc7d3049ddb16145b22eeaee_6,01d2cbe048456cbecc7d3049ddb16145b22eeaee_page_0006,01d2cbe048456cbecc7d3049ddb16145b22eeaee.pdf#page=6,underscore_index,pending_review
01d2cbe048456cbecc7d3049ddb16145b22eeaee_7,01d2cbe048456cbecc7d3049ddb16145b22eeaee_page_0007,01d2cbe048456cbecc7d3049ddb16145b22eeaee.pdf#page=7,underscore_index,pending_review
01d2cbe048456cbecc7d3049ddb16145b22eeaee_8,01d2cbe048456cbecc7d3049ddb16145b22eeaee_page_0008,01d2cbe048456cbecc7d3049ddb16145b22eeaee.pdf#page=8,underscore_index,pending_review
01d2cbe048456cbecc7d3049ddb16145b22eeaee_9,01d2cbe048456cbecc7d3049ddb16145b22eeaee_page_0009,01d2cbe048456cbecc7d3049ddb16145b22eeaee.pdf#page=9,underscore_index,pending_review
01d2cbe048456cbecc7d3049ddb16145b22eeaee_10,01d2cbe048456cbecc7d3049ddb16145b22eeaee_page_0010,01d2cbe048456cbecc7d3049ddb16145b22eeaee.pdf#page=10,underscore_index,pending_review
01d2cbe048456cbecc7d3049ddb16145b22eeaee_11,01d2cbe048456cbecc7d3049ddb16145b22eeaee_page_0011,01d2cbe048456cbecc7d3049ddb16145b22eeaee.pdf#page=11,underscore_index,pending_review
01d2cbe048456cbecc7d3049ddb16145b22eeaee_12,01d2cbe048456cbecc7d3049ddb16145b22eeaee_page_0012,01d2cbe048456cbecc7d3049ddb16145b22eeaee.pdf#page=12,underscore_index,pending_review
01d2cbe048456cbecc7d3049ddb16145b22eeaee_13,01d2cbe048456cbecc7d3049ddb16145b22eeaee_page_0013,01d2cbe048456cbecc7d3049ddb16145b22eeaee.pdf#page=13,underscore_index,pending_review
01d2cbe048456cbecc7d3049ddb16145b22eeaee_14,01d2cbe048456cbecc7d3049ddb16145b22eeaee_page_0014,01d2cbe048456cbecc7d3049ddb16145b22eeaee.pdf#page=14,underscore_index,pending_review
01d2cbe048456cbecc7d3049ddb16145b22eeaee_15,01d2cbe048456cbecc7d3049ddb16145b22eeaee_page_0015,01d2cbe048456cbecc7d3049ddb16145b22eeaee.pdf#page=15,underscore_index,pending_review
01d2cbe048456cbecc7d3049ddb16145b22eeaee_16,01d2cbe048456cbecc7d3049ddb16145b22eeaee_page_0016,01d2cbe048456cbecc7d3049ddb16145b22eeaee.pdf#page=16,underscore_index,pending_review
01d2cbe048456cbecc7d3049ddb16145b22eeaee_17,01d2cbe048456cbecc7d3049ddb16145b22eeaee_page_0017,01d2cbe048456cbecc7d3049ddb16145b22eeaee.pdf#page=17,underscore_index,pending_review
01d2cbe048456cbecc7d3049ddb16145b22eeaee_18,01d2cbe048456cbecc7d3049ddb16145b22eeaee_page_0018,01d2cbe048456cbecc7d3049ddb16145b22eeaee.pdf#page=18,underscore_index,pending_review
01d4e74b70ac525e54c217dc5a380950b5c1d8e3_1,01d4e74b70ac525e54c217dc5a380950b5c1d8e3_page_0001,01d4e74b70ac525e54c217dc5a380950b5c1d8e3.pdf#page=1,underscore_index,pending_review
01d4e74b70ac525e54c217dc5a380950b5c1d8e3_2,01d4e74b70ac525e54c217dc5a380950b5c1d8e3_page_0002,01d4e74b70ac525e54c217dc5a380950b5c1d8e3.pdf#page=2,underscore_index,pending_review
01d4e74b70ac525e54c217dc5a380950b5c1d8e3_3,01d4e74b70ac525e54c217dc5a380950b5c1d8e3_page_0003,01d4e74b70ac525e54c217dc5a380950b5c1d8e3.pdf#page=3,underscore_index,pending_review
01d4e74b70ac525e54c217dc5a380950b5c1d8e3_4,01d4e74b70ac525e54c217dc5a380950b5c1d8e3_page_0004,01d4e74b70ac525e54c217dc5a380950b5c1d8e3.pdf#page=4,underscore_index,pending_review
01d4e74b70ac525e54c217dc5a380950b5c1d8e3_5,01d4e74b70ac525e54c217dc5a380950b5c1d8e3_page_0005,01d4e74b70ac525e54c217dc5a380950b5c1d8e3.pdf#page=5,underscore_index,pending_review
01d4e74b70ac525e54c217dc5a380950b5c1d8e3_6,01d4e74b70ac525e54c217dc5a380950b5c1d8e3_page_0006,01d4e74b70ac525e54c217dc5a380950b5c1d8e3.pdf#page=6,underscore_index,pending_review
01d4e74b70ac525e54c217dc5a380950b5c1d8e3_7,01d4e74b70ac525e54c217dc5a380950b5c1d8e3_page_0007,01d4e74b70ac525e54c217dc5a380950b5c1d8e3.pdf#page=7,underscore_index,pending_review
01d4e74b70ac525e54c217dc5a380950b5c1d8e3_8,01d4e74b70ac525e54c217dc5a380950b5c1d8e3_page_0008,01d4e74b70ac525e54c217dc5a380950b5c1d8e3.pdf#page=8,underscore_index,pending_review
01d4e74b70ac525e54c217dc5a380950b5c1d8e3_9,01d4e74b70ac525e54c217dc5a380950b5c1d8e3_page_0009,01d4e74b70ac525e54c217dc5a380950b5c1d8e3.pdf#page=9,underscore_index,pending_review
01d4e74b70ac525e54c217dc5a380950b5c1d8e3_10,01d4e74b70ac525e54c217dc5a380950b5c1d8e3_page_0010,01d4e74b70ac525e54c217dc5a380950b5c1d8e3.pdf#page=10,underscore_index,pending_review
01d4e74b70ac525e54c217dc5a380950b5c1d8e3_11,01d4e74b70ac525e54c217dc5a380950b5c1d8e3_page_0011,01d4e74b70ac525e54c217dc5a380950b5c1d8e3.pdf#page=11,underscore_index,pending_review
01d4e74b70ac525e54c217dc5a380950b5c1d8e3_12,01d4e74b70ac525e54c217dc5a380950b5c1d8e3_page_0012,01d4e74b70ac525e54c217dc5a380950b5c1d8e3.pdf#page=12,underscore_index,pending_review
01d4e74b70ac525e54c217dc5a380950b5c1d8e3_13,01d4e74b70ac525e54c217dc5a380950b5c1d8e3_page_0013,01d4e74b70ac525e54c217dc5a380950b5c1d8e3.pdf#page=13,underscore_index,pending_review
01d4e74b70ac525e54c217dc5a380950b5c1d8e3_14,01d4e74b70ac525e54c217dc5a380950b5c1d8e3_page_0014,01d4e74b70ac525e54c217dc5a380950b5c1d8e3.pdf#page=14,underscore_index,pending_review
01d4e74b70ac525e54c217dc5a380950b5c1d8e3_15,01d4e74b70ac525e54c217dc5a380950b5c1d8e3_page_0015,01d4e74b70ac525e54c217dc5a380950b5c1d8e3.pdf#page=15,underscore_index,pending_review
01d4e74b70ac525e54c217dc5a380950b5c1d8e3_16,01d4e74b70ac525e54c217dc5a380950b5c1d8e3_page_0016,01d4e74b70ac525e54c217dc5a380950b5c1d8e3.pdf#page=16,underscore_index,pending_review
01d4e74b70ac525e54c217dc5a380950b5c1d8e3_17,01d4e74b70ac525e54c217dc5a380950b5c1d8e3_page_0017,01d4e74b70ac525e54c217dc5a380950b5c1d8e3.pdf#page=17,underscore_index,pending_review
01d4e74b70ac525e54c217dc5a380950b5c1d8e3_18,01d4e74b70ac525e54c217dc5a380950b5c1d8e3_page_0018,01d4e74b70ac525e54c217dc5a380950b5c1d8e3.pdf#page=18,underscore_index,pending_review
01d4e74b70ac525e54c217dc5a380950b5c1d8e3_19,01d4e74b70ac525e54c217dc5a380950b5c1d8e3_page_0019,01d4e74b70ac525e54c217dc5a380950b5c1d8e3.pdf#page=19,underscore_index,pending_review
01d4e74b70ac525e54c217dc5a380950b5c1d8e3_20,01d4e74b70ac525e54c217dc5a380950b5c1d8e3_page_0020,01d4e74b70ac525e54c217dc5a380950b5c1d8e3.pdf#page=20,underscore_index,pending_review
01d73640c391613eb67e4d6853ebe1b72a334bd8_1,01d73640c391613eb67e4d6853ebe1b72a334bd8_page_0001,01d73640c391613eb67e4d6853ebe1b72a334bd8.pdf#page=1,underscore_index,pending_review
01d73640c391613eb67e4d6853ebe1b72a334bd8_2,01d73640c391613eb67e4d6853ebe1b72a334bd8_page_0002,01d73640c391613eb67e4d6853ebe1b72a334bd8.pdf#page=2,underscore_index,pending_review
01d73640c391613eb67e4d6853ebe1b72a334bd8_3,01d73640c391613eb67e4d6853ebe1b72a334bd8_page_0003,01d73640c391613eb67e4d6853ebe1b72a334bd8.pdf#page=3,underscore_index,pending_review
01d73640c391613eb67e4d6853ebe1b72a334bd8_4,01d73640c391613eb67e4d6853ebe1b72a334bd8_page_0004,01d73640c391613eb67e4d6853ebe1b72a334bd8.pdf#page=4,underscore_index,pending_review
01d73640c391613eb67e4d6853ebe1b72a334bd8_5,01d73640c391613eb67e4d6853ebe1b72a334bd8_page_0005,01d73640c391613eb67e4d6853ebe1b72a334bd8.pdf#page=5,underscore_index,pending_review
01d73640c391613eb67e4d6853ebe1b72a334bd8_6,01d73640c391613eb67e4d6853ebe1b72a334bd8_page_0006,01d73640c391613eb67e4d6853ebe1b72a334bd8.pdf#page=6,underscore_index,pending_review
01d73640c391613eb67e4d6853ebe1b72a334bd8_7,01d73640c391613eb67e4d6853ebe1b72a334bd8_page_0007,01d73640c391613eb67e4d6853ebe1b72a334bd8.pdf#page=7,underscore_index,pending_review
01d73640c391613eb67e4d6853ebe1b72a334bd8_8,01d73640c391613eb67e4d6853ebe1b72a334bd8_page_0008,01d73640c391613eb67e4d6853ebe1b72a334bd8.pdf#page=8,underscore_index,pending_review
01d73640c391613eb67e4d6853ebe1b72a334bd8_9,01d73640c391613eb67e4d6853ebe1b72a334bd8_page_0009,01d73640c391613eb67e4d6853ebe1b72a334bd8.pdf#page=9,underscore_index,pending_review
01d73640c391613eb67e4d6853ebe1b72a334bd8_10,01d73640c391613eb67e4d6853ebe1b72a334bd8_page_0010,01d73640c391613eb67e4d6853ebe1b72a334bd8.pdf#page=10,underscore_index,pending_review
01d73640c391613eb67e4d6853ebe1b72a334bd8_11,01d73640c391613eb67e4d6853ebe1b72a334bd8_page_0011,01d73640c391613eb67e4d6853ebe1b72a334bd8.pdf#page=11,underscore_index,pending_review
01d73640c391613eb67e4d6853ebe1b72a334bd8_12,01d73640c391613eb67e4d6853ebe1b72a334bd8_page_0012,01d73640c391613eb67e4d6853ebe1b72a334bd8.pdf#page=12,underscore_index,pending_review
01d73640c391613eb67e4d6853ebe1b72a334bd8_13,01d73640c391613eb67e4d6853ebe1b72a334bd8_page_0013,01d73640c391613eb67e4d6853ebe1b72a334bd8.pdf#page=13,underscore_index,pending_review
01d73640c391613eb67e4d6853ebe1b72a334bd8_14,01d73640c391613eb67e4d6853ebe1b72a334bd8_page_0014,01d73640c391613eb67e4d6853ebe1b72a334bd8.pdf#page=14,underscore_index,pending_review
01d73640c391613eb67e4d6853ebe1b72a334bd8_15,01d73640c391613eb67e4d6853ebe1b72a334bd8_page_0015,01d73640c391613eb67e4d6853ebe1b72a334bd8.pdf#page=15,underscore_index,pending_review
01d73640c391613eb67e4d6853ebe1b72a334bd8_16,01d73640c391613eb67e4d6853ebe1b72a334bd8_page_0016,01d73640c391613eb67e4d6853ebe1b72a334bd8.pdf#page=16,underscore_index,pending_review
01d73640c391613eb67e4d6853ebe1b72a334bd8_17,01d73640c391613eb67e4d6853ebe1b72a334bd8_page_0017,01d73640c391613eb67e4d6853ebe1b72a334bd8.pdf#page=17,underscore_index,pending_review
01d73640c391613eb67e4d6853ebe1b72a334bd8_18,01d73640c391613eb67e4d6853ebe1b72a334bd8_page_0018,01d73640c391613eb67e4d6853ebe1b72a334bd8.pdf#page=18,underscore_index,pending_review
01d73640c391613eb67e4d6853ebe1b72a334bd8_19,01d73640c391613eb67e4d6853ebe1b72a334bd8_page_0019,01d73640c391613eb67e4d6853ebe1b72a334bd8.pdf#page=19,underscore_index,pending_review
01d73640c391613eb67e4d6853ebe1b72a334bd8_20,01d73640c391613eb67e4d6853ebe1b72a334bd8_page_0020,01d73640c391613eb67e4d6853ebe1b72a334bd8.pdf#page=20,underscore_index,pending_review
01d73640c391613eb67e4d6853ebe1b72a334bd8_21,01d73640c391613eb67e4d6853ebe1b72a334bd8_page_0021,01d73640c391613eb67e4d6853ebe1b72a334bd8.pdf#page=21,underscore_index,pending_review
01d73640c391613eb67e4d6853ebe1b72a334bd8_22,01d73640c391613eb67e4d6853ebe1b72a334bd8_page_0022,01d73640c391613eb67e4d6853ebe1b72a334bd8.pdf#page=22,underscore_index,pending_review
01d73640c391613eb67e4d6853ebe1b72a334bd8_23,01d73640c391613eb67e4d6853ebe1b72a334bd8_page_0023,01d73640c391613eb67e4d6853ebe1b72a334bd8.pdf#page=23,underscore_index,pending_review
01d73640c391613eb67e4d6853ebe1b72a334bd8_24,01d73640c391613eb67e4d6853ebe1b72a334bd8_page_0024,01d73640c391613eb67e4d6853ebe1b72a334bd8.pdf#page=24,underscore_index,pending_review
01d73640c391613eb67e4d6853ebe1b72a334bd8_25,01d73640c391613eb67e4d6853ebe1b72a334bd8_page_0025,01d73640c391613eb67e4d6853ebe1b72a334bd8.pdf#page=25,underscore_index,pending_review
01db33037495b43a964c0527bc3a54bf80f2d7ed_1,01db33037495b43a964c0527bc3a54bf80f2d7ed_page_0001,01db33037495b43a964c0527bc3a54bf80f2d7ed.pdf#page=1,underscore_index,pending_review
01db33037495b43a964c0527bc3a54bf80f2d7ed_2,01db33037495b43a964c0527bc3a54bf80f2d7ed_page_0002,01db33037495b43a964c0527bc3a54bf80f2d7ed.pdf#page=2,underscore_index,pending_review
01db33037495b43a964c0527bc3a54bf80f2d7ed_3,01db33037495b43a964c0527bc3a54bf80f2d7ed_page_0003,01db33037495b43a964c0527bc3a54bf80f2d7ed.pdf#page=3,underscore_index,pending_review
01db33037495b43a964c0527bc3a54bf80f2d7ed_4,01db33037495b43a964c0527bc3a54bf80f2d7ed_page_0004,01db33037495b43a964c0527bc3a54bf80f2d7ed.pdf#page=4,underscore_index,pending_review
01db33037495b43a964c0527bc3a54bf80f2d7ed_5,01db33037495b43a964c0527bc3a54bf80f2d7ed_page_0005,01db33037495b43a964c0527bc3a54bf80f2d7ed.pdf#page=5,underscore_index,pending_review
01db33037495b43a964c0527bc3a54bf80f2d7ed_6,01db33037495b43a964c0527bc3a54bf80f2d7ed_page_0006,01db33037495b43a964c0527bc3a54bf80f2d7ed.pdf#page=6,underscore_index,pending_review
01db33037495b43a964c0527bc3a54bf80f2d7ed_7,01db33037495b43a964c0527bc3a54bf80f2d7ed_page_0007,01db33037495b43a964c0527bc3a54bf80f2d7ed.pdf#page=7,underscore_index,pending_review
01db33037495b43a964c0527bc3a54bf80f2d7ed_8,01db33037495b43a964c0527bc3a54bf80f2d7ed_page_0008,01db33037495b43a964c0527bc3a54bf80f2d7ed.pdf#page=8,underscore_index,pending_review
01db33037495b43a964c0527bc3a54bf80f2d7ed_9,01db33037495b43a964c0527bc3a54bf80f2d7ed_page_0009,01db33037495b43a964c0527bc3a54bf80f2d7ed.pdf#page=9,underscore_index,pending_review
01db33037495b43a964c0527bc3a54bf80f2d7ed_10,01db33037495b43a964c0527bc3a54bf80f2d7ed_page_0010,01db33037495b43a964c0527bc3a54bf80f2d7ed.pdf#page=10,underscore_index,pending_review
01db33037495b43a964c0527bc3a54bf80f2d7ed_11,01db33037495b43a964c0527bc3a54bf80f2d7ed_page_0011,01db33037495b43a964c0527bc3a54bf80f2d7ed.pdf#page=11,underscore_index,pending_review
01db33037495b43a964c0527bc3a54bf80f2d7ed_12,01db33037495b43a964c0527bc3a54bf80f2d7ed_page_0012,01db33037495b43a964c0527bc3a54bf80f2d7ed.pdf#page=12,underscore_index,pending_review
01db33037495b43a964c0527bc3a54bf80f2d7ed_13,01db33037495b43a964c0527bc3a54bf80f2d7ed_page_0013,01db33037495b43a964c0527bc3a54bf80f2d7ed.pdf#page=13,underscore_index,pending_review
01db33037495b43a964c0527bc3a54bf80f2d7ed_14,01db33037495b43a964c0527bc3a54bf80f2d7ed_page_0014,01db33037495b43a964c0527bc3a54bf80f2d7ed.pdf#page=14,underscore_index,pending_review
01db33037495b43a964c0527bc3a54bf80f2d7ed_15,01db33037495b43a964c0527bc3a54bf80f2d7ed_page_0015,01db33037495b43a964c0527bc3a54bf80f2d7ed.pdf#page=15,underscore_index,pending_review
01db33037495b43a964c0527bc3a54bf80f2d7ed_16,01db33037495b43a964c0527bc3a54bf80f2d7ed_page_0016,01db33037495b43a964c0527bc3a54bf80f2d7ed.pdf#page=16,underscore_index,pending_review
01db33037495b43a964c0527bc3a54bf80f2d7ed_17,01db33037495b43a964c0527bc3a54bf80f2d7ed_page_0017,01db33037495b43a964c0527bc3a54bf80f2d7ed.pdf#page=17,underscore_index,pending_review
01db33037495b43a964c0527bc3a54bf80f2d7ed_18,01db33037495b43a964c0527bc3a54bf80f2d7ed_page_0018,01db33037495b43a964c0527bc3a54bf80f2d7ed.pdf#page=18,underscore_index,pending_review
01db33037495b43a964c0527bc3a54bf80f2d7ed_19,01db33037495b43a964c0527bc3a54bf80f2d7ed_page_0019,01db33037495b43a964c0527bc3a54bf80f2d7ed.pdf#page=19,underscore_index,pending_review
01db33037495b43a964c0527bc3a54bf80f2d7ed_20,01db33037495b43a964c0527bc3a54bf80f2d7ed_page_0020,01db33037495b43a964c0527bc3a54bf80f2d7ed.pdf#page=20,underscore_index,pending_review
01db33037495b43a964c0527bc3a54bf80f2d7ed_21,01db33037495b43a964c0527bc3a54bf80f2d7ed_page_0021,01db33037495b43a964c0527bc3a54bf80f2d7ed.pdf#page=21,underscore_index,pending_review
01db33037495b43a964c0527bc3a54bf80f2d7ed_22,01db33037495b43a964c0527bc3a54bf80f2d7ed_page_0022,01db33037495b43a964c0527bc3a54bf80f2d7ed.pdf#page=22,underscore_index,pending_review
01db33037495b43a964c0527bc3a54bf80f2d7ed_23,01db33037495b43a964c0527bc3a54bf80f2d7ed_page_0023,01db33037495b43a964c0527bc3a54bf80f2d7ed.pdf#page=23,underscore_index,pending_review
01db33037495b43a964c0527bc3a54bf80f2d7ed_24,01db33037495b43a964c0527bc3a54bf80f2d7ed_page_0024,01db33037495b43a964c0527bc3a54bf80f2d7ed.pdf#page=24,underscore_index,pending_review
01db33037495b43a964c0527bc3a54bf80f2d7ed_25,01db33037495b43a964c0527bc3a54bf80f2d7ed_page_0025,01db33037495b43a964c0527bc3a54bf80f2d7ed.pdf#page=25,underscore_index,pending_review
01dc52ed80b475c6ac81bc9def3e03dad93e33de_1,01dc52ed80b475c6ac81bc9def3e03dad93e33de_page_0001,01dc52ed80b475c6ac81bc9def3e03dad93e33de.pdf#page=1,underscore_index,pending_review
01dc52ed80b475c6ac81bc9def3e03dad93e33de_2,01dc52ed80b475c6ac81bc9def3e03dad93e33de_page_0002,01dc52ed80b475c6ac81bc9def3e03dad93e33de.pdf#page=2,underscore_index,pending_review
01dc52ed80b475c6ac81bc9def3e03dad93e33de_3,01dc52ed80b475c6ac81bc9def3e03dad93e33de_page_0003,01dc52ed80b475c6ac81bc9def3e03dad93e33de.pdf#page=3,underscore_index,pending_review
01dc52ed80b475c6ac81bc9def3e03dad93e33de_4,01dc52ed80b475c6ac81bc9def3e03dad93e33de_page_0004,01dc52ed80b475c6ac81bc9def3e03dad93e33de.pdf#page=4,underscore_index,pending_review
01dc52ed80b475c6ac81bc9def3e03dad93e33de_5,01dc52ed80b475c6ac81bc9def3e03dad93e33de_page_0005,01dc52ed80b475c6ac81bc9def3e03dad93e33de.pdf#page=5,underscore_index,pending_review
01dc52ed80b475c6ac81bc9def3e03dad93e33de_6,01dc52ed80b475c6ac81bc9def3e03dad93e33de_page_0006,01dc52ed80b475c6ac81bc9def3e03dad93e33de.pdf#page=6,underscore_index,pending_review
01dc52ed80b475c6ac81bc9def3e03dad93e33de_7,01dc52ed80b475c6ac81bc9def3e03dad93e33de_page_0007,01dc52ed80b475c6ac81bc9def3e03dad93e33de.pdf#page=7,underscore_index,pending_review
01dc52ed80b475c6ac81bc9def3e03dad93e33de_8,01dc52ed80b475c6ac81bc9def3e03dad93e33de_page_0008,01dc52ed80b475c6ac81bc9def3e03dad93e33de.pdf#page=8,underscore_index,pending_review
01dc52ed80b475c6ac81bc9def3e03dad93e33de_9,01dc52ed80b475c6ac81bc9def3e03dad93e33de_page_0009,01dc52ed80b475c6ac81bc9def3e03dad93e33de.pdf#page=9,underscore_index,pending_review
01dc52ed80b475c6ac81bc9def3e03dad93e33de_10,01dc52ed80b475c6ac81bc9def3e03dad93e33de_page_0010,01dc52ed80b475c6ac81bc9def3e03dad93e33de.pdf#page=10,underscore_index,pending_review
01dc52ed80b475c6ac81bc9def3e03dad93e33de_11,01dc52ed80b475c6ac81bc9def3e03dad93e33de_page_0011,01dc52ed80b475c6ac81bc9def3e03dad93e33de.pdf#page=11,underscore_index,pending_review
01dc52ed80b475c6ac81bc9def3e03dad93e33de_12,01dc52ed80b475c6ac81bc9def3e03dad93e33de_page_0012,01dc52ed80b475c6ac81bc9def3e03dad93e33de.pdf#page=12,underscore_index,pending_review
01dc52ed80b475c6ac81bc9def3e03dad93e33de_13,01dc52ed80b475c6ac81bc9def3e03dad93e33de_page_0013,01dc52ed80b475c6ac81bc9def3e03dad93e33de.pdf#page=13,underscore_index,pending_review
01dc52ed80b475c6ac81bc9def3e03dad93e33de_14,01dc52ed80b475c6ac81bc9def3e03dad93e33de_page_0014,01dc52ed80b475c6ac81bc9def3e03dad93e33de.pdf#page=14,underscore_index,pending_review
01dc52ed80b475c6ac81bc9def3e03dad93e33de_15,01dc52ed80b475c6ac81bc9def3e03dad93e33de_page_0015,01dc52ed80b475c6ac81bc9def3e03dad93e33de.pdf#page=15,underscore_index,pending_review
01dc52ed80b475c6ac81bc9def3e03dad93e33de_16,01dc52ed80b475c6ac81bc9def3e03dad93e33de_page_0016,01dc52ed80b475c6ac81bc9def3e03dad93e33de.pdf#page=16,underscore_index,pending_review
01dc52ed80b475c6ac81bc9def3e03dad93e33de_17,01dc52ed80b475c6ac81bc9def3e03dad93e33de_page_0017,01dc52ed80b475c6ac81bc9def3e03dad93e33de.pdf#page=17,underscore_index,pending_review
01dc52ed80b475c6ac81bc9def3e03dad93e33de_18,01dc52ed80b475c6ac81bc9def3e03dad93e33de_page_0018,01dc52ed80b475c6ac81bc9def3e03dad93e33de.pdf#page=18,underscore_index,pending_review
01dc52ed80b475c6ac81bc9def3e03dad93e33de_19,01dc52ed80b475c6ac81bc9def3e03dad93e33de_page_0019,01dc52ed80b475c6ac81bc9def3e03dad93e33de.pdf#page=19,underscore_index,pending_review
01dc52ed80b475c6ac81bc9def3e03dad93e33de_20,01dc52ed80b475c6ac81bc9def3e03dad93e33de_page_0020,01dc52ed80b475c6ac81bc9def3e03dad93e33de.pdf#page=20,underscore_index,pending_review
01dc52ed80b475c6ac81bc9def3e03dad93e33de_21,01dc52ed80b475c6ac81bc9def3e03dad93e33de_page_0021,01dc52ed80b475c6ac81bc9def3e03dad93e33de.pdf#page=21,underscore_index,pending_review
01e5c3da08fc4a64af814dd982ef7f786d59b197_1,01e5c3da08fc4a64af814dd982ef7f786d59b197_page_0001,01e5c3da08fc4a64af814dd982ef7f786d59b197.pdf#page=1,underscore_index,pending_review
01e5c3da08fc4a64af814dd982ef7f786d59b197_2,01e5c3da08fc4a64af814dd982ef7f786d59b197_page_0002,01e5c3da08fc4a64af814dd982ef7f786d59b197.pdf#page=2,underscore_index,pending_review
01e5c3da08fc4a64af814dd982ef7f786d59b197_3,01e5c3da08fc4a64af814dd982ef7f786d59b197_page_0003,01e5c3da08fc4a64af814dd982ef7f786d59b197.pdf#page=3,underscore_index,pending_review
01e5c3da08fc4a64af814dd982ef7f786d59b197_4,01e5c3da08fc4a64af814dd982ef7f786d59b197_page_0004,01e5c3da08fc4a64af814dd982ef7f786d59b197.pdf#page=4,underscore_index,pending_review
01e5c3da08fc4a64af814dd982ef7f786d59b197_5,01e5c3da08fc4a64af814dd982ef7f786d59b197_page_0005,01e5c3da08fc4a64af814dd982ef7f786d59b197.pdf#page=5,underscore_index,pending_review
01e5c3da08fc4a64af814dd982ef7f786d59b197_6,01e5c3da08fc4a64af814dd982ef7f786d59b197_page_0006,01e5c3da08fc4a64af814dd982ef7f786d59b197.pdf#page=6,underscore_index,pending_review
01e5c3da08fc4a64af814dd982ef7f786d59b197_7,01e5c3da08fc4a64af814dd982ef7f786d59b197_page_0007,01e5c3da08fc4a64af814dd982ef7f786d59b197.pdf#page=7,underscore_index,pending_review
01e5c3da08fc4a64af814dd982ef7f786d59b197_8,01e5c3da08fc4a64af814dd982ef7f786d59b197_page_0008,01e5c3da08fc4a64af814dd982ef7f786d59b197.pdf#page=8,underscore_index,pending_review
01e5c3da08fc4a64af814dd982ef7f786d59b197_9,01e5c3da08fc4a64af814dd982ef7f786d59b197_page_0009,01e5c3da08fc4a64af814dd982ef7f786d59b197.pdf#page=9,underscore_index,pending_review
01e5c3da08fc4a64af814dd982ef7f786d59b197_10,01e5c3da08fc4a64af814dd982ef7f786d59b197_page_0010,01e5c3da08fc4a64af814dd982ef7f786d59b197.pdf#page=10,underscore_index,pending_review
01e5c3da08fc4a64af814dd982ef7f786d59b197_11,01e5c3da08fc4a64af814dd982ef7f786d59b197_page_0011,01e5c3da08fc4a64af814dd982ef7f786d59b197.pdf#page=11,underscore_index,pending_review
01e5c3da08fc4a64af814dd982ef7f786d59b197_12,01e5c3da08fc4a64af814dd982ef7f786d59b197_page_0012,01e5c3da08fc4a64af814dd982ef7f786d59b197.pdf#page=12,underscore_index,pending_review
01e5c3da08fc4a64af814dd982ef7f786d59b197_13,01e5c3da08fc4a64af814dd982ef7f786d59b197_page_0013,01e5c3da08fc4a64af814dd982ef7f786d59b197.pdf#page=13,underscore_index,pending_review
01e5c3da08fc4a64af814dd982ef7f786d59b197_14,01e5c3da08fc4a64af814dd982ef7f786d59b197_page_0014,01e5c3da08fc4a64af814dd982ef7f786d59b197.pdf#page=14,underscore_index,pending_review
01e5c3da08fc4a64af814dd982ef7f786d59b197_15,01e5c3da08fc4a64af814dd982ef7f786d59b197_page_0015,01e5c3da08fc4a64af814dd982ef7f786d59b197.pdf#page=15,underscore_index,pending_review
01e5c3da08fc4a64af814dd982ef7f786d59b197_16,01e5c3da08fc4a64af814dd982ef7f786d59b197_page_0016,01e5c3da08fc4a64af814dd982ef7f786d59b197.pdf#page=16,underscore_index,pending_review
01e5c3da08fc4a64af814dd982ef7f786d59b197_17,01e5c3da08fc4a64af814dd982ef7f786d59b197_page_0017,01e5c3da08fc4a64af814dd982ef7f786d59b197.pdf#page=17,underscore_index,pending_review
01e5c3da08fc4a64af814dd982ef7f786d59b197_18,01e5c3da08fc4a64af814dd982ef7f786d59b197_page_0018,01e5c3da08fc4a64af814dd982ef7f786d59b197.pdf#page=18,underscore_index,pending_review
01e5c3da08fc4a64af814dd982ef7f786d59b197_19,01e5c3da08fc4a64af814dd982ef7f786d59b197_page_0019,01e5c3da08fc4a64af814dd982ef7f786d59b197.pdf#page=19,underscore_index,pending_review
01e5c3da08fc4a64af814dd982ef7f786d59b197_20,01e5c3da08fc4a64af814dd982ef7f786d59b197_page_0020,01e5c3da08fc4a64af814dd982ef7f786d59b197.pdf#page=20,underscore_index,pending_review
01e5c3da08fc4a64af814dd982ef7f786d59b197_21,01e5c3da08fc4a64af814dd982ef7f786d59b197_page_0021,01e5c3da08fc4a64af814dd982ef7f786d59b197.pdf#page=21,underscore_index,pending_review
01ee87da11c9a8aa43f24e6e50814e11410afe71_1,01ee87da11c9a8aa43f24e6e50814e11410afe71_page_0001,01ee87da11c9a8aa43f24e6e50814e11410afe71.pdf#page=1,underscore_index,pending_review
01ee87da11c9a8aa43f24e6e50814e11410afe71_2,01ee87da11c9a8aa43f24e6e50814e11410afe71_page_0002,01ee87da11c9a8aa43f24e6e50814e11410afe71.pdf#page=2,underscore_index,pending_review
01ee87da11c9a8aa43f24e6e50814e11410afe71_3,01ee87da11c9a8aa43f24e6e50814e11410afe71_page_0003,01ee87da11c9a8aa43f24e6e50814e11410afe71.pdf#page=3,underscore_index,pending_review
01ee87da11c9a8aa43f24e6e50814e11410afe71_4,01ee87da11c9a8aa43f24e6e50814e11410afe71_page_0004,01ee87da11c9a8aa43f24e6e50814e11410afe71.pdf#page=4,underscore_index,pending_review
01ee87da11c9a8aa43f24e6e50814e11410afe71_5,01ee87da11c9a8aa43f24e6e50814e11410afe71_page_0005,01ee87da11c9a8aa43f24e6e50814e11410afe71.pdf#page=5,underscore_index,pending_review
01ee87da11c9a8aa43f24e6e50814e11410afe71_6,01ee87da11c9a8aa43f24e6e50814e11410afe71_page_0006,01ee87da11c9a8aa43f24e6e50814e11410afe71.pdf#page=6,underscore_index,pending_review
01ee87da11c9a8aa43f24e6e50814e11410afe71_7,01ee87da11c9a8aa43f24e6e50814e11410afe71_page_0007,01ee87da11c9a8aa43f24e6e50814e11410afe71.pdf#page=7,underscore_index,pending_review
01ee87da11c9a8aa43f24e6e50814e11410afe71_8,01ee87da11c9a8aa43f24e6e50814e11410afe71_page_0008,01ee87da11c9a8aa43f24e6e50814e11410afe71.pdf#page=8,underscore_index,pending_review
01ee87da11c9a8aa43f24e6e50814e11410afe71_9,01ee87da11c9a8aa43f24e6e50814e11410afe71_page_0009,01ee87da11c9a8aa43f24e6e50814e11410afe71.pdf#page=9,underscore_index,pending_review
01ee87da11c9a8aa43f24e6e50814e11410afe71_10,01ee87da11c9a8aa43f24e6e50814e11410afe71_page_0010,01ee87da11c9a8aa43f24e6e50814e11410afe71.pdf#page=10,underscore_index,pending_review
01ee87da11c9a8aa43f24e6e50814e11410afe71_11,01ee87da11c9a8aa43f24e6e50814e11410afe71_page_0011,01ee87da11c9a8aa43f24e6e50814e11410afe71.pdf#page=11,underscore_index,pending_review
01ee87da11c9a8aa43f24e6e50814e11410afe71_12,01ee87da11c9a8aa43f24e6e50814e11410afe71_page_0012,01ee87da11c9a8aa43f24e6e50814e11410afe71.pdf#page=12,underscore_index,pending_review
01ee87da11c9a8aa43f24e6e50814e11410afe71_13,01ee87da11c9a8aa43f24e6e50814e11410afe71_page_0013,01ee87da11c9a8aa43f24e6e50814e11410afe71.pdf#page=13,underscore_index,pending_review
01ee87da11c9a8aa43f24e6e50814e11410afe71_14,01ee87da11c9a8aa43f24e6e50814e11410afe71_page_0014,01ee87da11c9a8aa43f24e6e50814e11410afe71.pdf#page=14,underscore_index,pending_review
01ee87da11c9a8aa43f24e6e50814e11410afe71_15,01ee87da11c9a8aa43f24e6e50814e11410afe71_page_0015,01ee87da11c9a8aa43f24e6e50814e11410afe71.pdf#page=15,underscore_index,pending_review
01ee87da11c9a8aa43f24e6e50814e11410afe71_16,01ee87da11c9a8aa43f24e6e50814e11410afe71_page_0016,01ee87da11c9a8aa43f24e6e50814e11410afe71.pdf#page=16,underscore_index,pending_review
01ee87da11c9a8aa43f24e6e50814e11410afe71_17,01ee87da11c9a8aa43f24e6e50814e11410afe71_page_0017,01ee87da11c9a8aa43f24e6e50814e11410afe71.pdf#page=17,underscore_index,pending_review
01ee87da11c9a8aa43f24e6e50814e11410afe71_18,01ee87da11c9a8aa43f24e6e50814e11410afe71_page_0018,01ee87da11c9a8aa43f24e6e50814e11410afe71.pdf#page=18,underscore_index,pending_review
01ee87da11c9a8aa43f24e6e50814e11410afe71_19,01ee87da11c9a8aa43f24e6e50814e11410afe71_page_0019,01ee87da11c9a8aa43f24e6e50814e11410afe71.pdf#page=19,underscore_index,pending_review
01ee87da11c9a8aa43f24e6e50814e11410afe71_20,01ee87da11c9a8aa43f24e6e50814e11410afe71_page_0020,01ee87da11c9a8aa43f24e6e50814e11410afe71.pdf#page=20,underscore_index,pending_review
01ee87da11c9a8aa43f24e6e50814e11410afe71_21,01ee87da11c9a8aa43f24e6e50814e11410afe71_page_0021,01ee87da11c9a8aa43f24e6e50814e11410afe71.pdf#page=21,underscore_index,pending_review
01ee87da11c9a8aa43f24e6e50814e11410afe71_22,01ee87da11c9a8aa43f24e6e50814e11410afe71_page_0022,01ee87da11c9a8aa43f24e6e50814e11410afe71.pdf#page=22,underscore_index,pending_review
01ee87da11c9a8aa43f24e6e50814e11410afe71_23,01ee87da11c9a8aa43f24e6e50814e11410afe71_page_0023,01ee87da11c9a8aa43f24e6e50814e11410afe71.pdf#page=23,underscore_index,pending_review
01ee87da11c9a8aa43f24e6e50814e11410afe71_24,01ee87da11c9a8aa43f24e6e50814e11410afe71_page_0024,01ee87da11c9a8aa43f24e6e50814e11410afe71.pdf#page=24,underscore_index,pending_review
01ee87da11c9a8aa43f24e6e50814e11410afe71_25,01ee87da11c9a8aa43f24e6e50814e11410afe71_page_0025,01ee87da11c9a8aa43f24e6e50814e11410afe71.pdf#page=25,underscore_index,pending_review
01f51049a9822b8a31158202a65751407a23cd29_1,01f51049a9822b8a31158202a65751407a23cd29_page_0001,01f51049a9822b8a31158202a65751407a23cd29.pdf#page=1,underscore_index,pending_review
01f51049a9822b8a31158202a65751407a23cd29_2,01f51049a9822b8a31158202a65751407a23cd29_page_0002,01f51049a9822b8a31158202a65751407a23cd29.pdf#page=2,underscore_index,pending_review
01f51049a9822b8a31158202a65751407a23cd29_3,01f51049a9822b8a31158202a65751407a23cd29_page_0003,01f51049a9822b8a31158202a65751407a23cd29.pdf#page=3,underscore_index,pending_review
01f51049a9822b8a31158202a65751407a23cd29_4,01f51049a9822b8a31158202a65751407a23cd29_page_0004,01f51049a9822b8a31158202a65751407a23cd29.pdf#page=4,underscore_index,pending_review
01f51049a9822b8a31158202a65751407a23cd29_5,01f51049a9822b8a31158202a65751407a23cd29_page_0005,01f51049a9822b8a31158202a65751407a23cd29.pdf#page=5,underscore_index,pending_review
01f51049a9822b8a31158202a65751407a23cd29_6,01f51049a9822b8a31158202a65751407a23cd29_page_0006,01f51049a9822b8a31158202a65751407a23cd29.pdf#page=6,underscore_index,pending_review
01f51049a9822b8a31158202a65751407a23cd29_7,01f51049a9822b8a31158202a65751407a23cd29_page_0007,01f51049a9822b8a31158202a65751407a23cd29.pdf#page=7,underscore_index,pending_review
01f51049a9822b8a31158202a65751407a23cd29_8,01f51049a9822b8a31158202a65751407a23cd29_page_0008,01f51049a9822b8a31158202a65751407a23cd29.pdf#page=8,underscore_index,pending_review
01f51049a9822b8a31158202a65751407a23cd29_9,01f51049a9822b8a31158202a65751407a23cd29_page_0009,01f51049a9822b8a31158202a65751407a23cd29.pdf#page=9,underscore_index,pending_review
01f51049a9822b8a31158202a65751407a23cd29_10,01f51049a9822b8a31158202a65751407a23cd29_page_0010,01f51049a9822b8a31158202a65751407a23cd29.pdf#page=10,underscore_index,pending_review
01f51049a9822b8a31158202a65751407a23cd29_11,01f51049a9822b8a31158202a65751407a23cd29_page_0011,01f51049a9822b8a31158202a65751407a23cd29.pdf#page=11,underscore_index,pending_review
01f51049a9822b8a31158202a65751407a23cd29_12,01f51049a9822b8a31158202a65751407a23cd29_page_0012,01f51049a9822b8a31158202a65751407a23cd29.pdf#page=12,underscore_index,pending_review
01f51049a9822b8a31158202a65751407a23cd29_13,01f51049a9822b8a31158202a65751407a23cd29_page_0013,01f51049a9822b8a31158202a65751407a23cd29.pdf#page=13,underscore_index,pending_review
01f51049a9822b8a31158202a65751407a23cd29_14,01f51049a9822b8a31158202a65751407a23cd29_page_0014,01f51049a9822b8a31158202a65751407a23cd29.pdf#page=14,underscore_index,pending_review
01f51049a9822b8a31158202a65751407a23cd29_15,01f51049a9822b8a31158202a65751407a23cd29_page_0015,01f51049a9822b8a31158202a65751407a23cd29.pdf#page=15,underscore_index,pending_review
01f51049a9822b8a31158202a65751407a23cd29_16,01f51049a9822b8a31158202a65751407a23cd29_page_0016,01f51049a9822b8a31158202a65751407a23cd29.pdf#page=16,underscore_index,pending_review
01f51049a9822b8a31158202a65751407a23cd29_17,01f51049a9822b8a31158202a65751407a23cd29_page_0017,01f51049a9822b8a31158202a65751407a23cd29.pdf#page=17,underscore_index,pending_review
01f51049a9822b8a31158202a65751407a23cd29_18,01f51049a9822b8a31158202a65751407a23cd29_page_0018,01f51049a9822b8a31158202a65751407a23cd29.pdf#page=18,underscore_index,pending_review
01f51049a9822b8a31158202a65751407a23cd29_19,01f51049a9822b8a31158202a65751407a23cd29_page_0019,01f51049a9822b8a31158202a65751407a23cd29.pdf#page=19,underscore_index,pending_review
01f51049a9822b8a31158202a65751407a23cd29_20,01f51049a9822b8a31158202a65751407a23cd29_page_0020,01f51049a9822b8a31158202a65751407a23cd29.pdf#page=20,underscore_index,pending_review
01f51049a9822b8a31158202a65751407a23cd29_21,01f51049a9822b8a31158202a65751407a23cd29_page_0021,01f51049a9822b8a31158202a65751407a23cd29.pdf#page=21,underscore_index,pending_review
01f51049a9822b8a31158202a65751407a23cd29_22,01f51049a9822b8a31158202a65751407a23cd29_page_0022,01f51049a9822b8a31158202a65751407a23cd29.pdf#page=22,underscore_index,pending_review
01f51049a9822b8a31158202a65751407a23cd29_23,01f51049a9822b8a31158202a65751407a23cd29_page_0023,01f51049a9822b8a31158202a65751407a23cd29.pdf#page=23,underscore_index,pending_review
020a45a6a26dd2e033a104b5e827d9f5b48482b7_1,020a45a6a26dd2e033a104b5e827d9f5b48482b7_page_0001,020a45a6a26dd2e033a104b5e827d9f5b48482b7.pdf#page=1,underscore_index,pending_review
020a45a6a26dd2e033a104b5e827d9f5b48482b7_2,020a45a6a26dd2e033a104b5e827d9f5b48482b7_page_0002,020a45a6a26dd2e033a104b5e827d9f5b48482b7.pdf#page=2,underscore_index,pending_review
020a45a6a26dd2e033a104b5e827d9f5b48482b7_3,020a45a6a26dd2e033a104b5e827d9f5b48482b7_page_0003,020a45a6a26dd2e033a104b5e827d9f5b48482b7.pdf#page=3,underscore_index,pending_review
020a45a6a26dd2e033a104b5e827d9f5b48482b7_4,020a45a6a26dd2e033a104b5e827d9f5b48482b7_page_0004,020a45a6a26dd2e033a104b5e827d9f5b48482b7.pdf#page=4,underscore_index,pending_review
020a45a6a26dd2e033a104b5e827d9f5b48482b7_5,020a45a6a26dd2e033a104b5e827d9f5b48482b7_page_0005,020a45a6a26dd2e033a104b5e827d9f5b48482b7.pdf#page=5,underscore_index,pending_review
020a45a6a26dd2e033a104b5e827d9f5b48482b7_6,020a45a6a26dd2e033a104b5e827d9f5b48482b7_page_0006,020a45a6a26dd2e033a104b5e827d9f5b48482b7.pdf#page=6,underscore_index,pending_review
020a45a6a26dd2e033a104b5e827d9f5b48482b7_7,020a45a6a26dd2e033a104b5e827d9f5b48482b7_page_0007,020a45a6a26dd2e033a104b5e827d9f5b48482b7.pdf#page=7,underscore_index,pending_review
020a45a6a26dd2e033a104b5e827d9f5b48482b7_8,020a45a6a26dd2e033a104b5e827d9f5b48482b7_page_0008,020a45a6a26dd2e033a104b5e827d9f5b48482b7.pdf#page=8,underscore_index,pending_review
020a45a6a26dd2e033a104b5e827d9f5b48482b7_9,020a45a6a26dd2e033a104b5e827d9f5b48482b7_page_0009,020a45a6a26dd2e033a104b5e827d9f5b48482b7.pdf#page=9,underscore_index,pending_review
020a45a6a26dd2e033a104b5e827d9f5b48482b7_10,020a45a6a26dd2e033a104b5e827d9f5b48482b7_page_0010,020a45a6a26dd2e033a104b5e827d9f5b48482b7.pdf#page=10,underscore_index,pending_review
020a45a6a26dd2e033a104b5e827d9f5b48482b7_11,020a45a6a26dd2e033a104b5e827d9f5b48482b7_page_0011,020a45a6a26dd2e033a104b5e827d9f5b48482b7.pdf#page=11,underscore_index,pending_review
020a45a6a26dd2e033a104b5e827d9f5b48482b7_12,020a45a6a26dd2e033a104b5e827d9f5b48482b7_page_0012,020a45a6a26dd2e033a104b5e827d9f5b48482b7.pdf#page=12,underscore_index,pending_review
020a45a6a26dd2e033a104b5e827d9f5b48482b7_13,020a45a6a26dd2e033a104b5e827d9f5b48482b7_page_0013,020a45a6a26dd2e033a104b5e827d9f5b48482b7.pdf#page=13,underscore_index,pending_review
020a45a6a26dd2e033a104b5e827d9f5b48482b7_14,020a45a6a26dd2e033a104b5e827d9f5b48482b7_page_0014,020a45a6a26dd2e033a104b5e827d9f5b48482b7.pdf#page=14,underscore_index,pending_review
020b7cd1af551afa9f91a0c82ebeca65ce2b70a9_1,020b7cd1af551afa9f91a0c82ebeca65ce2b70a9_page_0001,020b7cd1af551afa9f91a0c82ebeca65ce2b70a9.pdf#page=1,underscore_index,pending_review
020b7cd1af551afa9f91a0c82ebeca65ce2b70a9_2,020b7cd1af551afa9f91a0c82ebeca65ce2b70a9_page_0002,020b7cd1af551afa9f91a0c82ebeca65ce2b70a9.pdf#page=2,underscore_index,pending_review
020b7cd1af551afa9f91a0c82ebeca65ce2b70a9_3,020b7cd1af551afa9f91a0c82ebeca65ce2b70a9_page_0003,020b7cd1af551afa9f91a0c82ebeca65ce2b70a9.pdf#page=3,underscore_index,pending_review
020b7cd1af551afa9f91a0c82ebeca65ce2b70a9_4,020b7cd1af551afa9f91a0c82ebeca65ce2b70a9_page_0004,020b7cd1af551afa9f91a0c82ebeca65ce2b70a9.pdf#page=4,underscore_index,pending_review
020b7cd1af551afa9f91a0c82ebeca65ce2b70a9_5,020b7cd1af551afa9f91a0c82ebeca65ce2b70a9_page_0005,020b7cd1af551afa9f91a0c82ebeca65ce2b70a9.pdf#page=5,underscore_index,pending_review
020b7cd1af551afa9f91a0c82ebeca65ce2b70a9_6,020b7cd1af551afa9f91a0c82ebeca65ce2b70a9_page_0006,020b7cd1af551afa9f91a0c82ebeca65ce2b70a9.pdf#page=6,underscore_index,pending_review
020b7cd1af551afa9f91a0c82ebeca65ce2b70a9_7,020b7cd1af551afa9f91a0c82ebeca65ce2b70a9_page_0007,020b7cd1af551afa9f91a0c82ebeca65ce2b70a9.pdf#page=7,underscore_index,pending_review
020b7cd1af551afa9f91a0c82ebeca65ce2b70a9_8,020b7cd1af551afa9f91a0c82ebeca65ce2b70a9_page_0008,020b7cd1af551afa9f91a0c82ebeca65ce2b70a9.pdf#page=8,underscore_index,pending_review
020b7cd1af551afa9f91a0c82ebeca65ce2b70a9_9,020b7cd1af551afa9f91a0c82ebeca65ce2b70a9_page_0009,020b7cd1af551afa9f91a0c82ebeca65ce2b70a9.pdf#page=9,underscore_index,pending_review
020b7cd1af551afa9f91a0c82ebeca65ce2b70a9_10,020b7cd1af551afa9f91a0c82ebeca65ce2b70a9_page_0010,020b7cd1af551afa9f91a0c82ebeca65ce2b70a9.pdf#page=10,underscore_index,pending_review
020b7cd1af551afa9f91a0c82ebeca65ce2b70a9_11,020b7cd1af551afa9f91a0c82ebeca65ce2b70a9_page_0011,020b7cd1af551afa9f91a0c82ebeca65ce2b70a9.pdf#page=11,underscore_index,pending_review
020b7cd1af551afa9f91a0c82ebeca65ce2b70a9_12,020b7cd1af551afa9f91a0c82ebeca65ce2b70a9_page_0012,020b7cd1af551afa9f91a0c82ebeca65ce2b70a9.pdf#page=12,underscore_index,pending_review
020b7cd1af551afa9f91a0c82ebeca65ce2b70a9_13,020b7cd1af551afa9f91a0c82ebeca65ce2b70a9_page_0013,020b7cd1af551afa9f91a0c82ebeca65ce2b70a9.pdf#page=13,underscore_index,pending_review
020b7cd1af551afa9f91a0c82ebeca65ce2b70a9_14,020b7cd1af551afa9f91a0c82ebeca65ce2b70a9_page_0014,020b7cd1af551afa9f91a0c82ebeca65ce2b70a9.pdf#page=14,underscore_index,pending_review
020b7cd1af551afa9f91a0c82ebeca65ce2b70a9_15,020b7cd1af551afa9f91a0c82ebeca65ce2b70a9_page_0015,020b7cd1af551afa9f91a0c82ebeca65ce2b70a9.pdf#page=15,underscore_index,pending_review
020b7cd1af551afa9f91a0c82ebeca65ce2b70a9_16,020b7cd1af551afa9f91a0c82ebeca65ce2b70a9_page_0016,020b7cd1af551afa9f91a0c82ebeca65ce2b70a9.pdf#page=16,underscore_index,pending_review
020b7cd1af551afa9f91a0c82ebeca65ce2b70a9_17,020b7cd1af551afa9f91a0c82ebeca65ce2b70a9_page_0017,020b7cd1af551afa9f91a0c82ebeca65ce2b70a9.pdf#page=17,underscore_index,pending_review
020b7cd1af551afa9f91a0c82ebeca65ce2b70a9_18,020b7cd1af551afa9f91a0c82ebeca65ce2b70a9_page_0018,020b7cd1af551afa9f91a0c82ebeca65ce2b70a9.pdf#page=18,underscore_index,pending_review
020b7cd1af551afa9f91a0c82ebeca65ce2b70a9_19,020b7cd1af551afa9f91a0c82ebeca65ce2b70a9_page_0019,020b7cd1af551afa9f91a0c82ebeca65ce2b70a9.pdf#page=19,underscore_index,pending_review
020b7cd1af551afa9f91a0c82ebeca65ce2b70a9_20,020b7cd1af551afa9f91a0c82ebeca65ce2b70a9_page_0020,020b7cd1af551afa9f91a0c82ebeca65ce2b70a9.pdf#page=20,underscore_index,pending_review
020b7cd1af551afa9f91a0c82ebeca65ce2b70a9_21,020b7cd1af551afa9f91a0c82ebeca65ce2b70a9_page_0021,020b7cd1af551afa9f91a0c82ebeca65ce2b70a9.pdf#page=21,underscore_index,pending_review
020bcb3e110f77717003542c1d705ccb7f551ea0_1,020bcb3e110f77717003542c1d705ccb7f551ea0_page_0001,020bcb3e110f77717003542c1d705ccb7f551ea0.pdf#page=1,underscore_index,pending_review
020bcb3e110f77717003542c1d705ccb7f551ea0_2,020bcb3e110f77717003542c1d705ccb7f551ea0_page_0002,020bcb3e110f77717003542c1d705ccb7f551ea0.pdf#page=2,underscore_index,pending_review
020bcb3e110f77717003542c1d705ccb7f551ea0_3,020bcb3e110f77717003542c1d705ccb7f551ea0_page_0003,020bcb3e110f77717003542c1d705ccb7f551ea0.pdf#page=3,underscore_index,pending_review
020bcb3e110f77717003542c1d705ccb7f551ea0_4,020bcb3e110f77717003542c1d705ccb7f551ea0_page_0004,020bcb3e110f77717003542c1d705ccb7f551ea0.pdf#page=4,underscore_index,pending_review
020bcb3e110f77717003542c1d705ccb7f551ea0_5,020bcb3e110f77717003542c1d705ccb7f551ea0_page_0005,020bcb3e110f77717003542c1d705ccb7f551ea0.pdf#page=5,underscore_index,pending_review
020bcb3e110f77717003542c1d705ccb7f551ea0_6,020bcb3e110f77717003542c1d705ccb7f551ea0_page_0006,020bcb3e110f77717003542c1d705ccb7f551ea0.pdf#page=6,underscore_index,pending_review
020bcb3e110f77717003542c1d705ccb7f551ea0_7,020bcb3e110f77717003542c1d705ccb7f551ea0_page_0007,020bcb3e110f77717003542c1d705ccb7f551ea0.pdf#page=7,underscore_index,pending_review
020bcb3e110f77717003542c1d705ccb7f551ea0_8,020bcb3e110f77717003542c1d705ccb7f551ea0_page_0008,020bcb3e110f77717003542c1d705ccb7f551ea0.pdf#page=8,underscore_index,pending_review
020bcb3e110f77717003542c1d705ccb7f551ea0_9,020bcb3e110f77717003542c1d705ccb7f551ea0_page_0009,020bcb3e110f77717003542c1d705ccb7f551ea0.pdf#page=9,underscore_index,pending_review
020bcb3e110f77717003542c1d705ccb7f551ea0_10,020bcb3e110f77717003542c1d705ccb7f551ea0_page_0010,020bcb3e110f77717003542c1d705ccb7f551ea0.pdf#page=10,underscore_index,pending_review
020bcb3e110f77717003542c1d705ccb7f551ea0_11,020bcb3e110f77717003542c1d705ccb7f551ea0_page_0011,020bcb3e110f77717003542c1d705ccb7f551ea0.pdf#page=11,underscore_index,pending_review
020bcb3e110f77717003542c1d705ccb7f551ea0_12,020bcb3e110f77717003542c1d705ccb7f551ea0_page_0012,020bcb3e110f77717003542c1d705ccb7f551ea0.pdf#page=12,underscore_index,pending_review
020bcb3e110f77717003542c1d705ccb7f551ea0_13,020bcb3e110f77717003542c1d705ccb7f551ea0_page_0013,020bcb3e110f77717003542c1d705ccb7f551ea0.pdf#page=13,underscore_index,pending_review
020bcb3e110f77717003542c1d705ccb7f551ea0_14,020bcb3e110f77717003542c1d705ccb7f551ea0_page_0014,020bcb3e110f77717003542c1d705ccb7f551ea0.pdf#page=14,underscore_index,pending_review
020bcb3e110f77717003542c1d705ccb7f551ea0_15,020bcb3e110f77717003542c1d705ccb7f551ea0_page_0015,020bcb3e110f77717003542c1d705ccb7f551ea0.pdf#page=15,underscore_index,pending_review
020bcb3e110f77717003542c1d705ccb7f551ea0_16,020bcb3e110f77717003542c1d705ccb7f551ea0_page_0016,020bcb3e110f77717003542c1d705ccb7f551ea0.pdf#page=16,underscore_index,pending_review
0210a4d56ca2323da785eebec3a8132ba92889eb_1,0210a4d56ca2323da785eebec3a8132ba92889eb_page_0001,0210a4d56ca2323da785eebec3a8132ba92889eb.pdf#page=1,underscore_index,pending_review
0210a4d56ca2323da785eebec3a8132ba92889eb_2,0210a4d56ca2323da785eebec3a8132ba92889eb_page_0002,0210a4d56ca2323da785eebec3a8132ba92889eb.pdf#page=2,underscore_index,pending_review
0210a4d56ca2323da785eebec3a8132ba92889eb_3,0210a4d56ca2323da785eebec3a8132ba92889eb_page_0003,0210a4d56ca2323da785eebec3a8132ba92889eb.pdf#page=3,underscore_index,pending_review
0210a4d56ca2323da785eebec3a8132ba92889eb_4,0210a4d56ca2323da785eebec3a8132ba92889eb_page_0004,0210a4d56ca2323da785eebec3a8132ba92889eb.pdf#page=4,underscore_index,pending_review
0210a4d56ca2323da785eebec3a8132ba92889eb_5,0210a4d56ca2323da785eebec3a8132ba92889eb_page_0005,0210a4d56ca2323da785eebec3a8132ba92889eb.pdf#page=5,underscore_index,pending_review
0210a4d56ca2323da785eebec3a8132ba92889eb_6,0210a4d56ca2323da785eebec3a8132ba92889eb_page_0006,0210a4d56ca2323da785eebec3a8132ba92889eb.pdf#page=6,underscore_index,pending_review
0210a4d56ca2323da785eebec3a8132ba92889eb_7,0210a4d56ca2323da785eebec3a8132ba92889eb_page_0007,0210a4d56ca2323da785eebec3a8132ba92889eb.pdf#page=7,underscore_index,pending_review
0210a4d56ca2323da785eebec3a8132ba92889eb_8,0210a4d56ca2323da785eebec3a8132ba92889eb_page_0008,0210a4d56ca2323da785eebec3a8132ba92889eb.pdf#page=8,underscore_index,pending_review
0210a4d56ca2323da785eebec3a8132ba92889eb_9,0210a4d56ca2323da785eebec3a8132ba92889eb_page_0009,0210a4d56ca2323da785eebec3a8132ba92889eb.pdf#page=9,underscore_index,pending_review
0210a4d56ca2323da785eebec3a8132ba92889eb_10,0210a4d56ca2323da785eebec3a8132ba92889eb_page_0010,0210a4d56ca2323da785eebec3a8132ba92889eb.pdf#page=10,underscore_index,pending_review
0210a4d56ca2323da785eebec3a8132ba92889eb_11,0210a4d56ca2323da785eebec3a8132ba92889eb_page_0011,0210a4d56ca2323da785eebec3a8132ba92889eb.pdf#page=11,underscore_index,pending_review
0210a4d56ca2323da785eebec3a8132ba92889eb_12,0210a4d56ca2323da785eebec3a8132ba92889eb_page_0012,0210a4d56ca2323da785eebec3a8132ba92889eb.pdf#page=12,underscore_index,pending_review
0210a4d56ca2323da785eebec3a8132ba92889eb_13,0210a4d56ca2323da785eebec3a8132ba92889eb_page_0013,0210a4d56ca2323da785eebec3a8132ba92889eb.pdf#page=13,underscore_index,pending_review
0210a4d56ca2323da785eebec3a8132ba92889eb_14,0210a4d56ca2323da785eebec3a8132ba92889eb_page_0014,0210a4d56ca2323da785eebec3a8132ba92889eb.pdf#page=14,underscore_index,pending_review
0210a4d56ca2323da785eebec3a8132ba92889eb_15,0210a4d56ca2323da785eebec3a8132ba92889eb_page_0015,0210a4d56ca2323da785eebec3a8132ba92889eb.pdf#page=15,underscore_index,pending_review
0210a4d56ca2323da785eebec3a8132ba92889eb_16,0210a4d56ca2323da785eebec3a8132ba92889eb_page_0016,0210a4d56ca2323da785eebec3a8132ba92889eb.pdf#page=16,underscore_index,pending_review
0210a4d56ca2323da785eebec3a8132ba92889eb_17,0210a4d56ca2323da785eebec3a8132ba92889eb_page_0017,0210a4d56ca2323da785eebec3a8132ba92889eb.pdf#page=17,underscore_index,pending_review
0210a4d56ca2323da785eebec3a8132ba92889eb_18,0210a4d56ca2323da785eebec3a8132ba92889eb_page_0018,0210a4d56ca2323da785eebec3a8132ba92889eb.pdf#page=18,underscore_index,pending_review
0210a4d56ca2323da785eebec3a8132ba92889eb_19,0210a4d56ca2323da785eebec3a8132ba92889eb_page_0019,0210a4d56ca2323da785eebec3a8132ba92889eb.pdf#page=19,underscore_index,pending_review
0210a4d56ca2323da785eebec3a8132ba92889eb_20,0210a4d56ca2323da785eebec3a8132ba92889eb_page_0020,0210a4d56ca2323da785eebec3a8132ba92889eb.pdf#page=20,underscore_index,pending_review
02194db1476749b2fd3a5b7004b16bc63f071ffb_1,02194db1476749b2fd3a5b7004b16bc63f071ffb_page_0001,02194db1476749b2fd3a5b7004b16bc63f071ffb.pdf#page=1,underscore_index,pending_review
02194db1476749b2fd3a5b7004b16bc63f071ffb_2,02194db1476749b2fd3a5b7004b16bc63f071ffb_page_0002,02194db1476749b2fd3a5b7004b16bc63f071ffb.pdf#page=2,underscore_index,pending_review
02194db1476749b2fd3a5b7004b16bc63f071ffb_3,02194db1476749b2fd3a5b7004b16bc63f071ffb_page_0003,02194db1476749b2fd3a5b7004b16bc63f071ffb.pdf#page=3,underscore_index,pending_review
02194db1476749b2fd3a5b7004b16bc63f071ffb_4,02194db1476749b2fd3a5b7004b16bc63f071ffb_page_0004,02194db1476749b2fd3a5b7004b16bc63f071ffb.pdf#page=4,underscore_index,pending_review
02194db1476749b2fd3a5b7004b16bc63f071ffb_5,02194db1476749b2fd3a5b7004b16bc63f071ffb_page_0005,02194db1476749b2fd3a5b7004b16bc63f071ffb.pdf#page=5,underscore_index,pending_review
02194db1476749b2fd3a5b7004b16bc63f071ffb_6,02194db1476749b2fd3a5b7004b16bc63f071ffb_page_0006,02194db1476749b2fd3a5b7004b16bc63f071ffb.pdf#page=6,underscore_index,pending_review
02194db1476749b2fd3a5b7004b16bc63f071ffb_7,02194db1476749b2fd3a5b7004b16bc63f071ffb_page_0007,02194db1476749b2fd3a5b7004b16bc63f071ffb.pdf#page=7,underscore_index,pending_review
02194db1476749b2fd3a5b7004b16bc63f071ffb_8,02194db1476749b2fd3a5b7004b16bc63f071ffb_page_0008,02194db1476749b2fd3a5b7004b16bc63f071ffb.pdf#page=8,underscore_index,pending_review
02194db1476749b2fd3a5b7004b16bc63f071ffb_9,02194db1476749b2fd3a5b7004b16bc63f071ffb_page_0009,02194db1476749b2fd3a5b7004b16bc63f071ffb.pdf#page=9,underscore_index,pending_review
02194db1476749b2fd3a5b7004b16bc63f071ffb_10,02194db1476749b2fd3a5b7004b16bc63f071ffb_page_0010,02194db1476749b2fd3a5b7004b16bc63f071ffb.pdf#page=10,underscore_index,pending_review
02194db1476749b2fd3a5b7004b16bc63f071ffb_11,02194db1476749b2fd3a5b7004b16bc63f071ffb_page_0011,02194db1476749b2fd3a5b7004b16bc63f071ffb.pdf#page=11,underscore_index,pending_review
02194db1476749b2fd3a5b7004b16bc63f071ffb_12,02194db1476749b2fd3a5b7004b16bc63f071ffb_page_0012,02194db1476749b2fd3a5b7004b16bc63f071ffb.pdf#page=12,underscore_index,pending_review
02194db1476749b2fd3a5b7004b16bc63f071ffb_13,02194db1476749b2fd3a5b7004b16bc63f071ffb_page_0013,02194db1476749b2fd3a5b7004b16bc63f071ffb.pdf#page=13,underscore_index,pending_review
02194db1476749b2fd3a5b7004b16bc63f071ffb_14,02194db1476749b2fd3a5b7004b16bc63f071ffb_page_0014,02194db1476749b2fd3a5b7004b16bc63f071ffb.pdf#page=14,underscore_index,pending_review
02194db1476749b2fd3a5b7004b16bc63f071ffb_15,02194db1476749b2fd3a5b7004b16bc63f071ffb_page_0015,02194db1476749b2fd3a5b7004b16bc63f071ffb.pdf#page=15,underscore_index,pending_review
02194db1476749b2fd3a5b7004b16bc63f071ffb_16,02194db1476749b2fd3a5b7004b16bc63f071ffb_page_0016,02194db1476749b2fd3a5b7004b16bc63f071ffb.pdf#page=16,underscore_index,pending_review
02194db1476749b2fd3a5b7004b16bc63f071ffb_17,02194db1476749b2fd3a5b7004b16bc63f071ffb_page_0017,02194db1476749b2fd3a5b7004b16bc63f071ffb.pdf#page=17,underscore_index,pending_review
02194db1476749b2fd3a5b7004b16bc63f071ffb_18,02194db1476749b2fd3a5b7004b16bc63f071ffb_page_0018,02194db1476749b2fd3a5b7004b16bc63f071ffb.pdf#page=18,underscore_index,pending_review
02194db1476749b2fd3a5b7004b16bc63f071ffb_19,02194db1476749b2fd3a5b7004b16bc63f071ffb_page_0019,02194db1476749b2fd3a5b7004b16bc63f071ffb.pdf#page=19,underscore_index,pending_review
02194db1476749b2fd3a5b7004b16bc63f071ffb_20,02194db1476749b2fd3a5b7004b16bc63f071ffb_page_0020,02194db1476749b2fd3a5b7004b16bc63f071ffb.pdf#page=20,underscore_index,pending_review
02194db1476749b2fd3a5b7004b16bc63f071ffb_21,02194db1476749b2fd3a5b7004b16bc63f071ffb_page_0021,02194db1476749b2fd3a5b7004b16bc63f071ffb.pdf#page=21,underscore_index,pending_review
0219b006cf0a2d4116f8163f9faa75108baa3292_1,0219b006cf0a2d4116f8163f9faa75108baa3292_page_0001,0219b006cf0a2d4116f8163f9faa75108baa3292.pdf#page=1,underscore_index,pending_review
0219b006cf0a2d4116f8163f9faa75108baa3292_2,0219b006cf0a2d4116f8163f9faa75108baa3292_page_0002,0219b006cf0a2d4116f8163f9faa75108baa3292.pdf#page=2,underscore_index,pending_review
0219b006cf0a2d4116f8163f9faa75108baa3292_3,0219b006cf0a2d4116f8163f9faa75108baa3292_page_0003,0219b006cf0a2d4116f8163f9faa75108baa3292.pdf#page=3,underscore_index,pending_review
0219b006cf0a2d4116f8163f9faa75108baa3292_4,0219b006cf0a2d4116f8163f9faa75108baa3292_page_0004,0219b006cf0a2d4116f8163f9faa75108baa3292.pdf#page=4,underscore_index,pending_review
0219b006cf0a2d4116f8163f9faa75108baa3292_5,0219b006cf0a2d4116f8163f9faa75108baa3292_page_0005,0219b006cf0a2d4116f8163f9faa75108baa3292.pdf#page=5,underscore_index,pending_review
0219b006cf0a2d4116f8163f9faa75108baa3292_6,0219b006cf0a2d4116f8163f9faa75108baa3292_page_0006,0219b006cf0a2d4116f8163f9faa75108baa3292.pdf#page=6,underscore_index,pending_review
0219b006cf0a2d4116f8163f9faa75108baa3292_7,0219b006cf0a2d4116f8163f9faa75108baa3292_page_0007,0219b006cf0a2d4116f8163f9faa75108baa3292.pdf#page=7,underscore_index,pending_review
0219b006cf0a2d4116f8163f9faa75108baa3292_8,0219b006cf0a2d4116f8163f9faa75108baa3292_page_0008,0219b006cf0a2d4116f8163f9faa75108baa3292.pdf#page=8,underscore_index,pending_review
0219b006cf0a2d4116f8163f9faa75108baa3292_9,0219b006cf0a2d4116f8163f9faa75108baa3292_page_0009,0219b006cf0a2d4116f8163f9faa75108baa3292.pdf#page=9,underscore_index,pending_review
0219b006cf0a2d4116f8163f9faa75108baa3292_10,0219b006cf0a2d4116f8163f9faa75108baa3292_page_0010,0219b006cf0a2d4116f8163f9faa75108baa3292.pdf#page=10,underscore_index,pending_review
0219b006cf0a2d4116f8163f9faa75108baa3292_11,0219b006cf0a2d4116f8163f9faa75108baa3292_page_0011,0219b006cf0a2d4116f8163f9faa75108baa3292.pdf#page=11,underscore_index,pending_review
0219b006cf0a2d4116f8163f9faa75108baa3292_12,0219b006cf0a2d4116f8163f9faa75108baa3292_page_0012,0219b006cf0a2d4116f8163f9faa75108baa3292.pdf#page=12,underscore_index,pending_review
0219b006cf0a2d4116f8163f9faa75108baa3292_13,0219b006cf0a2d4116f8163f9faa75108baa3292_page_0013,0219b006cf0a2d4116f8163f9faa75108baa3292.pdf#page=13,underscore_index,pending_review
0219b006cf0a2d4116f8163f9faa75108baa3292_14,0219b006cf0a2d4116f8163f9faa75108baa3292_page_0014,0219b006cf0a2d4116f8163f9faa75108baa3292.pdf#page=14,underscore_index,pending_review
0219b006cf0a2d4116f8163f9faa75108baa3292_15,0219b006cf0a2d4116f8163f9faa75108baa3292_page_0015,0219b006cf0a2d4116f8163f9faa75108baa3292.pdf#page=15,underscore_index,pending_review
0219b006cf0a2d4116f8163f9faa75108baa3292_16,0219b006cf0a2d4116f8163f9faa75108baa3292_page_0016,0219b006cf0a2d4116f8163f9faa75108baa3292.pdf#page=16,underscore_index,pending_review
0219b006cf0a2d4116f8163f9faa75108baa3292_17,0219b006cf0a2d4116f8163f9faa75108baa3292_page_0017,0219b006cf0a2d4116f8163f9faa75108baa3292.pdf#page=17,underscore_index,pending_review
0219b006cf0a2d4116f8163f9faa75108baa3292_18,0219b006cf0a2d4116f8163f9faa75108baa3292_page_0018,0219b006cf0a2d4116f8163f9faa75108baa3292.pdf#page=18,underscore_index,pending_review
0219b006cf0a2d4116f8163f9faa75108baa3292_19,0219b006cf0a2d4116f8163f9faa75108baa3292_page_0019,0219b006cf0a2d4116f8163f9faa75108baa3292.pdf#page=19,underscore_index,pending_review
0219b006cf0a2d4116f8163f9faa75108baa3292_20,0219b006cf0a2d4116f8163f9faa75108baa3292_page_0020,0219b006cf0a2d4116f8163f9faa75108baa3292.pdf#page=20,underscore_index,pending_review
0219b006cf0a2d4116f8163f9faa75108baa3292_21,0219b006cf0a2d4116f8163f9faa75108baa3292_page_0021,0219b006cf0a2d4116f8163f9faa75108baa3292.pdf#page=21,underscore_index,pending_review
0219b006cf0a2d4116f8163f9faa75108baa3292_22,0219b006cf0a2d4116f8163f9faa75108baa3292_page_0022,0219b006cf0a2d4116f8163f9faa75108baa3292.pdf#page=22,underscore_index,pending_review
0219b006cf0a2d4116f8163f9faa75108baa3292_23,0219b006cf0a2d4116f8163f9faa75108baa3292_page_0023,0219b006cf0a2d4116f8163f9faa75108baa3292.pdf#page=23,underscore_index,pending_review
0219b006cf0a2d4116f8163f9faa75108baa3292_24,0219b006cf0a2d4116f8163f9faa75108baa3292_page_0024,0219b006cf0a2d4116f8163f9faa75108baa3292.pdf#page=24,underscore_index,pending_review
022f9e5d533ac8ccc613bfb3a0797a09f38ce256_1,022f9e5d533ac8ccc613bfb3a0797a09f38ce256_page_0001,022f9e5d533ac8ccc613bfb3a0797a09f38ce256.pdf#page=1,underscore_index,pending_review
022f9e5d533ac8ccc613bfb3a0797a09f38ce256_2,022f9e5d533ac8ccc613bfb3a0797a09f38ce256_page_0002,022f9e5d533ac8ccc613bfb3a0797a09f38ce256.pdf#page=2,underscore_index,pending_review
022f9e5d533ac8ccc613bfb3a0797a09f38ce256_3,022f9e5d533ac8ccc613bfb3a0797a09f38ce256_page_0003,022f9e5d533ac8ccc613bfb3a0797a09f38ce256.pdf#page=3,underscore_index,pending_review
022f9e5d533ac8ccc613bfb3a0797a09f38ce256_4,022f9e5d533ac8ccc613bfb3a0797a09f38ce256_page_0004,022f9e5d533ac8ccc613bfb3a0797a09f38ce256.pdf#page=4,underscore_index,pending_review
022f9e5d533ac8ccc613bfb3a0797a09f38ce256_5,022f9e5d533ac8ccc613bfb3a0797a09f38ce256_page_0005,022f9e5d533ac8ccc613bfb3a0797a09f38ce256.pdf#page=5,underscore_index,pending_review
022f9e5d533ac8ccc613bfb3a0797a09f38ce256_6,022f9e5d533ac8ccc613bfb3a0797a09f38ce256_page_0006,022f9e5d533ac8ccc613bfb3a0797a09f38ce256.pdf#page=6,underscore_index,pending_review
022f9e5d533ac8ccc613bfb3a0797a09f38ce256_7,022f9e5d533ac8ccc613bfb3a0797a09f38ce256_page_0007,022f9e5d533ac8ccc613bfb3a0797a09f38ce256.pdf#page=7,underscore_index,pending_review
022f9e5d533ac8ccc613bfb3a0797a09f38ce256_8,022f9e5d533ac8ccc613bfb3a0797a09f38ce256_page_0008,022f9e5d533ac8ccc613bfb3a0797a09f38ce256.pdf#page=8,underscore_index,pending_review
022f9e5d533ac8ccc613bfb3a0797a09f38ce256_9,022f9e5d533ac8ccc613bfb3a0797a09f38ce256_page_0009,022f9e5d533ac8ccc613bfb3a0797a09f38ce256.pdf#page=9,underscore_index,pending_review
022f9e5d533ac8ccc613bfb3a0797a09f38ce256_10,022f9e5d533ac8ccc613bfb3a0797a09f38ce256_page_0010,022f9e5d533ac8ccc613bfb3a0797a09f38ce256.pdf#page=10,underscore_index,pending_review
022f9e5d533ac8ccc613bfb3a0797a09f38ce256_11,022f9e5d533ac8ccc613bfb3a0797a09f38ce256_page_0011,022f9e5d533ac8ccc613bfb3a0797a09f38ce256.pdf#page=11,underscore_index,pending_review
022f9e5d533ac8ccc613bfb3a0797a09f38ce256_12,022f9e5d533ac8ccc613bfb3a0797a09f38ce256_page_0012,022f9e5d533ac8ccc613bfb3a0797a09f38ce256.pdf#page=12,underscore_index,pending_review
022f9e5d533ac8ccc613bfb3a0797a09f38ce256_13,022f9e5d533ac8ccc613bfb3a0797a09f38ce256_page_0013,022f9e5d533ac8ccc613bfb3a0797a09f38ce256.pdf#page=13,underscore_index,pending_review
022f9e5d533ac8ccc613bfb3a0797a09f38ce256_14,022f9e5d533ac8ccc613bfb3a0797a09f38ce256_page_0014,022f9e5d533ac8ccc613bfb3a0797a09f38ce256.pdf#page=14,underscore_index,pending_review
022f9e5d533ac8ccc613bfb3a0797a09f38ce256_15,022f9e5d533ac8ccc613bfb3a0797a09f38ce256_page_0015,022f9e5d533ac8ccc613bfb3a0797a09f38ce256.pdf#page=15,underscore_index,pending_review
022f9e5d533ac8ccc613bfb3a0797a09f38ce256_16,022f9e5d533ac8ccc613bfb3a0797a09f38ce256_page_0016,022f9e5d533ac8ccc613bfb3a0797a09f38ce256.pdf#page=16,underscore_index,pending_review
022f9e5d533ac8ccc613bfb3a0797a09f38ce256_17,022f9e5d533ac8ccc613bfb3a0797a09f38ce256_page_0017,022f9e5d533ac8ccc613bfb3a0797a09f38ce256.pdf#page=17,underscore_index,pending_review
022f9e5d533ac8ccc613bfb3a0797a09f38ce256_18,022f9e5d533ac8ccc613bfb3a0797a09f38ce256_page_0018,022f9e5d533ac8ccc613bfb3a0797a09f38ce256.pdf#page=18,underscore_index,pending_review
022f9e5d533ac8ccc613bfb3a0797a09f38ce256_19,022f9e5d533ac8ccc613bfb3a0797a09f38ce256_page_0019,022f9e5d533ac8ccc613bfb3a0797a09f38ce256.pdf#page=19,underscore_index,pending_review
022f9e5d533ac8ccc613bfb3a0797a09f38ce256_20,022f9e5d533ac8ccc613bfb3a0797a09f38ce256_page_0020,022f9e5d533ac8ccc613bfb3a0797a09f38ce256.pdf#page=20,underscore_index,pending_review
022f9e5d533ac8ccc613bfb3a0797a09f38ce256_21,022f9e5d533ac8ccc613bfb3a0797a09f38ce256_page_0021,022f9e5d533ac8ccc613bfb3a0797a09f38ce256.pdf#page=21,underscore_index,pending_review
022f9e5d533ac8ccc613bfb3a0797a09f38ce256_22,022f9e5d533ac8ccc613bfb3a0797a09f38ce256_page_0022,022f9e5d533ac8ccc613bfb3a0797a09f38ce256.pdf#page=22,underscore_index,pending_review
0234bac525e1d4114cdf7c833a6682a406d038c2_1,0234bac525e1d4114cdf7c833a6682a406d038c2_page_0001,0234bac525e1d4114cdf7c833a6682a406d038c2.pdf#page=1,underscore_index,pending_review
0234bac525e1d4114cdf7c833a6682a406d038c2_2,0234bac525e1d4114cdf7c833a6682a406d038c2_page_0002,0234bac525e1d4114cdf7c833a6682a406d038c2.pdf#page=2,underscore_index,pending_review
0234bac525e1d4114cdf7c833a6682a406d038c2_3,0234bac525e1d4114cdf7c833a6682a406d038c2_page_0003,0234bac525e1d4114cdf7c833a6682a406d038c2.pdf#page=3,underscore_index,pending_review
0234bac525e1d4114cdf7c833a6682a406d038c2_4,0234bac525e1d4114cdf7c833a6682a406d038c2_page_0004,0234bac525e1d4114cdf7c833a6682a406d038c2.pdf#page=4,underscore_index,pending_review
0234bac525e1d4114cdf7c833a6682a406d038c2_5,0234bac525e1d4114cdf7c833a6682a406d038c2_page_0005,0234bac525e1d4114cdf7c833a6682a406d038c2.pdf#page=5,underscore_index,pending_review
0234bac525e1d4114cdf7c833a6682a406d038c2_6,0234bac525e1d4114cdf7c833a6682a406d038c2_page_0006,0234bac525e1d4114cdf7c833a6682a406d038c2.pdf#page=6,underscore_index,pending_review
0234bac525e1d4114cdf7c833a6682a406d038c2_7,0234bac525e1d4114cdf7c833a6682a406d038c2_page_0007,0234bac525e1d4114cdf7c833a6682a406d038c2.pdf#page=7,underscore_index,pending_review
0234bac525e1d4114cdf7c833a6682a406d038c2_8,0234bac525e1d4114cdf7c833a6682a406d038c2_page_0008,0234bac525e1d4114cdf7c833a6682a406d038c2.pdf#page=8,underscore_index,pending_review
0234bac525e1d4114cdf7c833a6682a406d038c2_9,0234bac525e1d4114cdf7c833a6682a406d038c2_page_0009,0234bac525e1d4114cdf7c833a6682a406d038c2.pdf#page=9,underscore_index,pending_review
0234bac525e1d4114cdf7c833a6682a406d038c2_10,0234bac525e1d4114cdf7c833a6682a406d038c2_page_0010,0234bac525e1d4114cdf7c833a6682a406d038c2.pdf#page=10,underscore_index,pending_review
0234bac525e1d4114cdf7c833a6682a406d038c2_11,0234bac525e1d4114cdf7c833a6682a406d038c2_page_0011,0234bac525e1d4114cdf7c833a6682a406d038c2.pdf#page=11,underscore_index,pending_review
0234bac525e1d4114cdf7c833a6682a406d038c2_12,0234bac525e1d4114cdf7c833a6682a406d038c2_page_0012,0234bac525e1d4114cdf7c833a6682a406d038c2.pdf#page=12,underscore_index,pending_review
0234bac525e1d4114cdf7c833a6682a406d038c2_13,0234bac525e1d4114cdf7c833a6682a406d038c2_page_0013,0234bac525e1d4114cdf7c833a6682a406d038c2.pdf#page=13,underscore_index,pending_review
0234bac525e1d4114cdf7c833a6682a406d038c2_14,0234bac525e1d4114cdf7c833a6682a406d038c2_page_0014,0234bac525e1d4114cdf7c833a6682a406d038c2.pdf#page=14,underscore_index,pending_review
0234bac525e1d4114cdf7c833a6682a406d038c2_15,0234bac525e1d4114cdf7c833a6682a406d038c2_page_0015,0234bac525e1d4114cdf7c833a6682a406d038c2.pdf#page=15,underscore_index,pending_review
0234bac525e1d4114cdf7c833a6682a406d038c2_16,0234bac525e1d4114cdf7c833a6682a406d038c2_page_0016,0234bac525e1d4114cdf7c833a6682a406d038c2.pdf#page=16,underscore_index,pending_review
0234bac525e1d4114cdf7c833a6682a406d038c2_17,0234bac525e1d4114cdf7c833a6682a406d038c2_page_0017,0234bac525e1d4114cdf7c833a6682a406d038c2.pdf#page=17,underscore_index,pending_review
0234bac525e1d4114cdf7c833a6682a406d038c2_18,0234bac525e1d4114cdf7c833a6682a406d038c2_page_0018,0234bac525e1d4114cdf7c833a6682a406d038c2.pdf#page=18,underscore_index,pending_review
0234bac525e1d4114cdf7c833a6682a406d038c2_19,0234bac525e1d4114cdf7c833a6682a406d038c2_page_0019,0234bac525e1d4114cdf7c833a6682a406d038c2.pdf#page=19,underscore_index,pending_review
0234bac525e1d4114cdf7c833a6682a406d038c2_20,0234bac525e1d4114cdf7c833a6682a406d038c2_page_0020,0234bac525e1d4114cdf7c833a6682a406d038c2.pdf#page=20,underscore_index,pending_review
0234bac525e1d4114cdf7c833a6682a406d038c2_21,0234bac525e1d4114cdf7c833a6682a406d038c2_page_0021,0234bac525e1d4114cdf7c833a6682a406d038c2.pdf#page=21,underscore_index,pending_review
0234bac525e1d4114cdf7c833a6682a406d038c2_22,0234bac525e1d4114cdf7c833a6682a406d038c2_page_0022,0234bac525e1d4114cdf7c833a6682a406d038c2.pdf#page=22,underscore_index,pending_review
0234bac525e1d4114cdf7c833a6682a406d038c2_23,0234bac525e1d4114cdf7c833a6682a406d038c2_page_0023,0234bac525e1d4114cdf7c833a6682a406d038c2.pdf#page=23,underscore_index,pending_review
023ac0d5e5bb44d48aae7eeddbf102ec6a8064aa_1,023ac0d5e5bb44d48aae7eeddbf102ec6a8064aa_page_0001,023ac0d5e5bb44d48aae7eeddbf102ec6a8064aa.pdf#page=1,underscore_index,pending_review
023ac0d5e5bb44d48aae7eeddbf102ec6a8064aa_2,023ac0d5e5bb44d48aae7eeddbf102ec6a8064aa_page_0002,023ac0d5e5bb44d48aae7eeddbf102ec6a8064aa.pdf#page=2,underscore_index,pending_review
023ac0d5e5bb44d48aae7eeddbf102ec6a8064aa_3,023ac0d5e5bb44d48aae7eeddbf102ec6a8064aa_page_0003,023ac0d5e5bb44d48aae7eeddbf102ec6a8064aa.pdf#page=3,underscore_index,pending_review
023ac0d5e5bb44d48aae7eeddbf102ec6a8064aa_4,023ac0d5e5bb44d48aae7eeddbf102ec6a8064aa_page_0004,023ac0d5e5bb44d48aae7eeddbf102ec6a8064aa.pdf#page=4,underscore_index,pending_review
023ac0d5e5bb44d48aae7eeddbf102ec6a8064aa_5,023ac0d5e5bb44d48aae7eeddbf102ec6a8064aa_page_0005,023ac0d5e5bb44d48aae7eeddbf102ec6a8064aa.pdf#page=5,underscore_index,pending_review
023ac0d5e5bb44d48aae7eeddbf102ec6a8064aa_6,023ac0d5e5bb44d48aae7eeddbf102ec6a8064aa_page_0006,023ac0d5e5bb44d48aae7eeddbf102ec6a8064aa.pdf#page=6,underscore_index,pending_review
023ac0d5e5bb44d48aae7eeddbf102ec6a8064aa_7,023ac0d5e5bb44d48aae7eeddbf102ec6a8064aa_page_0007,023ac0d5e5bb44d48aae7eeddbf102ec6a8064aa.pdf#page=7,underscore_index,pending_review
023ac0d5e5bb44d48aae7eeddbf102ec6a8064aa_8,023ac0d5e5bb44d48aae7eeddbf102ec6a8064aa_page_0008,023ac0d5e5bb44d48aae7eeddbf102ec6a8064aa.pdf#page=8,underscore_index,pending_review
023ac0d5e5bb44d48aae7eeddbf102ec6a8064aa_9,023ac0d5e5bb44d48aae7eeddbf102ec6a8064aa_page_0009,023ac0d5e5bb44d48aae7eeddbf102ec6a8064aa.pdf#page=9,underscore_index,pending_review
023ac0d5e5bb44d48aae7eeddbf102ec6a8064aa_10,023ac0d5e5bb44d48aae7eeddbf102ec6a8064aa_page_0010,023ac0d5e5bb44d48aae7eeddbf102ec6a8064aa.pdf#page=10,underscore_index,pending_review
023ac0d5e5bb44d48aae7eeddbf102ec6a8064aa_11,023ac0d5e5bb44d48aae7eeddbf102ec6a8064aa_page_0011,023ac0d5e5bb44d48aae7eeddbf102ec6a8064aa.pdf#page=11,underscore_index,pending_review
023ac0d5e5bb44d48aae7eeddbf102ec6a8064aa_12,023ac0d5e5bb44d48aae7eeddbf102ec6a8064aa_page_0012,023ac0d5e5bb44d48aae7eeddbf102ec6a8064aa.pdf#page=12,underscore_index,pending_review
023ac0d5e5bb44d48aae7eeddbf102ec6a8064aa_13,023ac0d5e5bb44d48aae7eeddbf102ec6a8064aa_page_0013,023ac0d5e5bb44d48aae7eeddbf102ec6a8064aa.pdf#page=13,underscore_index,pending_review
023ac0d5e5bb44d48aae7eeddbf102ec6a8064aa_14,023ac0d5e5bb44d48aae7eeddbf102ec6a8064aa_page_0014,023ac0d5e5bb44d48aae7eeddbf102ec6a8064aa.pdf#page=14,underscore_index,pending_review
023ac0d5e5bb44d48aae7eeddbf102ec6a8064aa_15,023ac0d5e5bb44d48aae7eeddbf102ec6a8064aa_page_0015,023ac0d5e5bb44d48aae7eeddbf102ec6a8064aa.pdf#page=15,underscore_index,pending_review
023ac0d5e5bb44d48aae7eeddbf102ec6a8064aa_16,023ac0d5e5bb44d48aae7eeddbf102ec6a8064aa_page_0016,023ac0d5e5bb44d48aae7eeddbf102ec6a8064aa.pdf#page=16,underscore_index,pending_review
023ac0d5e5bb44d48aae7eeddbf102ec6a8064aa_17,023ac0d5e5bb44d48aae7eeddbf102ec6a8064aa_page_0017,023ac0d5e5bb44d48aae7eeddbf102ec6a8064aa.pdf#page=17,underscore_index,pending_review
023ac0d5e5bb44d48aae7eeddbf102ec6a8064aa_18,023ac0d5e5bb44d48aae7eeddbf102ec6a8064aa_page_0018,023ac0d5e5bb44d48aae7eeddbf102ec6a8064aa.pdf#page=18,underscore_index,pending_review
023ac0d5e5bb44d48aae7eeddbf102ec6a8064aa_19,023ac0d5e5bb44d48aae7eeddbf102ec6a8064aa_page_0019,023ac0d5e5bb44d48aae7eeddbf102ec6a8064aa.pdf#page=19,underscore_index,pending_review
023d52557a93b35d8c8f4d409acc3c699b5afc4a_1,023d52557a93b35d8c8f4d409acc3c699b5afc4a_page_0001,023d52557a93b35d8c8f4d409acc3c699b5afc4a.pdf#page=1,underscore_index,pending_review
023d52557a93b35d8c8f4d409acc3c699b5afc4a_2,023d52557a93b35d8c8f4d409acc3c699b5afc4a_page_0002,023d52557a93b35d8c8f4d409acc3c699b5afc4a.pdf#page=2,underscore_index,pending_review
023d52557a93b35d8c8f4d409acc3c699b5afc4a_3,023d52557a93b35d8c8f4d409acc3c699b5afc4a_page_0003,023d52557a93b35d8c8f4d409acc3c699b5afc4a.pdf#page=3,underscore_index,pending_review
023d52557a93b35d8c8f4d409acc3c699b5afc4a_4,023d52557a93b35d8c8f4d409acc3c699b5afc4a_page_0004,023d52557a93b35d8c8f4d409acc3c699b5afc4a.pdf#page=4,underscore_index,pending_review
023d52557a93b35d8c8f4d409acc3c699b5afc4a_5,023d52557a93b35d8c8f4d409acc3c699b5afc4a_page_0005,023d52557a93b35d8c8f4d409acc3c699b5afc4a.pdf#page=5,underscore_index,pending_review
023d52557a93b35d8c8f4d409acc3c699b5afc4a_6,023d52557a93b35d8c8f4d409acc3c699b5afc4a_page_0006,023d52557a93b35d8c8f4d409acc3c699b5afc4a.pdf#page=6,underscore_index,pending_review
023d52557a93b35d8c8f4d409acc3c699b5afc4a_7,023d52557a93b35d8c8f4d409acc3c699b5afc4a_page_0007,023d52557a93b35d8c8f4d409acc3c699b5afc4a.pdf#page=7,underscore_index,pending_review
023d52557a93b35d8c8f4d409acc3c699b5afc4a_8,023d52557a93b35d8c8f4d409acc3c699b5afc4a_page_0008,023d52557a93b35d8c8f4d409acc3c699b5afc4a.pdf#page=8,underscore_index,pending_review
023d52557a93b35d8c8f4d409acc3c699b5afc4a_9,023d52557a93b35d8c8f4d409acc3c699b5afc4a_page_0009,023d52557a93b35d8c8f4d409acc3c699b5afc4a.pdf#page=9,underscore_index,pending_review
023d52557a93b35d8c8f4d409acc3c699b5afc4a_10,023d52557a93b35d8c8f4d409acc3c699b5afc4a_page_0010,023d52557a93b35d8c8f4d409acc3c699b5afc4a.pdf#page=10,underscore_index,pending_review
023d52557a93b35d8c8f4d409acc3c699b5afc4a_11,023d52557a93b35d8c8f4d409acc3c699b5afc4a_page_0011,023d52557a93b35d8c8f4d409acc3c699b5afc4a.pdf#page=11,underscore_index,pending_review
023d52557a93b35d8c8f4d409acc3c699b5afc4a_12,023d52557a93b35d8c8f4d409acc3c699b5afc4a_page_0012,023d52557a93b35d8c8f4d409acc3c699b5afc4a.pdf#page=12,underscore_index,pending_review
023d52557a93b35d8c8f4d409acc3c699b5afc4a_13,023d52557a93b35d8c8f4d409acc3c699b5afc4a_page_0013,023d52557a93b35d8c8f4d409acc3c699b5afc4a.pdf#page=13,underscore_index,pending_review
023d52557a93b35d8c8f4d409acc3c699b5afc4a_14,023d52557a93b35d8c8f4d409acc3c699b5afc4a_page_0014,023d52557a93b35d8c8f4d409acc3c699b5afc4a.pdf#page=14,underscore_index,pending_review
023d52557a93b35d8c8f4d409acc3c699b5afc4a_15,023d52557a93b35d8c8f4d409acc3c699b5afc4a_page_0015,023d52557a93b35d8c8f4d409acc3c699b5afc4a.pdf#page=15,underscore_index,pending_review
023d52557a93b35d8c8f4d409acc3c699b5afc4a_16,023d52557a93b35d8c8f4d409acc3c699b5afc4a_page_0016,023d52557a93b35d8c8f4d409acc3c699b5afc4a.pdf#page=16,underscore_index,pending_review
023d52557a93b35d8c8f4d409acc3c699b5afc4a_17,023d52557a93b35d8c8f4d409acc3c699b5afc4a_page_0017,023d52557a93b35d8c8f4d409acc3c699b5afc4a.pdf#page=17,underscore_index,pending_review
023d52557a93b35d8c8f4d409acc3c699b5afc4a_18,023d52557a93b35d8c8f4d409acc3c699b5afc4a_page_0018,023d52557a93b35d8c8f4d409acc3c699b5afc4a.pdf#page=18,underscore_index,pending_review
023d52557a93b35d8c8f4d409acc3c699b5afc4a_19,023d52557a93b35d8c8f4d409acc3c699b5afc4a_page_0019,023d52557a93b35d8c8f4d409acc3c699b5afc4a.pdf#page=19,underscore_index,pending_review
023d52557a93b35d8c8f4d409acc3c699b5afc4a_20,023d52557a93b35d8c8f4d409acc3c699b5afc4a_page_0020,023d52557a93b35d8c8f4d409acc3c699b5afc4a.pdf#page=20,underscore_index,pending_review
023d52557a93b35d8c8f4d409acc3c699b5afc4a_21,023d52557a93b35d8c8f4d409acc3c699b5afc4a_page_0021,023d52557a93b35d8c8f4d409acc3c699b5afc4a.pdf#page=21,underscore_index,pending_review
023d52557a93b35d8c8f4d409acc3c699b5afc4a_22,023d52557a93b35d8c8f4d409acc3c699b5afc4a_page_0022,023d52557a93b35d8c8f4d409acc3c699b5afc4a.pdf#page=22,underscore_index,pending_review
0258acc3a8560dbfd515a78c429125106f29abf3_1,0258acc3a8560dbfd515a78c429125106f29abf3_page_0001,0258acc3a8560dbfd515a78c429125106f29abf3.pdf#page=1,underscore_index,pending_review
0258acc3a8560dbfd515a78c429125106f29abf3_2,0258acc3a8560dbfd515a78c429125106f29abf3_page_0002,0258acc3a8560dbfd515a78c429125106f29abf3.pdf#page=2,underscore_index,pending_review
0258acc3a8560dbfd515a78c429125106f29abf3_3,0258acc3a8560dbfd515a78c429125106f29abf3_page_0003,0258acc3a8560dbfd515a78c429125106f29abf3.pdf#page=3,underscore_index,pending_review
0258acc3a8560dbfd515a78c429125106f29abf3_4,0258acc3a8560dbfd515a78c429125106f29abf3_page_0004,0258acc3a8560dbfd515a78c429125106f29abf3.pdf#page=4,underscore_index,pending_review
0258acc3a8560dbfd515a78c429125106f29abf3_5,0258acc3a8560dbfd515a78c429125106f29abf3_page_0005,0258acc3a8560dbfd515a78c429125106f29abf3.pdf#page=5,underscore_index,pending_review
0258acc3a8560dbfd515a78c429125106f29abf3_6,0258acc3a8560dbfd515a78c429125106f29abf3_page_0006,0258acc3a8560dbfd515a78c429125106f29abf3.pdf#page=6,underscore_index,pending_review
0258acc3a8560dbfd515a78c429125106f29abf3_7,0258acc3a8560dbfd515a78c429125106f29abf3_page_0007,0258acc3a8560dbfd515a78c429125106f29abf3.pdf#page=7,underscore_index,pending_review
0258acc3a8560dbfd515a78c429125106f29abf3_8,0258acc3a8560dbfd515a78c429125106f29abf3_page_0008,0258acc3a8560dbfd515a78c429125106f29abf3.pdf#page=8,underscore_index,pending_review
0258acc3a8560dbfd515a78c429125106f29abf3_9,0258acc3a8560dbfd515a78c429125106f29abf3_page_0009,0258acc3a8560dbfd515a78c429125106f29abf3.pdf#page=9,underscore_index,pending_review
0258acc3a8560dbfd515a78c429125106f29abf3_10,0258acc3a8560dbfd515a78c429125106f29abf3_page_0010,0258acc3a8560dbfd515a78c429125106f29abf3.pdf#page=10,underscore_index,pending_review
0258acc3a8560dbfd515a78c429125106f29abf3_11,0258acc3a8560dbfd515a78c429125106f29abf3_page_0011,0258acc3a8560dbfd515a78c429125106f29abf3.pdf#page=11,underscore_index,pending_review
0258acc3a8560dbfd515a78c429125106f29abf3_12,0258acc3a8560dbfd515a78c429125106f29abf3_page_0012,0258acc3a8560dbfd515a78c429125106f29abf3.pdf#page=12,underscore_index,pending_review
0258acc3a8560dbfd515a78c429125106f29abf3_13,0258acc3a8560dbfd515a78c429125106f29abf3_page_0013,0258acc3a8560dbfd515a78c429125106f29abf3.pdf#page=13,underscore_index,pending_review
0258acc3a8560dbfd515a78c429125106f29abf3_14,0258acc3a8560dbfd515a78c429125106f29abf3_page_0014,0258acc3a8560dbfd515a78c429125106f29abf3.pdf#page=14,underscore_index,pending_review
0258acc3a8560dbfd515a78c429125106f29abf3_15,0258acc3a8560dbfd515a78c429125106f29abf3_page_0015,0258acc3a8560dbfd515a78c429125106f29abf3.pdf#page=15,underscore_index,pending_review
0258acc3a8560dbfd515a78c429125106f29abf3_16,0258acc3a8560dbfd515a78c429125106f29abf3_page_0016,0258acc3a8560dbfd515a78c429125106f29abf3.pdf#page=16,underscore_index,pending_review
0258acc3a8560dbfd515a78c429125106f29abf3_17,0258acc3a8560dbfd515a78c429125106f29abf3_page_0017,0258acc3a8560dbfd515a78c429125106f29abf3.pdf#page=17,underscore_index,pending_review
0258acc3a8560dbfd515a78c429125106f29abf3_18,0258acc3a8560dbfd515a78c429125106f29abf3_page_0018,0258acc3a8560dbfd515a78c429125106f29abf3.pdf#page=18,underscore_index,pending_review
0258acc3a8560dbfd515a78c429125106f29abf3_19,0258acc3a8560dbfd515a78c429125106f29abf3_page_0019,0258acc3a8560dbfd515a78c429125106f29abf3.pdf#page=19,underscore_index,pending_review
0258acc3a8560dbfd515a78c429125106f29abf3_20,0258acc3a8560dbfd515a78c429125106f29abf3_page_0020,0258acc3a8560dbfd515a78c429125106f29abf3.pdf#page=20,underscore_index,pending_review
025d01d4a3c6f6f9930d7188dc1dd779773c109d_1,025d01d4a3c6f6f9930d7188dc1dd779773c109d_page_0001,025d01d4a3c6f6f9930d7188dc1dd779773c109d.pdf#page=1,underscore_index,pending_review
025d01d4a3c6f6f9930d7188dc1dd779773c109d_2,025d01d4a3c6f6f9930d7188dc1dd779773c109d_page_0002,025d01d4a3c6f6f9930d7188dc1dd779773c109d.pdf#page=2,underscore_index,pending_review
025d01d4a3c6f6f9930d7188dc1dd779773c109d_3,025d01d4a3c6f6f9930d7188dc1dd779773c109d_page_0003,025d01d4a3c6f6f9930d7188dc1dd779773c109d.pdf#page=3,underscore_index,pending_review
025d01d4a3c6f6f9930d7188dc1dd779773c109d_4,025d01d4a3c6f6f9930d7188dc1dd779773c109d_page_0004,025d01d4a3c6f6f9930d7188dc1dd779773c109d.pdf#page=4,underscore_index,pending_review
025d01d4a3c6f6f9930d7188dc1dd779773c109d_5,025d01d4a3c6f6f9930d7188dc1dd779773c109d_page_0005,025d01d4a3c6f6f9930d7188dc1dd779773c109d.pdf#page=5,underscore_index,pending_review
025d01d4a3c6f6f9930d7188dc1dd779773c109d_6,025d01d4a3c6f6f9930d7188dc1dd779773c109d_page_0006,025d01d4a3c6f6f9930d7188dc1dd779773c109d.pdf#page=6,underscore_index,pending_review
025d01d4a3c6f6f9930d7188dc1dd779773c109d_7,025d01d4a3c6f6f9930d7188dc1dd779773c109d_page_0007,025d01d4a3c6f6f9930d7188dc1dd779773c109d.pdf#page=7,underscore_index,pending_review
025d01d4a3c6f6f9930d7188dc1dd779773c109d_8,025d01d4a3c6f6f9930d7188dc1dd779773c109d_page_0008,025d01d4a3c6f6f9930d7188dc1dd779773c109d.pdf#page=8,underscore_index,pending_review
025d01d4a3c6f6f9930d7188dc1dd779773c109d_9,025d01d4a3c6f6f9930d7188dc1dd779773c109d_page_0009,025d01d4a3c6f6f9930d7188dc1dd779773c109d.pdf#page=9,underscore_index,pending_review
025d01d4a3c6f6f9930d7188dc1dd779773c109d_10,025d01d4a3c6f6f9930d7188dc1dd779773c109d_page_0010,025d01d4a3c6f6f9930d7188dc1dd779773c109d.pdf#page=10,underscore_index,pending_review
025d01d4a3c6f6f9930d7188dc1dd779773c109d_11,025d01d4a3c6f6f9930d7188dc1dd779773c109d_page_0011,025d01d4a3c6f6f9930d7188dc1dd779773c109d.pdf#page=11,underscore_index,pending_review
025d01d4a3c6f6f9930d7188dc1dd779773c109d_12,025d01d4a3c6f6f9930d7188dc1dd779773c109d_page_0012,025d01d4a3c6f6f9930d7188dc1dd779773c109d.pdf#page=12,underscore_index,pending_review
025d01d4a3c6f6f9930d7188dc1dd779773c109d_13,025d01d4a3c6f6f9930d7188dc1dd779773c109d_page_0013,025d01d4a3c6f6f9930d7188dc1dd779773c109d.pdf#page=13,underscore_index,pending_review
025d01d4a3c6f6f9930d7188dc1dd779773c109d_14,025d01d4a3c6f6f9930d7188dc1dd779773c109d_page_0014,025d01d4a3c6f6f9930d7188dc1dd779773c109d.pdf#page=14,underscore_index,pending_review
025d01d4a3c6f6f9930d7188dc1dd779773c109d_15,025d01d4a3c6f6f9930d7188dc1dd779773c109d_page_0015,025d01d4a3c6f6f9930d7188dc1dd779773c109d.pdf#page=15,underscore_index,pending_review
025d01d4a3c6f6f9930d7188dc1dd779773c109d_16,025d01d4a3c6f6f9930d7188dc1dd779773c109d_page_0016,025d01d4a3c6f6f9930d7188dc1dd779773c109d.pdf#page=16,underscore_index,pending_review
025d01d4a3c6f6f9930d7188dc1dd779773c109d_17,025d01d4a3c6f6f9930d7188dc1dd779773c109d_page_0017,025d01d4a3c6f6f9930d7188dc1dd779773c109d.pdf#page=17,underscore_index,pending_review
025d01d4a3c6f6f9930d7188dc1dd779773c109d_18,025d01d4a3c6f6f9930d7188dc1dd779773c109d_page_0018,025d01d4a3c6f6f9930d7188dc1dd779773c109d.pdf#page=18,underscore_index,pending_review
025d01d4a3c6f6f9930d7188dc1dd779773c109d_19,025d01d4a3c6f6f9930d7188dc1dd779773c109d_page_0019,025d01d4a3c6f6f9930d7188dc1dd779773c109d.pdf#page=19,underscore_index,pending_review
025d01d4a3c6f6f9930d7188dc1dd779773c109d_20,025d01d4a3c6f6f9930d7188dc1dd779773c109d_page_0020,025d01d4a3c6f6f9930d7188dc1dd779773c109d.pdf#page=20,underscore_index,pending_review
025d01d4a3c6f6f9930d7188dc1dd779773c109d_21,025d01d4a3c6f6f9930d7188dc1dd779773c109d_page_0021,025d01d4a3c6f6f9930d7188dc1dd779773c109d.pdf#page=21,underscore_index,pending_review
025d01d4a3c6f6f9930d7188dc1dd779773c109d_22,025d01d4a3c6f6f9930d7188dc1dd779773c109d_page_0022,025d01d4a3c6f6f9930d7188dc1dd779773c109d.pdf#page=22,underscore_index,pending_review
025d01d4a3c6f6f9930d7188dc1dd779773c109d_23,025d01d4a3c6f6f9930d7188dc1dd779773c109d_page_0023,025d01d4a3c6f6f9930d7188dc1dd779773c109d.pdf#page=23,underscore_index,pending_review
025d29820e87212c70835c906ec824ed69687b11_1,025d29820e87212c70835c906ec824ed69687b11_page_0001,025d29820e87212c70835c906ec824ed69687b11.pdf#page=1,underscore_index,pending_review
025d29820e87212c70835c906ec824ed69687b11_2,025d29820e87212c70835c906ec824ed69687b11_page_0002,025d29820e87212c70835c906ec824ed69687b11.pdf#page=2,underscore_index,pending_review
025d29820e87212c70835c906ec824ed69687b11_3,025d29820e87212c70835c906ec824ed69687b11_page_0003,025d29820e87212c70835c906ec824ed69687b11.pdf#page=3,underscore_index,pending_review
025d29820e87212c70835c906ec824ed69687b11_4,025d29820e87212c70835c906ec824ed69687b11_page_0004,025d29820e87212c70835c906ec824ed69687b11.pdf#page=4,underscore_index,pending_review
025d29820e87212c70835c906ec824ed69687b11_5,025d29820e87212c70835c906ec824ed69687b11_page_0005,025d29820e87212c70835c906ec824ed69687b11.pdf#page=5,underscore_index,pending_review
025d29820e87212c70835c906ec824ed69687b11_6,025d29820e87212c70835c906ec824ed69687b11_page_0006,025d29820e87212c70835c906ec824ed69687b11.pdf#page=6,underscore_index,pending_review
025d29820e87212c70835c906ec824ed69687b11_7,025d29820e87212c70835c906ec824ed69687b11_page_0007,025d29820e87212c70835c906ec824ed69687b11.pdf#page=7,underscore_index,pending_review
025d29820e87212c70835c906ec824ed69687b11_8,025d29820e87212c70835c906ec824ed69687b11_page_0008,025d29820e87212c70835c906ec824ed69687b11.pdf#page=8,underscore_index,pending_review
025d29820e87212c70835c906ec824ed69687b11_9,025d29820e87212c70835c906ec824ed69687b11_page_0009,025d29820e87212c70835c906ec824ed69687b11.pdf#page=9,underscore_index,pending_review
025d29820e87212c70835c906ec824ed69687b11_10,025d29820e87212c70835c906ec824ed69687b11_page_0010,025d29820e87212c70835c906ec824ed69687b11.pdf#page=10,underscore_index,pending_review
02702d83f1a8d89b600baac8da0a8076e862f3b0_1,02702d83f1a8d89b600baac8da0a8076e862f3b0_page_0001,02702d83f1a8d89b600baac8da0a8076e862f3b0.pdf#page=1,underscore_index,pending_review
02702d83f1a8d89b600baac8da0a8076e862f3b0_2,02702d83f1a8d89b600baac8da0a8076e862f3b0_page_0002,02702d83f1a8d89b600baac8da0a8076e862f3b0.pdf#page=2,underscore_index,pending_review
02702d83f1a8d89b600baac8da0a8076e862f3b0_3,02702d83f1a8d89b600baac8da0a8076e862f3b0_page_0003,02702d83f1a8d89b600baac8da0a8076e862f3b0.pdf#page=3,underscore_index,pending_review
02702d83f1a8d89b600baac8da0a8076e862f3b0_4,02702d83f1a8d89b600baac8da0a8076e862f3b0_page_0004,02702d83f1a8d89b600baac8da0a8076e862f3b0.pdf#page=4,underscore_index,pending_review
02702d83f1a8d89b600baac8da0a8076e862f3b0_5,02702d83f1a8d89b600baac8da0a8076e862f3b0_page_0005,02702d83f1a8d89b600baac8da0a8076e862f3b0.pdf#page=5,underscore_index,pending_review
02702d83f1a8d89b600baac8da0a8076e862f3b0_6,02702d83f1a8d89b600baac8da0a8076e862f3b0_page_0006,02702d83f1a8d89b600baac8da0a8076e862f3b0.pdf#page=6,underscore_index,pending_review
02702d83f1a8d89b600baac8da0a8076e862f3b0_7,02702d83f1a8d89b600baac8da0a8076e862f3b0_page_0007,02702d83f1a8d89b600baac8da0a8076e862f3b0.pdf#page=7,underscore_index,pending_review
02702d83f1a8d89b600baac8da0a8076e862f3b0_8,02702d83f1a8d89b600baac8da0a8076e862f3b0_page_0008,02702d83f1a8d89b600baac8da0a8076e862f3b0.pdf#page=8,underscore_index,pending_review
02702d83f1a8d89b600baac8da0a8076e862f3b0_9,02702d83f1a8d89b600baac8da0a8076e862f3b0_page_0009,02702d83f1a8d89b600baac8da0a8076e862f3b0.pdf#page=9,underscore_index,pending_review
02702d83f1a8d89b600baac8da0a8076e862f3b0_10,02702d83f1a8d89b600baac8da0a8076e862f3b0_page_0010,02702d83f1a8d89b600baac8da0a8076e862f3b0.pdf#page=10,underscore_index,pending_review
02702d83f1a8d89b600baac8da0a8076e862f3b0_11,02702d83f1a8d89b600baac8da0a8076e862f3b0_page_0011,02702d83f1a8d89b600baac8da0a8076e862f3b0.pdf#page=11,underscore_index,pending_review
027dee01b7aced677eb5093c754ebad82a89015d_1,027dee01b7aced677eb5093c754ebad82a89015d_page_0001,027dee01b7aced677eb5093c754ebad82a89015d.pdf#page=1,underscore_index,pending_review
027dee01b7aced677eb5093c754ebad82a89015d_2,027dee01b7aced677eb5093c754ebad82a89015d_page_0002,027dee01b7aced677eb5093c754ebad82a89015d.pdf#page=2,underscore_index,pending_review
027dee01b7aced677eb5093c754ebad82a89015d_3,027dee01b7aced677eb5093c754ebad82a89015d_page_0003,027dee01b7aced677eb5093c754ebad82a89015d.pdf#page=3,underscore_index,pending_review
027dee01b7aced677eb5093c754ebad82a89015d_4,027dee01b7aced677eb5093c754ebad82a89015d_page_0004,027dee01b7aced677eb5093c754ebad82a89015d.pdf#page=4,underscore_index,pending_review
027dee01b7aced677eb5093c754ebad82a89015d_5,027dee01b7aced677eb5093c754ebad82a89015d_page_0005,027dee01b7aced677eb5093c754ebad82a89015d.pdf#page=5,underscore_index,pending_review
027dee01b7aced677eb5093c754ebad82a89015d_6,027dee01b7aced677eb5093c754ebad82a89015d_page_0006,027dee01b7aced677eb5093c754ebad82a89015d.pdf#page=6,underscore_index,pending_review
027dee01b7aced677eb5093c754ebad82a89015d_7,027dee01b7aced677eb5093c754ebad82a89015d_page_0007,027dee01b7aced677eb5093c754ebad82a89015d.pdf#page=7,underscore_index,pending_review
027dee01b7aced677eb5093c754ebad82a89015d_8,027dee01b7aced677eb5093c754ebad82a89015d_page_0008,027dee01b7aced677eb5093c754ebad82a89015d.pdf#page=8,underscore_index,pending_review
027dee01b7aced677eb5093c754ebad82a89015d_9,027dee01b7aced677eb5093c754ebad82a89015d_page_0009,027dee01b7aced677eb5093c754ebad82a89015d.pdf#page=9,underscore_index,pending_review
027dee01b7aced677eb5093c754ebad82a89015d_10,027dee01b7aced677eb5093c754ebad82a89015d_page_0010,027dee01b7aced677eb5093c754ebad82a89015d.pdf#page=10,underscore_index,pending_review
027dee01b7aced677eb5093c754ebad82a89015d_11,027dee01b7aced677eb5093c754ebad82a89015d_page_0011,027dee01b7aced677eb5093c754ebad82a89015d.pdf#page=11,underscore_index,pending_review
027dee01b7aced677eb5093c754ebad82a89015d_12,027dee01b7aced677eb5093c754ebad82a89015d_page_0012,027dee01b7aced677eb5093c754ebad82a89015d.pdf#page=12,underscore_index,pending_review
027dee01b7aced677eb5093c754ebad82a89015d_13,027dee01b7aced677eb5093c754ebad82a89015d_page_0013,027dee01b7aced677eb5093c754ebad82a89015d.pdf#page=13,underscore_index,pending_review
027dee01b7aced677eb5093c754ebad82a89015d_14,027dee01b7aced677eb5093c754ebad82a89015d_page_0014,027dee01b7aced677eb5093c754ebad82a89015d.pdf#page=14,underscore_index,pending_review
027dee01b7aced677eb5093c754ebad82a89015d_15,027dee01b7aced677eb5093c754ebad82a89015d_page_0015,027dee01b7aced677eb5093c754ebad82a89015d.pdf#page=15,underscore_index,pending_review
027dee01b7aced677eb5093c754ebad82a89015d_16,027dee01b7aced677eb5093c754ebad82a89015d_page_0016,027dee01b7aced677eb5093c754ebad82a89015d.pdf#page=16,underscore_index,pending_review
027dee01b7aced677eb5093c754ebad82a89015d_17,027dee01b7aced677eb5093c754ebad82a89015d_page_0017,027dee01b7aced677eb5093c754ebad82a89015d.pdf#page=17,underscore_index,pending_review
027fc5feacb59ded7d660a1aaccc343994d349cb_1,027fc5feacb59ded7d660a1aaccc343994d349cb_page_0001,027fc5feacb59ded7d660a1aaccc343994d349cb.pdf#page=1,underscore_index,pending_review
027fc5feacb59ded7d660a1aaccc343994d349cb_2,027fc5feacb59ded7d660a1aaccc343994d349cb_page_0002,027fc5feacb59ded7d660a1aaccc343994d349cb.pdf#page=2,underscore_index,pending_review
027fc5feacb59ded7d660a1aaccc343994d349cb_3,027fc5feacb59ded7d660a1aaccc343994d349cb_page_0003,027fc5feacb59ded7d660a1aaccc343994d349cb.pdf#page=3,underscore_index,pending_review
027fc5feacb59ded7d660a1aaccc343994d349cb_4,027fc5feacb59ded7d660a1aaccc343994d349cb_page_0004,027fc5feacb59ded7d660a1aaccc343994d349cb.pdf#page=4,underscore_index,pending_review
027fc5feacb59ded7d660a1aaccc343994d349cb_5,027fc5feacb59ded7d660a1aaccc343994d349cb_page_0005,027fc5feacb59ded7d660a1aaccc343994d349cb.pdf#page=5,underscore_index,pending_review
027fc5feacb59ded7d660a1aaccc343994d349cb_6,027fc5feacb59ded7d660a1aaccc343994d349cb_page_0006,027fc5feacb59ded7d660a1aaccc343994d349cb.pdf#page=6,underscore_index,pending_review
027fc5feacb59ded7d660a1aaccc343994d349cb_7,027fc5feacb59ded7d660a1aaccc343994d349cb_page_0007,027fc5feacb59ded7d660a1aaccc343994d349cb.pdf#page=7,underscore_index,pending_review
027fc5feacb59ded7d660a1aaccc343994d349cb_8,027fc5feacb59ded7d660a1aaccc343994d349cb_page_0008,027fc5feacb59ded7d660a1aaccc343994d349cb.pdf#page=8,underscore_index,pending_review
027fc5feacb59ded7d660a1aaccc343994d349cb_9,027fc5feacb59ded7d660a1aaccc343994d349cb_page_0009,027fc5feacb59ded7d660a1aaccc343994d349cb.pdf#page=9,underscore_index,pending_review
027fc5feacb59ded7d660a1aaccc343994d349cb_10,027fc5feacb59ded7d660a1aaccc343994d349cb_page_0010,027fc5feacb59ded7d660a1aaccc343994d349cb.pdf#page=10,underscore_index,pending_review
027fc5feacb59ded7d660a1aaccc343994d349cb_11,027fc5feacb59ded7d660a1aaccc343994d349cb_page_0011,027fc5feacb59ded7d660a1aaccc343994d349cb.pdf#page=11,underscore_index,pending_review
027fc5feacb59ded7d660a1aaccc343994d349cb_12,027fc5feacb59ded7d660a1aaccc343994d349cb_page_0012,027fc5feacb59ded7d660a1aaccc343994d349cb.pdf#page=12,underscore_index,pending_review
027fc5feacb59ded7d660a1aaccc343994d349cb_13,027fc5feacb59ded7d660a1aaccc343994d349cb_page_0013,027fc5feacb59ded7d660a1aaccc343994d349cb.pdf#page=13,underscore_index,pending_review
027fc5feacb59ded7d660a1aaccc343994d349cb_14,027fc5feacb59ded7d660a1aaccc343994d349cb_page_0014,027fc5feacb59ded7d660a1aaccc343994d349cb.pdf#page=14,underscore_index,pending_review
027fc5feacb59ded7d660a1aaccc343994d349cb_15,027fc5feacb59ded7d660a1aaccc343994d349cb_page_0015,027fc5feacb59ded7d660a1aaccc343994d349cb.pdf#page=15,underscore_index,pending_review
027fc5feacb59ded7d660a1aaccc343994d349cb_16,027fc5feacb59ded7d660a1aaccc343994d349cb_page_0016,027fc5feacb59ded7d660a1aaccc343994d349cb.pdf#page=16,underscore_index,pending_review
027fc5feacb59ded7d660a1aaccc343994d349cb_17,027fc5feacb59ded7d660a1aaccc343994d349cb_page_0017,027fc5feacb59ded7d660a1aaccc343994d349cb.pdf#page=17,underscore_index,pending_review
027fc5feacb59ded7d660a1aaccc343994d349cb_18,027fc5feacb59ded7d660a1aaccc343994d349cb_page_0018,027fc5feacb59ded7d660a1aaccc343994d349cb.pdf#page=18,underscore_index,pending_review
027fc5feacb59ded7d660a1aaccc343994d349cb_19,027fc5feacb59ded7d660a1aaccc343994d349cb_page_0019,027fc5feacb59ded7d660a1aaccc343994d349cb.pdf#page=19,underscore_index,pending_review
02862397eb1a6a6a9011506457d8f88d48654cab_1,02862397eb1a6a6a9011506457d8f88d48654cab_page_0001,02862397eb1a6a6a9011506457d8f88d48654cab.pdf#page=1,underscore_index,pending_review
02862397eb1a6a6a9011506457d8f88d48654cab_2,02862397eb1a6a6a9011506457d8f88d48654cab_page_0002,02862397eb1a6a6a9011506457d8f88d48654cab.pdf#page=2,underscore_index,pending_review
02862397eb1a6a6a9011506457d8f88d48654cab_3,02862397eb1a6a6a9011506457d8f88d48654cab_page_0003,02862397eb1a6a6a9011506457d8f88d48654cab.pdf#page=3,underscore_index,pending_review
02862397eb1a6a6a9011506457d8f88d48654cab_4,02862397eb1a6a6a9011506457d8f88d48654cab_page_0004,02862397eb1a6a6a9011506457d8f88d48654cab.pdf#page=4,underscore_index,pending_review
02862397eb1a6a6a9011506457d8f88d48654cab_5,02862397eb1a6a6a9011506457d8f88d48654cab_page_0005,02862397eb1a6a6a9011506457d8f88d48654cab.pdf#page=5,underscore_index,pending_review
02862397eb1a6a6a9011506457d8f88d48654cab_6,02862397eb1a6a6a9011506457d8f88d48654cab_page_0006,02862397eb1a6a6a9011506457d8f88d48654cab.pdf#page=6,underscore_index,pending_review
02862397eb1a6a6a9011506457d8f88d48654cab_7,02862397eb1a6a6a9011506457d8f88d48654cab_page_0007,02862397eb1a6a6a9011506457d8f88d48654cab.pdf#page=7,underscore_index,pending_review
02862397eb1a6a6a9011506457d8f88d48654cab_8,02862397eb1a6a6a9011506457d8f88d48654cab_page_0008,02862397eb1a6a6a9011506457d8f88d48654cab.pdf#page=8,underscore_index,pending_review
02862397eb1a6a6a9011506457d8f88d48654cab_9,02862397eb1a6a6a9011506457d8f88d48654cab_page_0009,02862397eb1a6a6a9011506457d8f88d48654cab.pdf#page=9,underscore_index,pending_review
02862397eb1a6a6a9011506457d8f88d48654cab_10,02862397eb1a6a6a9011506457d8f88d48654cab_page_0010,02862397eb1a6a6a9011506457d8f88d48654cab.pdf#page=10,underscore_index,pending_review
02901905b0dca6b415e8c505be07cb53224d619a_1,02901905b0dca6b415e8c505be07cb53224d619a_page_0001,02901905b0dca6b415e8c505be07cb53224d619a.pdf#page=1,underscore_index,pending_review
02901905b0dca6b415e8c505be07cb53224d619a_2,02901905b0dca6b415e8c505be07cb53224d619a_page_0002,02901905b0dca6b415e8c505be07cb53224d619a.pdf#page=2,underscore_index,pending_review
02901905b0dca6b415e8c505be07cb53224d619a_3,02901905b0dca6b415e8c505be07cb53224d619a_page_0003,02901905b0dca6b415e8c505be07cb53224d619a.pdf#page=3,underscore_index,pending_review
02901905b0dca6b415e8c505be07cb53224d619a_4,02901905b0dca6b415e8c505be07cb53224d619a_page_0004,02901905b0dca6b415e8c505be07cb53224d619a.pdf#page=4,underscore_index,pending_review
02901905b0dca6b415e8c505be07cb53224d619a_5,02901905b0dca6b415e8c505be07cb53224d619a_page_0005,02901905b0dca6b415e8c505be07cb53224d619a.pdf#page=5,underscore_index,pending_review
02901905b0dca6b415e8c505be07cb53224d619a_6,02901905b0dca6b415e8c505be07cb53224d619a_page_0006,02901905b0dca6b415e8c505be07cb53224d619a.pdf#page=6,underscore_index,pending_review
02901905b0dca6b415e8c505be07cb53224d619a_7,02901905b0dca6b415e8c505be07cb53224d619a_page_0007,02901905b0dca6b415e8c505be07cb53224d619a.pdf#page=7,underscore_index,pending_review
02901905b0dca6b415e8c505be07cb53224d619a_8,02901905b0dca6b415e8c505be07cb53224d619a_page_0008,02901905b0dca6b415e8c505be07cb53224d619a.pdf#page=8,underscore_index,pending_review
02901905b0dca6b415e8c505be07cb53224d619a_9,02901905b0dca6b415e8c505be07cb53224d619a_page_0009,02901905b0dca6b415e8c505be07cb53224d619a.pdf#page=9,underscore_index,pending_review
02901905b0dca6b415e8c505be07cb53224d619a_10,02901905b0dca6b415e8c505be07cb53224d619a_page_0010,02901905b0dca6b415e8c505be07cb53224d619a.pdf#page=10,underscore_index,pending_review
02901905b0dca6b415e8c505be07cb53224d619a_11,02901905b0dca6b415e8c505be07cb53224d619a_page_0011,02901905b0dca6b415e8c505be07cb53224d619a.pdf#page=11,underscore_index,pending_review
02901905b0dca6b415e8c505be07cb53224d619a_12,02901905b0dca6b415e8c505be07cb53224d619a_page_0012,02901905b0dca6b415e8c505be07cb53224d619a.pdf#page=12,underscore_index,pending_review
02901905b0dca6b415e8c505be07cb53224d619a_13,02901905b0dca6b415e8c505be07cb53224d619a_page_0013,02901905b0dca6b415e8c505be07cb53224d619a.pdf#page=13,underscore_index,pending_review
02901905b0dca6b415e8c505be07cb53224d619a_14,02901905b0dca6b415e8c505be07cb53224d619a_page_0014,02901905b0dca6b415e8c505be07cb53224d619a.pdf#page=14,underscore_index,pending_review
02901905b0dca6b415e8c505be07cb53224d619a_15,02901905b0dca6b415e8c505be07cb53224d619a_page_0015,02901905b0dca6b415e8c505be07cb53224d619a.pdf#page=15,underscore_index,pending_review
02901905b0dca6b415e8c505be07cb53224d619a_16,02901905b0dca6b415e8c505be07cb53224d619a_page_0016,02901905b0dca6b415e8c505be07cb53224d619a.pdf#page=16,underscore_index,pending_review
02901905b0dca6b415e8c505be07cb53224d619a_17,02901905b0dca6b415e8c505be07cb53224d619a_page_0017,02901905b0dca6b415e8c505be07cb53224d619a.pdf#page=17,underscore_index,pending_review
02901905b0dca6b415e8c505be07cb53224d619a_18,02901905b0dca6b415e8c505be07cb53224d619a_page_0018,02901905b0dca6b415e8c505be07cb53224d619a.pdf#page=18,underscore_index,pending_review
02901905b0dca6b415e8c505be07cb53224d619a_19,02901905b0dca6b415e8c505be07cb53224d619a_page_0019,02901905b0dca6b415e8c505be07cb53224d619a.pdf#page=19,underscore_index,pending_review
02901905b0dca6b415e8c505be07cb53224d619a_20,02901905b0dca6b415e8c505be07cb53224d619a_page_0020,02901905b0dca6b415e8c505be07cb53224d619a.pdf#page=20,underscore_index,pending_review
02901905b0dca6b415e8c505be07cb53224d619a_21,02901905b0dca6b415e8c505be07cb53224d619a_page_0021,02901905b0dca6b415e8c505be07cb53224d619a.pdf#page=21,underscore_index,pending_review
02901905b0dca6b415e8c505be07cb53224d619a_22,02901905b0dca6b415e8c505be07cb53224d619a_page_0022,02901905b0dca6b415e8c505be07cb53224d619a.pdf#page=22,underscore_index,pending_review
02930e06acb93ef2bb4e11c0e1f4677ee25e1aa9_1,02930e06acb93ef2bb4e11c0e1f4677ee25e1aa9_page_0001,02930e06acb93ef2bb4e11c0e1f4677ee25e1aa9.pdf#page=1,underscore_index,pending_review
02930e06acb93ef2bb4e11c0e1f4677ee25e1aa9_2,02930e06acb93ef2bb4e11c0e1f4677ee25e1aa9_page_0002,02930e06acb93ef2bb4e11c0e1f4677ee25e1aa9.pdf#page=2,underscore_index,pending_review
02930e06acb93ef2bb4e11c0e1f4677ee25e1aa9_3,02930e06acb93ef2bb4e11c0e1f4677ee25e1aa9_page_0003,02930e06acb93ef2bb4e11c0e1f4677ee25e1aa9.pdf#page=3,underscore_index,pending_review
02930e06acb93ef2bb4e11c0e1f4677ee25e1aa9_4,02930e06acb93ef2bb4e11c0e1f4677ee25e1aa9_page_0004,02930e06acb93ef2bb4e11c0e1f4677ee25e1aa9.pdf#page=4,underscore_index,pending_review
02930e06acb93ef2bb4e11c0e1f4677ee25e1aa9_5,02930e06acb93ef2bb4e11c0e1f4677ee25e1aa9_page_0005,02930e06acb93ef2bb4e11c0e1f4677ee25e1aa9.pdf#page=5,underscore_index,pending_review
02930e06acb93ef2bb4e11c0e1f4677ee25e1aa9_6,02930e06acb93ef2bb4e11c0e1f4677ee25e1aa9_page_0006,02930e06acb93ef2bb4e11c0e1f4677ee25e1aa9.pdf#page=6,underscore_index,pending_review
02930e06acb93ef2bb4e11c0e1f4677ee25e1aa9_7,02930e06acb93ef2bb4e11c0e1f4677ee25e1aa9_page_0007,02930e06acb93ef2bb4e11c0e1f4677ee25e1aa9.pdf#page=7,underscore_index,pending_review
02930e06acb93ef2bb4e11c0e1f4677ee25e1aa9_8,02930e06acb93ef2bb4e11c0e1f4677ee25e1aa9_page_0008,02930e06acb93ef2bb4e11c0e1f4677ee25e1aa9.pdf#page=8,underscore_index,pending_review
02930e06acb93ef2bb4e11c0e1f4677ee25e1aa9_9,02930e06acb93ef2bb4e11c0e1f4677ee25e1aa9_page_0009,02930e06acb93ef2bb4e11c0e1f4677ee25e1aa9.pdf#page=9,underscore_index,pending_review
02930e06acb93ef2bb4e11c0e1f4677ee25e1aa9_10,02930e06acb93ef2bb4e11c0e1f4677ee25e1aa9_page_0010,02930e06acb93ef2bb4e11c0e1f4677ee25e1aa9.pdf#page=10,underscore_index,pending_review
02930e06acb93ef2bb4e11c0e1f4677ee25e1aa9_11,02930e06acb93ef2bb4e11c0e1f4677ee25e1aa9_page_0011,02930e06acb93ef2bb4e11c0e1f4677ee25e1aa9.pdf#page=11,underscore_index,pending_review
02930e06acb93ef2bb4e11c0e1f4677ee25e1aa9_12,02930e06acb93ef2bb4e11c0e1f4677ee25e1aa9_page_0012,02930e06acb93ef2bb4e11c0e1f4677ee25e1aa9.pdf#page=12,underscore_index,pending_review
02930e06acb93ef2bb4e11c0e1f4677ee25e1aa9_13,02930e06acb93ef2bb4e11c0e1f4677ee25e1aa9_page_0013,02930e06acb93ef2bb4e11c0e1f4677ee25e1aa9.pdf#page=13,underscore_index,pending_review
02930e06acb93ef2bb4e11c0e1f4677ee25e1aa9_14,02930e06acb93ef2bb4e11c0e1f4677ee25e1aa9_page_0014,02930e06acb93ef2bb4e11c0e1f4677ee25e1aa9.pdf#page=14,underscore_index,pending_review
02930e06acb93ef2bb4e11c0e1f4677ee25e1aa9_15,02930e06acb93ef2bb4e11c0e1f4677ee25e1aa9_page_0015,02930e06acb93ef2bb4e11c0e1f4677ee25e1aa9.pdf#page=15,underscore_index,pending_review
02930e06acb93ef2bb4e11c0e1f4677ee25e1aa9_16,02930e06acb93ef2bb4e11c0e1f4677ee25e1aa9_page_0016,02930e06acb93ef2bb4e11c0e1f4677ee25e1aa9.pdf#page=16,underscore_index,pending_review
02930e06acb93ef2bb4e11c0e1f4677ee25e1aa9_17,02930e06acb93ef2bb4e11c0e1f4677ee25e1aa9_page_0017,02930e06acb93ef2bb4e11c0e1f4677ee25e1aa9.pdf#page=17,underscore_index,pending_review
02930e06acb93ef2bb4e11c0e1f4677ee25e1aa9_18,02930e06acb93ef2bb4e11c0e1f4677ee25e1aa9_page_0018,02930e06acb93ef2bb4e11c0e1f4677ee25e1aa9.pdf#page=18,underscore_index,pending_review
02930e06acb93ef2bb4e11c0e1f4677ee25e1aa9_19,02930e06acb93ef2bb4e11c0e1f4677ee25e1aa9_page_0019,02930e06acb93ef2bb4e11c0e1f4677ee25e1aa9.pdf#page=19,underscore_index,pending_review
02930e06acb93ef2bb4e11c0e1f4677ee25e1aa9_20,02930e06acb93ef2bb4e11c0e1f4677ee25e1aa9_page_0020,02930e06acb93ef2bb4e11c0e1f4677ee25e1aa9.pdf#page=20,underscore_index,pending_review
02930e06acb93ef2bb4e11c0e1f4677ee25e1aa9_21,02930e06acb93ef2bb4e11c0e1f4677ee25e1aa9_page_0021,02930e06acb93ef2bb4e11c0e1f4677ee25e1aa9.pdf#page=21,underscore_index,pending_review
0295f1ca960d29e2327e90a848235693d965d308_1,0295f1ca960d29e2327e90a848235693d965d308_page_0001,0295f1ca960d29e2327e90a848235693d965d308.pdf#page=1,underscore_index,pending_review
0295f1ca960d29e2327e90a848235693d965d308_2,0295f1ca960d29e2327e90a848235693d965d308_page_0002,0295f1ca960d29e2327e90a848235693d965d308.pdf#page=2,underscore_index,pending_review
0295f1ca960d29e2327e90a848235693d965d308_3,0295f1ca960d29e2327e90a848235693d965d308_page_0003,0295f1ca960d29e2327e90a848235693d965d308.pdf#page=3,underscore_index,pending_review
0295f1ca960d29e2327e90a848235693d965d308_4,0295f1ca960d29e2327e90a848235693d965d308_page_0004,0295f1ca960d29e2327e90a848235693d965d308.pdf#page=4,underscore_index,pending_review
0295f1ca960d29e2327e90a848235693d965d308_5,0295f1ca960d29e2327e90a848235693d965d308_page_0005,0295f1ca960d29e2327e90a848235693d965d308.pdf#page=5,underscore_index,pending_review
0295f1ca960d29e2327e90a848235693d965d308_6,0295f1ca960d29e2327e90a848235693d965d308_page_0006,0295f1ca960d29e2327e90a848235693d965d308.pdf#page=6,underscore_index,pending_review
0295f1ca960d29e2327e90a848235693d965d308_7,0295f1ca960d29e2327e90a848235693d965d308_page_0007,0295f1ca960d29e2327e90a848235693d965d308.pdf#page=7,underscore_index,pending_review
0295f1ca960d29e2327e90a848235693d965d308_8,0295f1ca960d29e2327e90a848235693d965d308_page_0008,0295f1ca960d29e2327e90a848235693d965d308.pdf#page=8,underscore_index,pending_review
0295f1ca960d29e2327e90a848235693d965d308_9,0295f1ca960d29e2327e90a848235693d965d308_page_0009,0295f1ca960d29e2327e90a848235693d965d308.pdf#page=9,underscore_index,pending_review
0295f1ca960d29e2327e90a848235693d965d308_10,0295f1ca960d29e2327e90a848235693d965d308_page_0010,0295f1ca960d29e2327e90a848235693d965d308.pdf#page=10,underscore_index,pending_review
0295f1ca960d29e2327e90a848235693d965d308_11,0295f1ca960d29e2327e90a848235693d965d308_page_0011,0295f1ca960d29e2327e90a848235693d965d308.pdf#page=11,underscore_index,pending_review
0295f1ca960d29e2327e90a848235693d965d308_12,0295f1ca960d29e2327e90a848235693d965d308_page_0012,0295f1ca960d29e2327e90a848235693d965d308.pdf#page=12,underscore_index,pending_review
0295f1ca960d29e2327e90a848235693d965d308_13,0295f1ca960d29e2327e90a848235693d965d308_page_0013,0295f1ca960d29e2327e90a848235693d965d308.pdf#page=13,underscore_index,pending_review
0295f1ca960d29e2327e90a848235693d965d308_14,0295f1ca960d29e2327e90a848235693d965d308_page_0014,0295f1ca960d29e2327e90a848235693d965d308.pdf#page=14,underscore_index,pending_review
0295f1ca960d29e2327e90a848235693d965d308_15,0295f1ca960d29e2327e90a848235693d965d308_page_0015,0295f1ca960d29e2327e90a848235693d965d308.pdf#page=15,underscore_index,pending_review
029a9ea8732b9dbbba9057e52120245f00770c1b_1,029a9ea8732b9dbbba9057e52120245f00770c1b_page_0001,029a9ea8732b9dbbba9057e52120245f00770c1b.pdf#page=1,underscore_index,pending_review
029a9ea8732b9dbbba9057e52120245f00770c1b_2,029a9ea8732b9dbbba9057e52120245f00770c1b_page_0002,029a9ea8732b9dbbba9057e52120245f00770c1b.pdf#page=2,underscore_index,pending_review
029a9ea8732b9dbbba9057e52120245f00770c1b_3,029a9ea8732b9dbbba9057e52120245f00770c1b_page_0003,029a9ea8732b9dbbba9057e52120245f00770c1b.pdf#page=3,underscore_index,pending_review
029a9ea8732b9dbbba9057e52120245f00770c1b_4,029a9ea8732b9dbbba9057e52120245f00770c1b_page_0004,029a9ea8732b9dbbba9057e52120245f00770c1b.pdf#page=4,underscore_index,pending_review
029a9ea8732b9dbbba9057e52120245f00770c1b_5,029a9ea8732b9dbbba9057e52120245f00770c1b_page_0005,029a9ea8732b9dbbba9057e52120245f00770c1b.pdf#page=5,underscore_index,pending_review
029a9ea8732b9dbbba9057e52120245f00770c1b_6,029a9ea8732b9dbbba9057e52120245f00770c1b_page_0006,029a9ea8732b9dbbba9057e52120245f00770c1b.pdf#page=6,underscore_index,pending_review
029a9ea8732b9dbbba9057e52120245f00770c1b_7,029a9ea8732b9dbbba9057e52120245f00770c1b_page_0007,029a9ea8732b9dbbba9057e52120245f00770c1b.pdf#page=7,underscore_index,pending_review
029a9ea8732b9dbbba9057e52120245f00770c1b_8,029a9ea8732b9dbbba9057e52120245f00770c1b_page_0008,029a9ea8732b9dbbba9057e52120245f00770c1b.pdf#page=8,underscore_index,pending_review
029a9ea8732b9dbbba9057e52120245f00770c1b_9,029a9ea8732b9dbbba9057e52120245f00770c1b_page_0009,029a9ea8732b9dbbba9057e52120245f00770c1b.pdf#page=9,underscore_index,pending_review
029a9ea8732b9dbbba9057e52120245f00770c1b_10,029a9ea8732b9dbbba9057e52120245f00770c1b_page_0010,029a9ea8732b9dbbba9057e52120245f00770c1b.pdf#page=10,underscore_index,pending_review
029a9ea8732b9dbbba9057e52120245f00770c1b_11,029a9ea8732b9dbbba9057e52120245f00770c1b_page_0011,029a9ea8732b9dbbba9057e52120245f00770c1b.pdf#page=11,underscore_index,pending_review
029a9ea8732b9dbbba9057e52120245f00770c1b_12,029a9ea8732b9dbbba9057e52120245f00770c1b_page_0012,029a9ea8732b9dbbba9057e52120245f00770c1b.pdf#page=12,underscore_index,pending_review
029a9ea8732b9dbbba9057e52120245f00770c1b_13,029a9ea8732b9dbbba9057e52120245f00770c1b_page_0013,029a9ea8732b9dbbba9057e52120245f00770c1b.pdf#page=13,underscore_index,pending_review
029a9ea8732b9dbbba9057e52120245f00770c1b_14,029a9ea8732b9dbbba9057e52120245f00770c1b_page_0014,029a9ea8732b9dbbba9057e52120245f00770c1b.pdf#page=14,underscore_index,pending_review
029a9ea8732b9dbbba9057e52120245f00770c1b_15,029a9ea8732b9dbbba9057e52120245f00770c1b_page_0015,029a9ea8732b9dbbba9057e52120245f00770c1b.pdf#page=15,underscore_index,pending_review
029bee9c16e36444109f4e8e4eedf938e6b1c170_1,029bee9c16e36444109f4e8e4eedf938e6b1c170_page_0001,029bee9c16e36444109f4e8e4eedf938e6b1c170.pdf#page=1,underscore_index,pending_review
029bee9c16e36444109f4e8e4eedf938e6b1c170_2,029bee9c16e36444109f4e8e4eedf938e6b1c170_page_0002,029bee9c16e36444109f4e8e4eedf938e6b1c170.pdf#page=2,underscore_index,pending_review
029bee9c16e36444109f4e8e4eedf938e6b1c170_3,029bee9c16e36444109f4e8e4eedf938e6b1c170_page_0003,029bee9c16e36444109f4e8e4eedf938e6b1c170.pdf#page=3,underscore_index,pending_review
029bee9c16e36444109f4e8e4eedf938e6b1c170_4,029bee9c16e36444109f4e8e4eedf938e6b1c170_page_0004,029bee9c16e36444109f4e8e4eedf938e6b1c170.pdf#page=4,underscore_index,pending_review
029bee9c16e36444109f4e8e4eedf938e6b1c170_5,029bee9c16e36444109f4e8e4eedf938e6b1c170_page_0005,029bee9c16e36444109f4e8e4eedf938e6b1c170.pdf#page=5,underscore_index,pending_review
029bee9c16e36444109f4e8e4eedf938e6b1c170_6,029bee9c16e36444109f4e8e4eedf938e6b1c170_page_0006,029bee9c16e36444109f4e8e4eedf938e6b1c170.pdf#page=6,underscore_index,pending_review
029bee9c16e36444109f4e8e4eedf938e6b1c170_7,029bee9c16e36444109f4e8e4eedf938e6b1c170_page_0007,029bee9c16e36444109f4e8e4eedf938e6b1c170.pdf#page=7,underscore_index,pending_review
029bee9c16e36444109f4e8e4eedf938e6b1c170_8,029bee9c16e36444109f4e8e4eedf938e6b1c170_page_0008,029bee9c16e36444109f4e8e4eedf938e6b1c170.pdf#page=8,underscore_index,pending_review
029bee9c16e36444109f4e8e4eedf938e6b1c170_9,029bee9c16e36444109f4e8e4eedf938e6b1c170_page_0009,029bee9c16e36444109f4e8e4eedf938e6b1c170.pdf#page=9,underscore_index,pending_review
029bee9c16e36444109f4e8e4eedf938e6b1c170_10,029bee9c16e36444109f4e8e4eedf938e6b1c170_page_0010,029bee9c16e36444109f4e8e4eedf938e6b1c170.pdf#page=10,underscore_index,pending_review
029bee9c16e36444109f4e8e4eedf938e6b1c170_11,029bee9c16e36444109f4e8e4eedf938e6b1c170_page_0011,029bee9c16e36444109f4e8e4eedf938e6b1c170.pdf#page=11,underscore_index,pending_review
029bee9c16e36444109f4e8e4eedf938e6b1c170_12,029bee9c16e36444109f4e8e4eedf938e6b1c170_page_0012,029bee9c16e36444109f4e8e4eedf938e6b1c170.pdf#page=12,underscore_index,pending_review
029bee9c16e36444109f4e8e4eedf938e6b1c170_13,029bee9c16e36444109f4e8e4eedf938e6b1c170_page_0013,029bee9c16e36444109f4e8e4eedf938e6b1c170.pdf#page=13,underscore_index,pending_review
029bee9c16e36444109f4e8e4eedf938e6b1c170_14,029bee9c16e36444109f4e8e4eedf938e6b1c170_page_0014,029bee9c16e36444109f4e8e4eedf938e6b1c170.pdf#page=14,underscore_index,pending_review
029bee9c16e36444109f4e8e4eedf938e6b1c170_15,029bee9c16e36444109f4e8e4eedf938e6b1c170_page_0015,029bee9c16e36444109f4e8e4eedf938e6b1c170.pdf#page=15,underscore_index,pending_review
029bee9c16e36444109f4e8e4eedf938e6b1c170_16,029bee9c16e36444109f4e8e4eedf938e6b1c170_page_0016,029bee9c16e36444109f4e8e4eedf938e6b1c170.pdf#page=16,underscore_index,pending_review
029bee9c16e36444109f4e8e4eedf938e6b1c170_17,029bee9c16e36444109f4e8e4eedf938e6b1c170_page_0017,029bee9c16e36444109f4e8e4eedf938e6b1c170.pdf#page=17,underscore_index,pending_review
029bee9c16e36444109f4e8e4eedf938e6b1c170_18,029bee9c16e36444109f4e8e4eedf938e6b1c170_page_0018,029bee9c16e36444109f4e8e4eedf938e6b1c170.pdf#page=18,underscore_index,pending_review
029bee9c16e36444109f4e8e4eedf938e6b1c170_19,029bee9c16e36444109f4e8e4eedf938e6b1c170_page_0019,029bee9c16e36444109f4e8e4eedf938e6b1c170.pdf#page=19,underscore_index,pending_review
029c4114f7ca1441b6c2ece43413d9dbbdba61b2_1,029c4114f7ca1441b6c2ece43413d9dbbdba61b2_page_0001,029c4114f7ca1441b6c2ece43413d9dbbdba61b2.pdf#page=1,underscore_index,pending_review
029c4114f7ca1441b6c2ece43413d9dbbdba61b2_2,029c4114f7ca1441b6c2ece43413d9dbbdba61b2_page_0002,029c4114f7ca1441b6c2ece43413d9dbbdba61b2.pdf#page=2,underscore_index,pending_review
029c4114f7ca1441b6c2ece43413d9dbbdba61b2_3,029c4114f7ca1441b6c2ece43413d9dbbdba61b2_page_0003,029c4114f7ca1441b6c2ece43413d9dbbdba61b2.pdf#page=3,underscore_index,pending_review
029c4114f7ca1441b6c2ece43413d9dbbdba61b2_4,029c4114f7ca1441b6c2ece43413d9dbbdba61b2_page_0004,029c4114f7ca1441b6c2ece43413d9dbbdba61b2.pdf#page=4,underscore_index,pending_review
029c4114f7ca1441b6c2ece43413d9dbbdba61b2_5,029c4114f7ca1441b6c2ece43413d9dbbdba61b2_page_0005,029c4114f7ca1441b6c2ece43413d9dbbdba61b2.pdf#page=5,underscore_index,pending_review
029c4114f7ca1441b6c2ece43413d9dbbdba61b2_6,029c4114f7ca1441b6c2ece43413d9dbbdba61b2_page_0006,029c4114f7ca1441b6c2ece43413d9dbbdba61b2.pdf#page=6,underscore_index,pending_review
029c4114f7ca1441b6c2ece43413d9dbbdba61b2_7,029c4114f7ca1441b6c2ece43413d9dbbdba61b2_page_0007,029c4114f7ca1441b6c2ece43413d9dbbdba61b2.pdf#page=7,underscore_index,pending_review
029c4114f7ca1441b6c2ece43413d9dbbdba61b2_8,029c4114f7ca1441b6c2ece43413d9dbbdba61b2_page_0008,029c4114f7ca1441b6c2ece43413d9dbbdba61b2.pdf#page=8,underscore_index,pending_review
029c4114f7ca1441b6c2ece43413d9dbbdba61b2_9,029c4114f7ca1441b6c2ece43413d9dbbdba61b2_page_0009,029c4114f7ca1441b6c2ece43413d9dbbdba61b2.pdf#page=9,underscore_index,pending_review
029c4114f7ca1441b6c2ece43413d9dbbdba61b2_10,029c4114f7ca1441b6c2ece43413d9dbbdba61b2_page_0010,029c4114f7ca1441b6c2ece43413d9dbbdba61b2.pdf#page=10,underscore_index,pending_review
029c4114f7ca1441b6c2ece43413d9dbbdba61b2_11,029c4114f7ca1441b6c2ece43413d9dbbdba61b2_page_0011,029c4114f7ca1441b6c2ece43413d9dbbdba61b2.pdf#page=11,underscore_index,pending_review
029c4114f7ca1441b6c2ece43413d9dbbdba61b2_12,029c4114f7ca1441b6c2ece43413d9dbbdba61b2_page_0012,029c4114f7ca1441b6c2ece43413d9dbbdba61b2.pdf#page=12,underscore_index,pending_review
029c4114f7ca1441b6c2ece43413d9dbbdba61b2_13,029c4114f7ca1441b6c2ece43413d9dbbdba61b2_page_0013,029c4114f7ca1441b6c2ece43413d9dbbdba61b2.pdf#page=13,underscore_index,pending_review
029c4114f7ca1441b6c2ece43413d9dbbdba61b2_14,029c4114f7ca1441b6c2ece43413d9dbbdba61b2_page_0014,029c4114f7ca1441b6c2ece43413d9dbbdba61b2.pdf#page=14,underscore_index,pending_review
029c4114f7ca1441b6c2ece43413d9dbbdba61b2_15,029c4114f7ca1441b6c2ece43413d9dbbdba61b2_page_0015,029c4114f7ca1441b6c2ece43413d9dbbdba61b2.pdf#page=15,underscore_index,pending_review
029c4114f7ca1441b6c2ece43413d9dbbdba61b2_16,029c4114f7ca1441b6c2ece43413d9dbbdba61b2_page_0016,029c4114f7ca1441b6c2ece43413d9dbbdba61b2.pdf#page=16,underscore_index,pending_review
029c4114f7ca1441b6c2ece43413d9dbbdba61b2_17,029c4114f7ca1441b6c2ece43413d9dbbdba61b2_page_0017,029c4114f7ca1441b6c2ece43413d9dbbdba61b2.pdf#page=17,underscore_index,pending_review
029c4114f7ca1441b6c2ece43413d9dbbdba61b2_18,029c4114f7ca1441b6c2ece43413d9dbbdba61b2_page_0018,029c4114f7ca1441b6c2ece43413d9dbbdba61b2.pdf#page=18,underscore_index,pending_review
029c4114f7ca1441b6c2ece43413d9dbbdba61b2_19,029c4114f7ca1441b6c2ece43413d9dbbdba61b2_page_0019,029c4114f7ca1441b6c2ece43413d9dbbdba61b2.pdf#page=19,underscore_index,pending_review
029c4114f7ca1441b6c2ece43413d9dbbdba61b2_20,029c4114f7ca1441b6c2ece43413d9dbbdba61b2_page_0020,029c4114f7ca1441b6c2ece43413d9dbbdba61b2.pdf#page=20,underscore_index,pending_review
029c4114f7ca1441b6c2ece43413d9dbbdba61b2_21,029c4114f7ca1441b6c2ece43413d9dbbdba61b2_page_0021,029c4114f7ca1441b6c2ece43413d9dbbdba61b2.pdf#page=21,underscore_index,pending_review
029c4114f7ca1441b6c2ece43413d9dbbdba61b2_22,029c4114f7ca1441b6c2ece43413d9dbbdba61b2_page_0022,029c4114f7ca1441b6c2ece43413d9dbbdba61b2.pdf#page=22,underscore_index,pending_review
02a5b57a4c7a9cab3f280da70bf789ac74dfdc23_1,02a5b57a4c7a9cab3f280da70bf789ac74dfdc23_page_0001,02a5b57a4c7a9cab3f280da70bf789ac74dfdc23.pdf#page=1,underscore_index,pending_review
02a5b57a4c7a9cab3f280da70bf789ac74dfdc23_2,02a5b57a4c7a9cab3f280da70bf789ac74dfdc23_page_0002,02a5b57a4c7a9cab3f280da70bf789ac74dfdc23.pdf#page=2,underscore_index,pending_review
02a5b57a4c7a9cab3f280da70bf789ac74dfdc23_3,02a5b57a4c7a9cab3f280da70bf789ac74dfdc23_page_0003,02a5b57a4c7a9cab3f280da70bf789ac74dfdc23.pdf#page=3,underscore_index,pending_review
02a5b57a4c7a9cab3f280da70bf789ac74dfdc23_4,02a5b57a4c7a9cab3f280da70bf789ac74dfdc23_page_0004,02a5b57a4c7a9cab3f280da70bf789ac74dfdc23.pdf#page=4,underscore_index,pending_review
02a5b57a4c7a9cab3f280da70bf789ac74dfdc23_5,02a5b57a4c7a9cab3f280da70bf789ac74dfdc23_page_0005,02a5b57a4c7a9cab3f280da70bf789ac74dfdc23.pdf#page=5,underscore_index,pending_review
02a5b57a4c7a9cab3f280da70bf789ac74dfdc23_6,02a5b57a4c7a9cab3f280da70bf789ac74dfdc23_page_0006,02a5b57a4c7a9cab3f280da70bf789ac74dfdc23.pdf#page=6,underscore_index,pending_review
02a5b57a4c7a9cab3f280da70bf789ac74dfdc23_7,02a5b57a4c7a9cab3f280da70bf789ac74dfdc23_page_0007,02a5b57a4c7a9cab3f280da70bf789ac74dfdc23.pdf#page=7,underscore_index,pending_review
02a5b57a4c7a9cab3f280da70bf789ac74dfdc23_8,02a5b57a4c7a9cab3f280da70bf789ac74dfdc23_page_0008,02a5b57a4c7a9cab3f280da70bf789ac74dfdc23.pdf#page=8,underscore_index,pending_review
02a5b57a4c7a9cab3f280da70bf789ac74dfdc23_9,02a5b57a4c7a9cab3f280da70bf789ac74dfdc23_page_0009,02a5b57a4c7a9cab3f280da70bf789ac74dfdc23.pdf#page=9,underscore_index,pending_review
02a5b57a4c7a9cab3f280da70bf789ac74dfdc23_10,02a5b57a4c7a9cab3f280da70bf789ac74dfdc23_page_0010,02a5b57a4c7a9cab3f280da70bf789ac74dfdc23.pdf#page=10,underscore_index,pending_review
02a5b57a4c7a9cab3f280da70bf789ac74dfdc23_11,02a5b57a4c7a9cab3f280da70bf789ac74dfdc23_page_0011,02a5b57a4c7a9cab3f280da70bf789ac74dfdc23.pdf#page=11,underscore_index,pending_review
02a5b57a4c7a9cab3f280da70bf789ac74dfdc23_12,02a5b57a4c7a9cab3f280da70bf789ac74dfdc23_page_0012,02a5b57a4c7a9cab3f280da70bf789ac74dfdc23.pdf#page=12,underscore_index,pending_review
02a5b57a4c7a9cab3f280da70bf789ac74dfdc23_13,02a5b57a4c7a9cab3f280da70bf789ac74dfdc23_page_0013,02a5b57a4c7a9cab3f280da70bf789ac74dfdc23.pdf#page=13,underscore_index,pending_review
02a5b57a4c7a9cab3f280da70bf789ac74dfdc23_14,02a5b57a4c7a9cab3f280da70bf789ac74dfdc23_page_0014,02a5b57a4c7a9cab3f280da70bf789ac74dfdc23.pdf#page=14,underscore_index,pending_review
02a5b57a4c7a9cab3f280da70bf789ac74dfdc23_15,02a5b57a4c7a9cab3f280da70bf789ac74dfdc23_page_0015,02a5b57a4c7a9cab3f280da70bf789ac74dfdc23.pdf#page=15,underscore_index,pending_review
02a5b57a4c7a9cab3f280da70bf789ac74dfdc23_16,02a5b57a4c7a9cab3f280da70bf789ac74dfdc23_page_0016,02a5b57a4c7a9cab3f280da70bf789ac74dfdc23.pdf#page=16,underscore_index,pending_review
02a5b57a4c7a9cab3f280da70bf789ac74dfdc23_17,02a5b57a4c7a9cab3f280da70bf789ac74dfdc23_page_0017,02a5b57a4c7a9cab3f280da70bf789ac74dfdc23.pdf#page=17,underscore_index,pending_review
02a5b57a4c7a9cab3f280da70bf789ac74dfdc23_18,02a5b57a4c7a9cab3f280da70bf789ac74dfdc23_page_0018,02a5b57a4c7a9cab3f280da70bf789ac74dfdc23.pdf#page=18,underscore_index,pending_review
02a5b57a4c7a9cab3f280da70bf789ac74dfdc23_19,02a5b57a4c7a9cab3f280da70bf789ac74dfdc23_page_0019,02a5b57a4c7a9cab3f280da70bf789ac74dfdc23.pdf#page=19,underscore_index,pending_review
02a5b57a4c7a9cab3f280da70bf789ac74dfdc23_20,02a5b57a4c7a9cab3f280da70bf789ac74dfdc23_page_0020,02a5b57a4c7a9cab3f280da70bf789ac74dfdc23.pdf#page=20,underscore_index,pending_review
02a5b57a4c7a9cab3f280da70bf789ac74dfdc23_21,02a5b57a4c7a9cab3f280da70bf789ac74dfdc23_page_0021,02a5b57a4c7a9cab3f280da70bf789ac74dfdc23.pdf#page=21,underscore_index,pending_review
02a5b57a4c7a9cab3f280da70bf789ac74dfdc23_22,02a5b57a4c7a9cab3f280da70bf789ac74dfdc23_page_0022,02a5b57a4c7a9cab3f280da70bf789ac74dfdc23.pdf#page=22,underscore_index,pending_review
02a5b57a4c7a9cab3f280da70bf789ac74dfdc23_23,02a5b57a4c7a9cab3f280da70bf789ac74dfdc23_page_0023,02a5b57a4c7a9cab3f280da70bf789ac74dfdc23.pdf#page=23,underscore_index,pending_review
02a5b57a4c7a9cab3f280da70bf789ac74dfdc23_24,02a5b57a4c7a9cab3f280da70bf789ac74dfdc23_page_0024,02a5b57a4c7a9cab3f280da70bf789ac74dfdc23.pdf#page=24,underscore_index,pending_review
02c05ed2ea23546d0df9449c70dcaa41103a240c_1,02c05ed2ea23546d0df9449c70dcaa41103a240c_page_0001,02c05ed2ea23546d0df9449c70dcaa41103a240c.pdf#page=1,underscore_index,pending_review
02c05ed2ea23546d0df9449c70dcaa41103a240c_2,02c05ed2ea23546d0df9449c70dcaa41103a240c_page_0002,02c05ed2ea23546d0df9449c70dcaa41103a240c.pdf#page=2,underscore_index,pending_review
02c05ed2ea23546d0df9449c70dcaa41103a240c_3,02c05ed2ea23546d0df9449c70dcaa41103a240c_page_0003,02c05ed2ea23546d0df9449c70dcaa41103a240c.pdf#page=3,underscore_index,pending_review
02c05ed2ea23546d0df9449c70dcaa41103a240c_4,02c05ed2ea23546d0df9449c70dcaa41103a240c_page_0004,02c05ed2ea23546d0df9449c70dcaa41103a240c.pdf#page=4,underscore_index,pending_review
02c05ed2ea23546d0df9449c70dcaa41103a240c_5,02c05ed2ea23546d0df9449c70dcaa41103a240c_page_0005,02c05ed2ea23546d0df9449c70dcaa41103a240c.pdf#page=5,underscore_index,pending_review
02c05ed2ea23546d0df9449c70dcaa41103a240c_6,02c05ed2ea23546d0df9449c70dcaa41103a240c_page_0006,02c05ed2ea23546d0df9449c70dcaa41103a240c.pdf#page=6,underscore_index,pending_review
02c05ed2ea23546d0df9449c70dcaa41103a240c_7,02c05ed2ea23546d0df9449c70dcaa41103a240c_page_0007,02c05ed2ea23546d0df9449c70dcaa41103a240c.pdf#page=7,underscore_index,pending_review
02c05ed2ea23546d0df9449c70dcaa41103a240c_8,02c05ed2ea23546d0df9449c70dcaa41103a240c_page_0008,02c05ed2ea23546d0df9449c70dcaa41103a240c.pdf#page=8,underscore_index,pending_review
02c05ed2ea23546d0df9449c70dcaa41103a240c_9,02c05ed2ea23546d0df9449c70dcaa41103a240c_page_0009,02c05ed2ea23546d0df9449c70dcaa41103a240c.pdf#page=9,underscore_index,pending_review
02c05ed2ea23546d0df9449c70dcaa41103a240c_10,02c05ed2ea23546d0df9449c70dcaa41103a240c_page_0010,02c05ed2ea23546d0df9449c70dcaa41103a240c.pdf#page=10,underscore_index,pending_review
02c05ed2ea23546d0df9449c70dcaa41103a240c_11,02c05ed2ea23546d0df9449c70dcaa41103a240c_page_0011,02c05ed2ea23546d0df9449c70dcaa41103a240c.pdf#page=11,underscore_index,pending_review
02c05ed2ea23546d0df9449c70dcaa41103a240c_12,02c05ed2ea23546d0df9449c70dcaa41103a240c_page_0012,02c05ed2ea23546d0df9449c70dcaa41103a240c.pdf#page=12,underscore_index,pending_review
02c05ed2ea23546d0df9449c70dcaa41103a240c_13,02c05ed2ea23546d0df9449c70dcaa41103a240c_page_0013,02c05ed2ea23546d0df9449c70dcaa41103a240c.pdf#page=13,underscore_index,pending_review
02c05ed2ea23546d0df9449c70dcaa41103a240c_14,02c05ed2ea23546d0df9449c70dcaa41103a240c_page_0014,02c05ed2ea23546d0df9449c70dcaa41103a240c.pdf#page=14,underscore_index,pending_review
02c05ed2ea23546d0df9449c70dcaa41103a240c_15,02c05ed2ea23546d0df9449c70dcaa41103a240c_page_0015,02c05ed2ea23546d0df9449c70dcaa41103a240c.pdf#page=15,underscore_index,pending_review
02c05ed2ea23546d0df9449c70dcaa41103a240c_16,02c05ed2ea23546d0df9449c70dcaa41103a240c_page_0016,02c05ed2ea23546d0df9449c70dcaa41103a240c.pdf#page=16,underscore_index,pending_review
02c05ed2ea23546d0df9449c70dcaa41103a240c_17,02c05ed2ea23546d0df9449c70dcaa41103a240c_page_0017,02c05ed2ea23546d0df9449c70dcaa41103a240c.pdf#page=17,underscore_index,pending_review
02c05ed2ea23546d0df9449c70dcaa41103a240c_18,02c05ed2ea23546d0df9449c70dcaa41103a240c_page_0018,02c05ed2ea23546d0df9449c70dcaa41103a240c.pdf#page=18,underscore_index,pending_review
02c05ed2ea23546d0df9449c70dcaa41103a240c_19,02c05ed2ea23546d0df9449c70dcaa41103a240c_page_0019,02c05ed2ea23546d0df9449c70dcaa41103a240c.pdf#page=19,underscore_index,pending_review
02c05ed2ea23546d0df9449c70dcaa41103a240c_20,02c05ed2ea23546d0df9449c70dcaa41103a240c_page_0020,02c05ed2ea23546d0df9449c70dcaa41103a240c.pdf#page=20,underscore_index,pending_review
02c05ed2ea23546d0df9449c70dcaa41103a240c_21,02c05ed2ea23546d0df9449c70dcaa41103a240c_page_0021,02c05ed2ea23546d0df9449c70dcaa41103a240c.pdf#page=21,underscore_index,pending_review
02c05ed2ea23546d0df9449c70dcaa41103a240c_22,02c05ed2ea23546d0df9449c70dcaa41103a240c_page_0022,02c05ed2ea23546d0df9449c70dcaa41103a240c.pdf#page=22,underscore_index,pending_review
02d59c632786097daf539c0e1c249dece29d678c_1,02d59c632786097daf539c0e1c249dece29d678c_page_0001,02d59c632786097daf539c0e1c249dece29d678c.pdf#page=1,underscore_index,pending_review
02d59c632786097daf539c0e1c249dece29d678c_2,02d59c632786097daf539c0e1c249dece29d678c_page_0002,02d59c632786097daf539c0e1c249dece29d678c.pdf#page=2,underscore_index,pending_review
02d59c632786097daf539c0e1c249dece29d678c_3,02d59c632786097daf539c0e1c249dece29d678c_page_0003,02d59c632786097daf539c0e1c249dece29d678c.pdf#page=3,underscore_index,pending_review
02d59c632786097daf539c0e1c249dece29d678c_4,02d59c632786097daf539c0e1c249dece29d678c_page_0004,02d59c632786097daf539c0e1c249dece29d678c.pdf#page=4,underscore_index,pending_review
02d59c632786097daf539c0e1c249dece29d678c_5,02d59c632786097daf539c0e1c249dece29d678c_page_0005,02d59c632786097daf539c0e1c249dece29d678c.pdf#page=5,underscore_index,pending_review
02d59c632786097daf539c0e1c249dece29d678c_6,02d59c632786097daf539c0e1c249dece29d678c_page_0006,02d59c632786097daf539c0e1c249dece29d678c.pdf#page=6,underscore_index,pending_review
02d59c632786097daf539c0e1c249dece29d678c_7,02d59c632786097daf539c0e1c249dece29d678c_page_0007,02d59c632786097daf539c0e1c249dece29d678c.pdf#page=7,underscore_index,pending_review
02d59c632786097daf539c0e1c249dece29d678c_8,02d59c632786097daf539c0e1c249dece29d678c_page_0008,02d59c632786097daf539c0e1c249dece29d678c.pdf#page=8,underscore_index,pending_review
02d59c632786097daf539c0e1c249dece29d678c_9,02d59c632786097daf539c0e1c249dece29d678c_page_0009,02d59c632786097daf539c0e1c249dece29d678c.pdf#page=9,underscore_index,pending_review
02d59c632786097daf539c0e1c249dece29d678c_10,02d59c632786097daf539c0e1c249dece29d678c_page_0010,02d59c632786097daf539c0e1c249dece29d678c.pdf#page=10,underscore_index,pending_review
02d59c632786097daf539c0e1c249dece29d678c_11,02d59c632786097daf539c0e1c249dece29d678c_page_0011,02d59c632786097daf539c0e1c249dece29d678c.pdf#page=11,underscore_index,pending_review
02d59c632786097daf539c0e1c249dece29d678c_12,02d59c632786097daf539c0e1c249dece29d678c_page_0012,02d59c632786097daf539c0e1c249dece29d678c.pdf#page=12,underscore_index,pending_review
02d59c632786097daf539c0e1c249dece29d678c_13,02d59c632786097daf539c0e1c249dece29d678c_page_0013,02d59c632786097daf539c0e1c249dece29d678c.pdf#page=13,underscore_index,pending_review
02d59c632786097daf539c0e1c249dece29d678c_14,02d59c632786097daf539c0e1c249dece29d678c_page_0014,02d59c632786097daf539c0e1c249dece29d678c.pdf#page=14,underscore_index,pending_review
02d9d6c3d872469119ce9ff49442967c9209d1cd_1,02d9d6c3d872469119ce9ff49442967c9209d1cd_page_0001,02d9d6c3d872469119ce9ff49442967c9209d1cd.pdf#page=1,underscore_index,pending_review
02d9d6c3d872469119ce9ff49442967c9209d1cd_2,02d9d6c3d872469119ce9ff49442967c9209d1cd_page_0002,02d9d6c3d872469119ce9ff49442967c9209d1cd.pdf#page=2,underscore_index,pending_review
02d9d6c3d872469119ce9ff49442967c9209d1cd_3,02d9d6c3d872469119ce9ff49442967c9209d1cd_page_0003,02d9d6c3d872469119ce9ff49442967c9209d1cd.pdf#page=3,underscore_index,pending_review
02d9d6c3d872469119ce9ff49442967c9209d1cd_4,02d9d6c3d872469119ce9ff49442967c9209d1cd_page_0004,02d9d6c3d872469119ce9ff49442967c9209d1cd.pdf#page=4,underscore_index,pending_review
02d9d6c3d872469119ce9ff49442967c9209d1cd_5,02d9d6c3d872469119ce9ff49442967c9209d1cd_page_0005,02d9d6c3d872469119ce9ff49442967c9209d1cd.pdf#page=5,underscore_index,pending_review
02d9d6c3d872469119ce9ff49442967c9209d1cd_6,02d9d6c3d872469119ce9ff49442967c9209d1cd_page_0006,02d9d6c3d872469119ce9ff49442967c9209d1cd.pdf#page=6,underscore_index,pending_review
02d9d6c3d872469119ce9ff49442967c9209d1cd_7,02d9d6c3d872469119ce9ff49442967c9209d1cd_page_0007,02d9d6c3d872469119ce9ff49442967c9209d1cd.pdf#page=7,underscore_index,pending_review
02d9d6c3d872469119ce9ff49442967c9209d1cd_8,02d9d6c3d872469119ce9ff49442967c9209d1cd_page_0008,02d9d6c3d872469119ce9ff49442967c9209d1cd.pdf#page=8,underscore_index,pending_review
02d9d6c3d872469119ce9ff49442967c9209d1cd_9,02d9d6c3d872469119ce9ff49442967c9209d1cd_page_0009,02d9d6c3d872469119ce9ff49442967c9209d1cd.pdf#page=9,underscore_index,pending_review
02d9d6c3d872469119ce9ff49442967c9209d1cd_10,02d9d6c3d872469119ce9ff49442967c9209d1cd_page_0010,02d9d6c3d872469119ce9ff49442967c9209d1cd.pdf#page=10,underscore_index,pending_review
02d9d6c3d872469119ce9ff49442967c9209d1cd_11,02d9d6c3d872469119ce9ff49442967c9209d1cd_page_0011,02d9d6c3d872469119ce9ff49442967c9209d1cd.pdf#page=11,underscore_index,pending_review
02e22d6e970bef1b48efd32bf2a524c6bd3263c7_1,02e22d6e970bef1b48efd32bf2a524c6bd3263c7_page_0001,02e22d6e970bef1b48efd32bf2a524c6bd3263c7.pdf#page=1,underscore_index,pending_review
02e22d6e970bef1b48efd32bf2a524c6bd3263c7_2,02e22d6e970bef1b48efd32bf2a524c6bd3263c7_page_0002,02e22d6e970bef1b48efd32bf2a524c6bd3263c7.pdf#page=2,underscore_index,pending_review
02e22d6e970bef1b48efd32bf2a524c6bd3263c7_3,02e22d6e970bef1b48efd32bf2a524c6bd3263c7_page_0003,02e22d6e970bef1b48efd32bf2a524c6bd3263c7.pdf#page=3,underscore_index,pending_review
02e22d6e970bef1b48efd32bf2a524c6bd3263c7_4,02e22d6e970bef1b48efd32bf2a524c6bd3263c7_page_0004,02e22d6e970bef1b48efd32bf2a524c6bd3263c7.pdf#page=4,underscore_index,pending_review
02e22d6e970bef1b48efd32bf2a524c6bd3263c7_5,02e22d6e970bef1b48efd32bf2a524c6bd3263c7_page_0005,02e22d6e970bef1b48efd32bf2a524c6bd3263c7.pdf#page=5,underscore_index,pending_review
02e22d6e970bef1b48efd32bf2a524c6bd3263c7_6,02e22d6e970bef1b48efd32bf2a524c6bd3263c7_page_0006,02e22d6e970bef1b48efd32bf2a524c6bd3263c7.pdf#page=6,underscore_index,pending_review
02e22d6e970bef1b48efd32bf2a524c6bd3263c7_7,02e22d6e970bef1b48efd32bf2a524c6bd3263c7_page_0007,02e22d6e970bef1b48efd32bf2a524c6bd3263c7.pdf#page=7,underscore_index,pending_review
02e22d6e970bef1b48efd32bf2a524c6bd3263c7_8,02e22d6e970bef1b48efd32bf2a524c6bd3263c7_page_0008,02e22d6e970bef1b48efd32bf2a524c6bd3263c7.pdf#page=8,underscore_index,pending_review
02e22d6e970bef1b48efd32bf2a524c6bd3263c7_9,02e22d6e970bef1b48efd32bf2a524c6bd3263c7_page_0009,02e22d6e970bef1b48efd32bf2a524c6bd3263c7.pdf#page=9,underscore_index,pending_review
02e22d6e970bef1b48efd32bf2a524c6bd3263c7_10,02e22d6e970bef1b48efd32bf2a524c6bd3263c7_page_0010,02e22d6e970bef1b48efd32bf2a524c6bd3263c7.pdf#page=10,underscore_index,pending_review
02e22d6e970bef1b48efd32bf2a524c6bd3263c7_11,02e22d6e970bef1b48efd32bf2a524c6bd3263c7_page_0011,02e22d6e970bef1b48efd32bf2a524c6bd3263c7.pdf#page=11,underscore_index,pending_review
02ea7667e98ee1f63c04b3e0ebbd765a4b14d3d6_1,02ea7667e98ee1f63c04b3e0ebbd765a4b14d3d6_page_0001,02ea7667e98ee1f63c04b3e0ebbd765a4b14d3d6.pdf#page=1,underscore_index,pending_review
02ea7667e98ee1f63c04b3e0ebbd765a4b14d3d6_2,02ea7667e98ee1f63c04b3e0ebbd765a4b14d3d6_page_0002,02ea7667e98ee1f63c04b3e0ebbd765a4b14d3d6.pdf#page=2,underscore_index,pending_review
02ea7667e98ee1f63c04b3e0ebbd765a4b14d3d6_3,02ea7667e98ee1f63c04b3e0ebbd765a4b14d3d6_page_0003,02ea7667e98ee1f63c04b3e0ebbd765a4b14d3d6.pdf#page=3,underscore_index,pending_review
02ea7667e98ee1f63c04b3e0ebbd765a4b14d3d6_4,02ea7667e98ee1f63c04b3e0ebbd765a4b14d3d6_page_0004,02ea7667e98ee1f63c04b3e0ebbd765a4b14d3d6.pdf#page=4,underscore_index,pending_review
02ea7667e98ee1f63c04b3e0ebbd765a4b14d3d6_5,02ea7667e98ee1f63c04b3e0ebbd765a4b14d3d6_page_0005,02ea7667e98ee1f63c04b3e0ebbd765a4b14d3d6.pdf#page=5,underscore_index,pending_review
02ea7667e98ee1f63c04b3e0ebbd765a4b14d3d6_6,02ea7667e98ee1f63c04b3e0ebbd765a4b14d3d6_page_0006,02ea7667e98ee1f63c04b3e0ebbd765a4b14d3d6.pdf#page=6,underscore_index,pending_review
02ea7667e98ee1f63c04b3e0ebbd765a4b14d3d6_7,02ea7667e98ee1f63c04b3e0ebbd765a4b14d3d6_page_0007,02ea7667e98ee1f63c04b3e0ebbd765a4b14d3d6.pdf#page=7,underscore_index,pending_review
02ea7667e98ee1f63c04b3e0ebbd765a4b14d3d6_8,02ea7667e98ee1f63c04b3e0ebbd765a4b14d3d6_page_0008,02ea7667e98ee1f63c04b3e0ebbd765a4b14d3d6.pdf#page=8,underscore_index,pending_review
02ea7667e98ee1f63c04b3e0ebbd765a4b14d3d6_9,02ea7667e98ee1f63c04b3e0ebbd765a4b14d3d6_page_0009,02ea7667e98ee1f63c04b3e0ebbd765a4b14d3d6.pdf#page=9,underscore_index,pending_review
02ea7667e98ee1f63c04b3e0ebbd765a4b14d3d6_10,02ea7667e98ee1f63c04b3e0ebbd765a4b14d3d6_page_0010,02ea7667e98ee1f63c04b3e0ebbd765a4b14d3d6.pdf#page=10,underscore_index,pending_review
02ea7667e98ee1f63c04b3e0ebbd765a4b14d3d6_11,02ea7667e98ee1f63c04b3e0ebbd765a4b14d3d6_page_0011,02ea7667e98ee1f63c04b3e0ebbd765a4b14d3d6.pdf#page=11,underscore_index,pending_review
02ea7667e98ee1f63c04b3e0ebbd765a4b14d3d6_12,02ea7667e98ee1f63c04b3e0ebbd765a4b14d3d6_page_0012,02ea7667e98ee1f63c04b3e0ebbd765a4b14d3d6.pdf#page=12,underscore_index,pending_review
02ec82b1931eb6533f83776d2f7adfb8c8054f3e_1,02ec82b1931eb6533f83776d2f7adfb8c8054f3e_page_0001,02ec82b1931eb6533f83776d2f7adfb8c8054f3e.pdf#page=1,underscore_index,pending_review
02ec82b1931eb6533f83776d2f7adfb8c8054f3e_2,02ec82b1931eb6533f83776d2f7adfb8c8054f3e_page_0002,02ec82b1931eb6533f83776d2f7adfb8c8054f3e.pdf#page=2,underscore_index,pending_review
02ec82b1931eb6533f83776d2f7adfb8c8054f3e_3,02ec82b1931eb6533f83776d2f7adfb8c8054f3e_page_0003,02ec82b1931eb6533f83776d2f7adfb8c8054f3e.pdf#page=3,underscore_index,pending_review
02ec82b1931eb6533f83776d2f7adfb8c8054f3e_4,02ec82b1931eb6533f83776d2f7adfb8c8054f3e_page_0004,02ec82b1931eb6533f83776d2f7adfb8c8054f3e.pdf#page=4,underscore_index,pending_review
02ec82b1931eb6533f83776d2f7adfb8c8054f3e_5,02ec82b1931eb6533f83776d2f7adfb8c8054f3e_page_0005,02ec82b1931eb6533f83776d2f7adfb8c8054f3e.pdf#page=5,underscore_index,pending_review
02ec82b1931eb6533f83776d2f7adfb8c8054f3e_6,02ec82b1931eb6533f83776d2f7adfb8c8054f3e_page_0006,02ec82b1931eb6533f83776d2f7adfb8c8054f3e.pdf#page=6,underscore_index,pending_review
02ec82b1931eb6533f83776d2f7adfb8c8054f3e_7,02ec82b1931eb6533f83776d2f7adfb8c8054f3e_page_0007,02ec82b1931eb6533f83776d2f7adfb8c8054f3e.pdf#page=7,underscore_index,pending_review
02ec82b1931eb6533f83776d2f7adfb8c8054f3e_8,02ec82b1931eb6533f83776d2f7adfb8c8054f3e_page_0008,02ec82b1931eb6533f83776d2f7adfb8c8054f3e.pdf#page=8,underscore_index,pending_review
02ec82b1931eb6533f83776d2f7adfb8c8054f3e_9,02ec82b1931eb6533f83776d2f7adfb8c8054f3e_page_0009,02ec82b1931eb6533f83776d2f7adfb8c8054f3e.pdf#page=9,underscore_index,pending_review
02ec82b1931eb6533f83776d2f7adfb8c8054f3e_10,02ec82b1931eb6533f83776d2f7adfb8c8054f3e_page_0010,02ec82b1931eb6533f83776d2f7adfb8c8054f3e.pdf#page=10,underscore_index,pending_review
02ec82b1931eb6533f83776d2f7adfb8c8054f3e_11,02ec82b1931eb6533f83776d2f7adfb8c8054f3e_page_0011,02ec82b1931eb6533f83776d2f7adfb8c8054f3e.pdf#page=11,underscore_index,pending_review
02ec82b1931eb6533f83776d2f7adfb8c8054f3e_12,02ec82b1931eb6533f83776d2f7adfb8c8054f3e_page_0012,02ec82b1931eb6533f83776d2f7adfb8c8054f3e.pdf#page=12,underscore_index,pending_review
02ec82b1931eb6533f83776d2f7adfb8c8054f3e_13,02ec82b1931eb6533f83776d2f7adfb8c8054f3e_page_0013,02ec82b1931eb6533f83776d2f7adfb8c8054f3e.pdf#page=13,underscore_index,pending_review
02ec82b1931eb6533f83776d2f7adfb8c8054f3e_14,02ec82b1931eb6533f83776d2f7adfb8c8054f3e_page_0014,02ec82b1931eb6533f83776d2f7adfb8c8054f3e.pdf#page=14,underscore_index,pending_review
02ec82b1931eb6533f83776d2f7adfb8c8054f3e_15,02ec82b1931eb6533f83776d2f7adfb8c8054f3e_page_0015,02ec82b1931eb6533f83776d2f7adfb8c8054f3e.pdf#page=15,underscore_index,pending_review
02ec82b1931eb6533f83776d2f7adfb8c8054f3e_16,02ec82b1931eb6533f83776d2f7adfb8c8054f3e_page_0016,02ec82b1931eb6533f83776d2f7adfb8c8054f3e.pdf#page=16,underscore_index,pending_review
02ec82b1931eb6533f83776d2f7adfb8c8054f3e_17,02ec82b1931eb6533f83776d2f7adfb8c8054f3e_page_0017,02ec82b1931eb6533f83776d2f7adfb8c8054f3e.pdf#page=17,underscore_index,pending_review
02ec82b1931eb6533f83776d2f7adfb8c8054f3e_18,02ec82b1931eb6533f83776d2f7adfb8c8054f3e_page_0018,02ec82b1931eb6533f83776d2f7adfb8c8054f3e.pdf#page=18,underscore_index,pending_review
02ec82b1931eb6533f83776d2f7adfb8c8054f3e_19,02ec82b1931eb6533f83776d2f7adfb8c8054f3e_page_0019,02ec82b1931eb6533f83776d2f7adfb8c8054f3e.pdf#page=19,underscore_index,pending_review
02ec82b1931eb6533f83776d2f7adfb8c8054f3e_20,02ec82b1931eb6533f83776d2f7adfb8c8054f3e_page_0020,02ec82b1931eb6533f83776d2f7adfb8c8054f3e.pdf#page=20,underscore_index,pending_review
02ec82b1931eb6533f83776d2f7adfb8c8054f3e_21,02ec82b1931eb6533f83776d2f7adfb8c8054f3e_page_0021,02ec82b1931eb6533f83776d2f7adfb8c8054f3e.pdf#page=21,underscore_index,pending_review
02ec82b1931eb6533f83776d2f7adfb8c8054f3e_22,02ec82b1931eb6533f83776d2f7adfb8c8054f3e_page_0022,02ec82b1931eb6533f83776d2f7adfb8c8054f3e.pdf#page=22,underscore_index,pending_review
02ec82b1931eb6533f83776d2f7adfb8c8054f3e_23,02ec82b1931eb6533f83776d2f7adfb8c8054f3e_page_0023,02ec82b1931eb6533f83776d2f7adfb8c8054f3e.pdf#page=23,underscore_index,pending_review
02ec82b1931eb6533f83776d2f7adfb8c8054f3e_24,02ec82b1931eb6533f83776d2f7adfb8c8054f3e_page_0024,02ec82b1931eb6533f83776d2f7adfb8c8054f3e.pdf#page=24,underscore_index,pending_review
02f4660e0eab879402f28af77849e932758894d4_1,02f4660e0eab879402f28af77849e932758894d4_page_0001,02f4660e0eab879402f28af77849e932758894d4.pdf#page=1,underscore_index,pending_review
02f4660e0eab879402f28af77849e932758894d4_2,02f4660e0eab879402f28af77849e932758894d4_page_0002,02f4660e0eab879402f28af77849e932758894d4.pdf#page=2,underscore_index,pending_review
02f4660e0eab879402f28af77849e932758894d4_3,02f4660e0eab879402f28af77849e932758894d4_page_0003,02f4660e0eab879402f28af77849e932758894d4.pdf#page=3,underscore_index,pending_review
02f4660e0eab879402f28af77849e932758894d4_4,02f4660e0eab879402f28af77849e932758894d4_page_0004,02f4660e0eab879402f28af77849e932758894d4.pdf#page=4,underscore_index,pending_review
02f4660e0eab879402f28af77849e932758894d4_5,02f4660e0eab879402f28af77849e932758894d4_page_0005,02f4660e0eab879402f28af77849e932758894d4.pdf#page=5,underscore_index,pending_review
02f4660e0eab879402f28af77849e932758894d4_6,02f4660e0eab879402f28af77849e932758894d4_page_0006,02f4660e0eab879402f28af77849e932758894d4.pdf#page=6,underscore_index,pending_review
02f4660e0eab879402f28af77849e932758894d4_7,02f4660e0eab879402f28af77849e932758894d4_page_0007,02f4660e0eab879402f28af77849e932758894d4.pdf#page=7,underscore_index,pending_review
02f4660e0eab879402f28af77849e932758894d4_8,02f4660e0eab879402f28af77849e932758894d4_page_0008,02f4660e0eab879402f28af77849e932758894d4.pdf#page=8,underscore_index,pending_review
02f4660e0eab879402f28af77849e932758894d4_9,02f4660e0eab879402f28af77849e932758894d4_page_0009,02f4660e0eab879402f28af77849e932758894d4.pdf#page=9,underscore_index,pending_review
02f4660e0eab879402f28af77849e932758894d4_10,02f4660e0eab879402f28af77849e932758894d4_page_0010,02f4660e0eab879402f28af77849e932758894d4.pdf#page=10,underscore_index,pending_review
02f4660e0eab879402f28af77849e932758894d4_11,02f4660e0eab879402f28af77849e932758894d4_page_0011,02f4660e0eab879402f28af77849e932758894d4.pdf#page=11,underscore_index,pending_review
02f4660e0eab879402f28af77849e932758894d4_12,02f4660e0eab879402f28af77849e932758894d4_page_0012,02f4660e0eab879402f28af77849e932758894d4.pdf#page=12,underscore_index,pending_review
02f4660e0eab879402f28af77849e932758894d4_13,02f4660e0eab879402f28af77849e932758894d4_page_0013,02f4660e0eab879402f28af77849e932758894d4.pdf#page=13,underscore_index,pending_review
02f4660e0eab879402f28af77849e932758894d4_14,02f4660e0eab879402f28af77849e932758894d4_page_0014,02f4660e0eab879402f28af77849e932758894d4.pdf#page=14,underscore_index,pending_review
02fad63af9e5d225ca97805a30691ac4da45871d_1,02fad63af9e5d225ca97805a30691ac4da45871d_page_0001,02fad63af9e5d225ca97805a30691ac4da45871d.pdf#page=1,underscore_index,pending_review
02fad63af9e5d225ca97805a30691ac4da45871d_2,02fad63af9e5d225ca97805a30691ac4da45871d_page_0002,02fad63af9e5d225ca97805a30691ac4da45871d.pdf#page=2,underscore_index,pending_review
02fad63af9e5d225ca97805a30691ac4da45871d_3,02fad63af9e5d225ca97805a30691ac4da45871d_page_0003,02fad63af9e5d225ca97805a30691ac4da45871d.pdf#page=3,underscore_index,pending_review
02fad63af9e5d225ca97805a30691ac4da45871d_4,02fad63af9e5d225ca97805a30691ac4da45871d_page_0004,02fad63af9e5d225ca97805a30691ac4da45871d.pdf#page=4,underscore_index,pending_review
02fad63af9e5d225ca97805a30691ac4da45871d_5,02fad63af9e5d225ca97805a30691ac4da45871d_page_0005,02fad63af9e5d225ca97805a30691ac4da45871d.pdf#page=5,underscore_index,pending_review
02fad63af9e5d225ca97805a30691ac4da45871d_6,02fad63af9e5d225ca97805a30691ac4da45871d_page_0006,02fad63af9e5d225ca97805a30691ac4da45871d.pdf#page=6,underscore_index,pending_review
02fad63af9e5d225ca97805a30691ac4da45871d_7,02fad63af9e5d225ca97805a30691ac4da45871d_page_0007,02fad63af9e5d225ca97805a30691ac4da45871d.pdf#page=7,underscore_index,pending_review
02fad63af9e5d225ca97805a30691ac4da45871d_8,02fad63af9e5d225ca97805a30691ac4da45871d_page_0008,02fad63af9e5d225ca97805a30691ac4da45871d.pdf#page=8,underscore_index,pending_review
02fad63af9e5d225ca97805a30691ac4da45871d_9,02fad63af9e5d225ca97805a30691ac4da45871d_page_0009,02fad63af9e5d225ca97805a30691ac4da45871d.pdf#page=9,underscore_index,pending_review
02fad63af9e5d225ca97805a30691ac4da45871d_10,02fad63af9e5d225ca97805a30691ac4da45871d_page_0010,02fad63af9e5d225ca97805a30691ac4da45871d.pdf#page=10,underscore_index,pending_review
02fad63af9e5d225ca97805a30691ac4da45871d_11,02fad63af9e5d225ca97805a30691ac4da45871d_page_0011,02fad63af9e5d225ca97805a30691ac4da45871d.pdf#page=11,underscore_index,pending_review
02fad63af9e5d225ca97805a30691ac4da45871d_12,02fad63af9e5d225ca97805a30691ac4da45871d_page_0012,02fad63af9e5d225ca97805a30691ac4da45871d.pdf#page=12,underscore_index,pending_review
02fad63af9e5d225ca97805a30691ac4da45871d_13,02fad63af9e5d225ca97805a30691ac4da45871d_page_0013,02fad63af9e5d225ca97805a30691ac4da45871d.pdf#page=13,underscore_index,pending_review
02fad63af9e5d225ca97805a30691ac4da45871d_14,02fad63af9e5d225ca97805a30691ac4da45871d_page_0014,02fad63af9e5d225ca97805a30691ac4da45871d.pdf#page=14,underscore_index,pending_review
02fad63af9e5d225ca97805a30691ac4da45871d_15,02fad63af9e5d225ca97805a30691ac4da45871d_page_0015,02fad63af9e5d225ca97805a30691ac4da45871d.pdf#page=15,underscore_index,pending_review
02fad63af9e5d225ca97805a30691ac4da45871d_16,02fad63af9e5d225ca97805a30691ac4da45871d_page_0016,02fad63af9e5d225ca97805a30691ac4da45871d.pdf#page=16,underscore_index,pending_review
02fad63af9e5d225ca97805a30691ac4da45871d_17,02fad63af9e5d225ca97805a30691ac4da45871d_page_0017,02fad63af9e5d225ca97805a30691ac4da45871d.pdf#page=17,underscore_index,pending_review
02fad63af9e5d225ca97805a30691ac4da45871d_18,02fad63af9e5d225ca97805a30691ac4da45871d_page_0018,02fad63af9e5d225ca97805a30691ac4da45871d.pdf#page=18,underscore_index,pending_review
02fad63af9e5d225ca97805a30691ac4da45871d_19,02fad63af9e5d225ca97805a30691ac4da45871d_page_0019,02fad63af9e5d225ca97805a30691ac4da45871d.pdf#page=19,underscore_index,pending_review
02fad63af9e5d225ca97805a30691ac4da45871d_20,02fad63af9e5d225ca97805a30691ac4da45871d_page_0020,02fad63af9e5d225ca97805a30691ac4da45871d.pdf#page=20,underscore_index,pending_review
02fad63af9e5d225ca97805a30691ac4da45871d_21,02fad63af9e5d225ca97805a30691ac4da45871d_page_0021,02fad63af9e5d225ca97805a30691ac4da45871d.pdf#page=21,underscore_index,pending_review
02fad63af9e5d225ca97805a30691ac4da45871d_22,02fad63af9e5d225ca97805a30691ac4da45871d_page_0022,02fad63af9e5d225ca97805a30691ac4da45871d.pdf#page=22,underscore_index,pending_review
0309cdc068e3874daff521ef28a4cb8c4246eac0_1,0309cdc068e3874daff521ef28a4cb8c4246eac0_page_0001,0309cdc068e3874daff521ef28a4cb8c4246eac0.pdf#page=1,underscore_index,pending_review
0309cdc068e3874daff521ef28a4cb8c4246eac0_2,0309cdc068e3874daff521ef28a4cb8c4246eac0_page_0002,0309cdc068e3874daff521ef28a4cb8c4246eac0.pdf#page=2,underscore_index,pending_review
0309cdc068e3874daff521ef28a4cb8c4246eac0_3,0309cdc068e3874daff521ef28a4cb8c4246eac0_page_0003,0309cdc068e3874daff521ef28a4cb8c4246eac0.pdf#page=3,underscore_index,pending_review
0309cdc068e3874daff521ef28a4cb8c4246eac0_4,0309cdc068e3874daff521ef28a4cb8c4246eac0_page_0004,0309cdc068e3874daff521ef28a4cb8c4246eac0.pdf#page=4,underscore_index,pending_review
0309cdc068e3874daff521ef28a4cb8c4246eac0_5,0309cdc068e3874daff521ef28a4cb8c4246eac0_page_0005,0309cdc068e3874daff521ef28a4cb8c4246eac0.pdf#page=5,underscore_index,pending_review
0309cdc068e3874daff521ef28a4cb8c4246eac0_6,0309cdc068e3874daff521ef28a4cb8c4246eac0_page_0006,0309cdc068e3874daff521ef28a4cb8c4246eac0.pdf#page=6,underscore_index,pending_review
0309cdc068e3874daff521ef28a4cb8c4246eac0_7,0309cdc068e3874daff521ef28a4cb8c4246eac0_page_0007,0309cdc068e3874daff521ef28a4cb8c4246eac0.pdf#page=7,underscore_index,pending_review
0309cdc068e3874daff521ef28a4cb8c4246eac0_8,0309cdc068e3874daff521ef28a4cb8c4246eac0_page_0008,0309cdc068e3874daff521ef28a4cb8c4246eac0.pdf#page=8,underscore_index,pending_review
0309cdc068e3874daff521ef28a4cb8c4246eac0_9,0309cdc068e3874daff521ef28a4cb8c4246eac0_page_0009,0309cdc068e3874daff521ef28a4cb8c4246eac0.pdf#page=9,underscore_index,pending_review
0309cdc068e3874daff521ef28a4cb8c4246eac0_10,0309cdc068e3874daff521ef28a4cb8c4246eac0_page_0010,0309cdc068e3874daff521ef28a4cb8c4246eac0.pdf#page=10,underscore_index,pending_review
0309cdc068e3874daff521ef28a4cb8c4246eac0_11,0309cdc068e3874daff521ef28a4cb8c4246eac0_page_0011,0309cdc068e3874daff521ef28a4cb8c4246eac0.pdf#page=11,underscore_index,pending_review
0309cdc068e3874daff521ef28a4cb8c4246eac0_12,0309cdc068e3874daff521ef28a4cb8c4246eac0_page_0012,0309cdc068e3874daff521ef28a4cb8c4246eac0.pdf#page=12,underscore_index,pending_review
0309cdc068e3874daff521ef28a4cb8c4246eac0_13,0309cdc068e3874daff521ef28a4cb8c4246eac0_page_0013,0309cdc068e3874daff521ef28a4cb8c4246eac0.pdf#page=13,underscore_index,pending_review
0309cdc068e3874daff521ef28a4cb8c4246eac0_14,0309cdc068e3874daff521ef28a4cb8c4246eac0_page_0014,0309cdc068e3874daff521ef28a4cb8c4246eac0.pdf#page=14,underscore_index,pending_review
0309cdc068e3874daff521ef28a4cb8c4246eac0_15,0309cdc068e3874daff521ef28a4cb8c4246eac0_page_0015,0309cdc068e3874daff521ef28a4cb8c4246eac0.pdf#page=15,underscore_index,pending_review
0309cdc068e3874daff521ef28a4cb8c4246eac0_16,0309cdc068e3874daff521ef28a4cb8c4246eac0_page_0016,0309cdc068e3874daff521ef28a4cb8c4246eac0.pdf#page=16,underscore_index,pending_review
0309cdc068e3874daff521ef28a4cb8c4246eac0_17,0309cdc068e3874daff521ef28a4cb8c4246eac0_page_0017,0309cdc068e3874daff521ef28a4cb8c4246eac0.pdf#page=17,underscore_index,pending_review
0309cdc068e3874daff521ef28a4cb8c4246eac0_18,0309cdc068e3874daff521ef28a4cb8c4246eac0_page_0018,0309cdc068e3874daff521ef28a4cb8c4246eac0.pdf#page=18,underscore_index,pending_review
0309cdc068e3874daff521ef28a4cb8c4246eac0_19,0309cdc068e3874daff521ef28a4cb8c4246eac0_page_0019,0309cdc068e3874daff521ef28a4cb8c4246eac0.pdf#page=19,underscore_index,pending_review
0309cdc068e3874daff521ef28a4cb8c4246eac0_20,0309cdc068e3874daff521ef28a4cb8c4246eac0_page_0020,0309cdc068e3874daff521ef28a4cb8c4246eac0.pdf#page=20,underscore_index,pending_review
0309cdc068e3874daff521ef28a4cb8c4246eac0_21,0309cdc068e3874daff521ef28a4cb8c4246eac0_page_0021,0309cdc068e3874daff521ef28a4cb8c4246eac0.pdf#page=21,underscore_index,pending_review
0309cdc068e3874daff521ef28a4cb8c4246eac0_22,0309cdc068e3874daff521ef28a4cb8c4246eac0_page_0022,0309cdc068e3874daff521ef28a4cb8c4246eac0.pdf#page=22,underscore_index,pending_review
0309cdc068e3874daff521ef28a4cb8c4246eac0_23,0309cdc068e3874daff521ef28a4cb8c4246eac0_page_0023,0309cdc068e3874daff521ef28a4cb8c4246eac0.pdf#page=23,underscore_index,pending_review
0309cdc068e3874daff521ef28a4cb8c4246eac0_24,0309cdc068e3874daff521ef28a4cb8c4246eac0_page_0024,0309cdc068e3874daff521ef28a4cb8c4246eac0.pdf#page=24,underscore_index,pending_review
030dfed8672b1e949201e193e0fb7f1b909b620f_1,030dfed8672b1e949201e193e0fb7f1b909b620f_page_0001,030dfed8672b1e949201e193e0fb7f1b909b620f.pdf#page=1,underscore_index,pending_review
030dfed8672b1e949201e193e0fb7f1b909b620f_2,030dfed8672b1e949201e193e0fb7f1b909b620f_page_0002,030dfed8672b1e949201e193e0fb7f1b909b620f.pdf#page=2,underscore_index,pending_review
030dfed8672b1e949201e193e0fb7f1b909b620f_3,030dfed8672b1e949201e193e0fb7f1b909b620f_page_0003,030dfed8672b1e949201e193e0fb7f1b909b620f.pdf#page=3,underscore_index,pending_review
030dfed8672b1e949201e193e0fb7f1b909b620f_4,030dfed8672b1e949201e193e0fb7f1b909b620f_page_0004,030dfed8672b1e949201e193e0fb7f1b909b620f.pdf#page=4,underscore_index,pending_review
030dfed8672b1e949201e193e0fb7f1b909b620f_5,030dfed8672b1e949201e193e0fb7f1b909b620f_page_0005,030dfed8672b1e949201e193e0fb7f1b909b620f.pdf#page=5,underscore_index,pending_review
030dfed8672b1e949201e193e0fb7f1b909b620f_6,030dfed8672b1e949201e193e0fb7f1b909b620f_page_0006,030dfed8672b1e949201e193e0fb7f1b909b620f.pdf#page=6,underscore_index,pending_review
030dfed8672b1e949201e193e0fb7f1b909b620f_7,030dfed8672b1e949201e193e0fb7f1b909b620f_page_0007,030dfed8672b1e949201e193e0fb7f1b909b620f.pdf#page=7,underscore_index,pending_review
030dfed8672b1e949201e193e0fb7f1b909b620f_8,030dfed8672b1e949201e193e0fb7f1b909b620f_page_0008,030dfed8672b1e949201e193e0fb7f1b909b620f.pdf#page=8,underscore_index,pending_review
030dfed8672b1e949201e193e0fb7f1b909b620f_9,030dfed8672b1e949201e193e0fb7f1b909b620f_page_0009,030dfed8672b1e949201e193e0fb7f1b909b620f.pdf#page=9,underscore_index,pending_review
030dfed8672b1e949201e193e0fb7f1b909b620f_10,030dfed8672b1e949201e193e0fb7f1b909b620f_page_0010,030dfed8672b1e949201e193e0fb7f1b909b620f.pdf#page=10,underscore_index,pending_review
030dfed8672b1e949201e193e0fb7f1b909b620f_11,030dfed8672b1e949201e193e0fb7f1b909b620f_page_0011,030dfed8672b1e949201e193e0fb7f1b909b620f.pdf#page=11,underscore_index,pending_review
030dfed8672b1e949201e193e0fb7f1b909b620f_12,030dfed8672b1e949201e193e0fb7f1b909b620f_page_0012,030dfed8672b1e949201e193e0fb7f1b909b620f.pdf#page=12,underscore_index,pending_review
030dfed8672b1e949201e193e0fb7f1b909b620f_13,030dfed8672b1e949201e193e0fb7f1b909b620f_page_0013,030dfed8672b1e949201e193e0fb7f1b909b620f.pdf#page=13,underscore_index,pending_review
030dfed8672b1e949201e193e0fb7f1b909b620f_14,030dfed8672b1e949201e193e0fb7f1b909b620f_page_0014,030dfed8672b1e949201e193e0fb7f1b909b620f.pdf#page=14,underscore_index,pending_review
030dfed8672b1e949201e193e0fb7f1b909b620f_15,030dfed8672b1e949201e193e0fb7f1b909b620f_page_0015,030dfed8672b1e949201e193e0fb7f1b909b620f.pdf#page=15,underscore_index,pending_review
030dfed8672b1e949201e193e0fb7f1b909b620f_16,030dfed8672b1e949201e193e0fb7f1b909b620f_page_0016,030dfed8672b1e949201e193e0fb7f1b909b620f.pdf#page=16,underscore_index,pending_review
030f9aadf5213406f5bbb4ff47e0d1b2202ac3a4_1,030f9aadf5213406f5bbb4ff47e0d1b2202ac3a4_page_0001,030f9aadf5213406f5bbb4ff47e0d1b2202ac3a4.pdf#page=1,underscore_index,pending_review
030f9aadf5213406f5bbb4ff47e0d1b2202ac3a4_2,030f9aadf5213406f5bbb4ff47e0d1b2202ac3a4_page_0002,030f9aadf5213406f5bbb4ff47e0d1b2202ac3a4.pdf#page=2,underscore_index,pending_review
030f9aadf5213406f5bbb4ff47e0d1b2202ac3a4_3,030f9aadf5213406f5bbb4ff47e0d1b2202ac3a4_page_0003,030f9aadf5213406f5bbb4ff47e0d1b2202ac3a4.pdf#page=3,underscore_index,pending_review
030f9aadf5213406f5bbb4ff47e0d1b2202ac3a4_4,030f9aadf5213406f5bbb4ff47e0d1b2202ac3a4_page_0004,030f9aadf5213406f5bbb4ff47e0d1b2202ac3a4.pdf#page=4,underscore_index,pending_review
030f9aadf5213406f5bbb4ff47e0d1b2202ac3a4_5,030f9aadf5213406f5bbb4ff47e0d1b2202ac3a4_page_0005,030f9aadf5213406f5bbb4ff47e0d1b2202ac3a4.pdf#page=5,underscore_index,pending_review
030f9aadf5213406f5bbb4ff47e0d1b2202ac3a4_6,030f9aadf5213406f5bbb4ff47e0d1b2202ac3a4_page_0006,030f9aadf5213406f5bbb4ff47e0d1b2202ac3a4.pdf#page=6,underscore_index,pending_review
030f9aadf5213406f5bbb4ff47e0d1b2202ac3a4_7,030f9aadf5213406f5bbb4ff47e0d1b2202ac3a4_page_0007,030f9aadf5213406f5bbb4ff47e0d1b2202ac3a4.pdf#page=7,underscore_index,pending_review
030f9aadf5213406f5bbb4ff47e0d1b2202ac3a4_8,030f9aadf5213406f5bbb4ff47e0d1b2202ac3a4_page_0008,030f9aadf5213406f5bbb4ff47e0d1b2202ac3a4.pdf#page=8,underscore_index,pending_review
030f9aadf5213406f5bbb4ff47e0d1b2202ac3a4_9,030f9aadf5213406f5bbb4ff47e0d1b2202ac3a4_page_0009,030f9aadf5213406f5bbb4ff47e0d1b2202ac3a4.pdf#page=9,underscore_index,pending_review
030f9aadf5213406f5bbb4ff47e0d1b2202ac3a4_10,030f9aadf5213406f5bbb4ff47e0d1b2202ac3a4_page_0010,030f9aadf5213406f5bbb4ff47e0d1b2202ac3a4.pdf#page=10,underscore_index,pending_review
030f9aadf5213406f5bbb4ff47e0d1b2202ac3a4_11,030f9aadf5213406f5bbb4ff47e0d1b2202ac3a4_page_0011,030f9aadf5213406f5bbb4ff47e0d1b2202ac3a4.pdf#page=11,underscore_index,pending_review
030f9aadf5213406f5bbb4ff47e0d1b2202ac3a4_12,030f9aadf5213406f5bbb4ff47e0d1b2202ac3a4_page_0012,030f9aadf5213406f5bbb4ff47e0d1b2202ac3a4.pdf#page=12,underscore_index,pending_review
030f9aadf5213406f5bbb4ff47e0d1b2202ac3a4_13,030f9aadf5213406f5bbb4ff47e0d1b2202ac3a4_page_0013,030f9aadf5213406f5bbb4ff47e0d1b2202ac3a4.pdf#page=13,underscore_index,pending_review
030f9aadf5213406f5bbb4ff47e0d1b2202ac3a4_14,030f9aadf5213406f5bbb4ff47e0d1b2202ac3a4_page_0014,030f9aadf5213406f5bbb4ff47e0d1b2202ac3a4.pdf#page=14,underscore_index,pending_review
030f9aadf5213406f5bbb4ff47e0d1b2202ac3a4_15,030f9aadf5213406f5bbb4ff47e0d1b2202ac3a4_page_0015,030f9aadf5213406f5bbb4ff47e0d1b2202ac3a4.pdf#page=15,underscore_index,pending_review
030f9aadf5213406f5bbb4ff47e0d1b2202ac3a4_16,030f9aadf5213406f5bbb4ff47e0d1b2202ac3a4_page_0016,030f9aadf5213406f5bbb4ff47e0d1b2202ac3a4.pdf#page=16,underscore_index,pending_review
030f9aadf5213406f5bbb4ff47e0d1b2202ac3a4_17,030f9aadf5213406f5bbb4ff47e0d1b2202ac3a4_page_0017,030f9aadf5213406f5bbb4ff47e0d1b2202ac3a4.pdf#page=17,underscore_index,pending_review
030f9aadf5213406f5bbb4ff47e0d1b2202ac3a4_18,030f9aadf5213406f5bbb4ff47e0d1b2202ac3a4_page_0018,030f9aadf5213406f5bbb4ff47e0d1b2202ac3a4.pdf#page=18,underscore_index,pending_review
031271a581b8802789a540ffaeca23b68166195b_1,031271a581b8802789a540ffaeca23b68166195b_page_0001,031271a581b8802789a540ffaeca23b68166195b.pdf#page=1,underscore_index,pending_review
031271a581b8802789a540ffaeca23b68166195b_2,031271a581b8802789a540ffaeca23b68166195b_page_0002,031271a581b8802789a540ffaeca23b68166195b.pdf#page=2,underscore_index,pending_review
031271a581b8802789a540ffaeca23b68166195b_3,031271a581b8802789a540ffaeca23b68166195b_page_0003,031271a581b8802789a540ffaeca23b68166195b.pdf#page=3,underscore_index,pending_review
031271a581b8802789a540ffaeca23b68166195b_4,031271a581b8802789a540ffaeca23b68166195b_page_0004,031271a581b8802789a540ffaeca23b68166195b.pdf#page=4,underscore_index,pending_review
031271a581b8802789a540ffaeca23b68166195b_5,031271a581b8802789a540ffaeca23b68166195b_page_0005,031271a581b8802789a540ffaeca23b68166195b.pdf#page=5,underscore_index,pending_review
031271a581b8802789a540ffaeca23b68166195b_6,031271a581b8802789a540ffaeca23b68166195b_page_0006,031271a581b8802789a540ffaeca23b68166195b.pdf#page=6,underscore_index,pending_review
031271a581b8802789a540ffaeca23b68166195b_7,031271a581b8802789a540ffaeca23b68166195b_page_0007,031271a581b8802789a540ffaeca23b68166195b.pdf#page=7,underscore_index,pending_review
031271a581b8802789a540ffaeca23b68166195b_8,031271a581b8802789a540ffaeca23b68166195b_page_0008,031271a581b8802789a540ffaeca23b68166195b.pdf#page=8,underscore_index,pending_review
031271a581b8802789a540ffaeca23b68166195b_9,031271a581b8802789a540ffaeca23b68166195b_page_0009,031271a581b8802789a540ffaeca23b68166195b.pdf#page=9,underscore_index,pending_review
031271a581b8802789a540ffaeca23b68166195b_10,031271a581b8802789a540ffaeca23b68166195b_page_0010,031271a581b8802789a540ffaeca23b68166195b.pdf#page=10,underscore_index,pending_review
031271a581b8802789a540ffaeca23b68166195b_11,031271a581b8802789a540ffaeca23b68166195b_page_0011,031271a581b8802789a540ffaeca23b68166195b.pdf#page=11,underscore_index,pending_review
031271a581b8802789a540ffaeca23b68166195b_12,031271a581b8802789a540ffaeca23b68166195b_page_0012,031271a581b8802789a540ffaeca23b68166195b.pdf#page=12,underscore_index,pending_review
031271a581b8802789a540ffaeca23b68166195b_13,031271a581b8802789a540ffaeca23b68166195b_page_0013,031271a581b8802789a540ffaeca23b68166195b.pdf#page=13,underscore_index,pending_review
031271a581b8802789a540ffaeca23b68166195b_14,031271a581b8802789a540ffaeca23b68166195b_page_0014,031271a581b8802789a540ffaeca23b68166195b.pdf#page=14,underscore_index,pending_review
031271a581b8802789a540ffaeca23b68166195b_15,031271a581b8802789a540ffaeca23b68166195b_page_0015,031271a581b8802789a540ffaeca23b68166195b.pdf#page=15,underscore_index,pending_review
031271a581b8802789a540ffaeca23b68166195b_16,031271a581b8802789a540ffaeca23b68166195b_page_0016,031271a581b8802789a540ffaeca23b68166195b.pdf#page=16,underscore_index,pending_review
0315a7e099d0e42580d92d213ab9d201603934a8_1,0315a7e099d0e42580d92d213ab9d201603934a8_page_0001,0315a7e099d0e42580d92d213ab9d201603934a8.pdf#page=1,underscore_index,pending_review
0315a7e099d0e42580d92d213ab9d201603934a8_2,0315a7e099d0e42580d92d213ab9d201603934a8_page_0002,0315a7e099d0e42580d92d213ab9d201603934a8.pdf#page=2,underscore_index,pending_review
0315a7e099d0e42580d92d213ab9d201603934a8_3,0315a7e099d0e42580d92d213ab9d201603934a8_page_0003,0315a7e099d0e42580d92d213ab9d201603934a8.pdf#page=3,underscore_index,pending_review
0315a7e099d0e42580d92d213ab9d201603934a8_4,0315a7e099d0e42580d92d213ab9d201603934a8_page_0004,0315a7e099d0e42580d92d213ab9d201603934a8.pdf#page=4,underscore_index,pending_review
0315a7e099d0e42580d92d213ab9d201603934a8_5,0315a7e099d0e42580d92d213ab9d201603934a8_page_0005,0315a7e099d0e42580d92d213ab9d201603934a8.pdf#page=5,underscore_index,pending_review
0315a7e099d0e42580d92d213ab9d201603934a8_6,0315a7e099d0e42580d92d213ab9d201603934a8_page_0006,0315a7e099d0e42580d92d213ab9d201603934a8.pdf#page=6,underscore_index,pending_review
0315a7e099d0e42580d92d213ab9d201603934a8_7,0315a7e099d0e42580d92d213ab9d201603934a8_page_0007,0315a7e099d0e42580d92d213ab9d201603934a8.pdf#page=7,underscore_index,pending_review
0315a7e099d0e42580d92d213ab9d201603934a8_8,0315a7e099d0e42580d92d213ab9d201603934a8_page_0008,0315a7e099d0e42580d92d213ab9d201603934a8.pdf#page=8,underscore_index,pending_review
0315a7e099d0e42580d92d213ab9d201603934a8_9,0315a7e099d0e42580d92d213ab9d201603934a8_page_0009,0315a7e099d0e42580d92d213ab9d201603934a8.pdf#page=9,underscore_index,pending_review
0315a7e099d0e42580d92d213ab9d201603934a8_10,0315a7e099d0e42580d92d213ab9d201603934a8_page_0010,0315a7e099d0e42580d92d213ab9d201603934a8.pdf#page=10,underscore_index,pending_review
0315a7e099d0e42580d92d213ab9d201603934a8_11,0315a7e099d0e42580d92d213ab9d201603934a8_page_0011,0315a7e099d0e42580d92d213ab9d201603934a8.pdf#page=11,underscore_index,pending_review
0315a7e099d0e42580d92d213ab9d201603934a8_12,0315a7e099d0e42580d92d213ab9d201603934a8_page_0012,0315a7e099d0e42580d92d213ab9d201603934a8.pdf#page=12,underscore_index,pending_review
0315a7e099d0e42580d92d213ab9d201603934a8_13,0315a7e099d0e42580d92d213ab9d201603934a8_page_0013,0315a7e099d0e42580d92d213ab9d201603934a8.pdf#page=13,underscore_index,pending_review
0315a7e099d0e42580d92d213ab9d201603934a8_14,0315a7e099d0e42580d92d213ab9d201603934a8_page_0014,0315a7e099d0e42580d92d213ab9d201603934a8.pdf#page=14,underscore_index,pending_review
0315a7e099d0e42580d92d213ab9d201603934a8_15,0315a7e099d0e42580d92d213ab9d201603934a8_page_0015,0315a7e099d0e42580d92d213ab9d201603934a8.pdf#page=15,underscore_index,pending_review
0315a7e099d0e42580d92d213ab9d201603934a8_16,0315a7e099d0e42580d92d213ab9d201603934a8_page_0016,0315a7e099d0e42580d92d213ab9d201603934a8.pdf#page=16,underscore_index,pending_review
0315a7e099d0e42580d92d213ab9d201603934a8_17,0315a7e099d0e42580d92d213ab9d201603934a8_page_0017,0315a7e099d0e42580d92d213ab9d201603934a8.pdf#page=17,underscore_index,pending_review
0315a7e099d0e42580d92d213ab9d201603934a8_18,0315a7e099d0e42580d92d213ab9d201603934a8_page_0018,0315a7e099d0e42580d92d213ab9d201603934a8.pdf#page=18,underscore_index,pending_review
0315a7e099d0e42580d92d213ab9d201603934a8_19,0315a7e099d0e42580d92d213ab9d201603934a8_page_0019,0315a7e099d0e42580d92d213ab9d201603934a8.pdf#page=19,underscore_index,pending_review
0315a7e099d0e42580d92d213ab9d201603934a8_20,0315a7e099d0e42580d92d213ab9d201603934a8_page_0020,0315a7e099d0e42580d92d213ab9d201603934a8.pdf#page=20,underscore_index,pending_review
0315a7e099d0e42580d92d213ab9d201603934a8_21,0315a7e099d0e42580d92d213ab9d201603934a8_page_0021,0315a7e099d0e42580d92d213ab9d201603934a8.pdf#page=21,underscore_index,pending_review
0315a7e099d0e42580d92d213ab9d201603934a8_22,0315a7e099d0e42580d92d213ab9d201603934a8_page_0022,0315a7e099d0e42580d92d213ab9d201603934a8.pdf#page=22,underscore_index,pending_review
0315a7e099d0e42580d92d213ab9d201603934a8_23,0315a7e099d0e42580d92d213ab9d201603934a8_page_0023,0315a7e099d0e42580d92d213ab9d201603934a8.pdf#page=23,underscore_index,pending_review
03181f25690efd8f9d1f241a4cb9837db4ab9e20_1,03181f25690efd8f9d1f241a4cb9837db4ab9e20_page_0001,03181f25690efd8f9d1f241a4cb9837db4ab9e20.pdf#page=1,underscore_index,pending_review
03181f25690efd8f9d1f241a4cb9837db4ab9e20_2,03181f25690efd8f9d1f241a4cb9837db4ab9e20_page_0002,03181f25690efd8f9d1f241a4cb9837db4ab9e20.pdf#page=2,underscore_index,pending_review
03181f25690efd8f9d1f241a4cb9837db4ab9e20_3,03181f25690efd8f9d1f241a4cb9837db4ab9e20_page_0003,03181f25690efd8f9d1f241a4cb9837db4ab9e20.pdf#page=3,underscore_index,pending_review
03181f25690efd8f9d1f241a4cb9837db4ab9e20_4,03181f25690efd8f9d1f241a4cb9837db4ab9e20_page_0004,03181f25690efd8f9d1f241a4cb9837db4ab9e20.pdf#page=4,underscore_index,pending_review
03181f25690efd8f9d1f241a4cb9837db4ab9e20_5,03181f25690efd8f9d1f241a4cb9837db4ab9e20_page_0005,03181f25690efd8f9d1f241a4cb9837db4ab9e20.pdf#page=5,underscore_index,pending_review
03181f25690efd8f9d1f241a4cb9837db4ab9e20_6,03181f25690efd8f9d1f241a4cb9837db4ab9e20_page_0006,03181f25690efd8f9d1f241a4cb9837db4ab9e20.pdf#page=6,underscore_index,pending_review
03181f25690efd8f9d1f241a4cb9837db4ab9e20_7,03181f25690efd8f9d1f241a4cb9837db4ab9e20_page_0007,03181f25690efd8f9d1f241a4cb9837db4ab9e20.pdf#page=7,underscore_index,pending_review
03181f25690efd8f9d1f241a4cb9837db4ab9e20_8,03181f25690efd8f9d1f241a4cb9837db4ab9e20_page_0008,03181f25690efd8f9d1f241a4cb9837db4ab9e20.pdf#page=8,underscore_index,pending_review
03181f25690efd8f9d1f241a4cb9837db4ab9e20_9,03181f25690efd8f9d1f241a4cb9837db4ab9e20_page_0009,03181f25690efd8f9d1f241a4cb9837db4ab9e20.pdf#page=9,underscore_index,pending_review
03181f25690efd8f9d1f241a4cb9837db4ab9e20_10,03181f25690efd8f9d1f241a4cb9837db4ab9e20_page_0010,03181f25690efd8f9d1f241a4cb9837db4ab9e20.pdf#page=10,underscore_index,pending_review
03181f25690efd8f9d1f241a4cb9837db4ab9e20_11,03181f25690efd8f9d1f241a4cb9837db4ab9e20_page_0011,03181f25690efd8f9d1f241a4cb9837db4ab9e20.pdf#page=11,underscore_index,pending_review
03181f25690efd8f9d1f241a4cb9837db4ab9e20_12,03181f25690efd8f9d1f241a4cb9837db4ab9e20_page_0012,03181f25690efd8f9d1f241a4cb9837db4ab9e20.pdf#page=12,underscore_index,pending_review
03181f25690efd8f9d1f241a4cb9837db4ab9e20_13,03181f25690efd8f9d1f241a4cb9837db4ab9e20_page_0013,03181f25690efd8f9d1f241a4cb9837db4ab9e20.pdf#page=13,underscore_index,pending_review
031acfd29ec690ea84000b928b3da3b67e973a56_1,031acfd29ec690ea84000b928b3da3b67e973a56_page_0001,031acfd29ec690ea84000b928b3da3b67e973a56.pdf#page=1,underscore_index,pending_review
031acfd29ec690ea84000b928b3da3b67e973a56_2,031acfd29ec690ea84000b928b3da3b67e973a56_page_0002,031acfd29ec690ea84000b928b3da3b67e973a56.pdf#page=2,underscore_index,pending_review
031acfd29ec690ea84000b928b3da3b67e973a56_3,031acfd29ec690ea84000b928b3da3b67e973a56_page_0003,031acfd29ec690ea84000b928b3da3b67e973a56.pdf#page=3,underscore_index,pending_review
031acfd29ec690ea84000b928b3da3b67e973a56_4,031acfd29ec690ea84000b928b3da3b67e973a56_page_0004,031acfd29ec690ea84000b928b3da3b67e973a56.pdf#page=4,underscore_index,pending_review
031acfd29ec690ea84000b928b3da3b67e973a56_5,031acfd29ec690ea84000b928b3da3b67e973a56_page_0005,031acfd29ec690ea84000b928b3da3b67e973a56.pdf#page=5,underscore_index,pending_review
031acfd29ec690ea84000b928b3da3b67e973a56_6,031acfd29ec690ea84000b928b3da3b67e973a56_page_0006,031acfd29ec690ea84000b928b3da3b67e973a56.pdf#page=6,underscore_index,pending_review
031acfd29ec690ea84000b928b3da3b67e973a56_7,031acfd29ec690ea84000b928b3da3b67e973a56_page_0007,031acfd29ec690ea84000b928b3da3b67e973a56.pdf#page=7,underscore_index,pending_review
031acfd29ec690ea84000b928b3da3b67e973a56_8,031acfd29ec690ea84000b928b3da3b67e973a56_page_0008,031acfd29ec690ea84000b928b3da3b67e973a56.pdf#page=8,underscore_index,pending_review
031acfd29ec690ea84000b928b3da3b67e973a56_9,031acfd29ec690ea84000b928b3da3b67e973a56_page_0009,031acfd29ec690ea84000b928b3da3b67e973a56.pdf#page=9,underscore_index,pending_review
031acfd29ec690ea84000b928b3da3b67e973a56_10,031acfd29ec690ea84000b928b3da3b67e973a56_page_0010,031acfd29ec690ea84000b928b3da3b67e973a56.pdf#page=10,underscore_index,pending_review
031acfd29ec690ea84000b928b3da3b67e973a56_11,031acfd29ec690ea84000b928b3da3b67e973a56_page_0011,031acfd29ec690ea84000b928b3da3b67e973a56.pdf#page=11,underscore_index,pending_review
031acfd29ec690ea84000b928b3da3b67e973a56_12,031acfd29ec690ea84000b928b3da3b67e973a56_page_0012,031acfd29ec690ea84000b928b3da3b67e973a56.pdf#page=12,underscore_index,pending_review
031acfd29ec690ea84000b928b3da3b67e973a56_13,031acfd29ec690ea84000b928b3da3b67e973a56_page_0013,031acfd29ec690ea84000b928b3da3b67e973a56.pdf#page=13,underscore_index,pending_review
031acfd29ec690ea84000b928b3da3b67e973a56_14,031acfd29ec690ea84000b928b3da3b67e973a56_page_0014,031acfd29ec690ea84000b928b3da3b67e973a56.pdf#page=14,underscore_index,pending_review
031acfd29ec690ea84000b928b3da3b67e973a56_15,031acfd29ec690ea84000b928b3da3b67e973a56_page_0015,031acfd29ec690ea84000b928b3da3b67e973a56.pdf#page=15,underscore_index,pending_review
031acfd29ec690ea84000b928b3da3b67e973a56_16,031acfd29ec690ea84000b928b3da3b67e973a56_page_0016,031acfd29ec690ea84000b928b3da3b67e973a56.pdf#page=16,underscore_index,pending_review
031acfd29ec690ea84000b928b3da3b67e973a56_17,031acfd29ec690ea84000b928b3da3b67e973a56_page_0017,031acfd29ec690ea84000b928b3da3b67e973a56.pdf#page=17,underscore_index,pending_review
031b2c2942ecd6ac2726e23505aeddb4314b7392_1,031b2c2942ecd6ac2726e23505aeddb4314b7392_page_0001,031b2c2942ecd6ac2726e23505aeddb4314b7392.pdf#page=1,underscore_index,pending_review
031b2c2942ecd6ac2726e23505aeddb4314b7392_2,031b2c2942ecd6ac2726e23505aeddb4314b7392_page_0002,031b2c2942ecd6ac2726e23505aeddb4314b7392.pdf#page=2,underscore_index,pending_review
031b2c2942ecd6ac2726e23505aeddb4314b7392_3,031b2c2942ecd6ac2726e23505aeddb4314b7392_page_0003,031b2c2942ecd6ac2726e23505aeddb4314b7392.pdf#page=3,underscore_index,pending_review
031b2c2942ecd6ac2726e23505aeddb4314b7392_4,031b2c2942ecd6ac2726e23505aeddb4314b7392_page_0004,031b2c2942ecd6ac2726e23505aeddb4314b7392.pdf#page=4,underscore_index,pending_review
031b2c2942ecd6ac2726e23505aeddb4314b7392_5,031b2c2942ecd6ac2726e23505aeddb4314b7392_page_0005,031b2c2942ecd6ac2726e23505aeddb4314b7392.pdf#page=5,underscore_index,pending_review
031b2c2942ecd6ac2726e23505aeddb4314b7392_6,031b2c2942ecd6ac2726e23505aeddb4314b7392_page_0006,031b2c2942ecd6ac2726e23505aeddb4314b7392.pdf#page=6,underscore_index,pending_review
031b2c2942ecd6ac2726e23505aeddb4314b7392_7,031b2c2942ecd6ac2726e23505aeddb4314b7392_page_0007,031b2c2942ecd6ac2726e23505aeddb4314b7392.pdf#page=7,underscore_index,pending_review
031b2c2942ecd6ac2726e23505aeddb4314b7392_8,031b2c2942ecd6ac2726e23505aeddb4314b7392_page_0008,031b2c2942ecd6ac2726e23505aeddb4314b7392.pdf#page=8,underscore_index,pending_review
031b2c2942ecd6ac2726e23505aeddb4314b7392_9,031b2c2942ecd6ac2726e23505aeddb4314b7392_page_0009,031b2c2942ecd6ac2726e23505aeddb4314b7392.pdf#page=9,underscore_index,pending_review
031b2c2942ecd6ac2726e23505aeddb4314b7392_10,031b2c2942ecd6ac2726e23505aeddb4314b7392_page_0010,031b2c2942ecd6ac2726e23505aeddb4314b7392.pdf#page=10,underscore_index,pending_review
031b2c2942ecd6ac2726e23505aeddb4314b7392_11,031b2c2942ecd6ac2726e23505aeddb4314b7392_page_0011,031b2c2942ecd6ac2726e23505aeddb4314b7392.pdf#page=11,underscore_index,pending_review
031b2c2942ecd6ac2726e23505aeddb4314b7392_12,031b2c2942ecd6ac2726e23505aeddb4314b7392_page_0012,031b2c2942ecd6ac2726e23505aeddb4314b7392.pdf#page=12,underscore_index,pending_review
031b2c2942ecd6ac2726e23505aeddb4314b7392_13,031b2c2942ecd6ac2726e23505aeddb4314b7392_page_0013,031b2c2942ecd6ac2726e23505aeddb4314b7392.pdf#page=13,underscore_index,pending_review
031b2c2942ecd6ac2726e23505aeddb4314b7392_14,031b2c2942ecd6ac2726e23505aeddb4314b7392_page_0014,031b2c2942ecd6ac2726e23505aeddb4314b7392.pdf#page=14,underscore_index,pending_review
031b2c2942ecd6ac2726e23505aeddb4314b7392_15,031b2c2942ecd6ac2726e23505aeddb4314b7392_page_0015,031b2c2942ecd6ac2726e23505aeddb4314b7392.pdf#page=15,underscore_index,pending_review
031b2c2942ecd6ac2726e23505aeddb4314b7392_16,031b2c2942ecd6ac2726e23505aeddb4314b7392_page_0016,031b2c2942ecd6ac2726e23505aeddb4314b7392.pdf#page=16,underscore_index,pending_review
031b2c2942ecd6ac2726e23505aeddb4314b7392_17,031b2c2942ecd6ac2726e23505aeddb4314b7392_page_0017,031b2c2942ecd6ac2726e23505aeddb4314b7392.pdf#page=17,underscore_index,pending_review
031b7b7d18c37c9bc134212f6ccf7bac1f06e606_1,031b7b7d18c37c9bc134212f6ccf7bac1f06e606_page_0001,031b7b7d18c37c9bc134212f6ccf7bac1f06e606.pdf#page=1,underscore_index,pending_review
031b7b7d18c37c9bc134212f6ccf7bac1f06e606_2,031b7b7d18c37c9bc134212f6ccf7bac1f06e606_page_0002,031b7b7d18c37c9bc134212f6ccf7bac1f06e606.pdf#page=2,underscore_index,pending_review
031b7b7d18c37c9bc134212f6ccf7bac1f06e606_3,031b7b7d18c37c9bc134212f6ccf7bac1f06e606_page_0003,031b7b7d18c37c9bc134212f6ccf7bac1f06e606.pdf#page=3,underscore_index,pending_review
031b7b7d18c37c9bc134212f6ccf7bac1f06e606_4,031b7b7d18c37c9bc134212f6ccf7bac1f06e606_page_0004,031b7b7d18c37c9bc134212f6ccf7bac1f06e606.pdf#page=4,underscore_index,pending_review
031b7b7d18c37c9bc134212f6ccf7bac1f06e606_5,031b7b7d18c37c9bc134212f6ccf7bac1f06e606_page_0005,031b7b7d18c37c9bc134212f6ccf7bac1f06e606.pdf#page=5,underscore_index,pending_review
031b7b7d18c37c9bc134212f6ccf7bac1f06e606_6,031b7b7d18c37c9bc134212f6ccf7bac1f06e606_page_0006,031b7b7d18c37c9bc134212f6ccf7bac1f06e606.pdf#page=6,underscore_index,pending_review
031b7b7d18c37c9bc134212f6ccf7bac1f06e606_7,031b7b7d18c37c9bc134212f6ccf7bac1f06e606_page_0007,031b7b7d18c37c9bc134212f6ccf7bac1f06e606.pdf#page=7,underscore_index,pending_review
031b7b7d18c37c9bc134212f6ccf7bac1f06e606_8,031b7b7d18c37c9bc134212f6ccf7bac1f06e606_page_0008,031b7b7d18c37c9bc134212f6ccf7bac1f06e606.pdf#page=8,underscore_index,pending_review
031b7b7d18c37c9bc134212f6ccf7bac1f06e606_9,031b7b7d18c37c9bc134212f6ccf7bac1f06e606_page_0009,031b7b7d18c37c9bc134212f6ccf7bac1f06e606.pdf#page=9,underscore_index,pending_review
031b7b7d18c37c9bc134212f6ccf7bac1f06e606_10,031b7b7d18c37c9bc134212f6ccf7bac1f06e606_page_0010,031b7b7d18c37c9bc134212f6ccf7bac1f06e606.pdf#page=10,underscore_index,pending_review
031b7b7d18c37c9bc134212f6ccf7bac1f06e606_11,031b7b7d18c37c9bc134212f6ccf7bac1f06e606_page_0011,031b7b7d18c37c9bc134212f6ccf7bac1f06e606.pdf#page=11,underscore_index,pending_review
031b7b7d18c37c9bc134212f6ccf7bac1f06e606_12,031b7b7d18c37c9bc134212f6ccf7bac1f06e606_page_0012,031b7b7d18c37c9bc134212f6ccf7bac1f06e606.pdf#page=12,underscore_index,pending_review
031b7b7d18c37c9bc134212f6ccf7bac1f06e606_13,031b7b7d18c37c9bc134212f6ccf7bac1f06e606_page_0013,031b7b7d18c37c9bc134212f6ccf7bac1f06e606.pdf#page=13,underscore_index,pending_review
031b7b7d18c37c9bc134212f6ccf7bac1f06e606_14,031b7b7d18c37c9bc134212f6ccf7bac1f06e606_page_0014,031b7b7d18c37c9bc134212f6ccf7bac1f06e606.pdf#page=14,underscore_index,pending_review
031b7b7d18c37c9bc134212f6ccf7bac1f06e606_15,031b7b7d18c37c9bc134212f6ccf7bac1f06e606_page_0015,031b7b7d18c37c9bc134212f6ccf7bac1f06e606.pdf#page=15,underscore_index,pending_review
031b7b7d18c37c9bc134212f6ccf7bac1f06e606_16,031b7b7d18c37c9bc134212f6ccf7bac1f06e606_page_0016,031b7b7d18c37c9bc134212f6ccf7bac1f06e606.pdf#page=16,underscore_index,pending_review
031b7b7d18c37c9bc134212f6ccf7bac1f06e606_17,031b7b7d18c37c9bc134212f6ccf7bac1f06e606_page_0017,031b7b7d18c37c9bc134212f6ccf7bac1f06e606.pdf#page=17,underscore_index,pending_review
031c0c13ba27809088357fd6cc8dfd5f79d5d5c5_1,031c0c13ba27809088357fd6cc8dfd5f79d5d5c5_page_0001,031c0c13ba27809088357fd6cc8dfd5f79d5d5c5.pdf#page=1,underscore_index,pending_review
031c0c13ba27809088357fd6cc8dfd5f79d5d5c5_2,031c0c13ba27809088357fd6cc8dfd5f79d5d5c5_page_0002,031c0c13ba27809088357fd6cc8dfd5f79d5d5c5.pdf#page=2,underscore_index,pending_review
031c0c13ba27809088357fd6cc8dfd5f79d5d5c5_3,031c0c13ba27809088357fd6cc8dfd5f79d5d5c5_page_0003,031c0c13ba27809088357fd6cc8dfd5f79d5d5c5.pdf#page=3,underscore_index,pending_review
031c0c13ba27809088357fd6cc8dfd5f79d5d5c5_4,031c0c13ba27809088357fd6cc8dfd5f79d5d5c5_page_0004,031c0c13ba27809088357fd6cc8dfd5f79d5d5c5.pdf#page=4,underscore_index,pending_review
031c0c13ba27809088357fd6cc8dfd5f79d5d5c5_5,031c0c13ba27809088357fd6cc8dfd5f79d5d5c5_page_0005,031c0c13ba27809088357fd6cc8dfd5f79d5d5c5.pdf#page=5,underscore_index,pending_review
031c0c13ba27809088357fd6cc8dfd5f79d5d5c5_6,031c0c13ba27809088357fd6cc8dfd5f79d5d5c5_page_0006,031c0c13ba27809088357fd6cc8dfd5f79d5d5c5.pdf#page=6,underscore_index,pending_review
031c0c13ba27809088357fd6cc8dfd5f79d5d5c5_7,031c0c13ba27809088357fd6cc8dfd5f79d5d5c5_page_0007,031c0c13ba27809088357fd6cc8dfd5f79d5d5c5.pdf#page=7,underscore_index,pending_review
031c0c13ba27809088357fd6cc8dfd5f79d5d5c5_8,031c0c13ba27809088357fd6cc8dfd5f79d5d5c5_page_0008,031c0c13ba27809088357fd6cc8dfd5f79d5d5c5.pdf#page=8,underscore_index,pending_review
031c0c13ba27809088357fd6cc8dfd5f79d5d5c5_9,031c0c13ba27809088357fd6cc8dfd5f79d5d5c5_page_0009,031c0c13ba27809088357fd6cc8dfd5f79d5d5c5.pdf#page=9,underscore_index,pending_review
031c0c13ba27809088357fd6cc8dfd5f79d5d5c5_10,031c0c13ba27809088357fd6cc8dfd5f79d5d5c5_page_0010,031c0c13ba27809088357fd6cc8dfd5f79d5d5c5.pdf#page=10,underscore_index,pending_review
031c0c13ba27809088357fd6cc8dfd5f79d5d5c5_11,031c0c13ba27809088357fd6cc8dfd5f79d5d5c5_page_0011,031c0c13ba27809088357fd6cc8dfd5f79d5d5c5.pdf#page=11,underscore_index,pending_review
031c0c13ba27809088357fd6cc8dfd5f79d5d5c5_12,031c0c13ba27809088357fd6cc8dfd5f79d5d5c5_page_0012,031c0c13ba27809088357fd6cc8dfd5f79d5d5c5.pdf#page=12,underscore_index,pending_review
031c0c13ba27809088357fd6cc8dfd5f79d5d5c5_13,031c0c13ba27809088357fd6cc8dfd5f79d5d5c5_page_0013,031c0c13ba27809088357fd6cc8dfd5f79d5d5c5.pdf#page=13,underscore_index,pending_review
031c0c13ba27809088357fd6cc8dfd5f79d5d5c5_14,031c0c13ba27809088357fd6cc8dfd5f79d5d5c5_page_0014,031c0c13ba27809088357fd6cc8dfd5f79d5d5c5.pdf#page=14,underscore_index,pending_review
031c0c13ba27809088357fd6cc8dfd5f79d5d5c5_15,031c0c13ba27809088357fd6cc8dfd5f79d5d5c5_page_0015,031c0c13ba27809088357fd6cc8dfd5f79d5d5c5.pdf#page=15,underscore_index,pending_review
031c0c13ba27809088357fd6cc8dfd5f79d5d5c5_16,031c0c13ba27809088357fd6cc8dfd5f79d5d5c5_page_0016,031c0c13ba27809088357fd6cc8dfd5f79d5d5c5.pdf#page=16,underscore_index,pending_review
031c0c13ba27809088357fd6cc8dfd5f79d5d5c5_17,031c0c13ba27809088357fd6cc8dfd5f79d5d5c5_page_0017,031c0c13ba27809088357fd6cc8dfd5f79d5d5c5.pdf#page=17,underscore_index,pending_review
031c0c13ba27809088357fd6cc8dfd5f79d5d5c5_18,031c0c13ba27809088357fd6cc8dfd5f79d5d5c5_page_0018,031c0c13ba27809088357fd6cc8dfd5f79d5d5c5.pdf#page=18,underscore_index,pending_review
031e852a852b2ca2fd7f646ece8d87d8d552ac94_1,031e852a852b2ca2fd7f646ece8d87d8d552ac94_page_0001,031e852a852b2ca2fd7f646ece8d87d8d552ac94.pdf#page=1,underscore_index,pending_review
031e852a852b2ca2fd7f646ece8d87d8d552ac94_2,031e852a852b2ca2fd7f646ece8d87d8d552ac94_page_0002,031e852a852b2ca2fd7f646ece8d87d8d552ac94.pdf#page=2,underscore_index,pending_review
031e852a852b2ca2fd7f646ece8d87d8d552ac94_3,031e852a852b2ca2fd7f646ece8d87d8d552ac94_page_0003,031e852a852b2ca2fd7f646ece8d87d8d552ac94.pdf#page=3,underscore_index,pending_review
031e852a852b2ca2fd7f646ece8d87d8d552ac94_4,031e852a852b2ca2fd7f646ece8d87d8d552ac94_page_0004,031e852a852b2ca2fd7f646ece8d87d8d552ac94.pdf#page=4,underscore_index,pending_review
031e852a852b2ca2fd7f646ece8d87d8d552ac94_5,031e852a852b2ca2fd7f646ece8d87d8d552ac94_page_0005,031e852a852b2ca2fd7f646ece8d87d8d552ac94.pdf#page=5,underscore_index,pending_review
031e852a852b2ca2fd7f646ece8d87d8d552ac94_6,031e852a852b2ca2fd7f646ece8d87d8d552ac94_page_0006,031e852a852b2ca2fd7f646ece8d87d8d552ac94.pdf#page=6,underscore_index,pending_review
031e852a852b2ca2fd7f646ece8d87d8d552ac94_7,031e852a852b2ca2fd7f646ece8d87d8d552ac94_page_0007,031e852a852b2ca2fd7f646ece8d87d8d552ac94.pdf#page=7,underscore_index,pending_review
031e852a852b2ca2fd7f646ece8d87d8d552ac94_8,031e852a852b2ca2fd7f646ece8d87d8d552ac94_page_0008,031e852a852b2ca2fd7f646ece8d87d8d552ac94.pdf#page=8,underscore_index,pending_review
031e852a852b2ca2fd7f646ece8d87d8d552ac94_9,031e852a852b2ca2fd7f646ece8d87d8d552ac94_page_0009,031e852a852b2ca2fd7f646ece8d87d8d552ac94.pdf#page=9,underscore_index,pending_review
031e852a852b2ca2fd7f646ece8d87d8d552ac94_10,031e852a852b2ca2fd7f646ece8d87d8d552ac94_page_0010,031e852a852b2ca2fd7f646ece8d87d8d552ac94.pdf#page=10,underscore_index,pending_review
031e852a852b2ca2fd7f646ece8d87d8d552ac94_11,031e852a852b2ca2fd7f646ece8d87d8d552ac94_page_0011,031e852a852b2ca2fd7f646ece8d87d8d552ac94.pdf#page=11,underscore_index,pending_review
031e852a852b2ca2fd7f646ece8d87d8d552ac94_12,031e852a852b2ca2fd7f646ece8d87d8d552ac94_page_0012,031e852a852b2ca2fd7f646ece8d87d8d552ac94.pdf#page=12,underscore_index,pending_review
031e852a852b2ca2fd7f646ece8d87d8d552ac94_13,031e852a852b2ca2fd7f646ece8d87d8d552ac94_page_0013,031e852a852b2ca2fd7f646ece8d87d8d552ac94.pdf#page=13,underscore_index,pending_review
031e852a852b2ca2fd7f646ece8d87d8d552ac94_14,031e852a852b2ca2fd7f646ece8d87d8d552ac94_page_0014,031e852a852b2ca2fd7f646ece8d87d8d552ac94.pdf#page=14,underscore_index,pending_review
031e852a852b2ca2fd7f646ece8d87d8d552ac94_15,031e852a852b2ca2fd7f646ece8d87d8d552ac94_page_0015,031e852a852b2ca2fd7f646ece8d87d8d552ac94.pdf#page=15,underscore_index,pending_review
031e852a852b2ca2fd7f646ece8d87d8d552ac94_16,031e852a852b2ca2fd7f646ece8d87d8d552ac94_page_0016,031e852a852b2ca2fd7f646ece8d87d8d552ac94.pdf#page=16,underscore_index,pending_review
031e852a852b2ca2fd7f646ece8d87d8d552ac94_17,031e852a852b2ca2fd7f646ece8d87d8d552ac94_page_0017,031e852a852b2ca2fd7f646ece8d87d8d552ac94.pdf#page=17,underscore_index,pending_review
031e852a852b2ca2fd7f646ece8d87d8d552ac94_18,031e852a852b2ca2fd7f646ece8d87d8d552ac94_page_0018,031e852a852b2ca2fd7f646ece8d87d8d552ac94.pdf#page=18,underscore_index,pending_review
031e852a852b2ca2fd7f646ece8d87d8d552ac94_19,031e852a852b2ca2fd7f646ece8d87d8d552ac94_page_0019,031e852a852b2ca2fd7f646ece8d87d8d552ac94.pdf#page=19,underscore_index,pending_review
031e852a852b2ca2fd7f646ece8d87d8d552ac94_20,031e852a852b2ca2fd7f646ece8d87d8d552ac94_page_0020,031e852a852b2ca2fd7f646ece8d87d8d552ac94.pdf#page=20,underscore_index,pending_review
031e852a852b2ca2fd7f646ece8d87d8d552ac94_21,031e852a852b2ca2fd7f646ece8d87d8d552ac94_page_0021,031e852a852b2ca2fd7f646ece8d87d8d552ac94.pdf#page=21,underscore_index,pending_review
031e852a852b2ca2fd7f646ece8d87d8d552ac94_22,031e852a852b2ca2fd7f646ece8d87d8d552ac94_page_0022,031e852a852b2ca2fd7f646ece8d87d8d552ac94.pdf#page=22,underscore_index,pending_review
031e852a852b2ca2fd7f646ece8d87d8d552ac94_23,031e852a852b2ca2fd7f646ece8d87d8d552ac94_page_0023,031e852a852b2ca2fd7f646ece8d87d8d552ac94.pdf#page=23,underscore_index,pending_review
031e852a852b2ca2fd7f646ece8d87d8d552ac94_24,031e852a852b2ca2fd7f646ece8d87d8d552ac94_page_0024,031e852a852b2ca2fd7f646ece8d87d8d552ac94.pdf#page=24,underscore_index,pending_review
031e852a852b2ca2fd7f646ece8d87d8d552ac94_25,031e852a852b2ca2fd7f646ece8d87d8d552ac94_page_0025,031e852a852b2ca2fd7f646ece8d87d8d552ac94.pdf#page=25,underscore_index,pending_review
031fea85e1f8e5802aa7e0eb796ee3df76837872_1,031fea85e1f8e5802aa7e0eb796ee3df76837872_page_0001,031fea85e1f8e5802aa7e0eb796ee3df76837872.pdf#page=1,underscore_index,pending_review
031fea85e1f8e5802aa7e0eb796ee3df76837872_2,031fea85e1f8e5802aa7e0eb796ee3df76837872_page_0002,031fea85e1f8e5802aa7e0eb796ee3df76837872.pdf#page=2,underscore_index,pending_review
031fea85e1f8e5802aa7e0eb796ee3df76837872_3,031fea85e1f8e5802aa7e0eb796ee3df76837872_page_0003,031fea85e1f8e5802aa7e0eb796ee3df76837872.pdf#page=3,underscore_index,pending_review
031fea85e1f8e5802aa7e0eb796ee3df76837872_4,031fea85e1f8e5802aa7e0eb796ee3df76837872_page_0004,031fea85e1f8e5802aa7e0eb796ee3df76837872.pdf#page=4,underscore_index,pending_review
031fea85e1f8e5802aa7e0eb796ee3df76837872_5,031fea85e1f8e5802aa7e0eb796ee3df76837872_page_0005,031fea85e1f8e5802aa7e0eb796ee3df76837872.pdf#page=5,underscore_index,pending_review
031fea85e1f8e5802aa7e0eb796ee3df76837872_6,031fea85e1f8e5802aa7e0eb796ee3df76837872_page_0006,031fea85e1f8e5802aa7e0eb796ee3df76837872.pdf#page=6,underscore_index,pending_review
03244446f5499b38d84fb09e3ba09f995eb0692a_1,03244446f5499b38d84fb09e3ba09f995eb0692a_page_0001,03244446f5499b38d84fb09e3ba09f995eb0692a.pdf#page=1,underscore_index,pending_review
03244446f5499b38d84fb09e3ba09f995eb0692a_2,03244446f5499b38d84fb09e3ba09f995eb0692a_page_0002,03244446f5499b38d84fb09e3ba09f995eb0692a.pdf#page=2,underscore_index,pending_review
03244446f5499b38d84fb09e3ba09f995eb0692a_3,03244446f5499b38d84fb09e3ba09f995eb0692a_page_0003,03244446f5499b38d84fb09e3ba09f995eb0692a.pdf#page=3,underscore_index,pending_review
03244446f5499b38d84fb09e3ba09f995eb0692a_4,03244446f5499b38d84fb09e3ba09f995eb0692a_page_0004,03244446f5499b38d84fb09e3ba09f995eb0692a.pdf#page=4,underscore_index,pending_review
03244446f5499b38d84fb09e3ba09f995eb0692a_5,03244446f5499b38d84fb09e3ba09f995eb0692a_page_0005,03244446f5499b38d84fb09e3ba09f995eb0692a.pdf#page=5,underscore_index,pending_review
03244446f5499b38d84fb09e3ba09f995eb0692a_6,03244446f5499b38d84fb09e3ba09f995eb0692a_page_0006,03244446f5499b38d84fb09e3ba09f995eb0692a.pdf#page=6,underscore_index,pending_review
03244446f5499b38d84fb09e3ba09f995eb0692a_7,03244446f5499b38d84fb09e3ba09f995eb0692a_page_0007,03244446f5499b38d84fb09e3ba09f995eb0692a.pdf#page=7,underscore_index,pending_review
03244446f5499b38d84fb09e3ba09f995eb0692a_8,03244446f5499b38d84fb09e3ba09f995eb0692a_page_0008,03244446f5499b38d84fb09e3ba09f995eb0692a.pdf#page=8,underscore_index,pending_review
03244446f5499b38d84fb09e3ba09f995eb0692a_9,03244446f5499b38d84fb09e3ba09f995eb0692a_page_0009,03244446f5499b38d84fb09e3ba09f995eb0692a.pdf#page=9,underscore_index,pending_review
03244446f5499b38d84fb09e3ba09f995eb0692a_10,03244446f5499b38d84fb09e3ba09f995eb0692a_page_0010,03244446f5499b38d84fb09e3ba09f995eb0692a.pdf#page=10,underscore_index,pending_review
03244446f5499b38d84fb09e3ba09f995eb0692a_11,03244446f5499b38d84fb09e3ba09f995eb0692a_page_0011,03244446f5499b38d84fb09e3ba09f995eb0692a.pdf#page=11,underscore_index,pending_review
03244446f5499b38d84fb09e3ba09f995eb0692a_12,03244446f5499b38d84fb09e3ba09f995eb0692a_page_0012,03244446f5499b38d84fb09e3ba09f995eb0692a.pdf#page=12,underscore_index,pending_review
03244446f5499b38d84fb09e3ba09f995eb0692a_13,03244446f5499b38d84fb09e3ba09f995eb0692a_page_0013,03244446f5499b38d84fb09e3ba09f995eb0692a.pdf#page=13,underscore_index,pending_review
03244446f5499b38d84fb09e3ba09f995eb0692a_14,03244446f5499b38d84fb09e3ba09f995eb0692a_page_0014,03244446f5499b38d84fb09e3ba09f995eb0692a.pdf#page=14,underscore_index,pending_review
03244446f5499b38d84fb09e3ba09f995eb0692a_15,03244446f5499b38d84fb09e3ba09f995eb0692a_page_0015,03244446f5499b38d84fb09e3ba09f995eb0692a.pdf#page=15,underscore_index,pending_review
03244446f5499b38d84fb09e3ba09f995eb0692a_16,03244446f5499b38d84fb09e3ba09f995eb0692a_page_0016,03244446f5499b38d84fb09e3ba09f995eb0692a.pdf#page=16,underscore_index,pending_review
032581d016eb696657d7cbc94adeb2d1451e3f3a_1,032581d016eb696657d7cbc94adeb2d1451e3f3a_page_0001,032581d016eb696657d7cbc94adeb2d1451e3f3a.pdf#page=1,underscore_index,pending_review
032581d016eb696657d7cbc94adeb2d1451e3f3a_2,032581d016eb696657d7cbc94adeb2d1451e3f3a_page_0002,032581d016eb696657d7cbc94adeb2d1451e3f3a.pdf#page=2,underscore_index,pending_review
032581d016eb696657d7cbc94adeb2d1451e3f3a_3,032581d016eb696657d7cbc94adeb2d1451e3f3a_page_0003,032581d016eb696657d7cbc94adeb2d1451e3f3a.pdf#page=3,underscore_index,pending_review
032581d016eb696657d7cbc94adeb2d1451e3f3a_4,032581d016eb696657d7cbc94adeb2d1451e3f3a_page_0004,032581d016eb696657d7cbc94adeb2d1451e3f3a.pdf#page=4,underscore_index,pending_review
032581d016eb696657d7cbc94adeb2d1451e3f3a_5,032581d016eb696657d7cbc94adeb2d1451e3f3a_page_0005,032581d016eb696657d7cbc94adeb2d1451e3f3a.pdf#page=5,underscore_index,pending_review
032581d016eb696657d7cbc94adeb2d1451e3f3a_6,032581d016eb696657d7cbc94adeb2d1451e3f3a_page_0006,032581d016eb696657d7cbc94adeb2d1451e3f3a.pdf#page=6,underscore_index,pending_review
032581d016eb696657d7cbc94adeb2d1451e3f3a_7,032581d016eb696657d7cbc94adeb2d1451e3f3a_page_0007,032581d016eb696657d7cbc94adeb2d1451e3f3a.pdf#page=7,underscore_index,pending_review
032581d016eb696657d7cbc94adeb2d1451e3f3a_8,032581d016eb696657d7cbc94adeb2d1451e3f3a_page_0008,032581d016eb696657d7cbc94adeb2d1451e3f3a.pdf#page=8,underscore_index,pending_review
032581d016eb696657d7cbc94adeb2d1451e3f3a_9,032581d016eb696657d7cbc94adeb2d1451e3f3a_page_0009,032581d016eb696657d7cbc94adeb2d1451e3f3a.pdf#page=9,underscore_index,pending_review
032581d016eb696657d7cbc94adeb2d1451e3f3a_10,032581d016eb696657d7cbc94adeb2d1451e3f3a_page_0010,032581d016eb696657d7cbc94adeb2d1451e3f3a.pdf#page=10,underscore_index,pending_review
032581d016eb696657d7cbc94adeb2d1451e3f3a_11,032581d016eb696657d7cbc94adeb2d1451e3f3a_page_0011,032581d016eb696657d7cbc94adeb2d1451e3f3a.pdf#page=11,underscore_index,pending_review
032581d016eb696657d7cbc94adeb2d1451e3f3a_12,032581d016eb696657d7cbc94adeb2d1451e3f3a_page_0012,032581d016eb696657d7cbc94adeb2d1451e3f3a.pdf#page=12,underscore_index,pending_review
032581d016eb696657d7cbc94adeb2d1451e3f3a_13,032581d016eb696657d7cbc94adeb2d1451e3f3a_page_0013,032581d016eb696657d7cbc94adeb2d1451e3f3a.pdf#page=13,underscore_index,pending_review
032581d016eb696657d7cbc94adeb2d1451e3f3a_14,032581d016eb696657d7cbc94adeb2d1451e3f3a_page_0014,032581d016eb696657d7cbc94adeb2d1451e3f3a.pdf#page=14,underscore_index,pending_review
032581d016eb696657d7cbc94adeb2d1451e3f3a_15,032581d016eb696657d7cbc94adeb2d1451e3f3a_page_0015,032581d016eb696657d7cbc94adeb2d1451e3f3a.pdf#page=15,underscore_index,pending_review
032581d016eb696657d7cbc94adeb2d1451e3f3a_16,032581d016eb696657d7cbc94adeb2d1451e3f3a_page_0016,032581d016eb696657d7cbc94adeb2d1451e3f3a.pdf#page=16,underscore_index,pending_review
032581d016eb696657d7cbc94adeb2d1451e3f3a_17,032581d016eb696657d7cbc94adeb2d1451e3f3a_page_0017,032581d016eb696657d7cbc94adeb2d1451e3f3a.pdf#page=17,underscore_index,pending_review
032581d016eb696657d7cbc94adeb2d1451e3f3a_18,032581d016eb696657d7cbc94adeb2d1451e3f3a_page_0018,032581d016eb696657d7cbc94adeb2d1451e3f3a.pdf#page=18,underscore_index,pending_review
0325f2543fd5aa5598d96e475cebc6135842f554_1,0325f2543fd5aa5598d96e475cebc6135842f554_page_0001,0325f2543fd5aa5598d96e475cebc6135842f554.pdf#page=1,underscore_index,pending_review
0325f2543fd5aa5598d96e475cebc6135842f554_2,0325f2543fd5aa5598d96e475cebc6135842f554_page_0002,0325f2543fd5aa5598d96e475cebc6135842f554.pdf#page=2,underscore_index,pending_review
0325f2543fd5aa5598d96e475cebc6135842f554_3,0325f2543fd5aa5598d96e475cebc6135842f554_page_0003,0325f2543fd5aa5598d96e475cebc6135842f554.pdf#page=3,underscore_index,pending_review
0325f2543fd5aa5598d96e475cebc6135842f554_4,0325f2543fd5aa5598d96e475cebc6135842f554_page_0004,0325f2543fd5aa5598d96e475cebc6135842f554.pdf#page=4,underscore_index,pending_review
0325f2543fd5aa5598d96e475cebc6135842f554_5,0325f2543fd5aa5598d96e475cebc6135842f554_page_0005,0325f2543fd5aa5598d96e475cebc6135842f554.pdf#page=5,underscore_index,pending_review
0325f2543fd5aa5598d96e475cebc6135842f554_6,0325f2543fd5aa5598d96e475cebc6135842f554_page_0006,0325f2543fd5aa5598d96e475cebc6135842f554.pdf#page=6,underscore_index,pending_review
0325f2543fd5aa5598d96e475cebc6135842f554_7,0325f2543fd5aa5598d96e475cebc6135842f554_page_0007,0325f2543fd5aa5598d96e475cebc6135842f554.pdf#page=7,underscore_index,pending_review
0325f2543fd5aa5598d96e475cebc6135842f554_8,0325f2543fd5aa5598d96e475cebc6135842f554_page_0008,0325f2543fd5aa5598d96e475cebc6135842f554.pdf#page=8,underscore_index,pending_review
0325f2543fd5aa5598d96e475cebc6135842f554_9,0325f2543fd5aa5598d96e475cebc6135842f554_page_0009,0325f2543fd5aa5598d96e475cebc6135842f554.pdf#page=9,underscore_index,pending_review
0325f2543fd5aa5598d96e475cebc6135842f554_10,0325f2543fd5aa5598d96e475cebc6135842f554_page_0010,0325f2543fd5aa5598d96e475cebc6135842f554.pdf#page=10,underscore_index,pending_review
0325f2543fd5aa5598d96e475cebc6135842f554_11,0325f2543fd5aa5598d96e475cebc6135842f554_page_0011,0325f2543fd5aa5598d96e475cebc6135842f554.pdf#page=11,underscore_index,pending_review
0325f2543fd5aa5598d96e475cebc6135842f554_12,0325f2543fd5aa5598d96e475cebc6135842f554_page_0012,0325f2543fd5aa5598d96e475cebc6135842f554.pdf#page=12,underscore_index,pending_review
0325f2543fd5aa5598d96e475cebc6135842f554_13,0325f2543fd5aa5598d96e475cebc6135842f554_page_0013,0325f2543fd5aa5598d96e475cebc6135842f554.pdf#page=13,underscore_index,pending_review
0325f2543fd5aa5598d96e475cebc6135842f554_14,0325f2543fd5aa5598d96e475cebc6135842f554_page_0014,0325f2543fd5aa5598d96e475cebc6135842f554.pdf#page=14,underscore_index,pending_review
0325f2543fd5aa5598d96e475cebc6135842f554_15,0325f2543fd5aa5598d96e475cebc6135842f554_page_0015,0325f2543fd5aa5598d96e475cebc6135842f554.pdf#page=15,underscore_index,pending_review
0325f2543fd5aa5598d96e475cebc6135842f554_16,0325f2543fd5aa5598d96e475cebc6135842f554_page_0016,0325f2543fd5aa5598d96e475cebc6135842f554.pdf#page=16,underscore_index,pending_review
0325f2543fd5aa5598d96e475cebc6135842f554_17,0325f2543fd5aa5598d96e475cebc6135842f554_page_0017,0325f2543fd5aa5598d96e475cebc6135842f554.pdf#page=17,underscore_index,pending_review
0325f2543fd5aa5598d96e475cebc6135842f554_18,0325f2543fd5aa5598d96e475cebc6135842f554_page_0018,0325f2543fd5aa5598d96e475cebc6135842f554.pdf#page=18,underscore_index,pending_review
0325f2543fd5aa5598d96e475cebc6135842f554_19,0325f2543fd5aa5598d96e475cebc6135842f554_page_0019,0325f2543fd5aa5598d96e475cebc6135842f554.pdf#page=19,underscore_index,pending_review
0325f2543fd5aa5598d96e475cebc6135842f554_20,0325f2543fd5aa5598d96e475cebc6135842f554_page_0020,0325f2543fd5aa5598d96e475cebc6135842f554.pdf#page=20,underscore_index,pending_review
0325f2543fd5aa5598d96e475cebc6135842f554_21,0325f2543fd5aa5598d96e475cebc6135842f554_page_0021,0325f2543fd5aa5598d96e475cebc6135842f554.pdf#page=21,underscore_index,pending_review
0325f2543fd5aa5598d96e475cebc6135842f554_22,0325f2543fd5aa5598d96e475cebc6135842f554_page_0022,0325f2543fd5aa5598d96e475cebc6135842f554.pdf#page=22,underscore_index,pending_review
0325f2543fd5aa5598d96e475cebc6135842f554_23,0325f2543fd5aa5598d96e475cebc6135842f554_page_0023,0325f2543fd5aa5598d96e475cebc6135842f554.pdf#page=23,underscore_index,pending_review
0325f2543fd5aa5598d96e475cebc6135842f554_24,0325f2543fd5aa5598d96e475cebc6135842f554_page_0024,0325f2543fd5aa5598d96e475cebc6135842f554.pdf#page=24,underscore_index,pending_review
0326d17c46b12ae5a6621ac965080b97824083dc_1,0326d17c46b12ae5a6621ac965080b97824083dc_page_0001,0326d17c46b12ae5a6621ac965080b97824083dc.pdf#page=1,underscore_index,pending_review
0326d17c46b12ae5a6621ac965080b97824083dc_2,0326d17c46b12ae5a6621ac965080b97824083dc_page_0002,0326d17c46b12ae5a6621ac965080b97824083dc.pdf#page=2,underscore_index,pending_review
0326d17c46b12ae5a6621ac965080b97824083dc_3,0326d17c46b12ae5a6621ac965080b97824083dc_page_0003,0326d17c46b12ae5a6621ac965080b97824083dc.pdf#page=3,underscore_index,pending_review
0326d17c46b12ae5a6621ac965080b97824083dc_4,0326d17c46b12ae5a6621ac965080b97824083dc_page_0004,0326d17c46b12ae5a6621ac965080b97824083dc.pdf#page=4,underscore_index,pending_review
0326d17c46b12ae5a6621ac965080b97824083dc_5,0326d17c46b12ae5a6621ac965080b97824083dc_page_0005,0326d17c46b12ae5a6621ac965080b97824083dc.pdf#page=5,underscore_index,pending_review
0326d17c46b12ae5a6621ac965080b97824083dc_6,0326d17c46b12ae5a6621ac965080b97824083dc_page_0006,0326d17c46b12ae5a6621ac965080b97824083dc.pdf#page=6,underscore_index,pending_review
0326d17c46b12ae5a6621ac965080b97824083dc_7,0326d17c46b12ae5a6621ac965080b97824083dc_page_0007,0326d17c46b12ae5a6621ac965080b97824083dc.pdf#page=7,underscore_index,pending_review
0326d17c46b12ae5a6621ac965080b97824083dc_8,0326d17c46b12ae5a6621ac965080b97824083dc_page_0008,0326d17c46b12ae5a6621ac965080b97824083dc.pdf#page=8,underscore_index,pending_review
0326d17c46b12ae5a6621ac965080b97824083dc_9,0326d17c46b12ae5a6621ac965080b97824083dc_page_0009,0326d17c46b12ae5a6621ac965080b97824083dc.pdf#page=9,underscore_index,pending_review
0326d17c46b12ae5a6621ac965080b97824083dc_10,0326d17c46b12ae5a6621ac965080b97824083dc_page_0010,0326d17c46b12ae5a6621ac965080b97824083dc.pdf#page=10,underscore_index,pending_review
0326d17c46b12ae5a6621ac965080b97824083dc_11,0326d17c46b12ae5a6621ac965080b97824083dc_page_0011,0326d17c46b12ae5a6621ac965080b97824083dc.pdf#page=11,underscore_index,pending_review
0326d17c46b12ae5a6621ac965080b97824083dc_12,0326d17c46b12ae5a6621ac965080b97824083dc_page_0012,0326d17c46b12ae5a6621ac965080b97824083dc.pdf#page=12,underscore_index,pending_review
032c88c2530df468cd1180a3313ebf4707f9b2f1_1,032c88c2530df468cd1180a3313ebf4707f9b2f1_page_0001,032c88c2530df468cd1180a3313ebf4707f9b2f1.pdf#page=1,underscore_index,pending_review
032c88c2530df468cd1180a3313ebf4707f9b2f1_2,032c88c2530df468cd1180a3313ebf4707f9b2f1_page_0002,032c88c2530df468cd1180a3313ebf4707f9b2f1.pdf#page=2,underscore_index,pending_review
032c88c2530df468cd1180a3313ebf4707f9b2f1_3,032c88c2530df468cd1180a3313ebf4707f9b2f1_page_0003,032c88c2530df468cd1180a3313ebf4707f9b2f1.pdf#page=3,underscore_index,pending_review
032c88c2530df468cd1180a3313ebf4707f9b2f1_4,032c88c2530df468cd1180a3313ebf4707f9b2f1_page_0004,032c88c2530df468cd1180a3313ebf4707f9b2f1.pdf#page=4,underscore_index,pending_review
032c88c2530df468cd1180a3313ebf4707f9b2f1_5,032c88c2530df468cd1180a3313ebf4707f9b2f1_page_0005,032c88c2530df468cd1180a3313ebf4707f9b2f1.pdf#page=5,underscore_index,pending_review
032c88c2530df468cd1180a3313ebf4707f9b2f1_6,032c88c2530df468cd1180a3313ebf4707f9b2f1_page_0006,032c88c2530df468cd1180a3313ebf4707f9b2f1.pdf#page=6,underscore_index,pending_review
032c88c2530df468cd1180a3313ebf4707f9b2f1_7,032c88c2530df468cd1180a3313ebf4707f9b2f1_page_0007,032c88c2530df468cd1180a3313ebf4707f9b2f1.pdf#page=7,underscore_index,pending_review
032c88c2530df468cd1180a3313ebf4707f9b2f1_8,032c88c2530df468cd1180a3313ebf4707f9b2f1_page_0008,032c88c2530df468cd1180a3313ebf4707f9b2f1.pdf#page=8,underscore_index,pending_review
0330f7d99a9decfb3453a864ae658b4e8185a992_1,0330f7d99a9decfb3453a864ae658b4e8185a992_page_0001,0330f7d99a9decfb3453a864ae658b4e8185a992.pdf#page=1,underscore_index,pending_review
0330f7d99a9decfb3453a864ae658b4e8185a992_2,0330f7d99a9decfb3453a864ae658b4e8185a992_page_0002,0330f7d99a9decfb3453a864ae658b4e8185a992.pdf#page=2,underscore_index,pending_review
0330f7d99a9decfb3453a864ae658b4e8185a992_3,0330f7d99a9decfb3453a864ae658b4e8185a992_page_0003,0330f7d99a9decfb3453a864ae658b4e8185a992.pdf#page=3,underscore_index,pending_review
0330f7d99a9decfb3453a864ae658b4e8185a992_4,0330f7d99a9decfb3453a864ae658b4e8185a992_page_0004,0330f7d99a9decfb3453a864ae658b4e8185a992.pdf#page=4,underscore_index,pending_review
0330f7d99a9decfb3453a864ae658b4e8185a992_5,0330f7d99a9decfb3453a864ae658b4e8185a992_page_0005,0330f7d99a9decfb3453a864ae658b4e8185a992.pdf#page=5,underscore_index,pending_review
0330f7d99a9decfb3453a864ae658b4e8185a992_6,0330f7d99a9decfb3453a864ae658b4e8185a992_page_0006,0330f7d99a9decfb3453a864ae658b4e8185a992.pdf#page=6,underscore_index,pending_review
0330f7d99a9decfb3453a864ae658b4e8185a992_7,0330f7d99a9decfb3453a864ae658b4e8185a992_page_0007,0330f7d99a9decfb3453a864ae658b4e8185a992.pdf#page=7,underscore_index,pending_review
0330f7d99a9decfb3453a864ae658b4e8185a992_8,0330f7d99a9decfb3453a864ae658b4e8185a992_page_0008,0330f7d99a9decfb3453a864ae658b4e8185a992.pdf#page=8,underscore_index,pending_review
0330f7d99a9decfb3453a864ae658b4e8185a992_9,0330f7d99a9decfb3453a864ae658b4e8185a992_page_0009,0330f7d99a9decfb3453a864ae658b4e8185a992.pdf#page=9,underscore_index,pending_review
0330f7d99a9decfb3453a864ae658b4e8185a992_10,0330f7d99a9decfb3453a864ae658b4e8185a992_page_0010,0330f7d99a9decfb3453a864ae658b4e8185a992.pdf#page=10,underscore_index,pending_review
0330f7d99a9decfb3453a864ae658b4e8185a992_11,0330f7d99a9decfb3453a864ae658b4e8185a992_page_0011,0330f7d99a9decfb3453a864ae658b4e8185a992.pdf#page=11,underscore_index,pending_review
0330f7d99a9decfb3453a864ae658b4e8185a992_12,0330f7d99a9decfb3453a864ae658b4e8185a992_page_0012,0330f7d99a9decfb3453a864ae658b4e8185a992.pdf#page=12,underscore_index,pending_review
0330f7d99a9decfb3453a864ae658b4e8185a992_13,0330f7d99a9decfb3453a864ae658b4e8185a992_page_0013,0330f7d99a9decfb3453a864ae658b4e8185a992.pdf#page=13,underscore_index,pending_review
0330f7d99a9decfb3453a864ae658b4e8185a992_14,0330f7d99a9decfb3453a864ae658b4e8185a992_page_0014,0330f7d99a9decfb3453a864ae658b4e8185a992.pdf#page=14,underscore_index,pending_review
0330f7d99a9decfb3453a864ae658b4e8185a992_15,0330f7d99a9decfb3453a864ae658b4e8185a992_page_0015,0330f7d99a9decfb3453a864ae658b4e8185a992.pdf#page=15,underscore_index,pending_review
0330f7d99a9decfb3453a864ae658b4e8185a992_16,0330f7d99a9decfb3453a864ae658b4e8185a992_page_0016,0330f7d99a9decfb3453a864ae658b4e8185a992.pdf#page=16,underscore_index,pending_review
0330f7d99a9decfb3453a864ae658b4e8185a992_17,0330f7d99a9decfb3453a864ae658b4e8185a992_page_0017,0330f7d99a9decfb3453a864ae658b4e8185a992.pdf#page=17,underscore_index,pending_review
0330f7d99a9decfb3453a864ae658b4e8185a992_18,0330f7d99a9decfb3453a864ae658b4e8185a992_page_0018,0330f7d99a9decfb3453a864ae658b4e8185a992.pdf#page=18,underscore_index,pending_review
0330f7d99a9decfb3453a864ae658b4e8185a992_19,0330f7d99a9decfb3453a864ae658b4e8185a992_page_0019,0330f7d99a9decfb3453a864ae658b4e8185a992.pdf#page=19,underscore_index,pending_review
0330f7d99a9decfb3453a864ae658b4e8185a992_20,0330f7d99a9decfb3453a864ae658b4e8185a992_page_0020,0330f7d99a9decfb3453a864ae658b4e8185a992.pdf#page=20,underscore_index,pending_review
0330f7d99a9decfb3453a864ae658b4e8185a992_21,0330f7d99a9decfb3453a864ae658b4e8185a992_page_0021,0330f7d99a9decfb3453a864ae658b4e8185a992.pdf#page=21,underscore_index,pending_review
0330f7d99a9decfb3453a864ae658b4e8185a992_22,0330f7d99a9decfb3453a864ae658b4e8185a992_page_0022,0330f7d99a9decfb3453a864ae658b4e8185a992.pdf#page=22,underscore_index,pending_review
0330f7d99a9decfb3453a864ae658b4e8185a992_23,0330f7d99a9decfb3453a864ae658b4e8185a992_page_0023,0330f7d99a9decfb3453a864ae658b4e8185a992.pdf#page=23,underscore_index,pending_review
0330f7d99a9decfb3453a864ae658b4e8185a992_24,0330f7d99a9decfb3453a864ae658b4e8185a992_page_0024,0330f7d99a9decfb3453a864ae658b4e8185a992.pdf#page=24,underscore_index,pending_review
0330f7d99a9decfb3453a864ae658b4e8185a992_25,0330f7d99a9decfb3453a864ae658b4e8185a992_page_0025,0330f7d99a9decfb3453a864ae658b4e8185a992.pdf#page=25,underscore_index,pending_review
0333acd34369002c5edea3756ab6564959a4501e_1,0333acd34369002c5edea3756ab6564959a4501e_page_0001,0333acd34369002c5edea3756ab6564959a4501e.pdf#page=1,underscore_index,pending_review
0333acd34369002c5edea3756ab6564959a4501e_2,0333acd34369002c5edea3756ab6564959a4501e_page_0002,0333acd34369002c5edea3756ab6564959a4501e.pdf#page=2,underscore_index,pending_review
0333acd34369002c5edea3756ab6564959a4501e_3,0333acd34369002c5edea3756ab6564959a4501e_page_0003,0333acd34369002c5edea3756ab6564959a4501e.pdf#page=3,underscore_index,pending_review
0333acd34369002c5edea3756ab6564959a4501e_4,0333acd34369002c5edea3756ab6564959a4501e_page_0004,0333acd34369002c5edea3756ab6564959a4501e.pdf#page=4,underscore_index,pending_review
0333acd34369002c5edea3756ab6564959a4501e_5,0333acd34369002c5edea3756ab6564959a4501e_page_0005,0333acd34369002c5edea3756ab6564959a4501e.pdf#page=5,underscore_index,pending_review
0333acd34369002c5edea3756ab6564959a4501e_6,0333acd34369002c5edea3756ab6564959a4501e_page_0006,0333acd34369002c5edea3756ab6564959a4501e.pdf#page=6,underscore_index,pending_review
0333acd34369002c5edea3756ab6564959a4501e_7,0333acd34369002c5edea3756ab6564959a4501e_page_0007,0333acd34369002c5edea3756ab6564959a4501e.pdf#page=7,underscore_index,pending_review
0333acd34369002c5edea3756ab6564959a4501e_8,0333acd34369002c5edea3756ab6564959a4501e_page_0008,0333acd34369002c5edea3756ab6564959a4501e.pdf#page=8,underscore_index,pending_review
0333acd34369002c5edea3756ab6564959a4501e_9,0333acd34369002c5edea3756ab6564959a4501e_page_0009,0333acd34369002c5edea3756ab6564959a4501e.pdf#page=9,underscore_index,pending_review
0333acd34369002c5edea3756ab6564959a4501e_10,0333acd34369002c5edea3756ab6564959a4501e_page_0010,0333acd34369002c5edea3756ab6564959a4501e.pdf#page=10,underscore_index,pending_review
0333acd34369002c5edea3756ab6564959a4501e_11,0333acd34369002c5edea3756ab6564959a4501e_page_0011,0333acd34369002c5edea3756ab6564959a4501e.pdf#page=11,underscore_index,pending_review
0333acd34369002c5edea3756ab6564959a4501e_12,0333acd34369002c5edea3756ab6564959a4501e_page_0012,0333acd34369002c5edea3756ab6564959a4501e.pdf#page=12,underscore_index,pending_review
0333acd34369002c5edea3756ab6564959a4501e_13,0333acd34369002c5edea3756ab6564959a4501e_page_0013,0333acd34369002c5edea3756ab6564959a4501e.pdf#page=13,underscore_index,pending_review
0333acd34369002c5edea3756ab6564959a4501e_14,0333acd34369002c5edea3756ab6564959a4501e_page_0014,0333acd34369002c5edea3756ab6564959a4501e.pdf#page=14,underscore_index,pending_review
0333acd34369002c5edea3756ab6564959a4501e_15,0333acd34369002c5edea3756ab6564959a4501e_page_0015,0333acd34369002c5edea3756ab6564959a4501e.pdf#page=15,underscore_index,pending_review
0333acd34369002c5edea3756ab6564959a4501e_16,0333acd34369002c5edea3756ab6564959a4501e_page_0016,0333acd34369002c5edea3756ab6564959a4501e.pdf#page=16,underscore_index,pending_review
0333acd34369002c5edea3756ab6564959a4501e_17,0333acd34369002c5edea3756ab6564959a4501e_page_0017,0333acd34369002c5edea3756ab6564959a4501e.pdf#page=17,underscore_index,pending_review
0333acd34369002c5edea3756ab6564959a4501e_18,0333acd34369002c5edea3756ab6564959a4501e_page_0018,0333acd34369002c5edea3756ab6564959a4501e.pdf#page=18,underscore_index,pending_review
0333acd34369002c5edea3756ab6564959a4501e_19,0333acd34369002c5edea3756ab6564959a4501e_page_0019,0333acd34369002c5edea3756ab6564959a4501e.pdf#page=19,underscore_index,pending_review
0333acd34369002c5edea3756ab6564959a4501e_20,0333acd34369002c5edea3756ab6564959a4501e_page_0020,0333acd34369002c5edea3756ab6564959a4501e.pdf#page=20,underscore_index,pending_review
0333acd34369002c5edea3756ab6564959a4501e_21,0333acd34369002c5edea3756ab6564959a4501e_page_0021,0333acd34369002c5edea3756ab6564959a4501e.pdf#page=21,underscore_index,pending_review
03342a0175f5314185dece3b8f2777f36759bf4c_1,03342a0175f5314185dece3b8f2777f36759bf4c_page_0001,03342a0175f5314185dece3b8f2777f36759bf4c.pdf#page=1,underscore_index,pending_review
03342a0175f5314185dece3b8f2777f36759bf4c_2,03342a0175f5314185dece3b8f2777f36759bf4c_page_0002,03342a0175f5314185dece3b8f2777f36759bf4c.pdf#page=2,underscore_index,pending_review
03342a0175f5314185dece3b8f2777f36759bf4c_3,03342a0175f5314185dece3b8f2777f36759bf4c_page_0003,03342a0175f5314185dece3b8f2777f36759bf4c.pdf#page=3,underscore_index,pending_review
03342a0175f5314185dece3b8f2777f36759bf4c_4,03342a0175f5314185dece3b8f2777f36759bf4c_page_0004,03342a0175f5314185dece3b8f2777f36759bf4c.pdf#page=4,underscore_index,pending_review
03342a0175f5314185dece3b8f2777f36759bf4c_5,03342a0175f5314185dece3b8f2777f36759bf4c_page_0005,03342a0175f5314185dece3b8f2777f36759bf4c.pdf#page=5,underscore_index,pending_review
03342a0175f5314185dece3b8f2777f36759bf4c_6,03342a0175f5314185dece3b8f2777f36759bf4c_page_0006,03342a0175f5314185dece3b8f2777f36759bf4c.pdf#page=6,underscore_index,pending_review
03342a0175f5314185dece3b8f2777f36759bf4c_7,03342a0175f5314185dece3b8f2777f36759bf4c_page_0007,03342a0175f5314185dece3b8f2777f36759bf4c.pdf#page=7,underscore_index,pending_review
03342a0175f5314185dece3b8f2777f36759bf4c_8,03342a0175f5314185dece3b8f2777f36759bf4c_page_0008,03342a0175f5314185dece3b8f2777f36759bf4c.pdf#page=8,underscore_index,pending_review
03342a0175f5314185dece3b8f2777f36759bf4c_9,03342a0175f5314185dece3b8f2777f36759bf4c_page_0009,03342a0175f5314185dece3b8f2777f36759bf4c.pdf#page=9,underscore_index,pending_review
03342a0175f5314185dece3b8f2777f36759bf4c_10,03342a0175f5314185dece3b8f2777f36759bf4c_page_0010,03342a0175f5314185dece3b8f2777f36759bf4c.pdf#page=10,underscore_index,pending_review
03342a0175f5314185dece3b8f2777f36759bf4c_11,03342a0175f5314185dece3b8f2777f36759bf4c_page_0011,03342a0175f5314185dece3b8f2777f36759bf4c.pdf#page=11,underscore_index,pending_review
03342a0175f5314185dece3b8f2777f36759bf4c_12,03342a0175f5314185dece3b8f2777f36759bf4c_page_0012,03342a0175f5314185dece3b8f2777f36759bf4c.pdf#page=12,underscore_index,pending_review
03342a0175f5314185dece3b8f2777f36759bf4c_13,03342a0175f5314185dece3b8f2777f36759bf4c_page_0013,03342a0175f5314185dece3b8f2777f36759bf4c.pdf#page=13,underscore_index,pending_review
03342a0175f5314185dece3b8f2777f36759bf4c_14,03342a0175f5314185dece3b8f2777f36759bf4c_page_0014,03342a0175f5314185dece3b8f2777f36759bf4c.pdf#page=14,underscore_index,pending_review
03342a0175f5314185dece3b8f2777f36759bf4c_15,03342a0175f5314185dece3b8f2777f36759bf4c_page_0015,03342a0175f5314185dece3b8f2777f36759bf4c.pdf#page=15,underscore_index,pending_review
03342a0175f5314185dece3b8f2777f36759bf4c_16,03342a0175f5314185dece3b8f2777f36759bf4c_page_0016,03342a0175f5314185dece3b8f2777f36759bf4c.pdf#page=16,underscore_index,pending_review
03342a0175f5314185dece3b8f2777f36759bf4c_17,03342a0175f5314185dece3b8f2777f36759bf4c_page_0017,03342a0175f5314185dece3b8f2777f36759bf4c.pdf#page=17,underscore_index,pending_review
03342a0175f5314185dece3b8f2777f36759bf4c_18,03342a0175f5314185dece3b8f2777f36759bf4c_page_0018,03342a0175f5314185dece3b8f2777f36759bf4c.pdf#page=18,underscore_index,pending_review
03342a0175f5314185dece3b8f2777f36759bf4c_19,03342a0175f5314185dece3b8f2777f36759bf4c_page_0019,03342a0175f5314185dece3b8f2777f36759bf4c.pdf#page=19,underscore_index,pending_review
03377aa7680d54b29304cb427153ab26facda5ec_1,03377aa7680d54b29304cb427153ab26facda5ec_page_0001,03377aa7680d54b29304cb427153ab26facda5ec.pdf#page=1,underscore_index,pending_review
03377aa7680d54b29304cb427153ab26facda5ec_2,03377aa7680d54b29304cb427153ab26facda5ec_page_0002,03377aa7680d54b29304cb427153ab26facda5ec.pdf#page=2,underscore_index,pending_review
03377aa7680d54b29304cb427153ab26facda5ec_3,03377aa7680d54b29304cb427153ab26facda5ec_page_0003,03377aa7680d54b29304cb427153ab26facda5ec.pdf#page=3,underscore_index,pending_review
03377aa7680d54b29304cb427153ab26facda5ec_4,03377aa7680d54b29304cb427153ab26facda5ec_page_0004,03377aa7680d54b29304cb427153ab26facda5ec.pdf#page=4,underscore_index,pending_review
03377aa7680d54b29304cb427153ab26facda5ec_5,03377aa7680d54b29304cb427153ab26facda5ec_page_0005,03377aa7680d54b29304cb427153ab26facda5ec.pdf#page=5,underscore_index,pending_review
03377aa7680d54b29304cb427153ab26facda5ec_6,03377aa7680d54b29304cb427153ab26facda5ec_page_0006,03377aa7680d54b29304cb427153ab26facda5ec.pdf#page=6,underscore_index,pending_review
03377aa7680d54b29304cb427153ab26facda5ec_7,03377aa7680d54b29304cb427153ab26facda5ec_page_0007,03377aa7680d54b29304cb427153ab26facda5ec.pdf#page=7,underscore_index,pending_review
03377aa7680d54b29304cb427153ab26facda5ec_8,03377aa7680d54b29304cb427153ab26facda5ec_page_0008,03377aa7680d54b29304cb427153ab26facda5ec.pdf#page=8,underscore_index,pending_review
03377aa7680d54b29304cb427153ab26facda5ec_9,03377aa7680d54b29304cb427153ab26facda5ec_page_0009,03377aa7680d54b29304cb427153ab26facda5ec.pdf#page=9,underscore_index,pending_review
03377aa7680d54b29304cb427153ab26facda5ec_10,03377aa7680d54b29304cb427153ab26facda5ec_page_0010,03377aa7680d54b29304cb427153ab26facda5ec.pdf#page=10,underscore_index,pending_review
03377aa7680d54b29304cb427153ab26facda5ec_11,03377aa7680d54b29304cb427153ab26facda5ec_page_0011,03377aa7680d54b29304cb427153ab26facda5ec.pdf#page=11,underscore_index,pending_review
03377aa7680d54b29304cb427153ab26facda5ec_12,03377aa7680d54b29304cb427153ab26facda5ec_page_0012,03377aa7680d54b29304cb427153ab26facda5ec.pdf#page=12,underscore_index,pending_review
03377aa7680d54b29304cb427153ab26facda5ec_13,03377aa7680d54b29304cb427153ab26facda5ec_page_0013,03377aa7680d54b29304cb427153ab26facda5ec.pdf#page=13,underscore_index,pending_review
03377aa7680d54b29304cb427153ab26facda5ec_14,03377aa7680d54b29304cb427153ab26facda5ec_page_0014,03377aa7680d54b29304cb427153ab26facda5ec.pdf#page=14,underscore_index,pending_review
03377aa7680d54b29304cb427153ab26facda5ec_15,03377aa7680d54b29304cb427153ab26facda5ec_page_0015,03377aa7680d54b29304cb427153ab26facda5ec.pdf#page=15,underscore_index,pending_review
03377aa7680d54b29304cb427153ab26facda5ec_16,03377aa7680d54b29304cb427153ab26facda5ec_page_0016,03377aa7680d54b29304cb427153ab26facda5ec.pdf#page=16,underscore_index,pending_review
03377aa7680d54b29304cb427153ab26facda5ec_17,03377aa7680d54b29304cb427153ab26facda5ec_page_0017,03377aa7680d54b29304cb427153ab26facda5ec.pdf#page=17,underscore_index,pending_review
03377aa7680d54b29304cb427153ab26facda5ec_18,03377aa7680d54b29304cb427153ab26facda5ec_page_0018,03377aa7680d54b29304cb427153ab26facda5ec.pdf#page=18,underscore_index,pending_review
03377aa7680d54b29304cb427153ab26facda5ec_19,03377aa7680d54b29304cb427153ab26facda5ec_page_0019,03377aa7680d54b29304cb427153ab26facda5ec.pdf#page=19,underscore_index,pending_review
03377aa7680d54b29304cb427153ab26facda5ec_20,03377aa7680d54b29304cb427153ab26facda5ec_page_0020,03377aa7680d54b29304cb427153ab26facda5ec.pdf#page=20,underscore_index,pending_review
03377aa7680d54b29304cb427153ab26facda5ec_21,03377aa7680d54b29304cb427153ab26facda5ec_page_0021,03377aa7680d54b29304cb427153ab26facda5ec.pdf#page=21,underscore_index,pending_review
03377aa7680d54b29304cb427153ab26facda5ec_22,03377aa7680d54b29304cb427153ab26facda5ec_page_0022,03377aa7680d54b29304cb427153ab26facda5ec.pdf#page=22,underscore_index,pending_review
03377aa7680d54b29304cb427153ab26facda5ec_23,03377aa7680d54b29304cb427153ab26facda5ec_page_0023,03377aa7680d54b29304cb427153ab26facda5ec.pdf#page=23,underscore_index,pending_review
03379bd7e36465b4632439f8dad4beae1459b9fe_1,03379bd7e36465b4632439f8dad4beae1459b9fe_page_0001,03379bd7e36465b4632439f8dad4beae1459b9fe.pdf#page=1,underscore_index,pending_review
03379bd7e36465b4632439f8dad4beae1459b9fe_2,03379bd7e36465b4632439f8dad4beae1459b9fe_page_0002,03379bd7e36465b4632439f8dad4beae1459b9fe.pdf#page=2,underscore_index,pending_review
03379bd7e36465b4632439f8dad4beae1459b9fe_3,03379bd7e36465b4632439f8dad4beae1459b9fe_page_0003,03379bd7e36465b4632439f8dad4beae1459b9fe.pdf#page=3,underscore_index,pending_review
03379bd7e36465b4632439f8dad4beae1459b9fe_4,03379bd7e36465b4632439f8dad4beae1459b9fe_page_0004,03379bd7e36465b4632439f8dad4beae1459b9fe.pdf#page=4,underscore_index,pending_review
03379bd7e36465b4632439f8dad4beae1459b9fe_5,03379bd7e36465b4632439f8dad4beae1459b9fe_page_0005,03379bd7e36465b4632439f8dad4beae1459b9fe.pdf#page=5,underscore_index,pending_review
03379bd7e36465b4632439f8dad4beae1459b9fe_6,03379bd7e36465b4632439f8dad4beae1459b9fe_page_0006,03379bd7e36465b4632439f8dad4beae1459b9fe.pdf#page=6,underscore_index,pending_review
03379bd7e36465b4632439f8dad4beae1459b9fe_7,03379bd7e36465b4632439f8dad4beae1459b9fe_page_0007,03379bd7e36465b4632439f8dad4beae1459b9fe.pdf#page=7,underscore_index,pending_review
03379bd7e36465b4632439f8dad4beae1459b9fe_8,03379bd7e36465b4632439f8dad4beae1459b9fe_page_0008,03379bd7e36465b4632439f8dad4beae1459b9fe.pdf#page=8,underscore_index,pending_review
03379bd7e36465b4632439f8dad4beae1459b9fe_9,03379bd7e36465b4632439f8dad4beae1459b9fe_page_0009,03379bd7e36465b4632439f8dad4beae1459b9fe.pdf#page=9,underscore_index,pending_review
03379bd7e36465b4632439f8dad4beae1459b9fe_10,03379bd7e36465b4632439f8dad4beae1459b9fe_page_0010,03379bd7e36465b4632439f8dad4beae1459b9fe.pdf#page=10,underscore_index,pending_review
03379bd7e36465b4632439f8dad4beae1459b9fe_11,03379bd7e36465b4632439f8dad4beae1459b9fe_page_0011,03379bd7e36465b4632439f8dad4beae1459b9fe.pdf#page=11,underscore_index,pending_review
03379bd7e36465b4632439f8dad4beae1459b9fe_12,03379bd7e36465b4632439f8dad4beae1459b9fe_page_0012,03379bd7e36465b4632439f8dad4beae1459b9fe.pdf#page=12,underscore_index,pending_review
033ca8a1636d5112160d47897b766462c4993823_1,033ca8a1636d5112160d47897b766462c4993823_page_0001,033ca8a1636d5112160d47897b766462c4993823.pdf#page=1,underscore_index,pending_review
033ca8a1636d5112160d47897b766462c4993823_2,033ca8a1636d5112160d47897b766462c4993823_page_0002,033ca8a1636d5112160d47897b766462c4993823.pdf#page=2,underscore_index,pending_review
033ca8a1636d5112160d47897b766462c4993823_3,033ca8a1636d5112160d47897b766462c4993823_page_0003,033ca8a1636d5112160d47897b766462c4993823.pdf#page=3,underscore_index,pending_review
033ca8a1636d5112160d47897b766462c4993823_4,033ca8a1636d5112160d47897b766462c4993823_page_0004,033ca8a1636d5112160d47897b766462c4993823.pdf#page=4,underscore_index,pending_review
033ca8a1636d5112160d47897b766462c4993823_5,033ca8a1636d5112160d47897b766462c4993823_page_0005,033ca8a1636d5112160d47897b766462c4993823.pdf#page=5,underscore_index,pending_review
033ca8a1636d5112160d47897b766462c4993823_6,033ca8a1636d5112160d47897b766462c4993823_page_0006,033ca8a1636d5112160d47897b766462c4993823.pdf#page=6,underscore_index,pending_review
033ca8a1636d5112160d47897b766462c4993823_7,033ca8a1636d5112160d47897b766462c4993823_page_0007,033ca8a1636d5112160d47897b766462c4993823.pdf#page=7,underscore_index,pending_review
033ca8a1636d5112160d47897b766462c4993823_8,033ca8a1636d5112160d47897b766462c4993823_page_0008,033ca8a1636d5112160d47897b766462c4993823.pdf#page=8,underscore_index,pending_review
033ca8a1636d5112160d47897b766462c4993823_9,033ca8a1636d5112160d47897b766462c4993823_page_0009,033ca8a1636d5112160d47897b766462c4993823.pdf#page=9,underscore_index,pending_review
033ca8a1636d5112160d47897b766462c4993823_10,033ca8a1636d5112160d47897b766462c4993823_page_0010,033ca8a1636d5112160d47897b766462c4993823.pdf#page=10,underscore_index,pending_review
033ca8a1636d5112160d47897b766462c4993823_11,033ca8a1636d5112160d47897b766462c4993823_page_0011,033ca8a1636d5112160d47897b766462c4993823.pdf#page=11,underscore_index,pending_review
033ca8a1636d5112160d47897b766462c4993823_12,033ca8a1636d5112160d47897b766462c4993823_page_0012,033ca8a1636d5112160d47897b766462c4993823.pdf#page=12,underscore_index,pending_review
033ca8a1636d5112160d47897b766462c4993823_13,033ca8a1636d5112160d47897b766462c4993823_page_0013,033ca8a1636d5112160d47897b766462c4993823.pdf#page=13,underscore_index,pending_review
033ca8a1636d5112160d47897b766462c4993823_14,033ca8a1636d5112160d47897b766462c4993823_page_0014,033ca8a1636d5112160d47897b766462c4993823.pdf#page=14,underscore_index,pending_review
033ca8a1636d5112160d47897b766462c4993823_15,033ca8a1636d5112160d47897b766462c4993823_page_0015,033ca8a1636d5112160d47897b766462c4993823.pdf#page=15,underscore_index,pending_review
033ca8a1636d5112160d47897b766462c4993823_16,033ca8a1636d5112160d47897b766462c4993823_page_0016,033ca8a1636d5112160d47897b766462c4993823.pdf#page=16,underscore_index,pending_review
033ca8a1636d5112160d47897b766462c4993823_17,033ca8a1636d5112160d47897b766462c4993823_page_0017,033ca8a1636d5112160d47897b766462c4993823.pdf#page=17,underscore_index,pending_review
033ca8a1636d5112160d47897b766462c4993823_18,033ca8a1636d5112160d47897b766462c4993823_page_0018,033ca8a1636d5112160d47897b766462c4993823.pdf#page=18,underscore_index,pending_review
033ca8a1636d5112160d47897b766462c4993823_19,033ca8a1636d5112160d47897b766462c4993823_page_0019,033ca8a1636d5112160d47897b766462c4993823.pdf#page=19,underscore_index,pending_review
033ca8a1636d5112160d47897b766462c4993823_20,033ca8a1636d5112160d47897b766462c4993823_page_0020,033ca8a1636d5112160d47897b766462c4993823.pdf#page=20,underscore_index,pending_review
033ca8a1636d5112160d47897b766462c4993823_21,033ca8a1636d5112160d47897b766462c4993823_page_0021,033ca8a1636d5112160d47897b766462c4993823.pdf#page=21,underscore_index,pending_review
033ca8a1636d5112160d47897b766462c4993823_22,033ca8a1636d5112160d47897b766462c4993823_page_0022,033ca8a1636d5112160d47897b766462c4993823.pdf#page=22,underscore_index,pending_review
033ca8a1636d5112160d47897b766462c4993823_23,033ca8a1636d5112160d47897b766462c4993823_page_0023,033ca8a1636d5112160d47897b766462c4993823.pdf#page=23,underscore_index,pending_review
033e2499e1186982a8c8e06254bf19c2005e89c9_1,033e2499e1186982a8c8e06254bf19c2005e89c9_page_0001,033e2499e1186982a8c8e06254bf19c2005e89c9.pdf#page=1,underscore_index,pending_review
033e2499e1186982a8c8e06254bf19c2005e89c9_2,033e2499e1186982a8c8e06254bf19c2005e89c9_page_0002,033e2499e1186982a8c8e06254bf19c2005e89c9.pdf#page=2,underscore_index,pending_review
033e2499e1186982a8c8e06254bf19c2005e89c9_3,033e2499e1186982a8c8e06254bf19c2005e89c9_page_0003,033e2499e1186982a8c8e06254bf19c2005e89c9.pdf#page=3,underscore_index,pending_review
033e2499e1186982a8c8e06254bf19c2005e89c9_4,033e2499e1186982a8c8e06254bf19c2005e89c9_page_0004,033e2499e1186982a8c8e06254bf19c2005e89c9.pdf#page=4,underscore_index,pending_review
033e2499e1186982a8c8e06254bf19c2005e89c9_5,033e2499e1186982a8c8e06254bf19c2005e89c9_page_0005,033e2499e1186982a8c8e06254bf19c2005e89c9.pdf#page=5,underscore_index,pending_review
033e2499e1186982a8c8e06254bf19c2005e89c9_6,033e2499e1186982a8c8e06254bf19c2005e89c9_page_0006,033e2499e1186982a8c8e06254bf19c2005e89c9.pdf#page=6,underscore_index,pending_review
033e2499e1186982a8c8e06254bf19c2005e89c9_7,033e2499e1186982a8c8e06254bf19c2005e89c9_page_0007,033e2499e1186982a8c8e06254bf19c2005e89c9.pdf#page=7,underscore_index,pending_review
033e2499e1186982a8c8e06254bf19c2005e89c9_8,033e2499e1186982a8c8e06254bf19c2005e89c9_page_0008,033e2499e1186982a8c8e06254bf19c2005e89c9.pdf#page=8,underscore_index,pending_review
033e2499e1186982a8c8e06254bf19c2005e89c9_9,033e2499e1186982a8c8e06254bf19c2005e89c9_page_0009,033e2499e1186982a8c8e06254bf19c2005e89c9.pdf#page=9,underscore_index,pending_review
033e2499e1186982a8c8e06254bf19c2005e89c9_10,033e2499e1186982a8c8e06254bf19c2005e89c9_page_0010,033e2499e1186982a8c8e06254bf19c2005e89c9.pdf#page=10,underscore_index,pending_review
033e2499e1186982a8c8e06254bf19c2005e89c9_11,033e2499e1186982a8c8e06254bf19c2005e89c9_page_0011,033e2499e1186982a8c8e06254bf19c2005e89c9.pdf#page=11,underscore_index,pending_review
033e2499e1186982a8c8e06254bf19c2005e89c9_12,033e2499e1186982a8c8e06254bf19c2005e89c9_page_0012,033e2499e1186982a8c8e06254bf19c2005e89c9.pdf#page=12,underscore_index,pending_review
033e2499e1186982a8c8e06254bf19c2005e89c9_13,033e2499e1186982a8c8e06254bf19c2005e89c9_page_0013,033e2499e1186982a8c8e06254bf19c2005e89c9.pdf#page=13,underscore_index,pending_review
033e2499e1186982a8c8e06254bf19c2005e89c9_14,033e2499e1186982a8c8e06254bf19c2005e89c9_page_0014,033e2499e1186982a8c8e06254bf19c2005e89c9.pdf#page=14,underscore_index,pending_review
033e2499e1186982a8c8e06254bf19c2005e89c9_15,033e2499e1186982a8c8e06254bf19c2005e89c9_page_0015,033e2499e1186982a8c8e06254bf19c2005e89c9.pdf#page=15,underscore_index,pending_review
033e2499e1186982a8c8e06254bf19c2005e89c9_16,033e2499e1186982a8c8e06254bf19c2005e89c9_page_0016,033e2499e1186982a8c8e06254bf19c2005e89c9.pdf#page=16,underscore_index,pending_review
033e2499e1186982a8c8e06254bf19c2005e89c9_17,033e2499e1186982a8c8e06254bf19c2005e89c9_page_0017,033e2499e1186982a8c8e06254bf19c2005e89c9.pdf#page=17,underscore_index,pending_review
033e2499e1186982a8c8e06254bf19c2005e89c9_18,033e2499e1186982a8c8e06254bf19c2005e89c9_page_0018,033e2499e1186982a8c8e06254bf19c2005e89c9.pdf#page=18,underscore_index,pending_review
033e2499e1186982a8c8e06254bf19c2005e89c9_19,033e2499e1186982a8c8e06254bf19c2005e89c9_page_0019,033e2499e1186982a8c8e06254bf19c2005e89c9.pdf#page=19,underscore_index,pending_review
033e2499e1186982a8c8e06254bf19c2005e89c9_20,033e2499e1186982a8c8e06254bf19c2005e89c9_page_0020,033e2499e1186982a8c8e06254bf19c2005e89c9.pdf#page=20,underscore_index,pending_review
033e2499e1186982a8c8e06254bf19c2005e89c9_21,033e2499e1186982a8c8e06254bf19c2005e89c9_page_0021,033e2499e1186982a8c8e06254bf19c2005e89c9.pdf#page=21,underscore_index,pending_review
0340dd45e8c17379a5bddf87dd535c18ec0d6993_1,0340dd45e8c17379a5bddf87dd535c18ec0d6993_page_0001,0340dd45e8c17379a5bddf87dd535c18ec0d6993.pdf#page=1,underscore_index,pending_review
0340dd45e8c17379a5bddf87dd535c18ec0d6993_2,0340dd45e8c17379a5bddf87dd535c18ec0d6993_page_0002,0340dd45e8c17379a5bddf87dd535c18ec0d6993.pdf#page=2,underscore_index,pending_review
0340dd45e8c17379a5bddf87dd535c18ec0d6993_3,0340dd45e8c17379a5bddf87dd535c18ec0d6993_page_0003,0340dd45e8c17379a5bddf87dd535c18ec0d6993.pdf#page=3,underscore_index,pending_review
0340dd45e8c17379a5bddf87dd535c18ec0d6993_4,0340dd45e8c17379a5bddf87dd535c18ec0d6993_page_0004,0340dd45e8c17379a5bddf87dd535c18ec0d6993.pdf#page=4,underscore_index,pending_review
0340dd45e8c17379a5bddf87dd535c18ec0d6993_5,0340dd45e8c17379a5bddf87dd535c18ec0d6993_page_0005,0340dd45e8c17379a5bddf87dd535c18ec0d6993.pdf#page=5,underscore_index,pending_review
0340dd45e8c17379a5bddf87dd535c18ec0d6993_6,0340dd45e8c17379a5bddf87dd535c18ec0d6993_page_0006,0340dd45e8c17379a5bddf87dd535c18ec0d6993.pdf#page=6,underscore_index,pending_review
0340dd45e8c17379a5bddf87dd535c18ec0d6993_7,0340dd45e8c17379a5bddf87dd535c18ec0d6993_page_0007,0340dd45e8c17379a5bddf87dd535c18ec0d6993.pdf#page=7,underscore_index,pending_review
0340dd45e8c17379a5bddf87dd535c18ec0d6993_8,0340dd45e8c17379a5bddf87dd535c18ec0d6993_page_0008,0340dd45e8c17379a5bddf87dd535c18ec0d6993.pdf#page=8,underscore_index,pending_review
0340dd45e8c17379a5bddf87dd535c18ec0d6993_9,0340dd45e8c17379a5bddf87dd535c18ec0d6993_page_0009,0340dd45e8c17379a5bddf87dd535c18ec0d6993.pdf#page=9,underscore_index,pending_review
0340dd45e8c17379a5bddf87dd535c18ec0d6993_10,0340dd45e8c17379a5bddf87dd535c18ec0d6993_page_0010,0340dd45e8c17379a5bddf87dd535c18ec0d6993.pdf#page=10,underscore_index,pending_review
0340dd45e8c17379a5bddf87dd535c18ec0d6993_11,0340dd45e8c17379a5bddf87dd535c18ec0d6993_page_0011,0340dd45e8c17379a5bddf87dd535c18ec0d6993.pdf#page=11,underscore_index,pending_review
0340dd45e8c17379a5bddf87dd535c18ec0d6993_12,0340dd45e8c17379a5bddf87dd535c18ec0d6993_page_0012,0340dd45e8c17379a5bddf87dd535c18ec0d6993.pdf#page=12,underscore_index,pending_review
0340dd45e8c17379a5bddf87dd535c18ec0d6993_13,0340dd45e8c17379a5bddf87dd535c18ec0d6993_page_0013,0340dd45e8c17379a5bddf87dd535c18ec0d6993.pdf#page=13,underscore_index,pending_review
0340dd45e8c17379a5bddf87dd535c18ec0d6993_14,0340dd45e8c17379a5bddf87dd535c18ec0d6993_page_0014,0340dd45e8c17379a5bddf87dd535c18ec0d6993.pdf#page=14,underscore_index,pending_review
0340dd45e8c17379a5bddf87dd535c18ec0d6993_15,0340dd45e8c17379a5bddf87dd535c18ec0d6993_page_0015,0340dd45e8c17379a5bddf87dd535c18ec0d6993.pdf#page=15,underscore_index,pending_review
0345fadb95b0749d09c43c09cd2867fdaa8914e4_1,0345fadb95b0749d09c43c09cd2867fdaa8914e4_page_0001,0345fadb95b0749d09c43c09cd2867fdaa8914e4.pdf#page=1,underscore_index,pending_review
0345fadb95b0749d09c43c09cd2867fdaa8914e4_2,0345fadb95b0749d09c43c09cd2867fdaa8914e4_page_0002,0345fadb95b0749d09c43c09cd2867fdaa8914e4.pdf#page=2,underscore_index,pending_review
0345fadb95b0749d09c43c09cd2867fdaa8914e4_3,0345fadb95b0749d09c43c09cd2867fdaa8914e4_page_0003,0345fadb95b0749d09c43c09cd2867fdaa8914e4.pdf#page=3,underscore_index,pending_review
0345fadb95b0749d09c43c09cd2867fdaa8914e4_4,0345fadb95b0749d09c43c09cd2867fdaa8914e4_page_0004,0345fadb95b0749d09c43c09cd2867fdaa8914e4.pdf#page=4,underscore_index,pending_review
0345fadb95b0749d09c43c09cd2867fdaa8914e4_5,0345fadb95b0749d09c43c09cd2867fdaa8914e4_page_0005,0345fadb95b0749d09c43c09cd2867fdaa8914e4.pdf#page=5,underscore_index,pending_review
0345fadb95b0749d09c43c09cd2867fdaa8914e4_6,0345fadb95b0749d09c43c09cd2867fdaa8914e4_page_0006,0345fadb95b0749d09c43c09cd2867fdaa8914e4.pdf#page=6,underscore_index,pending_review
0345fadb95b0749d09c43c09cd2867fdaa8914e4_7,0345fadb95b0749d09c43c09cd2867fdaa8914e4_page_0007,0345fadb95b0749d09c43c09cd2867fdaa8914e4.pdf#page=7,underscore_index,pending_review
0345fadb95b0749d09c43c09cd2867fdaa8914e4_8,0345fadb95b0749d09c43c09cd2867fdaa8914e4_page_0008,0345fadb95b0749d09c43c09cd2867fdaa8914e4.pdf#page=8,underscore_index,pending_review
0345fadb95b0749d09c43c09cd2867fdaa8914e4_9,0345fadb95b0749d09c43c09cd2867fdaa8914e4_page_0009,0345fadb95b0749d09c43c09cd2867fdaa8914e4.pdf#page=9,underscore_index,pending_review
0345fadb95b0749d09c43c09cd2867fdaa8914e4_10,0345fadb95b0749d09c43c09cd2867fdaa8914e4_page_0010,0345fadb95b0749d09c43c09cd2867fdaa8914e4.pdf#page=10,underscore_index,pending_review
034a1a1dd2c6d0d58c3c9c95754f33fd786527a1_1,034a1a1dd2c6d0d58c3c9c95754f33fd786527a1_page_0001,034a1a1dd2c6d0d58c3c9c95754f33fd786527a1.pdf#page=1,underscore_index,pending_review
034a1a1dd2c6d0d58c3c9c95754f33fd786527a1_2,034a1a1dd2c6d0d58c3c9c95754f33fd786527a1_page_0002,034a1a1dd2c6d0d58c3c9c95754f33fd786527a1.pdf#page=2,underscore_index,pending_review
034a1a1dd2c6d0d58c3c9c95754f33fd786527a1_3,034a1a1dd2c6d0d58c3c9c95754f33fd786527a1_page_0003,034a1a1dd2c6d0d58c3c9c95754f33fd786527a1.pdf#page=3,underscore_index,pending_review
034a1a1dd2c6d0d58c3c9c95754f33fd786527a1_4,034a1a1dd2c6d0d58c3c9c95754f33fd786527a1_page_0004,034a1a1dd2c6d0d58c3c9c95754f33fd786527a1.pdf#page=4,underscore_index,pending_review
034a1a1dd2c6d0d58c3c9c95754f33fd786527a1_5,034a1a1dd2c6d0d58c3c9c95754f33fd786527a1_page_0005,034a1a1dd2c6d0d58c3c9c95754f33fd786527a1.pdf#page=5,underscore_index,pending_review
034a1a1dd2c6d0d58c3c9c95754f33fd786527a1_6,034a1a1dd2c6d0d58c3c9c95754f33fd786527a1_page_0006,034a1a1dd2c6d0d58c3c9c95754f33fd786527a1.pdf#page=6,underscore_index,pending_review
034a1a1dd2c6d0d58c3c9c95754f33fd786527a1_7,034a1a1dd2c6d0d58c3c9c95754f33fd786527a1_page_0007,034a1a1dd2c6d0d58c3c9c95754f33fd786527a1.pdf#page=7,underscore_index,pending_review
034a1a1dd2c6d0d58c3c9c95754f33fd786527a1_8,034a1a1dd2c6d0d58c3c9c95754f33fd786527a1_page_0008,034a1a1dd2c6d0d58c3c9c95754f33fd786527a1.pdf#page=8,underscore_index,pending_review
034a1a1dd2c6d0d58c3c9c95754f33fd786527a1_9,034a1a1dd2c6d0d58c3c9c95754f33fd786527a1_page_0009,034a1a1dd2c6d0d58c3c9c95754f33fd786527a1.pdf#page=9,underscore_index,pending_review
034a1a1dd2c6d0d58c3c9c95754f33fd786527a1_10,034a1a1dd2c6d0d58c3c9c95754f33fd786527a1_page_0010,034a1a1dd2c6d0d58c3c9c95754f33fd786527a1.pdf#page=10,underscore_index,pending_review
034a1a1dd2c6d0d58c3c9c95754f33fd786527a1_11,034a1a1dd2c6d0d58c3c9c95754f33fd786527a1_page_0011,034a1a1dd2c6d0d58c3c9c95754f33fd786527a1.pdf#page=11,underscore_index,pending_review
034a1a1dd2c6d0d58c3c9c95754f33fd786527a1_12,034a1a1dd2c6d0d58c3c9c95754f33fd786527a1_page_0012,034a1a1dd2c6d0d58c3c9c95754f33fd786527a1.pdf#page=12,underscore_index,pending_review
03500be8791067ef26bfcd24c65d3cee9c9eb741_1,03500be8791067ef26bfcd24c65d3cee9c9eb741_page_0001,03500be8791067ef26bfcd24c65d3cee9c9eb741.pdf#page=1,underscore_index,pending_review
03500be8791067ef26bfcd24c65d3cee9c9eb741_2,03500be8791067ef26bfcd24c65d3cee9c9eb741_page_0002,03500be8791067ef26bfcd24c65d3cee9c9eb741.pdf#page=2,underscore_index,pending_review
03500be8791067ef26bfcd24c65d3cee9c9eb741_3,03500be8791067ef26bfcd24c65d3cee9c9eb741_page_0003,03500be8791067ef26bfcd24c65d3cee9c9eb741.pdf#page=3,underscore_index,pending_review
03500be8791067ef26bfcd24c65d3cee9c9eb741_4,03500be8791067ef26bfcd24c65d3cee9c9eb741_page_0004,03500be8791067ef26bfcd24c65d3cee9c9eb741.pdf#page=4,underscore_index,pending_review
03500be8791067ef26bfcd24c65d3cee9c9eb741_5,03500be8791067ef26bfcd24c65d3cee9c9eb741_page_0005,03500be8791067ef26bfcd24c65d3cee9c9eb741.pdf#page=5,underscore_index,pending_review
03500be8791067ef26bfcd24c65d3cee9c9eb741_6,03500be8791067ef26bfcd24c65d3cee9c9eb741_page_0006,03500be8791067ef26bfcd24c65d3cee9c9eb741.pdf#page=6,underscore_index,pending_review
03500be8791067ef26bfcd24c65d3cee9c9eb741_7,03500be8791067ef26bfcd24c65d3cee9c9eb741_page_0007,03500be8791067ef26bfcd24c65d3cee9c9eb741.pdf#page=7,underscore_index,pending_review
03500be8791067ef26bfcd24c65d3cee9c9eb741_8,03500be8791067ef26bfcd24c65d3cee9c9eb741_page_0008,03500be8791067ef26bfcd24c65d3cee9c9eb741.pdf#page=8,underscore_index,pending_review
03500be8791067ef26bfcd24c65d3cee9c9eb741_9,03500be8791067ef26bfcd24c65d3cee9c9eb741_page_0009,03500be8791067ef26bfcd24c65d3cee9c9eb741.pdf#page=9,underscore_index,pending_review
03500be8791067ef26bfcd24c65d3cee9c9eb741_10,03500be8791067ef26bfcd24c65d3cee9c9eb741_page_0010,03500be8791067ef26bfcd24c65d3cee9c9eb741.pdf#page=10,underscore_index,pending_review
03500be8791067ef26bfcd24c65d3cee9c9eb741_11,03500be8791067ef26bfcd24c65d3cee9c9eb741_page_0011,03500be8791067ef26bfcd24c65d3cee9c9eb741.pdf#page=11,underscore_index,pending_review
03500be8791067ef26bfcd24c65d3cee9c9eb741_12,03500be8791067ef26bfcd24c65d3cee9c9eb741_page_0012,03500be8791067ef26bfcd24c65d3cee9c9eb741.pdf#page=12,underscore_index,pending_review
03500be8791067ef26bfcd24c65d3cee9c9eb741_13,03500be8791067ef26bfcd24c65d3cee9c9eb741_page_0013,03500be8791067ef26bfcd24c65d3cee9c9eb741.pdf#page=13,underscore_index,pending_review
03500be8791067ef26bfcd24c65d3cee9c9eb741_14,03500be8791067ef26bfcd24c65d3cee9c9eb741_page_0014,03500be8791067ef26bfcd24c65d3cee9c9eb741.pdf#page=14,underscore_index,pending_review
03500be8791067ef26bfcd24c65d3cee9c9eb741_15,03500be8791067ef26bfcd24c65d3cee9c9eb741_page_0015,03500be8791067ef26bfcd24c65d3cee9c9eb741.pdf#page=15,underscore_index,pending_review
03500be8791067ef26bfcd24c65d3cee9c9eb741_16,03500be8791067ef26bfcd24c65d3cee9c9eb741_page_0016,03500be8791067ef26bfcd24c65d3cee9c9eb741.pdf#page=16,underscore_index,pending_review
03500be8791067ef26bfcd24c65d3cee9c9eb741_17,03500be8791067ef26bfcd24c65d3cee9c9eb741_page_0017,03500be8791067ef26bfcd24c65d3cee9c9eb741.pdf#page=17,underscore_index,pending_review
03500be8791067ef26bfcd24c65d3cee9c9eb741_18,03500be8791067ef26bfcd24c65d3cee9c9eb741_page_0018,03500be8791067ef26bfcd24c65d3cee9c9eb741.pdf#page=18,underscore_index,pending_review
03500be8791067ef26bfcd24c65d3cee9c9eb741_19,03500be8791067ef26bfcd24c65d3cee9c9eb741_page_0019,03500be8791067ef26bfcd24c65d3cee9c9eb741.pdf#page=19,underscore_index,pending_review
035014aaf996fa3b7f8b099068e31c6550a9b19d_1,035014aaf996fa3b7f8b099068e31c6550a9b19d_page_0001,035014aaf996fa3b7f8b099068e31c6550a9b19d.pdf#page=1,underscore_index,pending_review
035014aaf996fa3b7f8b099068e31c6550a9b19d_2,035014aaf996fa3b7f8b099068e31c6550a9b19d_page_0002,035014aaf996fa3b7f8b099068e31c6550a9b19d.pdf#page=2,underscore_index,pending_review
035014aaf996fa3b7f8b099068e31c6550a9b19d_3,035014aaf996fa3b7f8b099068e31c6550a9b19d_page_0003,035014aaf996fa3b7f8b099068e31c6550a9b19d.pdf#page=3,underscore_index,pending_review
035014aaf996fa3b7f8b099068e31c6550a9b19d_4,035014aaf996fa3b7f8b099068e31c6550a9b19d_page_0004,035014aaf996fa3b7f8b099068e31c6550a9b19d.pdf#page=4,underscore_index,pending_review
035014aaf996fa3b7f8b099068e31c6550a9b19d_5,035014aaf996fa3b7f8b099068e31c6550a9b19d_page_0005,035014aaf996fa3b7f8b099068e31c6550a9b19d.pdf#page=5,underscore_index,pending_review
035014aaf996fa3b7f8b099068e31c6550a9b19d_6,035014aaf996fa3b7f8b099068e31c6550a9b19d_page_0006,035014aaf996fa3b7f8b099068e31c6550a9b19d.pdf#page=6,underscore_index,pending_review
035014aaf996fa3b7f8b099068e31c6550a9b19d_7,035014aaf996fa3b7f8b099068e31c6550a9b19d_page_0007,035014aaf996fa3b7f8b099068e31c6550a9b19d.pdf#page=7,underscore_index,pending_review
035014aaf996fa3b7f8b099068e31c6550a9b19d_8,035014aaf996fa3b7f8b099068e31c6550a9b19d_page_0008,035014aaf996fa3b7f8b099068e31c6550a9b19d.pdf#page=8,underscore_index,pending_review
035014aaf996fa3b7f8b099068e31c6550a9b19d_9,035014aaf996fa3b7f8b099068e31c6550a9b19d_page_0009,035014aaf996fa3b7f8b099068e31c6550a9b19d.pdf#page=9,underscore_index,pending_review
035014aaf996fa3b7f8b099068e31c6550a9b19d_10,035014aaf996fa3b7f8b099068e31c6550a9b19d_page_0010,035014aaf996fa3b7f8b099068e31c6550a9b19d.pdf#page=10,underscore_index,pending_review
035014aaf996fa3b7f8b099068e31c6550a9b19d_11,035014aaf996fa3b7f8b099068e31c6550a9b19d_page_0011,035014aaf996fa3b7f8b099068e31c6550a9b19d.pdf#page=11,underscore_index,pending_review
035014aaf996fa3b7f8b099068e31c6550a9b19d_12,035014aaf996fa3b7f8b099068e31c6550a9b19d_page_0012,035014aaf996fa3b7f8b099068e31c6550a9b19d.pdf#page=12,underscore_index,pending_review
035014aaf996fa3b7f8b099068e31c6550a9b19d_13,035014aaf996fa3b7f8b099068e31c6550a9b19d_page_0013,035014aaf996fa3b7f8b099068e31c6550a9b19d.pdf#page=13,underscore_index,pending_review
035014aaf996fa3b7f8b099068e31c6550a9b19d_14,035014aaf996fa3b7f8b099068e31c6550a9b19d_page_0014,035014aaf996fa3b7f8b099068e31c6550a9b19d.pdf#page=14,underscore_index,pending_review
035014aaf996fa3b7f8b099068e31c6550a9b19d_15,035014aaf996fa3b7f8b099068e31c6550a9b19d_page_0015,035014aaf996fa3b7f8b099068e31c6550a9b19d.pdf#page=15,underscore_index,pending_review
035014aaf996fa3b7f8b099068e31c6550a9b19d_16,035014aaf996fa3b7f8b099068e31c6550a9b19d_page_0016,035014aaf996fa3b7f8b099068e31c6550a9b19d.pdf#page=16,underscore_index,pending_review
035014aaf996fa3b7f8b099068e31c6550a9b19d_17,035014aaf996fa3b7f8b099068e31c6550a9b19d_page_0017,035014aaf996fa3b7f8b099068e31c6550a9b19d.pdf#page=17,underscore_index,pending_review
035014aaf996fa3b7f8b099068e31c6550a9b19d_18,035014aaf996fa3b7f8b099068e31c6550a9b19d_page_0018,035014aaf996fa3b7f8b099068e31c6550a9b19d.pdf#page=18,underscore_index,pending_review
035014aaf996fa3b7f8b099068e31c6550a9b19d_19,035014aaf996fa3b7f8b099068e31c6550a9b19d_page_0019,035014aaf996fa3b7f8b099068e31c6550a9b19d.pdf#page=19,underscore_index,pending_review
0352bcc00aac47f10ce9a8ef5678ebc1d5b5b22c_1,0352bcc00aac47f10ce9a8ef5678ebc1d5b5b22c_page_0001,0352bcc00aac47f10ce9a8ef5678ebc1d5b5b22c.pdf#page=1,underscore_index,pending_review
0352bcc00aac47f10ce9a8ef5678ebc1d5b5b22c_2,0352bcc00aac47f10ce9a8ef5678ebc1d5b5b22c_page_0002,0352bcc00aac47f10ce9a8ef5678ebc1d5b5b22c.pdf#page=2,underscore_index,pending_review
0352bcc00aac47f10ce9a8ef5678ebc1d5b5b22c_3,0352bcc00aac47f10ce9a8ef5678ebc1d5b5b22c_page_0003,0352bcc00aac47f10ce9a8ef5678ebc1d5b5b22c.pdf#page=3,underscore_index,pending_review
0352bcc00aac47f10ce9a8ef5678ebc1d5b5b22c_4,0352bcc00aac47f10ce9a8ef5678ebc1d5b5b22c_page_0004,0352bcc00aac47f10ce9a8ef5678ebc1d5b5b22c.pdf#page=4,underscore_index,pending_review
0352bcc00aac47f10ce9a8ef5678ebc1d5b5b22c_5,0352bcc00aac47f10ce9a8ef5678ebc1d5b5b22c_page_0005,0352bcc00aac47f10ce9a8ef5678ebc1d5b5b22c.pdf#page=5,underscore_index,pending_review
0352bcc00aac47f10ce9a8ef5678ebc1d5b5b22c_6,0352bcc00aac47f10ce9a8ef5678ebc1d5b5b22c_page_0006,0352bcc00aac47f10ce9a8ef5678ebc1d5b5b22c.pdf#page=6,underscore_index,pending_review
0352bcc00aac47f10ce9a8ef5678ebc1d5b5b22c_7,0352bcc00aac47f10ce9a8ef5678ebc1d5b5b22c_page_0007,0352bcc00aac47f10ce9a8ef5678ebc1d5b5b22c.pdf#page=7,underscore_index,pending_review
0352bcc00aac47f10ce9a8ef5678ebc1d5b5b22c_8,0352bcc00aac47f10ce9a8ef5678ebc1d5b5b22c_page_0008,0352bcc00aac47f10ce9a8ef5678ebc1d5b5b22c.pdf#page=8,underscore_index,pending_review
0352bcc00aac47f10ce9a8ef5678ebc1d5b5b22c_9,0352bcc00aac47f10ce9a8ef5678ebc1d5b5b22c_page_0009,0352bcc00aac47f10ce9a8ef5678ebc1d5b5b22c.pdf#page=9,underscore_index,pending_review
03531d8790adc2cf7d0d656abefc3e334918687c_1,03531d8790adc2cf7d0d656abefc3e334918687c_page_0001,03531d8790adc2cf7d0d656abefc3e334918687c.pdf#page=1,underscore_index,pending_review
03531d8790adc2cf7d0d656abefc3e334918687c_2,03531d8790adc2cf7d0d656abefc3e334918687c_page_0002,03531d8790adc2cf7d0d656abefc3e334918687c.pdf#page=2,underscore_index,pending_review
03531d8790adc2cf7d0d656abefc3e334918687c_3,03531d8790adc2cf7d0d656abefc3e334918687c_page_0003,03531d8790adc2cf7d0d656abefc3e334918687c.pdf#page=3,underscore_index,pending_review
03531d8790adc2cf7d0d656abefc3e334918687c_4,03531d8790adc2cf7d0d656abefc3e334918687c_page_0004,03531d8790adc2cf7d0d656abefc3e334918687c.pdf#page=4,underscore_index,pending_review
03531d8790adc2cf7d0d656abefc3e334918687c_5,03531d8790adc2cf7d0d656abefc3e334918687c_page_0005,03531d8790adc2cf7d0d656abefc3e334918687c.pdf#page=5,underscore_index,pending_review
03531d8790adc2cf7d0d656abefc3e334918687c_6,03531d8790adc2cf7d0d656abefc3e334918687c_page_0006,03531d8790adc2cf7d0d656abefc3e334918687c.pdf#page=6,underscore_index,pending_review
03531d8790adc2cf7d0d656abefc3e334918687c_7,03531d8790adc2cf7d0d656abefc3e334918687c_page_0007,03531d8790adc2cf7d0d656abefc3e334918687c.pdf#page=7,underscore_index,pending_review
03531d8790adc2cf7d0d656abefc3e334918687c_8,03531d8790adc2cf7d0d656abefc3e334918687c_page_0008,03531d8790adc2cf7d0d656abefc3e334918687c.pdf#page=8,underscore_index,pending_review
03531d8790adc2cf7d0d656abefc3e334918687c_9,03531d8790adc2cf7d0d656abefc3e334918687c_page_0009,03531d8790adc2cf7d0d656abefc3e334918687c.pdf#page=9,underscore_index,pending_review
03531d8790adc2cf7d0d656abefc3e334918687c_10,03531d8790adc2cf7d0d656abefc3e334918687c_page_0010,03531d8790adc2cf7d0d656abefc3e334918687c.pdf#page=10,underscore_index,pending_review
03531d8790adc2cf7d0d656abefc3e334918687c_11,03531d8790adc2cf7d0d656abefc3e334918687c_page_0011,03531d8790adc2cf7d0d656abefc3e334918687c.pdf#page=11,underscore_index,pending_review
03531d8790adc2cf7d0d656abefc3e334918687c_12,03531d8790adc2cf7d0d656abefc3e334918687c_page_0012,03531d8790adc2cf7d0d656abefc3e334918687c.pdf#page=12,underscore_index,pending_review
03531d8790adc2cf7d0d656abefc3e334918687c_13,03531d8790adc2cf7d0d656abefc3e334918687c_page_0013,03531d8790adc2cf7d0d656abefc3e334918687c.pdf#page=13,underscore_index,pending_review
03531d8790adc2cf7d0d656abefc3e334918687c_14,03531d8790adc2cf7d0d656abefc3e334918687c_page_0014,03531d8790adc2cf7d0d656abefc3e334918687c.pdf#page=14,underscore_index,pending_review
03531d8790adc2cf7d0d656abefc3e334918687c_15,03531d8790adc2cf7d0d656abefc3e334918687c_page_0015,03531d8790adc2cf7d0d656abefc3e334918687c.pdf#page=15,underscore_index,pending_review
03531d8790adc2cf7d0d656abefc3e334918687c_16,03531d8790adc2cf7d0d656abefc3e334918687c_page_0016,03531d8790adc2cf7d0d656abefc3e334918687c.pdf#page=16,underscore_index,pending_review
03531d8790adc2cf7d0d656abefc3e334918687c_17,03531d8790adc2cf7d0d656abefc3e334918687c_page_0017,03531d8790adc2cf7d0d656abefc3e334918687c.pdf#page=17,underscore_index,pending_review
03531d8790adc2cf7d0d656abefc3e334918687c_18,03531d8790adc2cf7d0d656abefc3e334918687c_page_0018,03531d8790adc2cf7d0d656abefc3e334918687c.pdf#page=18,underscore_index,pending_review
03531d8790adc2cf7d0d656abefc3e334918687c_19,03531d8790adc2cf7d0d656abefc3e334918687c_page_0019,03531d8790adc2cf7d0d656abefc3e334918687c.pdf#page=19,underscore_index,pending_review
03531d8790adc2cf7d0d656abefc3e334918687c_20,03531d8790adc2cf7d0d656abefc3e334918687c_page_0020,03531d8790adc2cf7d0d656abefc3e334918687c.pdf#page=20,underscore_index,pending_review
03531d8790adc2cf7d0d656abefc3e334918687c_21,03531d8790adc2cf7d0d656abefc3e334918687c_page_0021,03531d8790adc2cf7d0d656abefc3e334918687c.pdf#page=21,underscore_index,pending_review
03531d8790adc2cf7d0d656abefc3e334918687c_22,03531d8790adc2cf7d0d656abefc3e334918687c_page_0022,03531d8790adc2cf7d0d656abefc3e334918687c.pdf#page=22,underscore_index,pending_review
03531d8790adc2cf7d0d656abefc3e334918687c_23,03531d8790adc2cf7d0d656abefc3e334918687c_page_0023,03531d8790adc2cf7d0d656abefc3e334918687c.pdf#page=23,underscore_index,pending_review
035347b19e84d7aa4af1636ab7dfc7cc26def123_1,035347b19e84d7aa4af1636ab7dfc7cc26def123_page_0001,035347b19e84d7aa4af1636ab7dfc7cc26def123.pdf#page=1,underscore_index,pending_review
035347b19e84d7aa4af1636ab7dfc7cc26def123_2,035347b19e84d7aa4af1636ab7dfc7cc26def123_page_0002,035347b19e84d7aa4af1636ab7dfc7cc26def123.pdf#page=2,underscore_index,pending_review
035347b19e84d7aa4af1636ab7dfc7cc26def123_3,035347b19e84d7aa4af1636ab7dfc7cc26def123_page_0003,035347b19e84d7aa4af1636ab7dfc7cc26def123.pdf#page=3,underscore_index,pending_review
035347b19e84d7aa4af1636ab7dfc7cc26def123_4,035347b19e84d7aa4af1636ab7dfc7cc26def123_page_0004,035347b19e84d7aa4af1636ab7dfc7cc26def123.pdf#page=4,underscore_index,pending_review
035347b19e84d7aa4af1636ab7dfc7cc26def123_5,035347b19e84d7aa4af1636ab7dfc7cc26def123_page_0005,035347b19e84d7aa4af1636ab7dfc7cc26def123.pdf#page=5,underscore_index,pending_review
035347b19e84d7aa4af1636ab7dfc7cc26def123_6,035347b19e84d7aa4af1636ab7dfc7cc26def123_page_0006,035347b19e84d7aa4af1636ab7dfc7cc26def123.pdf#page=6,underscore_index,pending_review
035347b19e84d7aa4af1636ab7dfc7cc26def123_7,035347b19e84d7aa4af1636ab7dfc7cc26def123_page_0007,035347b19e84d7aa4af1636ab7dfc7cc26def123.pdf#page=7,underscore_index,pending_review
035347b19e84d7aa4af1636ab7dfc7cc26def123_8,035347b19e84d7aa4af1636ab7dfc7cc26def123_page_0008,035347b19e84d7aa4af1636ab7dfc7cc26def123.pdf#page=8,underscore_index,pending_review
035347b19e84d7aa4af1636ab7dfc7cc26def123_9,035347b19e84d7aa4af1636ab7dfc7cc26def123_page_0009,035347b19e84d7aa4af1636ab7dfc7cc26def123.pdf#page=9,underscore_index,pending_review
035347b19e84d7aa4af1636ab7dfc7cc26def123_10,035347b19e84d7aa4af1636ab7dfc7cc26def123_page_0010,035347b19e84d7aa4af1636ab7dfc7cc26def123.pdf#page=10,underscore_index,pending_review
035347b19e84d7aa4af1636ab7dfc7cc26def123_11,035347b19e84d7aa4af1636ab7dfc7cc26def123_page_0011,035347b19e84d7aa4af1636ab7dfc7cc26def123.pdf#page=11,underscore_index,pending_review
035347b19e84d7aa4af1636ab7dfc7cc26def123_12,035347b19e84d7aa4af1636ab7dfc7cc26def123_page_0012,035347b19e84d7aa4af1636ab7dfc7cc26def123.pdf#page=12,underscore_index,pending_review
035347b19e84d7aa4af1636ab7dfc7cc26def123_13,035347b19e84d7aa4af1636ab7dfc7cc26def123_page_0013,035347b19e84d7aa4af1636ab7dfc7cc26def123.pdf#page=13,underscore_index,pending_review
035347b19e84d7aa4af1636ab7dfc7cc26def123_14,035347b19e84d7aa4af1636ab7dfc7cc26def123_page_0014,035347b19e84d7aa4af1636ab7dfc7cc26def123.pdf#page=14,underscore_index,pending_review
035347b19e84d7aa4af1636ab7dfc7cc26def123_15,035347b19e84d7aa4af1636ab7dfc7cc26def123_page_0015,035347b19e84d7aa4af1636ab7dfc7cc26def123.pdf#page=15,underscore_index,pending_review
035b9550b3330f2c24630a5f8efa2cd8c252c261_1,035b9550b3330f2c24630a5f8efa2cd8c252c261_page_0001,035b9550b3330f2c24630a5f8efa2cd8c252c261.pdf#page=1,underscore_index,pending_review
035b9550b3330f2c24630a5f8efa2cd8c252c261_2,035b9550b3330f2c24630a5f8efa2cd8c252c261_page_0002,035b9550b3330f2c24630a5f8efa2cd8c252c261.pdf#page=2,underscore_index,pending_review
035b9550b3330f2c24630a5f8efa2cd8c252c261_3,035b9550b3330f2c24630a5f8efa2cd8c252c261_page_0003,035b9550b3330f2c24630a5f8efa2cd8c252c261.pdf#page=3,underscore_index,pending_review
035b9550b3330f2c24630a5f8efa2cd8c252c261_4,035b9550b3330f2c24630a5f8efa2cd8c252c261_page_0004,035b9550b3330f2c24630a5f8efa2cd8c252c261.pdf#page=4,underscore_index,pending_review
035b9550b3330f2c24630a5f8efa2cd8c252c261_5,035b9550b3330f2c24630a5f8efa2cd8c252c261_page_0005,035b9550b3330f2c24630a5f8efa2cd8c252c261.pdf#page=5,underscore_index,pending_review
035b9550b3330f2c24630a5f8efa2cd8c252c261_6,035b9550b3330f2c24630a5f8efa2cd8c252c261_page_0006,035b9550b3330f2c24630a5f8efa2cd8c252c261.pdf#page=6,underscore_index,pending_review
035b9550b3330f2c24630a5f8efa2cd8c252c261_7,035b9550b3330f2c24630a5f8efa2cd8c252c261_page_0007,035b9550b3330f2c24630a5f8efa2cd8c252c261.pdf#page=7,underscore_index,pending_review
035b9550b3330f2c24630a5f8efa2cd8c252c261_8,035b9550b3330f2c24630a5f8efa2cd8c252c261_page_0008,035b9550b3330f2c24630a5f8efa2cd8c252c261.pdf#page=8,underscore_index,pending_review
035b9550b3330f2c24630a5f8efa2cd8c252c261_9,035b9550b3330f2c24630a5f8efa2cd8c252c261_page_0009,035b9550b3330f2c24630a5f8efa2cd8c252c261.pdf#page=9,underscore_index,pending_review
035b9550b3330f2c24630a5f8efa2cd8c252c261_10,035b9550b3330f2c24630a5f8efa2cd8c252c261_page_0010,035b9550b3330f2c24630a5f8efa2cd8c252c261.pdf#page=10,underscore_index,pending_review
035b9550b3330f2c24630a5f8efa2cd8c252c261_11,035b9550b3330f2c24630a5f8efa2cd8c252c261_page_0011,035b9550b3330f2c24630a5f8efa2cd8c252c261.pdf#page=11,underscore_index,pending_review
035b9550b3330f2c24630a5f8efa2cd8c252c261_12,035b9550b3330f2c24630a5f8efa2cd8c252c261_page_0012,035b9550b3330f2c24630a5f8efa2cd8c252c261.pdf#page=12,underscore_index,pending_review
035b9550b3330f2c24630a5f8efa2cd8c252c261_13,035b9550b3330f2c24630a5f8efa2cd8c252c261_page_0013,035b9550b3330f2c24630a5f8efa2cd8c252c261.pdf#page=13,underscore_index,pending_review
035b9550b3330f2c24630a5f8efa2cd8c252c261_14,035b9550b3330f2c24630a5f8efa2cd8c252c261_page_0014,035b9550b3330f2c24630a5f8efa2cd8c252c261.pdf#page=14,underscore_index,pending_review
035b9550b3330f2c24630a5f8efa2cd8c252c261_15,035b9550b3330f2c24630a5f8efa2cd8c252c261_page_0015,035b9550b3330f2c24630a5f8efa2cd8c252c261.pdf#page=15,underscore_index,pending_review
035c9daea16dcaf9461e25a45e357a9a0db39da5_1,035c9daea16dcaf9461e25a45e357a9a0db39da5_page_0001,035c9daea16dcaf9461e25a45e357a9a0db39da5.pdf#page=1,underscore_index,pending_review
035c9daea16dcaf9461e25a45e357a9a0db39da5_2,035c9daea16dcaf9461e25a45e357a9a0db39da5_page_0002,035c9daea16dcaf9461e25a45e357a9a0db39da5.pdf#page=2,underscore_index,pending_review
035c9daea16dcaf9461e25a45e357a9a0db39da5_3,035c9daea16dcaf9461e25a45e357a9a0db39da5_page_0003,035c9daea16dcaf9461e25a45e357a9a0db39da5.pdf#page=3,underscore_index,pending_review
035c9daea16dcaf9461e25a45e357a9a0db39da5_4,035c9daea16dcaf9461e25a45e357a9a0db39da5_page_0004,035c9daea16dcaf9461e25a45e357a9a0db39da5.pdf#page=4,underscore_index,pending_review
035c9daea16dcaf9461e25a45e357a9a0db39da5_5,035c9daea16dcaf9461e25a45e357a9a0db39da5_page_0005,035c9daea16dcaf9461e25a45e357a9a0db39da5.pdf#page=5,underscore_index,pending_review
035c9daea16dcaf9461e25a45e357a9a0db39da5_6,035c9daea16dcaf9461e25a45e357a9a0db39da5_page_0006,035c9daea16dcaf9461e25a45e357a9a0db39da5.pdf#page=6,underscore_index,pending_review
035c9daea16dcaf9461e25a45e357a9a0db39da5_7,035c9daea16dcaf9461e25a45e357a9a0db39da5_page_0007,035c9daea16dcaf9461e25a45e357a9a0db39da5.pdf#page=7,underscore_index,pending_review
035c9daea16dcaf9461e25a45e357a9a0db39da5_8,035c9daea16dcaf9461e25a45e357a9a0db39da5_page_0008,035c9daea16dcaf9461e25a45e357a9a0db39da5.pdf#page=8,underscore_index,pending_review
035c9daea16dcaf9461e25a45e357a9a0db39da5_9,035c9daea16dcaf9461e25a45e357a9a0db39da5_page_0009,035c9daea16dcaf9461e25a45e357a9a0db39da5.pdf#page=9,underscore_index,pending_review
035c9daea16dcaf9461e25a45e357a9a0db39da5_10,035c9daea16dcaf9461e25a45e357a9a0db39da5_page_0010,035c9daea16dcaf9461e25a45e357a9a0db39da5.pdf#page=10,underscore_index,pending_review
035c9daea16dcaf9461e25a45e357a9a0db39da5_11,035c9daea16dcaf9461e25a45e357a9a0db39da5_page_0011,035c9daea16dcaf9461e25a45e357a9a0db39da5.pdf#page=11,underscore_index,pending_review
035c9daea16dcaf9461e25a45e357a9a0db39da5_12,035c9daea16dcaf9461e25a45e357a9a0db39da5_page_0012,035c9daea16dcaf9461e25a45e357a9a0db39da5.pdf#page=12,underscore_index,pending_review
035c9daea16dcaf9461e25a45e357a9a0db39da5_13,035c9daea16dcaf9461e25a45e357a9a0db39da5_page_0013,035c9daea16dcaf9461e25a45e357a9a0db39da5.pdf#page=13,underscore_index,pending_review
035c9daea16dcaf9461e25a45e357a9a0db39da5_14,035c9daea16dcaf9461e25a45e357a9a0db39da5_page_0014,035c9daea16dcaf9461e25a45e357a9a0db39da5.pdf#page=14,underscore_index,pending_review
035c9daea16dcaf9461e25a45e357a9a0db39da5_15,035c9daea16dcaf9461e25a45e357a9a0db39da5_page_0015,035c9daea16dcaf9461e25a45e357a9a0db39da5.pdf#page=15,underscore_index,pending_review
035c9daea16dcaf9461e25a45e357a9a0db39da5_16,035c9daea16dcaf9461e25a45e357a9a0db39da5_page_0016,035c9daea16dcaf9461e25a45e357a9a0db39da5.pdf#page=16,underscore_index,pending_review
035c9daea16dcaf9461e25a45e357a9a0db39da5_17,035c9daea16dcaf9461e25a45e357a9a0db39da5_page_0017,035c9daea16dcaf9461e25a45e357a9a0db39da5.pdf#page=17,underscore_index,pending_review
035c9daea16dcaf9461e25a45e357a9a0db39da5_18,035c9daea16dcaf9461e25a45e357a9a0db39da5_page_0018,035c9daea16dcaf9461e25a45e357a9a0db39da5.pdf#page=18,underscore_index,pending_review
035c9daea16dcaf9461e25a45e357a9a0db39da5_19,035c9daea16dcaf9461e25a45e357a9a0db39da5_page_0019,035c9daea16dcaf9461e25a45e357a9a0db39da5.pdf#page=19,underscore_index,pending_review
035c9daea16dcaf9461e25a45e357a9a0db39da5_20,035c9daea16dcaf9461e25a45e357a9a0db39da5_page_0020,035c9daea16dcaf9461e25a45e357a9a0db39da5.pdf#page=20,underscore_index,pending_review
035c9daea16dcaf9461e25a45e357a9a0db39da5_21,035c9daea16dcaf9461e25a45e357a9a0db39da5_page_0021,035c9daea16dcaf9461e25a45e357a9a0db39da5.pdf#page=21,underscore_index,pending_review
035c9daea16dcaf9461e25a45e357a9a0db39da5_22,035c9daea16dcaf9461e25a45e357a9a0db39da5_page_0022,035c9daea16dcaf9461e25a45e357a9a0db39da5.pdf#page=22,underscore_index,pending_review
035c9daea16dcaf9461e25a45e357a9a0db39da5_23,035c9daea16dcaf9461e25a45e357a9a0db39da5_page_0023,035c9daea16dcaf9461e25a45e357a9a0db39da5.pdf#page=23,underscore_index,pending_review
035c9daea16dcaf9461e25a45e357a9a0db39da5_24,035c9daea16dcaf9461e25a45e357a9a0db39da5_page_0024,035c9daea16dcaf9461e25a45e357a9a0db39da5.pdf#page=24,underscore_index,pending_review
035f079d15c6f57a75bb44fb68bc36f31d963c5f_1,035f079d15c6f57a75bb44fb68bc36f31d963c5f_page_0001,035f079d15c6f57a75bb44fb68bc36f31d963c5f.pdf#page=1,underscore_index,pending_review
035f079d15c6f57a75bb44fb68bc36f31d963c5f_2,035f079d15c6f57a75bb44fb68bc36f31d963c5f_page_0002,035f079d15c6f57a75bb44fb68bc36f31d963c5f.pdf#page=2,underscore_index,pending_review
035f079d15c6f57a75bb44fb68bc36f31d963c5f_3,035f079d15c6f57a75bb44fb68bc36f31d963c5f_page_0003,035f079d15c6f57a75bb44fb68bc36f31d963c5f.pdf#page=3,underscore_index,pending_review
035f079d15c6f57a75bb44fb68bc36f31d963c5f_4,035f079d15c6f57a75bb44fb68bc36f31d963c5f_page_0004,035f079d15c6f57a75bb44fb68bc36f31d963c5f.pdf#page=4,underscore_index,pending_review
035f079d15c6f57a75bb44fb68bc36f31d963c5f_5,035f079d15c6f57a75bb44fb68bc36f31d963c5f_page_0005,035f079d15c6f57a75bb44fb68bc36f31d963c5f.pdf#page=5,underscore_index,pending_review
035f079d15c6f57a75bb44fb68bc36f31d963c5f_6,035f079d15c6f57a75bb44fb68bc36f31d963c5f_page_0006,035f079d15c6f57a75bb44fb68bc36f31d963c5f.pdf#page=6,underscore_index,pending_review
035f079d15c6f57a75bb44fb68bc36f31d963c5f_7,035f079d15c6f57a75bb44fb68bc36f31d963c5f_page_0007,035f079d15c6f57a75bb44fb68bc36f31d963c5f.pdf#page=7,underscore_index,pending_review
035f079d15c6f57a75bb44fb68bc36f31d963c5f_8,035f079d15c6f57a75bb44fb68bc36f31d963c5f_page_0008,035f079d15c6f57a75bb44fb68bc36f31d963c5f.pdf#page=8,underscore_index,pending_review
035f079d15c6f57a75bb44fb68bc36f31d963c5f_9,035f079d15c6f57a75bb44fb68bc36f31d963c5f_page_0009,035f079d15c6f57a75bb44fb68bc36f31d963c5f.pdf#page=9,underscore_index,pending_review
035f079d15c6f57a75bb44fb68bc36f31d963c5f_10,035f079d15c6f57a75bb44fb68bc36f31d963c5f_page_0010,035f079d15c6f57a75bb44fb68bc36f31d963c5f.pdf#page=10,underscore_index,pending_review
035f079d15c6f57a75bb44fb68bc36f31d963c5f_11,035f079d15c6f57a75bb44fb68bc36f31d963c5f_page_0011,035f079d15c6f57a75bb44fb68bc36f31d963c5f.pdf#page=11,underscore_index,pending_review
035f079d15c6f57a75bb44fb68bc36f31d963c5f_12,035f079d15c6f57a75bb44fb68bc36f31d963c5f_page_0012,035f079d15c6f57a75bb44fb68bc36f31d963c5f.pdf#page=12,underscore_index,pending_review
035f079d15c6f57a75bb44fb68bc36f31d963c5f_13,035f079d15c6f57a75bb44fb68bc36f31d963c5f_page_0013,035f079d15c6f57a75bb44fb68bc36f31d963c5f.pdf#page=13,underscore_index,pending_review
035f079d15c6f57a75bb44fb68bc36f31d963c5f_14,035f079d15c6f57a75bb44fb68bc36f31d963c5f_page_0014,035f079d15c6f57a75bb44fb68bc36f31d963c5f.pdf#page=14,underscore_index,pending_review
035f079d15c6f57a75bb44fb68bc36f31d963c5f_15,035f079d15c6f57a75bb44fb68bc36f31d963c5f_page_0015,035f079d15c6f57a75bb44fb68bc36f31d963c5f.pdf#page=15,underscore_index,pending_review
035f079d15c6f57a75bb44fb68bc36f31d963c5f_16,035f079d15c6f57a75bb44fb68bc36f31d963c5f_page_0016,035f079d15c6f57a75bb44fb68bc36f31d963c5f.pdf#page=16,underscore_index,pending_review
035f7ae44821cbb6191454cffc3a81cbc5cfc9d5_1,035f7ae44821cbb6191454cffc3a81cbc5cfc9d5_page_0001,035f7ae44821cbb6191454cffc3a81cbc5cfc9d5.pdf#page=1,underscore_index,pending_review
035f7ae44821cbb6191454cffc3a81cbc5cfc9d5_2,035f7ae44821cbb6191454cffc3a81cbc5cfc9d5_page_0002,035f7ae44821cbb6191454cffc3a81cbc5cfc9d5.pdf#page=2,underscore_index,pending_review
035f7ae44821cbb6191454cffc3a81cbc5cfc9d5_3,035f7ae44821cbb6191454cffc3a81cbc5cfc9d5_page_0003,035f7ae44821cbb6191454cffc3a81cbc5cfc9d5.pdf#page=3,underscore_index,pending_review
035f7ae44821cbb6191454cffc3a81cbc5cfc9d5_4,035f7ae44821cbb6191454cffc3a81cbc5cfc9d5_page_0004,035f7ae44821cbb6191454cffc3a81cbc5cfc9d5.pdf#page=4,underscore_index,pending_review
035f7ae44821cbb6191454cffc3a81cbc5cfc9d5_5,035f7ae44821cbb6191454cffc3a81cbc5cfc9d5_page_0005,035f7ae44821cbb6191454cffc3a81cbc5cfc9d5.pdf#page=5,underscore_index,pending_review
035f7ae44821cbb6191454cffc3a81cbc5cfc9d5_6,035f7ae44821cbb6191454cffc3a81cbc5cfc9d5_page_0006,035f7ae44821cbb6191454cffc3a81cbc5cfc9d5.pdf#page=6,underscore_index,pending_review
035f7ae44821cbb6191454cffc3a81cbc5cfc9d5_7,035f7ae44821cbb6191454cffc3a81cbc5cfc9d5_page_0007,035f7ae44821cbb6191454cffc3a81cbc5cfc9d5.pdf#page=7,underscore_index,pending_review
035f7ae44821cbb6191454cffc3a81cbc5cfc9d5_8,035f7ae44821cbb6191454cffc3a81cbc5cfc9d5_page_0008,035f7ae44821cbb6191454cffc3a81cbc5cfc9d5.pdf#page=8,underscore_index,pending_review
035f7ae44821cbb6191454cffc3a81cbc5cfc9d5_9,035f7ae44821cbb6191454cffc3a81cbc5cfc9d5_page_0009,035f7ae44821cbb6191454cffc3a81cbc5cfc9d5.pdf#page=9,underscore_index,pending_review
035f7ae44821cbb6191454cffc3a81cbc5cfc9d5_10,035f7ae44821cbb6191454cffc3a81cbc5cfc9d5_page_0010,035f7ae44821cbb6191454cffc3a81cbc5cfc9d5.pdf#page=10,underscore_index,pending_review
035f7ae44821cbb6191454cffc3a81cbc5cfc9d5_11,035f7ae44821cbb6191454cffc3a81cbc5cfc9d5_page_0011,035f7ae44821cbb6191454cffc3a81cbc5cfc9d5.pdf#page=11,underscore_index,pending_review
035f7ae44821cbb6191454cffc3a81cbc5cfc9d5_12,035f7ae44821cbb6191454cffc3a81cbc5cfc9d5_page_0012,035f7ae44821cbb6191454cffc3a81cbc5cfc9d5.pdf#page=12,underscore_index,pending_review
035f7ae44821cbb6191454cffc3a81cbc5cfc9d5_13,035f7ae44821cbb6191454cffc3a81cbc5cfc9d5_page_0013,035f7ae44821cbb6191454cffc3a81cbc5cfc9d5.pdf#page=13,underscore_index,pending_review
035f7ae44821cbb6191454cffc3a81cbc5cfc9d5_14,035f7ae44821cbb6191454cffc3a81cbc5cfc9d5_page_0014,035f7ae44821cbb6191454cffc3a81cbc5cfc9d5.pdf#page=14,underscore_index,pending_review
035f7ae44821cbb6191454cffc3a81cbc5cfc9d5_15,035f7ae44821cbb6191454cffc3a81cbc5cfc9d5_page_0015,035f7ae44821cbb6191454cffc3a81cbc5cfc9d5.pdf#page=15,underscore_index,pending_review
035f7ae44821cbb6191454cffc3a81cbc5cfc9d5_16,035f7ae44821cbb6191454cffc3a81cbc5cfc9d5_page_0016,035f7ae44821cbb6191454cffc3a81cbc5cfc9d5.pdf#page=16,underscore_index,pending_review
035f7ae44821cbb6191454cffc3a81cbc5cfc9d5_17,035f7ae44821cbb6191454cffc3a81cbc5cfc9d5_page_0017,035f7ae44821cbb6191454cffc3a81cbc5cfc9d5.pdf#page=17,underscore_index,pending_review
035f7ae44821cbb6191454cffc3a81cbc5cfc9d5_18,035f7ae44821cbb6191454cffc3a81cbc5cfc9d5_page_0018,035f7ae44821cbb6191454cffc3a81cbc5cfc9d5.pdf#page=18,underscore_index,pending_review
035f7ae44821cbb6191454cffc3a81cbc5cfc9d5_19,035f7ae44821cbb6191454cffc3a81cbc5cfc9d5_page_0019,035f7ae44821cbb6191454cffc3a81cbc5cfc9d5.pdf#page=19,underscore_index,pending_review
035f7ae44821cbb6191454cffc3a81cbc5cfc9d5_20,035f7ae44821cbb6191454cffc3a81cbc5cfc9d5_page_0020,035f7ae44821cbb6191454cffc3a81cbc5cfc9d5.pdf#page=20,underscore_index,pending_review
0360cec043c089361d69db8a983dde56d21f8c42_1,0360cec043c089361d69db8a983dde56d21f8c42_page_0001,0360cec043c089361d69db8a983dde56d21f8c42.pdf#page=1,underscore_index,pending_review
0360cec043c089361d69db8a983dde56d21f8c42_2,0360cec043c089361d69db8a983dde56d21f8c42_page_0002,0360cec043c089361d69db8a983dde56d21f8c42.pdf#page=2,underscore_index,pending_review
0360cec043c089361d69db8a983dde56d21f8c42_3,0360cec043c089361d69db8a983dde56d21f8c42_page_0003,0360cec043c089361d69db8a983dde56d21f8c42.pdf#page=3,underscore_index,pending_review
0360cec043c089361d69db8a983dde56d21f8c42_4,0360cec043c089361d69db8a983dde56d21f8c42_page_0004,0360cec043c089361d69db8a983dde56d21f8c42.pdf#page=4,underscore_index,pending_review
0360cec043c089361d69db8a983dde56d21f8c42_5,0360cec043c089361d69db8a983dde56d21f8c42_page_0005,0360cec043c089361d69db8a983dde56d21f8c42.pdf#page=5,underscore_index,pending_review
0360cec043c089361d69db8a983dde56d21f8c42_6,0360cec043c089361d69db8a983dde56d21f8c42_page_0006,0360cec043c089361d69db8a983dde56d21f8c42.pdf#page=6,underscore_index,pending_review
0360cec043c089361d69db8a983dde56d21f8c42_7,0360cec043c089361d69db8a983dde56d21f8c42_page_0007,0360cec043c089361d69db8a983dde56d21f8c42.pdf#page=7,underscore_index,pending_review
0362524caefe112f57cbfa547ad8a1b3be756e08_1,0362524caefe112f57cbfa547ad8a1b3be756e08_page_0001,0362524caefe112f57cbfa547ad8a1b3be756e08.pdf#page=1,underscore_index,pending_review
0362524caefe112f57cbfa547ad8a1b3be756e08_2,0362524caefe112f57cbfa547ad8a1b3be756e08_page_0002,0362524caefe112f57cbfa547ad8a1b3be756e08.pdf#page=2,underscore_index,pending_review
0362524caefe112f57cbfa547ad8a1b3be756e08_3,0362524caefe112f57cbfa547ad8a1b3be756e08_page_0003,0362524caefe112f57cbfa547ad8a1b3be756e08.pdf#page=3,underscore_index,pending_review
0362524caefe112f57cbfa547ad8a1b3be756e08_4,0362524caefe112f57cbfa547ad8a1b3be756e08_page_0004,0362524caefe112f57cbfa547ad8a1b3be756e08.pdf#page=4,underscore_index,pending_review
0362524caefe112f57cbfa547ad8a1b3be756e08_5,0362524caefe112f57cbfa547ad8a1b3be756e08_page_0005,0362524caefe112f57cbfa547ad8a1b3be756e08.pdf#page=5,underscore_index,pending_review
0362524caefe112f57cbfa547ad8a1b3be756e08_6,0362524caefe112f57cbfa547ad8a1b3be756e08_page_0006,0362524caefe112f57cbfa547ad8a1b3be756e08.pdf#page=6,underscore_index,pending_review
0362524caefe112f57cbfa547ad8a1b3be756e08_7,0362524caefe112f57cbfa547ad8a1b3be756e08_page_0007,0362524caefe112f57cbfa547ad8a1b3be756e08.pdf#page=7,underscore_index,pending_review
0362524caefe112f57cbfa547ad8a1b3be756e08_8,0362524caefe112f57cbfa547ad8a1b3be756e08_page_0008,0362524caefe112f57cbfa547ad8a1b3be756e08.pdf#page=8,underscore_index,pending_review
0362524caefe112f57cbfa547ad8a1b3be756e08_9,0362524caefe112f57cbfa547ad8a1b3be756e08_page_0009,0362524caefe112f57cbfa547ad8a1b3be756e08.pdf#page=9,underscore_index,pending_review
0362524caefe112f57cbfa547ad8a1b3be756e08_10,0362524caefe112f57cbfa547ad8a1b3be756e08_page_0010,0362524caefe112f57cbfa547ad8a1b3be756e08.pdf#page=10,underscore_index,pending_review
0362524caefe112f57cbfa547ad8a1b3be756e08_11,0362524caefe112f57cbfa547ad8a1b3be756e08_page_0011,0362524caefe112f57cbfa547ad8a1b3be756e08.pdf#page=11,underscore_index,pending_review
0362524caefe112f57cbfa547ad8a1b3be756e08_12,0362524caefe112f57cbfa547ad8a1b3be756e08_page_0012,0362524caefe112f57cbfa547ad8a1b3be756e08.pdf#page=12,underscore_index,pending_review
0362524caefe112f57cbfa547ad8a1b3be756e08_13,0362524caefe112f57cbfa547ad8a1b3be756e08_page_0013,0362524caefe112f57cbfa547ad8a1b3be756e08.pdf#page=13,underscore_index,pending_review
0362524caefe112f57cbfa547ad8a1b3be756e08_14,0362524caefe112f57cbfa547ad8a1b3be756e08_page_0014,0362524caefe112f57cbfa547ad8a1b3be756e08.pdf#page=14,underscore_index,pending_review
0362524caefe112f57cbfa547ad8a1b3be756e08_15,0362524caefe112f57cbfa547ad8a1b3be756e08_page_0015,0362524caefe112f57cbfa547ad8a1b3be756e08.pdf#page=15,underscore_index,pending_review
0362524caefe112f57cbfa547ad8a1b3be756e08_16,0362524caefe112f57cbfa547ad8a1b3be756e08_page_0016,0362524caefe112f57cbfa547ad8a1b3be756e08.pdf#page=16,underscore_index,pending_review
036d37910cd4b143a98986f1facbe9d84f7e6ca3_1,036d37910cd4b143a98986f1facbe9d84f7e6ca3_page_0001,036d37910cd4b143a98986f1facbe9d84f7e6ca3.pdf#page=1,underscore_index,pending_review
036d37910cd4b143a98986f1facbe9d84f7e6ca3_2,036d37910cd4b143a98986f1facbe9d84f7e6ca3_page_0002,036d37910cd4b143a98986f1facbe9d84f7e6ca3.pdf#page=2,underscore_index,pending_review
036d37910cd4b143a98986f1facbe9d84f7e6ca3_3,036d37910cd4b143a98986f1facbe9d84f7e6ca3_page_0003,036d37910cd4b143a98986f1facbe9d84f7e6ca3.pdf#page=3,underscore_index,pending_review
036d37910cd4b143a98986f1facbe9d84f7e6ca3_4,036d37910cd4b143a98986f1facbe9d84f7e6ca3_page_0004,036d37910cd4b143a98986f1facbe9d84f7e6ca3.pdf#page=4,underscore_index,pending_review
036d37910cd4b143a98986f1facbe9d84f7e6ca3_5,036d37910cd4b143a98986f1facbe9d84f7e6ca3_page_0005,036d37910cd4b143a98986f1facbe9d84f7e6ca3.pdf#page=5,underscore_index,pending_review
036d37910cd4b143a98986f1facbe9d84f7e6ca3_6,036d37910cd4b143a98986f1facbe9d84f7e6ca3_page_0006,036d37910cd4b143a98986f1facbe9d84f7e6ca3.pdf#page=6,underscore_index,pending_review
036d37910cd4b143a98986f1facbe9d84f7e6ca3_7,036d37910cd4b143a98986f1facbe9d84f7e6ca3_page_0007,036d37910cd4b143a98986f1facbe9d84f7e6ca3.pdf#page=7,underscore_index,pending_review
036d37910cd4b143a98986f1facbe9d84f7e6ca3_8,036d37910cd4b143a98986f1facbe9d84f7e6ca3_page_0008,036d37910cd4b143a98986f1facbe9d84f7e6ca3.pdf#page=8,underscore_index,pending_review
036d37910cd4b143a98986f1facbe9d84f7e6ca3_9,036d37910cd4b143a98986f1facbe9d84f7e6ca3_page_0009,036d37910cd4b143a98986f1facbe9d84f7e6ca3.pdf#page=9,underscore_index,pending_review
036d37910cd4b143a98986f1facbe9d84f7e6ca3_10,036d37910cd4b143a98986f1facbe9d84f7e6ca3_page_0010,036d37910cd4b143a98986f1facbe9d84f7e6ca3.pdf#page=10,underscore_index,pending_review
036d37910cd4b143a98986f1facbe9d84f7e6ca3_11,036d37910cd4b143a98986f1facbe9d84f7e6ca3_page_0011,036d37910cd4b143a98986f1facbe9d84f7e6ca3.pdf#page=11,underscore_index,pending_review
036d37910cd4b143a98986f1facbe9d84f7e6ca3_12,036d37910cd4b143a98986f1facbe9d84f7e6ca3_page_0012,036d37910cd4b143a98986f1facbe9d84f7e6ca3.pdf#page=12,underscore_index,pending_review
036d37910cd4b143a98986f1facbe9d84f7e6ca3_13,036d37910cd4b143a98986f1facbe9d84f7e6ca3_page_0013,036d37910cd4b143a98986f1facbe9d84f7e6ca3.pdf#page=13,underscore_index,pending_review
036d37910cd4b143a98986f1facbe9d84f7e6ca3_14,036d37910cd4b143a98986f1facbe9d84f7e6ca3_page_0014,036d37910cd4b143a98986f1facbe9d84f7e6ca3.pdf#page=14,underscore_index,pending_review
036d37910cd4b143a98986f1facbe9d84f7e6ca3_15,036d37910cd4b143a98986f1facbe9d84f7e6ca3_page_0015,036d37910cd4b143a98986f1facbe9d84f7e6ca3.pdf#page=15,underscore_index,pending_review
036d37910cd4b143a98986f1facbe9d84f7e6ca3_16,036d37910cd4b143a98986f1facbe9d84f7e6ca3_page_0016,036d37910cd4b143a98986f1facbe9d84f7e6ca3.pdf#page=16,underscore_index,pending_review
036d37910cd4b143a98986f1facbe9d84f7e6ca3_17,036d37910cd4b143a98986f1facbe9d84f7e6ca3_page_0017,036d37910cd4b143a98986f1facbe9d84f7e6ca3.pdf#page=17,underscore_index,pending_review
036d37910cd4b143a98986f1facbe9d84f7e6ca3_18,036d37910cd4b143a98986f1facbe9d84f7e6ca3_page_0018,036d37910cd4b143a98986f1facbe9d84f7e6ca3.pdf#page=18,underscore_index,pending_review
036d37910cd4b143a98986f1facbe9d84f7e6ca3_19,036d37910cd4b143a98986f1facbe9d84f7e6ca3_page_0019,036d37910cd4b143a98986f1facbe9d84f7e6ca3.pdf#page=19,underscore_index,pending_review
036d37910cd4b143a98986f1facbe9d84f7e6ca3_20,036d37910cd4b143a98986f1facbe9d84f7e6ca3_page_0020,036d37910cd4b143a98986f1facbe9d84f7e6ca3.pdf#page=20,underscore_index,pending_review
036d37910cd4b143a98986f1facbe9d84f7e6ca3_21,036d37910cd4b143a98986f1facbe9d84f7e6ca3_page_0021,036d37910cd4b143a98986f1facbe9d84f7e6ca3.pdf#page=21,underscore_index,pending_review
036d37910cd4b143a98986f1facbe9d84f7e6ca3_22,036d37910cd4b143a98986f1facbe9d84f7e6ca3_page_0022,036d37910cd4b143a98986f1facbe9d84f7e6ca3.pdf#page=22,underscore_index,pending_review
036d37910cd4b143a98986f1facbe9d84f7e6ca3_23,036d37910cd4b143a98986f1facbe9d84f7e6ca3_page_0023,036d37910cd4b143a98986f1facbe9d84f7e6ca3.pdf#page=23,underscore_index,pending_review
036d37910cd4b143a98986f1facbe9d84f7e6ca3_24,036d37910cd4b143a98986f1facbe9d84f7e6ca3_page_0024,036d37910cd4b143a98986f1facbe9d84f7e6ca3.pdf#page=24,underscore_index,pending_review
036d37910cd4b143a98986f1facbe9d84f7e6ca3_25,036d37910cd4b143a98986f1facbe9d84f7e6ca3_page_0025,036d37910cd4b143a98986f1facbe9d84f7e6ca3.pdf#page=25,underscore_index,pending_review
03712a39c4aac9d622685456983c12257318df02_1,03712a39c4aac9d622685456983c12257318df02_page_0001,03712a39c4aac9d622685456983c12257318df02.pdf#page=1,underscore_index,pending_review
03712a39c4aac9d622685456983c12257318df02_2,03712a39c4aac9d622685456983c12257318df02_page_0002,03712a39c4aac9d622685456983c12257318df02.pdf#page=2,underscore_index,pending_review
03712a39c4aac9d622685456983c12257318df02_3,03712a39c4aac9d622685456983c12257318df02_page_0003,03712a39c4aac9d622685456983c12257318df02.pdf#page=3,underscore_index,pending_review
03712a39c4aac9d622685456983c12257318df02_4,03712a39c4aac9d622685456983c12257318df02_page_0004,03712a39c4aac9d622685456983c12257318df02.pdf#page=4,underscore_index,pending_review
03712a39c4aac9d622685456983c12257318df02_5,03712a39c4aac9d622685456983c12257318df02_page_0005,03712a39c4aac9d622685456983c12257318df02.pdf#page=5,underscore_index,pending_review
03712a39c4aac9d622685456983c12257318df02_6,03712a39c4aac9d622685456983c12257318df02_page_0006,03712a39c4aac9d622685456983c12257318df02.pdf#page=6,underscore_index,pending_review
03712a39c4aac9d622685456983c12257318df02_7,03712a39c4aac9d622685456983c12257318df02_page_0007,03712a39c4aac9d622685456983c12257318df02.pdf#page=7,underscore_index,pending_review
03712a39c4aac9d622685456983c12257318df02_8,03712a39c4aac9d622685456983c12257318df02_page_0008,03712a39c4aac9d622685456983c12257318df02.pdf#page=8,underscore_index,pending_review
03712a39c4aac9d622685456983c12257318df02_9,03712a39c4aac9d622685456983c12257318df02_page_0009,03712a39c4aac9d622685456983c12257318df02.pdf#page=9,underscore_index,pending_review
03712a39c4aac9d622685456983c12257318df02_10,03712a39c4aac9d622685456983c12257318df02_page_0010,03712a39c4aac9d622685456983c12257318df02.pdf#page=10,underscore_index,pending_review
03712a39c4aac9d622685456983c12257318df02_11,03712a39c4aac9d622685456983c12257318df02_page_0011,03712a39c4aac9d622685456983c12257318df02.pdf#page=11,underscore_index,pending_review
03712a39c4aac9d622685456983c12257318df02_12,03712a39c4aac9d622685456983c12257318df02_page_0012,03712a39c4aac9d622685456983c12257318df02.pdf#page=12,underscore_index,pending_review
03712a39c4aac9d622685456983c12257318df02_13,03712a39c4aac9d622685456983c12257318df02_page_0013,03712a39c4aac9d622685456983c12257318df02.pdf#page=13,underscore_index,pending_review
03712a39c4aac9d622685456983c12257318df02_14,03712a39c4aac9d622685456983c12257318df02_page_0014,03712a39c4aac9d622685456983c12257318df02.pdf#page=14,underscore_index,pending_review
03712a39c4aac9d622685456983c12257318df02_15,03712a39c4aac9d622685456983c12257318df02_page_0015,03712a39c4aac9d622685456983c12257318df02.pdf#page=15,underscore_index,pending_review
03712a39c4aac9d622685456983c12257318df02_16,03712a39c4aac9d622685456983c12257318df02_page_0016,03712a39c4aac9d622685456983c12257318df02.pdf#page=16,underscore_index,pending_review
03712a39c4aac9d622685456983c12257318df02_17,03712a39c4aac9d622685456983c12257318df02_page_0017,03712a39c4aac9d622685456983c12257318df02.pdf#page=17,underscore_index,pending_review
03712a39c4aac9d622685456983c12257318df02_18,03712a39c4aac9d622685456983c12257318df02_page_0018,03712a39c4aac9d622685456983c12257318df02.pdf#page=18,underscore_index,pending_review
03712a39c4aac9d622685456983c12257318df02_19,03712a39c4aac9d622685456983c12257318df02_page_0019,03712a39c4aac9d622685456983c12257318df02.pdf#page=19,underscore_index,pending_review
03712a39c4aac9d622685456983c12257318df02_20,03712a39c4aac9d622685456983c12257318df02_page_0020,03712a39c4aac9d622685456983c12257318df02.pdf#page=20,underscore_index,pending_review
03712a39c4aac9d622685456983c12257318df02_21,03712a39c4aac9d622685456983c12257318df02_page_0021,03712a39c4aac9d622685456983c12257318df02.pdf#page=21,underscore_index,pending_review
0372940bfd53ea56cbc58ca8db8bf0d3141a467c_1,0372940bfd53ea56cbc58ca8db8bf0d3141a467c_page_0001,0372940bfd53ea56cbc58ca8db8bf0d3141a467c.pdf#page=1,underscore_index,pending_review
0372940bfd53ea56cbc58ca8db8bf0d3141a467c_2,0372940bfd53ea56cbc58ca8db8bf0d3141a467c_page_0002,0372940bfd53ea56cbc58ca8db8bf0d3141a467c.pdf#page=2,underscore_index,pending_review
0372940bfd53ea56cbc58ca8db8bf0d3141a467c_3,0372940bfd53ea56cbc58ca8db8bf0d3141a467c_page_0003,0372940bfd53ea56cbc58ca8db8bf0d3141a467c.pdf#page=3,underscore_index,pending_review
0372940bfd53ea56cbc58ca8db8bf0d3141a467c_4,0372940bfd53ea56cbc58ca8db8bf0d3141a467c_page_0004,0372940bfd53ea56cbc58ca8db8bf0d3141a467c.pdf#page=4,underscore_index,pending_review
0372940bfd53ea56cbc58ca8db8bf0d3141a467c_5,0372940bfd53ea56cbc58ca8db8bf0d3141a467c_page_0005,0372940bfd53ea56cbc58ca8db8bf0d3141a467c.pdf#page=5,underscore_index,pending_review
0372940bfd53ea56cbc58ca8db8bf0d3141a467c_6,0372940bfd53ea56cbc58ca8db8bf0d3141a467c_page_0006,0372940bfd53ea56cbc58ca8db8bf0d3141a467c.pdf#page=6,underscore_index,pending_review
0372940bfd53ea56cbc58ca8db8bf0d3141a467c_7,0372940bfd53ea56cbc58ca8db8bf0d3141a467c_page_0007,0372940bfd53ea56cbc58ca8db8bf0d3141a467c.pdf#page=7,underscore_index,pending_review
0372940bfd53ea56cbc58ca8db8bf0d3141a467c_8,0372940bfd53ea56cbc58ca8db8bf0d3141a467c_page_0008,0372940bfd53ea56cbc58ca8db8bf0d3141a467c.pdf#page=8,underscore_index,pending_review
0372940bfd53ea56cbc58ca8db8bf0d3141a467c_9,0372940bfd53ea56cbc58ca8db8bf0d3141a467c_page_0009,0372940bfd53ea56cbc58ca8db8bf0d3141a467c.pdf#page=9,underscore_index,pending_review
0372940bfd53ea56cbc58ca8db8bf0d3141a467c_10,0372940bfd53ea56cbc58ca8db8bf0d3141a467c_page_0010,0372940bfd53ea56cbc58ca8db8bf0d3141a467c.pdf#page=10,underscore_index,pending_review
0372940bfd53ea56cbc58ca8db8bf0d3141a467c_11,0372940bfd53ea56cbc58ca8db8bf0d3141a467c_page_0011,0372940bfd53ea56cbc58ca8db8bf0d3141a467c.pdf#page=11,underscore_index,pending_review
0372940bfd53ea56cbc58ca8db8bf0d3141a467c_12,0372940bfd53ea56cbc58ca8db8bf0d3141a467c_page_0012,0372940bfd53ea56cbc58ca8db8bf0d3141a467c.pdf#page=12,underscore_index,pending_review
0372940bfd53ea56cbc58ca8db8bf0d3141a467c_13,0372940bfd53ea56cbc58ca8db8bf0d3141a467c_page_0013,0372940bfd53ea56cbc58ca8db8bf0d3141a467c.pdf#page=13,underscore_index,pending_review
0372940bfd53ea56cbc58ca8db8bf0d3141a467c_14,0372940bfd53ea56cbc58ca8db8bf0d3141a467c_page_0014,0372940bfd53ea56cbc58ca8db8bf0d3141a467c.pdf#page=14,underscore_index,pending_review
0372940bfd53ea56cbc58ca8db8bf0d3141a467c_15,0372940bfd53ea56cbc58ca8db8bf0d3141a467c_page_0015,0372940bfd53ea56cbc58ca8db8bf0d3141a467c.pdf#page=15,underscore_index,pending_review
0372940bfd53ea56cbc58ca8db8bf0d3141a467c_16,0372940bfd53ea56cbc58ca8db8bf0d3141a467c_page_0016,0372940bfd53ea56cbc58ca8db8bf0d3141a467c.pdf#page=16,underscore_index,pending_review
037565607baae0e594a768a081618926ef9d5658_1,037565607baae0e594a768a081618926ef9d5658_page_0001,037565607baae0e594a768a081618926ef9d5658.pdf#page=1,underscore_index,pending_review
037565607baae0e594a768a081618926ef9d5658_2,037565607baae0e594a768a081618926ef9d5658_page_0002,037565607baae0e594a768a081618926ef9d5658.pdf#page=2,underscore_index,pending_review
037565607baae0e594a768a081618926ef9d5658_3,037565607baae0e594a768a081618926ef9d5658_page_0003,037565607baae0e594a768a081618926ef9d5658.pdf#page=3,underscore_index,pending_review
037565607baae0e594a768a081618926ef9d5658_4,037565607baae0e594a768a081618926ef9d5658_page_0004,037565607baae0e594a768a081618926ef9d5658.pdf#page=4,underscore_index,pending_review
037565607baae0e594a768a081618926ef9d5658_5,037565607baae0e594a768a081618926ef9d5658_page_0005,037565607baae0e594a768a081618926ef9d5658.pdf#page=5,underscore_index,pending_review
037565607baae0e594a768a081618926ef9d5658_6,037565607baae0e594a768a081618926ef9d5658_page_0006,037565607baae0e594a768a081618926ef9d5658.pdf#page=6,underscore_index,pending_review
037565607baae0e594a768a081618926ef9d5658_7,037565607baae0e594a768a081618926ef9d5658_page_0007,037565607baae0e594a768a081618926ef9d5658.pdf#page=7,underscore_index,pending_review
037565607baae0e594a768a081618926ef9d5658_8,037565607baae0e594a768a081618926ef9d5658_page_0008,037565607baae0e594a768a081618926ef9d5658.pdf#page=8,underscore_index,pending_review
037565607baae0e594a768a081618926ef9d5658_9,037565607baae0e594a768a081618926ef9d5658_page_0009,037565607baae0e594a768a081618926ef9d5658.pdf#page=9,underscore_index,pending_review
037565607baae0e594a768a081618926ef9d5658_10,037565607baae0e594a768a081618926ef9d5658_page_0010,037565607baae0e594a768a081618926ef9d5658.pdf#page=10,underscore_index,pending_review
037565607baae0e594a768a081618926ef9d5658_11,037565607baae0e594a768a081618926ef9d5658_page_0011,037565607baae0e594a768a081618926ef9d5658.pdf#page=11,underscore_index,pending_review
037565607baae0e594a768a081618926ef9d5658_12,037565607baae0e594a768a081618926ef9d5658_page_0012,037565607baae0e594a768a081618926ef9d5658.pdf#page=12,underscore_index,pending_review
037565607baae0e594a768a081618926ef9d5658_13,037565607baae0e594a768a081618926ef9d5658_page_0013,037565607baae0e594a768a081618926ef9d5658.pdf#page=13,underscore_index,pending_review
037565607baae0e594a768a081618926ef9d5658_14,037565607baae0e594a768a081618926ef9d5658_page_0014,037565607baae0e594a768a081618926ef9d5658.pdf#page=14,underscore_index,pending_review
037565607baae0e594a768a081618926ef9d5658_15,037565607baae0e594a768a081618926ef9d5658_page_0015,037565607baae0e594a768a081618926ef9d5658.pdf#page=15,underscore_index,pending_review
03765e5f537e4f64bf9295e169360c99129f873d_1,03765e5f537e4f64bf9295e169360c99129f873d_page_0001,03765e5f537e4f64bf9295e169360c99129f873d.pdf#page=1,underscore_index,pending_review
03765e5f537e4f64bf9295e169360c99129f873d_2,03765e5f537e4f64bf9295e169360c99129f873d_page_0002,03765e5f537e4f64bf9295e169360c99129f873d.pdf#page=2,underscore_index,pending_review
03765e5f537e4f64bf9295e169360c99129f873d_3,03765e5f537e4f64bf9295e169360c99129f873d_page_0003,03765e5f537e4f64bf9295e169360c99129f873d.pdf#page=3,underscore_index,pending_review
03765e5f537e4f64bf9295e169360c99129f873d_4,03765e5f537e4f64bf9295e169360c99129f873d_page_0004,03765e5f537e4f64bf9295e169360c99129f873d.pdf#page=4,underscore_index,pending_review
03765e5f537e4f64bf9295e169360c99129f873d_5,03765e5f537e4f64bf9295e169360c99129f873d_page_0005,03765e5f537e4f64bf9295e169360c99129f873d.pdf#page=5,underscore_index,pending_review
03765e5f537e4f64bf9295e169360c99129f873d_6,03765e5f537e4f64bf9295e169360c99129f873d_page_0006,03765e5f537e4f64bf9295e169360c99129f873d.pdf#page=6,underscore_index,pending_review
03765e5f537e4f64bf9295e169360c99129f873d_7,03765e5f537e4f64bf9295e169360c99129f873d_page_0007,03765e5f537e4f64bf9295e169360c99129f873d.pdf#page=7,underscore_index,pending_review
03765e5f537e4f64bf9295e169360c99129f873d_8,03765e5f537e4f64bf9295e169360c99129f873d_page_0008,03765e5f537e4f64bf9295e169360c99129f873d.pdf#page=8,underscore_index,pending_review
03765e5f537e4f64bf9295e169360c99129f873d_9,03765e5f537e4f64bf9295e169360c99129f873d_page_0009,03765e5f537e4f64bf9295e169360c99129f873d.pdf#page=9,underscore_index,pending_review
03765e5f537e4f64bf9295e169360c99129f873d_10,03765e5f537e4f64bf9295e169360c99129f873d_page_0010,03765e5f537e4f64bf9295e169360c99129f873d.pdf#page=10,underscore_index,pending_review
03765e5f537e4f64bf9295e169360c99129f873d_11,03765e5f537e4f64bf9295e169360c99129f873d_page_0011,03765e5f537e4f64bf9295e169360c99129f873d.pdf#page=11,underscore_index,pending_review
03765e5f537e4f64bf9295e169360c99129f873d_12,03765e5f537e4f64bf9295e169360c99129f873d_page_0012,03765e5f537e4f64bf9295e169360c99129f873d.pdf#page=12,underscore_index,pending_review
03765e5f537e4f64bf9295e169360c99129f873d_13,03765e5f537e4f64bf9295e169360c99129f873d_page_0013,03765e5f537e4f64bf9295e169360c99129f873d.pdf#page=13,underscore_index,pending_review
03765e5f537e4f64bf9295e169360c99129f873d_14,03765e5f537e4f64bf9295e169360c99129f873d_page_0014,03765e5f537e4f64bf9295e169360c99129f873d.pdf#page=14,underscore_index,pending_review
03765e5f537e4f64bf9295e169360c99129f873d_15,03765e5f537e4f64bf9295e169360c99129f873d_page_0015,03765e5f537e4f64bf9295e169360c99129f873d.pdf#page=15,underscore_index,pending_review
03765e5f537e4f64bf9295e169360c99129f873d_16,03765e5f537e4f64bf9295e169360c99129f873d_page_0016,03765e5f537e4f64bf9295e169360c99129f873d.pdf#page=16,underscore_index,pending_review
03765e5f537e4f64bf9295e169360c99129f873d_17,03765e5f537e4f64bf9295e169360c99129f873d_page_0017,03765e5f537e4f64bf9295e169360c99129f873d.pdf#page=17,underscore_index,pending_review
03765e5f537e4f64bf9295e169360c99129f873d_18,03765e5f537e4f64bf9295e169360c99129f873d_page_0018,03765e5f537e4f64bf9295e169360c99129f873d.pdf#page=18,underscore_index,pending_review
03765e5f537e4f64bf9295e169360c99129f873d_19,03765e5f537e4f64bf9295e169360c99129f873d_page_0019,03765e5f537e4f64bf9295e169360c99129f873d.pdf#page=19,underscore_index,pending_review
0377538b0b6ca5779ea310917023c144c642ae6d_1,0377538b0b6ca5779ea310917023c144c642ae6d_page_0001,0377538b0b6ca5779ea310917023c144c642ae6d.pdf#page=1,underscore_index,pending_review
0377538b0b6ca5779ea310917023c144c642ae6d_2,0377538b0b6ca5779ea310917023c144c642ae6d_page_0002,0377538b0b6ca5779ea310917023c144c642ae6d.pdf#page=2,underscore_index,pending_review
0377538b0b6ca5779ea310917023c144c642ae6d_3,0377538b0b6ca5779ea310917023c144c642ae6d_page_0003,0377538b0b6ca5779ea310917023c144c642ae6d.pdf#page=3,underscore_index,pending_review
0377538b0b6ca5779ea310917023c144c642ae6d_4,0377538b0b6ca5779ea310917023c144c642ae6d_page_0004,0377538b0b6ca5779ea310917023c144c642ae6d.pdf#page=4,underscore_index,pending_review
0377538b0b6ca5779ea310917023c144c642ae6d_5,0377538b0b6ca5779ea310917023c144c642ae6d_page_0005,0377538b0b6ca5779ea310917023c144c642ae6d.pdf#page=5,underscore_index,pending_review
0377538b0b6ca5779ea310917023c144c642ae6d_6,0377538b0b6ca5779ea310917023c144c642ae6d_page_0006,0377538b0b6ca5779ea310917023c144c642ae6d.pdf#page=6,underscore_index,pending_review
0377538b0b6ca5779ea310917023c144c642ae6d_7,0377538b0b6ca5779ea310917023c144c642ae6d_page_0007,0377538b0b6ca5779ea310917023c144c642ae6d.pdf#page=7,underscore_index,pending_review
0377538b0b6ca5779ea310917023c144c642ae6d_8,0377538b0b6ca5779ea310917023c144c642ae6d_page_0008,0377538b0b6ca5779ea310917023c144c642ae6d.pdf#page=8,underscore_index,pending_review
0377538b0b6ca5779ea310917023c144c642ae6d_9,0377538b0b6ca5779ea310917023c144c642ae6d_page_0009,0377538b0b6ca5779ea310917023c144c642ae6d.pdf#page=9,underscore_index,pending_review
0377538b0b6ca5779ea310917023c144c642ae6d_10,0377538b0b6ca5779ea310917023c144c642ae6d_page_0010,0377538b0b6ca5779ea310917023c144c642ae6d.pdf#page=10,underscore_index,pending_review
0377538b0b6ca5779ea310917023c144c642ae6d_11,0377538b0b6ca5779ea310917023c144c642ae6d_page_0011,0377538b0b6ca5779ea310917023c144c642ae6d.pdf#page=11,underscore_index,pending_review
0377538b0b6ca5779ea310917023c144c642ae6d_12,0377538b0b6ca5779ea310917023c144c642ae6d_page_0012,0377538b0b6ca5779ea310917023c144c642ae6d.pdf#page=12,underscore_index,pending_review
0377538b0b6ca5779ea310917023c144c642ae6d_13,0377538b0b6ca5779ea310917023c144c642ae6d_page_0013,0377538b0b6ca5779ea310917023c144c642ae6d.pdf#page=13,underscore_index,pending_review
0377538b0b6ca5779ea310917023c144c642ae6d_14,0377538b0b6ca5779ea310917023c144c642ae6d_page_0014,0377538b0b6ca5779ea310917023c144c642ae6d.pdf#page=14,underscore_index,pending_review
0377538b0b6ca5779ea310917023c144c642ae6d_15,0377538b0b6ca5779ea310917023c144c642ae6d_page_0015,0377538b0b6ca5779ea310917023c144c642ae6d.pdf#page=15,underscore_index,pending_review
0377538b0b6ca5779ea310917023c144c642ae6d_16,0377538b0b6ca5779ea310917023c144c642ae6d_page_0016,0377538b0b6ca5779ea310917023c144c642ae6d.pdf#page=16,underscore_index,pending_review
0377538b0b6ca5779ea310917023c144c642ae6d_17,0377538b0b6ca5779ea310917023c144c642ae6d_page_0017,0377538b0b6ca5779ea310917023c144c642ae6d.pdf#page=17,underscore_index,pending_review
0379df63b26382ced5647b1461294aeab1e3b44b_1,0379df63b26382ced5647b1461294aeab1e3b44b_page_0001,0379df63b26382ced5647b1461294aeab1e3b44b.pdf#page=1,underscore_index,pending_review
0379df63b26382ced5647b1461294aeab1e3b44b_2,0379df63b26382ced5647b1461294aeab1e3b44b_page_0002,0379df63b26382ced5647b1461294aeab1e3b44b.pdf#page=2,underscore_index,pending_review
0379df63b26382ced5647b1461294aeab1e3b44b_3,0379df63b26382ced5647b1461294aeab1e3b44b_page_0003,0379df63b26382ced5647b1461294aeab1e3b44b.pdf#page=3,underscore_index,pending_review
0379df63b26382ced5647b1461294aeab1e3b44b_4,0379df63b26382ced5647b1461294aeab1e3b44b_page_0004,0379df63b26382ced5647b1461294aeab1e3b44b.pdf#page=4,underscore_index,pending_review
0379df63b26382ced5647b1461294aeab1e3b44b_5,0379df63b26382ced5647b1461294aeab1e3b44b_page_0005,0379df63b26382ced5647b1461294aeab1e3b44b.pdf#page=5,underscore_index,pending_review
0379df63b26382ced5647b1461294aeab1e3b44b_6,0379df63b26382ced5647b1461294aeab1e3b44b_page_0006,0379df63b26382ced5647b1461294aeab1e3b44b.pdf#page=6,underscore_index,pending_review
0379df63b26382ced5647b1461294aeab1e3b44b_7,0379df63b26382ced5647b1461294aeab1e3b44b_page_0007,0379df63b26382ced5647b1461294aeab1e3b44b.pdf#page=7,underscore_index,pending_review
0379df63b26382ced5647b1461294aeab1e3b44b_8,0379df63b26382ced5647b1461294aeab1e3b44b_page_0008,0379df63b26382ced5647b1461294aeab1e3b44b.pdf#page=8,underscore_index,pending_review
0379df63b26382ced5647b1461294aeab1e3b44b_9,0379df63b26382ced5647b1461294aeab1e3b44b_page_0009,0379df63b26382ced5647b1461294aeab1e3b44b.pdf#page=9,underscore_index,pending_review
0379df63b26382ced5647b1461294aeab1e3b44b_10,0379df63b26382ced5647b1461294aeab1e3b44b_page_0010,0379df63b26382ced5647b1461294aeab1e3b44b.pdf#page=10,underscore_index,pending_review
0379df63b26382ced5647b1461294aeab1e3b44b_11,0379df63b26382ced5647b1461294aeab1e3b44b_page_0011,0379df63b26382ced5647b1461294aeab1e3b44b.pdf#page=11,underscore_index,pending_review
0379df63b26382ced5647b1461294aeab1e3b44b_12,0379df63b26382ced5647b1461294aeab1e3b44b_page_0012,0379df63b26382ced5647b1461294aeab1e3b44b.pdf#page=12,underscore_index,pending_review
0379df63b26382ced5647b1461294aeab1e3b44b_13,0379df63b26382ced5647b1461294aeab1e3b44b_page_0013,0379df63b26382ced5647b1461294aeab1e3b44b.pdf#page=13,underscore_index,pending_review
037ba95d73f98278bdb26c4fd691eb4f4a9a3646_1,037ba95d73f98278bdb26c4fd691eb4f4a9a3646_page_0001,037ba95d73f98278bdb26c4fd691eb4f4a9a3646.pdf#page=1,underscore_index,pending_review
037ba95d73f98278bdb26c4fd691eb4f4a9a3646_2,037ba95d73f98278bdb26c4fd691eb4f4a9a3646_page_0002,037ba95d73f98278bdb26c4fd691eb4f4a9a3646.pdf#page=2,underscore_index,pending_review
037ba95d73f98278bdb26c4fd691eb4f4a9a3646_3,037ba95d73f98278bdb26c4fd691eb4f4a9a3646_page_0003,037ba95d73f98278bdb26c4fd691eb4f4a9a3646.pdf#page=3,underscore_index,pending_review
037ba95d73f98278bdb26c4fd691eb4f4a9a3646_4,037ba95d73f98278bdb26c4fd691eb4f4a9a3646_page_0004,037ba95d73f98278bdb26c4fd691eb4f4a9a3646.pdf#page=4,underscore_index,pending_review
037ba95d73f98278bdb26c4fd691eb4f4a9a3646_5,037ba95d73f98278bdb26c4fd691eb4f4a9a3646_page_0005,037ba95d73f98278bdb26c4fd691eb4f4a9a3646.pdf#page=5,underscore_index,pending_review
037ba95d73f98278bdb26c4fd691eb4f4a9a3646_6,037ba95d73f98278bdb26c4fd691eb4f4a9a3646_page_0006,037ba95d73f98278bdb26c4fd691eb4f4a9a3646.pdf#page=6,underscore_index,pending_review
037ba95d73f98278bdb26c4fd691eb4f4a9a3646_7,037ba95d73f98278bdb26c4fd691eb4f4a9a3646_page_0007,037ba95d73f98278bdb26c4fd691eb4f4a9a3646.pdf#page=7,underscore_index,pending_review
037ba95d73f98278bdb26c4fd691eb4f4a9a3646_8,037ba95d73f98278bdb26c4fd691eb4f4a9a3646_page_0008,037ba95d73f98278bdb26c4fd691eb4f4a9a3646.pdf#page=8,underscore_index,pending_review
037ba95d73f98278bdb26c4fd691eb4f4a9a3646_9,037ba95d73f98278bdb26c4fd691eb4f4a9a3646_page_0009,037ba95d73f98278bdb26c4fd691eb4f4a9a3646.pdf#page=9,underscore_index,pending_review
037ba95d73f98278bdb26c4fd691eb4f4a9a3646_10,037ba95d73f98278bdb26c4fd691eb4f4a9a3646_page_0010,037ba95d73f98278bdb26c4fd691eb4f4a9a3646.pdf#page=10,underscore_index,pending_review
037ba95d73f98278bdb26c4fd691eb4f4a9a3646_11,037ba95d73f98278bdb26c4fd691eb4f4a9a3646_page_0011,037ba95d73f98278bdb26c4fd691eb4f4a9a3646.pdf#page=11,underscore_index,pending_review
037ba95d73f98278bdb26c4fd691eb4f4a9a3646_12,037ba95d73f98278bdb26c4fd691eb4f4a9a3646_page_0012,037ba95d73f98278bdb26c4fd691eb4f4a9a3646.pdf#page=12,underscore_index,pending_review
037ba95d73f98278bdb26c4fd691eb4f4a9a3646_13,037ba95d73f98278bdb26c4fd691eb4f4a9a3646_page_0013,037ba95d73f98278bdb26c4fd691eb4f4a9a3646.pdf#page=13,underscore_index,pending_review
037ba95d73f98278bdb26c4fd691eb4f4a9a3646_14,037ba95d73f98278bdb26c4fd691eb4f4a9a3646_page_0014,037ba95d73f98278bdb26c4fd691eb4f4a9a3646.pdf#page=14,underscore_index,pending_review
037ba95d73f98278bdb26c4fd691eb4f4a9a3646_15,037ba95d73f98278bdb26c4fd691eb4f4a9a3646_page_0015,037ba95d73f98278bdb26c4fd691eb4f4a9a3646.pdf#page=15,underscore_index,pending_review
037ba95d73f98278bdb26c4fd691eb4f4a9a3646_16,037ba95d73f98278bdb26c4fd691eb4f4a9a3646_page_0016,037ba95d73f98278bdb26c4fd691eb4f4a9a3646.pdf#page=16,underscore_index,pending_review
037ba95d73f98278bdb26c4fd691eb4f4a9a3646_17,037ba95d73f98278bdb26c4fd691eb4f4a9a3646_page_0017,037ba95d73f98278bdb26c4fd691eb4f4a9a3646.pdf#page=17,underscore_index,pending_review
037ba95d73f98278bdb26c4fd691eb4f4a9a3646_18,037ba95d73f98278bdb26c4fd691eb4f4a9a3646_page_0018,037ba95d73f98278bdb26c4fd691eb4f4a9a3646.pdf#page=18,underscore_index,pending_review
0389183e3fe45615b4d7002823fac7fba892c63c_1,0389183e3fe45615b4d7002823fac7fba892c63c_page_0001,0389183e3fe45615b4d7002823fac7fba892c63c.pdf#page=1,underscore_index,pending_review
0389183e3fe45615b4d7002823fac7fba892c63c_2,0389183e3fe45615b4d7002823fac7fba892c63c_page_0002,0389183e3fe45615b4d7002823fac7fba892c63c.pdf#page=2,underscore_index,pending_review
0389183e3fe45615b4d7002823fac7fba892c63c_3,0389183e3fe45615b4d7002823fac7fba892c63c_page_0003,0389183e3fe45615b4d7002823fac7fba892c63c.pdf#page=3,underscore_index,pending_review
0389183e3fe45615b4d7002823fac7fba892c63c_4,0389183e3fe45615b4d7002823fac7fba892c63c_page_0004,0389183e3fe45615b4d7002823fac7fba892c63c.pdf#page=4,underscore_index,pending_review
0389183e3fe45615b4d7002823fac7fba892c63c_5,0389183e3fe45615b4d7002823fac7fba892c63c_page_0005,0389183e3fe45615b4d7002823fac7fba892c63c.pdf#page=5,underscore_index,pending_review
0389183e3fe45615b4d7002823fac7fba892c63c_6,0389183e3fe45615b4d7002823fac7fba892c63c_page_0006,0389183e3fe45615b4d7002823fac7fba892c63c.pdf#page=6,underscore_index,pending_review
0389183e3fe45615b4d7002823fac7fba892c63c_7,0389183e3fe45615b4d7002823fac7fba892c63c_page_0007,0389183e3fe45615b4d7002823fac7fba892c63c.pdf#page=7,underscore_index,pending_review
0389183e3fe45615b4d7002823fac7fba892c63c_8,0389183e3fe45615b4d7002823fac7fba892c63c_page_0008,0389183e3fe45615b4d7002823fac7fba892c63c.pdf#page=8,underscore_index,pending_review
0389183e3fe45615b4d7002823fac7fba892c63c_9,0389183e3fe45615b4d7002823fac7fba892c63c_page_0009,0389183e3fe45615b4d7002823fac7fba892c63c.pdf#page=9,underscore_index,pending_review
0389183e3fe45615b4d7002823fac7fba892c63c_10,0389183e3fe45615b4d7002823fac7fba892c63c_page_0010,0389183e3fe45615b4d7002823fac7fba892c63c.pdf#page=10,underscore_index,pending_review
0389183e3fe45615b4d7002823fac7fba892c63c_11,0389183e3fe45615b4d7002823fac7fba892c63c_page_0011,0389183e3fe45615b4d7002823fac7fba892c63c.pdf#page=11,underscore_index,pending_review
0389183e3fe45615b4d7002823fac7fba892c63c_12,0389183e3fe45615b4d7002823fac7fba892c63c_page_0012,0389183e3fe45615b4d7002823fac7fba892c63c.pdf#page=12,underscore_index,pending_review
0389183e3fe45615b4d7002823fac7fba892c63c_13,0389183e3fe45615b4d7002823fac7fba892c63c_page_0013,0389183e3fe45615b4d7002823fac7fba892c63c.pdf#page=13,underscore_index,pending_review
0389183e3fe45615b4d7002823fac7fba892c63c_14,0389183e3fe45615b4d7002823fac7fba892c63c_page_0014,0389183e3fe45615b4d7002823fac7fba892c63c.pdf#page=14,underscore_index,pending_review
0389183e3fe45615b4d7002823fac7fba892c63c_15,0389183e3fe45615b4d7002823fac7fba892c63c_page_0015,0389183e3fe45615b4d7002823fac7fba892c63c.pdf#page=15,underscore_index,pending_review
0389183e3fe45615b4d7002823fac7fba892c63c_16,0389183e3fe45615b4d7002823fac7fba892c63c_page_0016,0389183e3fe45615b4d7002823fac7fba892c63c.pdf#page=16,underscore_index,pending_review
0389183e3fe45615b4d7002823fac7fba892c63c_17,0389183e3fe45615b4d7002823fac7fba892c63c_page_0017,0389183e3fe45615b4d7002823fac7fba892c63c.pdf#page=17,underscore_index,pending_review
0389183e3fe45615b4d7002823fac7fba892c63c_18,0389183e3fe45615b4d7002823fac7fba892c63c_page_0018,0389183e3fe45615b4d7002823fac7fba892c63c.pdf#page=18,underscore_index,pending_review
0389183e3fe45615b4d7002823fac7fba892c63c_19,0389183e3fe45615b4d7002823fac7fba892c63c_page_0019,0389183e3fe45615b4d7002823fac7fba892c63c.pdf#page=19,underscore_index,pending_review
0389183e3fe45615b4d7002823fac7fba892c63c_20,0389183e3fe45615b4d7002823fac7fba892c63c_page_0020,0389183e3fe45615b4d7002823fac7fba892c63c.pdf#page=20,underscore_index,pending_review
0389183e3fe45615b4d7002823fac7fba892c63c_21,0389183e3fe45615b4d7002823fac7fba892c63c_page_0021,0389183e3fe45615b4d7002823fac7fba892c63c.pdf#page=21,underscore_index,pending_review
0389183e3fe45615b4d7002823fac7fba892c63c_22,0389183e3fe45615b4d7002823fac7fba892c63c_page_0022,0389183e3fe45615b4d7002823fac7fba892c63c.pdf#page=22,underscore_index,pending_review
0389183e3fe45615b4d7002823fac7fba892c63c_23,0389183e3fe45615b4d7002823fac7fba892c63c_page_0023,0389183e3fe45615b4d7002823fac7fba892c63c.pdf#page=23,underscore_index,pending_review
0389183e3fe45615b4d7002823fac7fba892c63c_24,0389183e3fe45615b4d7002823fac7fba892c63c_page_0024,0389183e3fe45615b4d7002823fac7fba892c63c.pdf#page=24,underscore_index,pending_review
038c7d9e4cc19a5b729d9d2a7ca5b304e6756ea1_1,038c7d9e4cc19a5b729d9d2a7ca5b304e6756ea1_page_0001,038c7d9e4cc19a5b729d9d2a7ca5b304e6756ea1.pdf#page=1,underscore_index,pending_review
038c7d9e4cc19a5b729d9d2a7ca5b304e6756ea1_2,038c7d9e4cc19a5b729d9d2a7ca5b304e6756ea1_page_0002,038c7d9e4cc19a5b729d9d2a7ca5b304e6756ea1.pdf#page=2,underscore_index,pending_review
038c7d9e4cc19a5b729d9d2a7ca5b304e6756ea1_3,038c7d9e4cc19a5b729d9d2a7ca5b304e6756ea1_page_0003,038c7d9e4cc19a5b729d9d2a7ca5b304e6756ea1.pdf#page=3,underscore_index,pending_review
038c7d9e4cc19a5b729d9d2a7ca5b304e6756ea1_4,038c7d9e4cc19a5b729d9d2a7ca5b304e6756ea1_page_0004,038c7d9e4cc19a5b729d9d2a7ca5b304e6756ea1.pdf#page=4,underscore_index,pending_review
038c7d9e4cc19a5b729d9d2a7ca5b304e6756ea1_5,038c7d9e4cc19a5b729d9d2a7ca5b304e6756ea1_page_0005,038c7d9e4cc19a5b729d9d2a7ca5b304e6756ea1.pdf#page=5,underscore_index,pending_review
038c7d9e4cc19a5b729d9d2a7ca5b304e6756ea1_6,038c7d9e4cc19a5b729d9d2a7ca5b304e6756ea1_page_0006,038c7d9e4cc19a5b729d9d2a7ca5b304e6756ea1.pdf#page=6,underscore_index,pending_review
038c7d9e4cc19a5b729d9d2a7ca5b304e6756ea1_7,038c7d9e4cc19a5b729d9d2a7ca5b304e6756ea1_page_0007,038c7d9e4cc19a5b729d9d2a7ca5b304e6756ea1.pdf#page=7,underscore_index,pending_review
038c7d9e4cc19a5b729d9d2a7ca5b304e6756ea1_8,038c7d9e4cc19a5b729d9d2a7ca5b304e6756ea1_page_0008,038c7d9e4cc19a5b729d9d2a7ca5b304e6756ea1.pdf#page=8,underscore_index,pending_review
038c7d9e4cc19a5b729d9d2a7ca5b304e6756ea1_9,038c7d9e4cc19a5b729d9d2a7ca5b304e6756ea1_page_0009,038c7d9e4cc19a5b729d9d2a7ca5b304e6756ea1.pdf#page=9,underscore_index,pending_review
038c7d9e4cc19a5b729d9d2a7ca5b304e6756ea1_10,038c7d9e4cc19a5b729d9d2a7ca5b304e6756ea1_page_0010,038c7d9e4cc19a5b729d9d2a7ca5b304e6756ea1.pdf#page=10,underscore_index,pending_review
038c7d9e4cc19a5b729d9d2a7ca5b304e6756ea1_11,038c7d9e4cc19a5b729d9d2a7ca5b304e6756ea1_page_0011,038c7d9e4cc19a5b729d9d2a7ca5b304e6756ea1.pdf#page=11,underscore_index,pending_review
038c7d9e4cc19a5b729d9d2a7ca5b304e6756ea1_12,038c7d9e4cc19a5b729d9d2a7ca5b304e6756ea1_page_0012,038c7d9e4cc19a5b729d9d2a7ca5b304e6756ea1.pdf#page=12,underscore_index,pending_review
038c7d9e4cc19a5b729d9d2a7ca5b304e6756ea1_13,038c7d9e4cc19a5b729d9d2a7ca5b304e6756ea1_page_0013,038c7d9e4cc19a5b729d9d2a7ca5b304e6756ea1.pdf#page=13,underscore_index,pending_review
038c7d9e4cc19a5b729d9d2a7ca5b304e6756ea1_14,038c7d9e4cc19a5b729d9d2a7ca5b304e6756ea1_page_0014,038c7d9e4cc19a5b729d9d2a7ca5b304e6756ea1.pdf#page=14,underscore_index,pending_review
038c7d9e4cc19a5b729d9d2a7ca5b304e6756ea1_15,038c7d9e4cc19a5b729d9d2a7ca5b304e6756ea1_page_0015,038c7d9e4cc19a5b729d9d2a7ca5b304e6756ea1.pdf#page=15,underscore_index,pending_review
0393238e281882c034559a1f3698aed1024cdd22_1,0393238e281882c034559a1f3698aed1024cdd22_page_0001,0393238e281882c034559a1f3698aed1024cdd22.pdf#page=1,underscore_index,pending_review
0393238e281882c034559a1f3698aed1024cdd22_2,0393238e281882c034559a1f3698aed1024cdd22_page_0002,0393238e281882c034559a1f3698aed1024cdd22.pdf#page=2,underscore_index,pending_review
0393238e281882c034559a1f3698aed1024cdd22_3,0393238e281882c034559a1f3698aed1024cdd22_page_0003,0393238e281882c034559a1f3698aed1024cdd22.pdf#page=3,underscore_index,pending_review
0393238e281882c034559a1f3698aed1024cdd22_4,0393238e281882c034559a1f3698aed1024cdd22_page_0004,0393238e281882c034559a1f3698aed1024cdd22.pdf#page=4,underscore_index,pending_review
0393238e281882c034559a1f3698aed1024cdd22_5,0393238e281882c034559a1f3698aed1024cdd22_page_0005,0393238e281882c034559a1f3698aed1024cdd22.pdf#page=5,underscore_index,pending_review
0393238e281882c034559a1f3698aed1024cdd22_6,0393238e281882c034559a1f3698aed1024cdd22_page_0006,0393238e281882c034559a1f3698aed1024cdd22.pdf#page=6,underscore_index,pending_review
0393238e281882c034559a1f3698aed1024cdd22_7,0393238e281882c034559a1f3698aed1024cdd22_page_0007,0393238e281882c034559a1f3698aed1024cdd22.pdf#page=7,underscore_index,pending_review
0393238e281882c034559a1f3698aed1024cdd22_8,0393238e281882c034559a1f3698aed1024cdd22_page_0008,0393238e281882c034559a1f3698aed1024cdd22.pdf#page=8,underscore_index,pending_review
0393238e281882c034559a1f3698aed1024cdd22_9,0393238e281882c034559a1f3698aed1024cdd22_page_0009,0393238e281882c034559a1f3698aed1024cdd22.pdf#page=9,underscore_index,pending_review
0393238e281882c034559a1f3698aed1024cdd22_10,0393238e281882c034559a1f3698aed1024cdd22_page_0010,0393238e281882c034559a1f3698aed1024cdd22.pdf#page=10,underscore_index,pending_review
0393238e281882c034559a1f3698aed1024cdd22_11,0393238e281882c034559a1f3698aed1024cdd22_page_0011,0393238e281882c034559a1f3698aed1024cdd22.pdf#page=11,underscore_index,pending_review
0393238e281882c034559a1f3698aed1024cdd22_12,0393238e281882c034559a1f3698aed1024cdd22_page_0012,0393238e281882c034559a1f3698aed1024cdd22.pdf#page=12,underscore_index,pending_review
0393238e281882c034559a1f3698aed1024cdd22_13,0393238e281882c034559a1f3698aed1024cdd22_page_0013,0393238e281882c034559a1f3698aed1024cdd22.pdf#page=13,underscore_index,pending_review
0393238e281882c034559a1f3698aed1024cdd22_14,0393238e281882c034559a1f3698aed1024cdd22_page_0014,0393238e281882c034559a1f3698aed1024cdd22.pdf#page=14,underscore_index,pending_review
0393238e281882c034559a1f3698aed1024cdd22_15,0393238e281882c034559a1f3698aed1024cdd22_page_0015,0393238e281882c034559a1f3698aed1024cdd22.pdf#page=15,underscore_index,pending_review
0393238e281882c034559a1f3698aed1024cdd22_16,0393238e281882c034559a1f3698aed1024cdd22_page_0016,0393238e281882c034559a1f3698aed1024cdd22.pdf#page=16,underscore_index,pending_review
0393238e281882c034559a1f3698aed1024cdd22_17,0393238e281882c034559a1f3698aed1024cdd22_page_0017,0393238e281882c034559a1f3698aed1024cdd22.pdf#page=17,underscore_index,pending_review
039caf63aeb6da222d15063252e65f0feb2e2b91_1,039caf63aeb6da222d15063252e65f0feb2e2b91_page_0001,039caf63aeb6da222d15063252e65f0feb2e2b91.pdf#page=1,underscore_index,pending_review
039caf63aeb6da222d15063252e65f0feb2e2b91_2,039caf63aeb6da222d15063252e65f0feb2e2b91_page_0002,039caf63aeb6da222d15063252e65f0feb2e2b91.pdf#page=2,underscore_index,pending_review
039caf63aeb6da222d15063252e65f0feb2e2b91_3,039caf63aeb6da222d15063252e65f0feb2e2b91_page_0003,039caf63aeb6da222d15063252e65f0feb2e2b91.pdf#page=3,underscore_index,pending_review
039caf63aeb6da222d15063252e65f0feb2e2b91_4,039caf63aeb6da222d15063252e65f0feb2e2b91_page_0004,039caf63aeb6da222d15063252e65f0feb2e2b91.pdf#page=4,underscore_index,pending_review
039caf63aeb6da222d15063252e65f0feb2e2b91_5,039caf63aeb6da222d15063252e65f0feb2e2b91_page_0005,039caf63aeb6da222d15063252e65f0feb2e2b91.pdf#page=5,underscore_index,pending_review
039caf63aeb6da222d15063252e65f0feb2e2b91_6,039caf63aeb6da222d15063252e65f0feb2e2b91_page_0006,039caf63aeb6da222d15063252e65f0feb2e2b91.pdf#page=6,underscore_index,pending_review
039caf63aeb6da222d15063252e65f0feb2e2b91_7,039caf63aeb6da222d15063252e65f0feb2e2b91_page_0007,039caf63aeb6da222d15063252e65f0feb2e2b91.pdf#page=7,underscore_index,pending_review
039caf63aeb6da222d15063252e65f0feb2e2b91_8,039caf63aeb6da222d15063252e65f0feb2e2b91_page_0008,039caf63aeb6da222d15063252e65f0feb2e2b91.pdf#page=8,underscore_index,pending_review
039caf63aeb6da222d15063252e65f0feb2e2b91_9,039caf63aeb6da222d15063252e65f0feb2e2b91_page_0009,039caf63aeb6da222d15063252e65f0feb2e2b91.pdf#page=9,underscore_index,pending_review
039caf63aeb6da222d15063252e65f0feb2e2b91_10,039caf63aeb6da222d15063252e65f0feb2e2b91_page_0010,039caf63aeb6da222d15063252e65f0feb2e2b91.pdf#page=10,underscore_index,pending_review
039caf63aeb6da222d15063252e65f0feb2e2b91_11,039caf63aeb6da222d15063252e65f0feb2e2b91_page_0011,039caf63aeb6da222d15063252e65f0feb2e2b91.pdf#page=11,underscore_index,pending_review
039caf63aeb6da222d15063252e65f0feb2e2b91_12,039caf63aeb6da222d15063252e65f0feb2e2b91_page_0012,039caf63aeb6da222d15063252e65f0feb2e2b91.pdf#page=12,underscore_index,pending_review
03a13137407ae65720369c919743d742ea048c00_1,03a13137407ae65720369c919743d742ea048c00_page_0001,03a13137407ae65720369c919743d742ea048c00.pdf#page=1,underscore_index,pending_review
03a13137407ae65720369c919743d742ea048c00_2,03a13137407ae65720369c919743d742ea048c00_page_0002,03a13137407ae65720369c919743d742ea048c00.pdf#page=2,underscore_index,pending_review
03a13137407ae65720369c919743d742ea048c00_3,03a13137407ae65720369c919743d742ea048c00_page_0003,03a13137407ae65720369c919743d742ea048c00.pdf#page=3,underscore_index,pending_review
03a13137407ae65720369c919743d742ea048c00_4,03a13137407ae65720369c919743d742ea048c00_page_0004,03a13137407ae65720369c919743d742ea048c00.pdf#page=4,underscore_index,pending_review
03a13137407ae65720369c919743d742ea048c00_5,03a13137407ae65720369c919743d742ea048c00_page_0005,03a13137407ae65720369c919743d742ea048c00.pdf#page=5,underscore_index,pending_review
03a13137407ae65720369c919743d742ea048c00_6,03a13137407ae65720369c919743d742ea048c00_page_0006,03a13137407ae65720369c919743d742ea048c00.pdf#page=6,underscore_index,pending_review
03a13137407ae65720369c919743d742ea048c00_7,03a13137407ae65720369c919743d742ea048c00_page_0007,03a13137407ae65720369c919743d742ea048c00.pdf#page=7,underscore_index,pending_review
03a13137407ae65720369c919743d742ea048c00_8,03a13137407ae65720369c919743d742ea048c00_page_0008,03a13137407ae65720369c919743d742ea048c00.pdf#page=8,underscore_index,pending_review
03a13137407ae65720369c919743d742ea048c00_9,03a13137407ae65720369c919743d742ea048c00_page_0009,03a13137407ae65720369c919743d742ea048c00.pdf#page=9,underscore_index,pending_review
03a13137407ae65720369c919743d742ea048c00_10,03a13137407ae65720369c919743d742ea048c00_page_0010,03a13137407ae65720369c919743d742ea048c00.pdf#page=10,underscore_index,pending_review
03a13137407ae65720369c919743d742ea048c00_11,03a13137407ae65720369c919743d742ea048c00_page_0011,03a13137407ae65720369c919743d742ea048c00.pdf#page=11,underscore_index,pending_review
03a13137407ae65720369c919743d742ea048c00_12,03a13137407ae65720369c919743d742ea048c00_page_0012,03a13137407ae65720369c919743d742ea048c00.pdf#page=12,underscore_index,pending_review
03a13137407ae65720369c919743d742ea048c00_13,03a13137407ae65720369c919743d742ea048c00_page_0013,03a13137407ae65720369c919743d742ea048c00.pdf#page=13,underscore_index,pending_review
03a13137407ae65720369c919743d742ea048c00_14,03a13137407ae65720369c919743d742ea048c00_page_0014,03a13137407ae65720369c919743d742ea048c00.pdf#page=14,underscore_index,pending_review
03a13137407ae65720369c919743d742ea048c00_15,03a13137407ae65720369c919743d742ea048c00_page_0015,03a13137407ae65720369c919743d742ea048c00.pdf#page=15,underscore_index,pending_review
03a13137407ae65720369c919743d742ea048c00_16,03a13137407ae65720369c919743d742ea048c00_page_0016,03a13137407ae65720369c919743d742ea048c00.pdf#page=16,underscore_index,pending_review
03a13137407ae65720369c919743d742ea048c00_17,03a13137407ae65720369c919743d742ea048c00_page_0017,03a13137407ae65720369c919743d742ea048c00.pdf#page=17,underscore_index,pending_review
03ac2db287f40c0e0e2a0dc8aea779ec9fe038ad_1,03ac2db287f40c0e0e2a0dc8aea779ec9fe038ad_page_0001,03ac2db287f40c0e0e2a0dc8aea779ec9fe038ad.pdf#page=1,underscore_index,pending_review
03ac2db287f40c0e0e2a0dc8aea779ec9fe038ad_2,03ac2db287f40c0e0e2a0dc8aea779ec9fe038ad_page_0002,03ac2db287f40c0e0e2a0dc8aea779ec9fe038ad.pdf#page=2,underscore_index,pending_review
03ac2db287f40c0e0e2a0dc8aea779ec9fe038ad_3,03ac2db287f40c0e0e2a0dc8aea779ec9fe038ad_page_0003,03ac2db287f40c0e0e2a0dc8aea779ec9fe038ad.pdf#page=3,underscore_index,pending_review
03ac2db287f40c0e0e2a0dc8aea779ec9fe038ad_4,03ac2db287f40c0e0e2a0dc8aea779ec9fe038ad_page_0004,03ac2db287f40c0e0e2a0dc8aea779ec9fe038ad.pdf#page=4,underscore_index,pending_review
03ac2db287f40c0e0e2a0dc8aea779ec9fe038ad_5,03ac2db287f40c0e0e2a0dc8aea779ec9fe038ad_page_0005,03ac2db287f40c0e0e2a0dc8aea779ec9fe038ad.pdf#page=5,underscore_index,pending_review
03ac2db287f40c0e0e2a0dc8aea779ec9fe038ad_6,03ac2db287f40c0e0e2a0dc8aea779ec9fe038ad_page_0006,03ac2db287f40c0e0e2a0dc8aea779ec9fe038ad.pdf#page=6,underscore_index,pending_review
03ac2db287f40c0e0e2a0dc8aea779ec9fe038ad_7,03ac2db287f40c0e0e2a0dc8aea779ec9fe038ad_page_0007,03ac2db287f40c0e0e2a0dc8aea779ec9fe038ad.pdf#page=7,underscore_index,pending_review
03ac2db287f40c0e0e2a0dc8aea779ec9fe038ad_8,03ac2db287f40c0e0e2a0dc8aea779ec9fe038ad_page_0008,03ac2db287f40c0e0e2a0dc8aea779ec9fe038ad.pdf#page=8,underscore_index,pending_review
03ac2db287f40c0e0e2a0dc8aea779ec9fe038ad_9,03ac2db287f40c0e0e2a0dc8aea779ec9fe038ad_page_0009,03ac2db287f40c0e0e2a0dc8aea779ec9fe038ad.pdf#page=9,underscore_index,pending_review
03ac2db287f40c0e0e2a0dc8aea779ec9fe038ad_10,03ac2db287f40c0e0e2a0dc8aea779ec9fe038ad_page_0010,03ac2db287f40c0e0e2a0dc8aea779ec9fe038ad.pdf#page=10,underscore_index,pending_review
03ac2db287f40c0e0e2a0dc8aea779ec9fe038ad_11,03ac2db287f40c0e0e2a0dc8aea779ec9fe038ad_page_0011,03ac2db287f40c0e0e2a0dc8aea779ec9fe038ad.pdf#page=11,underscore_index,pending_review
03ac2db287f40c0e0e2a0dc8aea779ec9fe038ad_12,03ac2db287f40c0e0e2a0dc8aea779ec9fe038ad_page_0012,03ac2db287f40c0e0e2a0dc8aea779ec9fe038ad.pdf#page=12,underscore_index,pending_review
03ac2db287f40c0e0e2a0dc8aea779ec9fe038ad_13,03ac2db287f40c0e0e2a0dc8aea779ec9fe038ad_page_0013,03ac2db287f40c0e0e2a0dc8aea779ec9fe038ad.pdf#page=13,underscore_index,pending_review
03ac2db287f40c0e0e2a0dc8aea779ec9fe038ad_14,03ac2db287f40c0e0e2a0dc8aea779ec9fe038ad_page_0014,03ac2db287f40c0e0e2a0dc8aea779ec9fe038ad.pdf#page=14,underscore_index,pending_review
03ac2db287f40c0e0e2a0dc8aea779ec9fe038ad_15,03ac2db287f40c0e0e2a0dc8aea779ec9fe038ad_page_0015,03ac2db287f40c0e0e2a0dc8aea779ec9fe038ad.pdf#page=15,underscore_index,pending_review
03ac2db287f40c0e0e2a0dc8aea779ec9fe038ad_16,03ac2db287f40c0e0e2a0dc8aea779ec9fe038ad_page_0016,03ac2db287f40c0e0e2a0dc8aea779ec9fe038ad.pdf#page=16,underscore_index,pending_review
03ac2db287f40c0e0e2a0dc8aea779ec9fe038ad_17,03ac2db287f40c0e0e2a0dc8aea779ec9fe038ad_page_0017,03ac2db287f40c0e0e2a0dc8aea779ec9fe038ad.pdf#page=17,underscore_index,pending_review
03ac2db287f40c0e0e2a0dc8aea779ec9fe038ad_18,03ac2db287f40c0e0e2a0dc8aea779ec9fe038ad_page_0018,03ac2db287f40c0e0e2a0dc8aea779ec9fe038ad.pdf#page=18,underscore_index,pending_review
03b3eb1e4b96a044ab30ce1c08f7b44447ed856f_1,03b3eb1e4b96a044ab30ce1c08f7b44447ed856f_page_0001,03b3eb1e4b96a044ab30ce1c08f7b44447ed856f.pdf#page=1,underscore_index,pending_review
03b3eb1e4b96a044ab30ce1c08f7b44447ed856f_2,03b3eb1e4b96a044ab30ce1c08f7b44447ed856f_page_0002,03b3eb1e4b96a044ab30ce1c08f7b44447ed856f.pdf#page=2,underscore_index,pending_review
03b3eb1e4b96a044ab30ce1c08f7b44447ed856f_3,03b3eb1e4b96a044ab30ce1c08f7b44447ed856f_page_0003,03b3eb1e4b96a044ab30ce1c08f7b44447ed856f.pdf#page=3,underscore_index,pending_review
03b3eb1e4b96a044ab30ce1c08f7b44447ed856f_4,03b3eb1e4b96a044ab30ce1c08f7b44447ed856f_page_0004,03b3eb1e4b96a044ab30ce1c08f7b44447ed856f.pdf#page=4,underscore_index,pending_review
03b3eb1e4b96a044ab30ce1c08f7b44447ed856f_5,03b3eb1e4b96a044ab30ce1c08f7b44447ed856f_page_0005,03b3eb1e4b96a044ab30ce1c08f7b44447ed856f.pdf#page=5,underscore_index,pending_review
03b3eb1e4b96a044ab30ce1c08f7b44447ed856f_6,03b3eb1e4b96a044ab30ce1c08f7b44447ed856f_page_0006,03b3eb1e4b96a044ab30ce1c08f7b44447ed856f.pdf#page=6,underscore_index,pending_review
03b3eb1e4b96a044ab30ce1c08f7b44447ed856f_7,03b3eb1e4b96a044ab30ce1c08f7b44447ed856f_page_0007,03b3eb1e4b96a044ab30ce1c08f7b44447ed856f.pdf#page=7,underscore_index,pending_review
03b3eb1e4b96a044ab30ce1c08f7b44447ed856f_8,03b3eb1e4b96a044ab30ce1c08f7b44447ed856f_page_0008,03b3eb1e4b96a044ab30ce1c08f7b44447ed856f.pdf#page=8,underscore_index,pending_review
03b3eb1e4b96a044ab30ce1c08f7b44447ed856f_9,03b3eb1e4b96a044ab30ce1c08f7b44447ed856f_page_0009,03b3eb1e4b96a044ab30ce1c08f7b44447ed856f.pdf#page=9,underscore_index,pending_review
03b3eb1e4b96a044ab30ce1c08f7b44447ed856f_10,03b3eb1e4b96a044ab30ce1c08f7b44447ed856f_page_0010,03b3eb1e4b96a044ab30ce1c08f7b44447ed856f.pdf#page=10,underscore_index,pending_review
03b3eb1e4b96a044ab30ce1c08f7b44447ed856f_11,03b3eb1e4b96a044ab30ce1c08f7b44447ed856f_page_0011,03b3eb1e4b96a044ab30ce1c08f7b44447ed856f.pdf#page=11,underscore_index,pending_review
03b3eb1e4b96a044ab30ce1c08f7b44447ed856f_12,03b3eb1e4b96a044ab30ce1c08f7b44447ed856f_page_0012,03b3eb1e4b96a044ab30ce1c08f7b44447ed856f.pdf#page=12,underscore_index,pending_review
03b3eb1e4b96a044ab30ce1c08f7b44447ed856f_13,03b3eb1e4b96a044ab30ce1c08f7b44447ed856f_page_0013,03b3eb1e4b96a044ab30ce1c08f7b44447ed856f.pdf#page=13,underscore_index,pending_review
03b3eb1e4b96a044ab30ce1c08f7b44447ed856f_14,03b3eb1e4b96a044ab30ce1c08f7b44447ed856f_page_0014,03b3eb1e4b96a044ab30ce1c08f7b44447ed856f.pdf#page=14,underscore_index,pending_review
03b3eb1e4b96a044ab30ce1c08f7b44447ed856f_15,03b3eb1e4b96a044ab30ce1c08f7b44447ed856f_page_0015,03b3eb1e4b96a044ab30ce1c08f7b44447ed856f.pdf#page=15,underscore_index,pending_review
03b3eb1e4b96a044ab30ce1c08f7b44447ed856f_16,03b3eb1e4b96a044ab30ce1c08f7b44447ed856f_page_0016,03b3eb1e4b96a044ab30ce1c08f7b44447ed856f.pdf#page=16,underscore_index,pending_review
03b3eb1e4b96a044ab30ce1c08f7b44447ed856f_17,03b3eb1e4b96a044ab30ce1c08f7b44447ed856f_page_0017,03b3eb1e4b96a044ab30ce1c08f7b44447ed856f.pdf#page=17,underscore_index,pending_review
03b3eb1e4b96a044ab30ce1c08f7b44447ed856f_18,03b3eb1e4b96a044ab30ce1c08f7b44447ed856f_page_0018,03b3eb1e4b96a044ab30ce1c08f7b44447ed856f.pdf#page=18,underscore_index,pending_review
03b3eb1e4b96a044ab30ce1c08f7b44447ed856f_19,03b3eb1e4b96a044ab30ce1c08f7b44447ed856f_page_0019,03b3eb1e4b96a044ab30ce1c08f7b44447ed856f.pdf#page=19,underscore_index,pending_review
03b3eb1e4b96a044ab30ce1c08f7b44447ed856f_20,03b3eb1e4b96a044ab30ce1c08f7b44447ed856f_page_0020,03b3eb1e4b96a044ab30ce1c08f7b44447ed856f.pdf#page=20,underscore_index,pending_review
03b3eb1e4b96a044ab30ce1c08f7b44447ed856f_21,03b3eb1e4b96a044ab30ce1c08f7b44447ed856f_page_0021,03b3eb1e4b96a044ab30ce1c08f7b44447ed856f.pdf#page=21,underscore_index,pending_review
03b3eb1e4b96a044ab30ce1c08f7b44447ed856f_22,03b3eb1e4b96a044ab30ce1c08f7b44447ed856f_page_0022,03b3eb1e4b96a044ab30ce1c08f7b44447ed856f.pdf#page=22,underscore_index,pending_review
03b3eb1e4b96a044ab30ce1c08f7b44447ed856f_23,03b3eb1e4b96a044ab30ce1c08f7b44447ed856f_page_0023,03b3eb1e4b96a044ab30ce1c08f7b44447ed856f.pdf#page=23,underscore_index,pending_review
03c7d62afbcc088cad1c810c09a71df29a29c968_1,03c7d62afbcc088cad1c810c09a71df29a29c968_page_0001,03c7d62afbcc088cad1c810c09a71df29a29c968.pdf#page=1,underscore_index,pending_review
03c7d62afbcc088cad1c810c09a71df29a29c968_2,03c7d62afbcc088cad1c810c09a71df29a29c968_page_0002,03c7d62afbcc088cad1c810c09a71df29a29c968.pdf#page=2,underscore_index,pending_review
03c7d62afbcc088cad1c810c09a71df29a29c968_3,03c7d62afbcc088cad1c810c09a71df29a29c968_page_0003,03c7d62afbcc088cad1c810c09a71df29a29c968.pdf#page=3,underscore_index,pending_review
03c7d62afbcc088cad1c810c09a71df29a29c968_4,03c7d62afbcc088cad1c810c09a71df29a29c968_page_0004,03c7d62afbcc088cad1c810c09a71df29a29c968.pdf#page=4,underscore_index,pending_review
03c7d62afbcc088cad1c810c09a71df29a29c968_5,03c7d62afbcc088cad1c810c09a71df29a29c968_page_0005,03c7d62afbcc088cad1c810c09a71df29a29c968.pdf#page=5,underscore_index,pending_review
03c7d62afbcc088cad1c810c09a71df29a29c968_6,03c7d62afbcc088cad1c810c09a71df29a29c968_page_0006,03c7d62afbcc088cad1c810c09a71df29a29c968.pdf#page=6,underscore_index,pending_review
03c7d62afbcc088cad1c810c09a71df29a29c968_7,03c7d62afbcc088cad1c810c09a71df29a29c968_page_0007,03c7d62afbcc088cad1c810c09a71df29a29c968.pdf#page=7,underscore_index,pending_review
03c7d62afbcc088cad1c810c09a71df29a29c968_8,03c7d62afbcc088cad1c810c09a71df29a29c968_page_0008,03c7d62afbcc088cad1c810c09a71df29a29c968.pdf#page=8,underscore_index,pending_review
03c7d62afbcc088cad1c810c09a71df29a29c968_9,03c7d62afbcc088cad1c810c09a71df29a29c968_page_0009,03c7d62afbcc088cad1c810c09a71df29a29c968.pdf#page=9,underscore_index,pending_review
03c7d62afbcc088cad1c810c09a71df29a29c968_10,03c7d62afbcc088cad1c810c09a71df29a29c968_page_0010,03c7d62afbcc088cad1c810c09a71df29a29c968.pdf#page=10,underscore_index,pending_review
03c7d62afbcc088cad1c810c09a71df29a29c968_11,03c7d62afbcc088cad1c810c09a71df29a29c968_page_0011,03c7d62afbcc088cad1c810c09a71df29a29c968.pdf#page=11,underscore_index,pending_review
03c7d62afbcc088cad1c810c09a71df29a29c968_12,03c7d62afbcc088cad1c810c09a71df29a29c968_page_0012,03c7d62afbcc088cad1c810c09a71df29a29c968.pdf#page=12,underscore_index,pending_review
03c7d62afbcc088cad1c810c09a71df29a29c968_13,03c7d62afbcc088cad1c810c09a71df29a29c968_page_0013,03c7d62afbcc088cad1c810c09a71df29a29c968.pdf#page=13,underscore_index,pending_review
03c7d62afbcc088cad1c810c09a71df29a29c968_14,03c7d62afbcc088cad1c810c09a71df29a29c968_page_0014,03c7d62afbcc088cad1c810c09a71df29a29c968.pdf#page=14,underscore_index,pending_review
03c7d62afbcc088cad1c810c09a71df29a29c968_15,03c7d62afbcc088cad1c810c09a71df29a29c968_page_0015,03c7d62afbcc088cad1c810c09a71df29a29c968.pdf#page=15,underscore_index,pending_review
03c7d62afbcc088cad1c810c09a71df29a29c968_16,03c7d62afbcc088cad1c810c09a71df29a29c968_page_0016,03c7d62afbcc088cad1c810c09a71df29a29c968.pdf#page=16,underscore_index,pending_review
03c7d62afbcc088cad1c810c09a71df29a29c968_17,03c7d62afbcc088cad1c810c09a71df29a29c968_page_0017,03c7d62afbcc088cad1c810c09a71df29a29c968.pdf#page=17,underscore_index,pending_review
03c7d62afbcc088cad1c810c09a71df29a29c968_18,03c7d62afbcc088cad1c810c09a71df29a29c968_page_0018,03c7d62afbcc088cad1c810c09a71df29a29c968.pdf#page=18,underscore_index,pending_review
03c7d62afbcc088cad1c810c09a71df29a29c968_19,03c7d62afbcc088cad1c810c09a71df29a29c968_page_0019,03c7d62afbcc088cad1c810c09a71df29a29c968.pdf#page=19,underscore_index,pending_review
03c7d62afbcc088cad1c810c09a71df29a29c968_20,03c7d62afbcc088cad1c810c09a71df29a29c968_page_0020,03c7d62afbcc088cad1c810c09a71df29a29c968.pdf#page=20,underscore_index,pending_review
03c7d62afbcc088cad1c810c09a71df29a29c968_21,03c7d62afbcc088cad1c810c09a71df29a29c968_page_0021,03c7d62afbcc088cad1c810c09a71df29a29c968.pdf#page=21,underscore_index,pending_review
03c7d62afbcc088cad1c810c09a71df29a29c968_22,03c7d62afbcc088cad1c810c09a71df29a29c968_page_0022,03c7d62afbcc088cad1c810c09a71df29a29c968.pdf#page=22,underscore_index,pending_review
03c7d62afbcc088cad1c810c09a71df29a29c968_23,03c7d62afbcc088cad1c810c09a71df29a29c968_page_0023,03c7d62afbcc088cad1c810c09a71df29a29c968.pdf#page=23,underscore_index,pending_review
03c7d62afbcc088cad1c810c09a71df29a29c968_24,03c7d62afbcc088cad1c810c09a71df29a29c968_page_0024,03c7d62afbcc088cad1c810c09a71df29a29c968.pdf#page=24,underscore_index,pending_review
03d43f2433d81ffb6a31706a4b30684459b72a54_1,03d43f2433d81ffb6a31706a4b30684459b72a54_page_0001,03d43f2433d81ffb6a31706a4b30684459b72a54.pdf#page=1,underscore_index,pending_review
03d43f2433d81ffb6a31706a4b30684459b72a54_2,03d43f2433d81ffb6a31706a4b30684459b72a54_page_0002,03d43f2433d81ffb6a31706a4b30684459b72a54.pdf#page=2,underscore_index,pending_review
03d43f2433d81ffb6a31706a4b30684459b72a54_3,03d43f2433d81ffb6a31706a4b30684459b72a54_page_0003,03d43f2433d81ffb6a31706a4b30684459b72a54.pdf#page=3,underscore_index,pending_review
03d43f2433d81ffb6a31706a4b30684459b72a54_4,03d43f2433d81ffb6a31706a4b30684459b72a54_page_0004,03d43f2433d81ffb6a31706a4b30684459b72a54.pdf#page=4,underscore_index,pending_review
03d43f2433d81ffb6a31706a4b30684459b72a54_5,03d43f2433d81ffb6a31706a4b30684459b72a54_page_0005,03d43f2433d81ffb6a31706a4b30684459b72a54.pdf#page=5,underscore_index,pending_review
03d43f2433d81ffb6a31706a4b30684459b72a54_6,03d43f2433d81ffb6a31706a4b30684459b72a54_page_0006,03d43f2433d81ffb6a31706a4b30684459b72a54.pdf#page=6,underscore_index,pending_review
03d43f2433d81ffb6a31706a4b30684459b72a54_7,03d43f2433d81ffb6a31706a4b30684459b72a54_page_0007,03d43f2433d81ffb6a31706a4b30684459b72a54.pdf#page=7,underscore_index,pending_review
03d43f2433d81ffb6a31706a4b30684459b72a54_8,03d43f2433d81ffb6a31706a4b30684459b72a54_page_0008,03d43f2433d81ffb6a31706a4b30684459b72a54.pdf#page=8,underscore_index,pending_review
03d43f2433d81ffb6a31706a4b30684459b72a54_9,03d43f2433d81ffb6a31706a4b30684459b72a54_page_0009,03d43f2433d81ffb6a31706a4b30684459b72a54.pdf#page=9,underscore_index,pending_review
03d43f2433d81ffb6a31706a4b30684459b72a54_10,03d43f2433d81ffb6a31706a4b30684459b72a54_page_0010,03d43f2433d81ffb6a31706a4b30684459b72a54.pdf#page=10,underscore_index,pending_review
03d43f2433d81ffb6a31706a4b30684459b72a54_11,03d43f2433d81ffb6a31706a4b30684459b72a54_page_0011,03d43f2433d81ffb6a31706a4b30684459b72a54.pdf#page=11,underscore_index,pending_review
03d43f2433d81ffb6a31706a4b30684459b72a54_12,03d43f2433d81ffb6a31706a4b30684459b72a54_page_0012,03d43f2433d81ffb6a31706a4b30684459b72a54.pdf#page=12,underscore_index,pending_review
03d43f2433d81ffb6a31706a4b30684459b72a54_13,03d43f2433d81ffb6a31706a4b30684459b72a54_page_0013,03d43f2433d81ffb6a31706a4b30684459b72a54.pdf#page=13,underscore_index,pending_review
03d43f2433d81ffb6a31706a4b30684459b72a54_14,03d43f2433d81ffb6a31706a4b30684459b72a54_page_0014,03d43f2433d81ffb6a31706a4b30684459b72a54.pdf#page=14,underscore_index,pending_review
03d43f2433d81ffb6a31706a4b30684459b72a54_15,03d43f2433d81ffb6a31706a4b30684459b72a54_page_0015,03d43f2433d81ffb6a31706a4b30684459b72a54.pdf#page=15,underscore_index,pending_review
03d43f2433d81ffb6a31706a4b30684459b72a54_16,03d43f2433d81ffb6a31706a4b30684459b72a54_page_0016,03d43f2433d81ffb6a31706a4b30684459b72a54.pdf#page=16,underscore_index,pending_review
03d43f2433d81ffb6a31706a4b30684459b72a54_17,03d43f2433d81ffb6a31706a4b30684459b72a54_page_0017,03d43f2433d81ffb6a31706a4b30684459b72a54.pdf#page=17,underscore_index,pending_review
03d44d98d4935ae7f685853677e7a1084c223c4a_1,03d44d98d4935ae7f685853677e7a1084c223c4a_page_0001,03d44d98d4935ae7f685853677e7a1084c223c4a.pdf#page=1,underscore_index,pending_review
03d44d98d4935ae7f685853677e7a1084c223c4a_2,03d44d98d4935ae7f685853677e7a1084c223c4a_page_0002,03d44d98d4935ae7f685853677e7a1084c223c4a.pdf#page=2,underscore_index,pending_review
03d44d98d4935ae7f685853677e7a1084c223c4a_3,03d44d98d4935ae7f685853677e7a1084c223c4a_page_0003,03d44d98d4935ae7f685853677e7a1084c223c4a.pdf#page=3,underscore_index,pending_review
03d44d98d4935ae7f685853677e7a1084c223c4a_4,03d44d98d4935ae7f685853677e7a1084c223c4a_page_0004,03d44d98d4935ae7f685853677e7a1084c223c4a.pdf#page=4,underscore_index,pending_review
03d44d98d4935ae7f685853677e7a1084c223c4a_5,03d44d98d4935ae7f685853677e7a1084c223c4a_page_0005,03d44d98d4935ae7f685853677e7a1084c223c4a.pdf#page=5,underscore_index,pending_review
03d44d98d4935ae7f685853677e7a1084c223c4a_6,03d44d98d4935ae7f685853677e7a1084c223c4a_page_0006,03d44d98d4935ae7f685853677e7a1084c223c4a.pdf#page=6,underscore_index,pending_review
03d44d98d4935ae7f685853677e7a1084c223c4a_7,03d44d98d4935ae7f685853677e7a1084c223c4a_page_0007,03d44d98d4935ae7f685853677e7a1084c223c4a.pdf#page=7,underscore_index,pending_review
03d44d98d4935ae7f685853677e7a1084c223c4a_8,03d44d98d4935ae7f685853677e7a1084c223c4a_page_0008,03d44d98d4935ae7f685853677e7a1084c223c4a.pdf#page=8,underscore_index,pending_review
03d44d98d4935ae7f685853677e7a1084c223c4a_9,03d44d98d4935ae7f685853677e7a1084c223c4a_page_0009,03d44d98d4935ae7f685853677e7a1084c223c4a.pdf#page=9,underscore_index,pending_review
03d44d98d4935ae7f685853677e7a1084c223c4a_10,03d44d98d4935ae7f685853677e7a1084c223c4a_page_0010,03d44d98d4935ae7f685853677e7a1084c223c4a.pdf#page=10,underscore_index,pending_review
03d44d98d4935ae7f685853677e7a1084c223c4a_11,03d44d98d4935ae7f685853677e7a1084c223c4a_page_0011,03d44d98d4935ae7f685853677e7a1084c223c4a.pdf#page=11,underscore_index,pending_review
03d44d98d4935ae7f685853677e7a1084c223c4a_12,03d44d98d4935ae7f685853677e7a1084c223c4a_page_0012,03d44d98d4935ae7f685853677e7a1084c223c4a.pdf#page=12,underscore_index,pending_review
03d44d98d4935ae7f685853677e7a1084c223c4a_13,03d44d98d4935ae7f685853677e7a1084c223c4a_page_0013,03d44d98d4935ae7f685853677e7a1084c223c4a.pdf#page=13,underscore_index,pending_review
03d44d98d4935ae7f685853677e7a1084c223c4a_14,03d44d98d4935ae7f685853677e7a1084c223c4a_page_0014,03d44d98d4935ae7f685853677e7a1084c223c4a.pdf#page=14,underscore_index,pending_review
03d44d98d4935ae7f685853677e7a1084c223c4a_15,03d44d98d4935ae7f685853677e7a1084c223c4a_page_0015,03d44d98d4935ae7f685853677e7a1084c223c4a.pdf#page=15,underscore_index,pending_review
03d44d98d4935ae7f685853677e7a1084c223c4a_16,03d44d98d4935ae7f685853677e7a1084c223c4a_page_0016,03d44d98d4935ae7f685853677e7a1084c223c4a.pdf#page=16,underscore_index,pending_review
03d44d98d4935ae7f685853677e7a1084c223c4a_17,03d44d98d4935ae7f685853677e7a1084c223c4a_page_0017,03d44d98d4935ae7f685853677e7a1084c223c4a.pdf#page=17,underscore_index,pending_review
03d44d98d4935ae7f685853677e7a1084c223c4a_18,03d44d98d4935ae7f685853677e7a1084c223c4a_page_0018,03d44d98d4935ae7f685853677e7a1084c223c4a.pdf#page=18,underscore_index,pending_review
03d44d98d4935ae7f685853677e7a1084c223c4a_19,03d44d98d4935ae7f685853677e7a1084c223c4a_page_0019,03d44d98d4935ae7f685853677e7a1084c223c4a.pdf#page=19,underscore_index,pending_review
03d44d98d4935ae7f685853677e7a1084c223c4a_20,03d44d98d4935ae7f685853677e7a1084c223c4a_page_0020,03d44d98d4935ae7f685853677e7a1084c223c4a.pdf#page=20,underscore_index,pending_review
03d44d98d4935ae7f685853677e7a1084c223c4a_21,03d44d98d4935ae7f685853677e7a1084c223c4a_page_0021,03d44d98d4935ae7f685853677e7a1084c223c4a.pdf#page=21,underscore_index,pending_review
03d4791d0dff026024d0ac18a81750c446f09766_1,03d4791d0dff026024d0ac18a81750c446f09766_page_0001,03d4791d0dff026024d0ac18a81750c446f09766.pdf#page=1,underscore_index,pending_review
03d4791d0dff026024d0ac18a81750c446f09766_2,03d4791d0dff026024d0ac18a81750c446f09766_page_0002,03d4791d0dff026024d0ac18a81750c446f09766.pdf#page=2,underscore_index,pending_review
03d4791d0dff026024d0ac18a81750c446f09766_3,03d4791d0dff026024d0ac18a81750c446f09766_page_0003,03d4791d0dff026024d0ac18a81750c446f09766.pdf#page=3,underscore_index,pending_review
03d4791d0dff026024d0ac18a81750c446f09766_4,03d4791d0dff026024d0ac18a81750c446f09766_page_0004,03d4791d0dff026024d0ac18a81750c446f09766.pdf#page=4,underscore_index,pending_review
03d4791d0dff026024d0ac18a81750c446f09766_5,03d4791d0dff026024d0ac18a81750c446f09766_page_0005,03d4791d0dff026024d0ac18a81750c446f09766.pdf#page=5,underscore_index,pending_review
03d4791d0dff026024d0ac18a81750c446f09766_6,03d4791d0dff026024d0ac18a81750c446f09766_page_0006,03d4791d0dff026024d0ac18a81750c446f09766.pdf#page=6,underscore_index,pending_review
03d4791d0dff026024d0ac18a81750c446f09766_7,03d4791d0dff026024d0ac18a81750c446f09766_page_0007,03d4791d0dff026024d0ac18a81750c446f09766.pdf#page=7,underscore_index,pending_review
03d4791d0dff026024d0ac18a81750c446f09766_8,03d4791d0dff026024d0ac18a81750c446f09766_page_0008,03d4791d0dff026024d0ac18a81750c446f09766.pdf#page=8,underscore_index,pending_review
03d4791d0dff026024d0ac18a81750c446f09766_9,03d4791d0dff026024d0ac18a81750c446f09766_page_0009,03d4791d0dff026024d0ac18a81750c446f09766.pdf#page=9,underscore_index,pending_review
03d4791d0dff026024d0ac18a81750c446f09766_10,03d4791d0dff026024d0ac18a81750c446f09766_page_0010,03d4791d0dff026024d0ac18a81750c446f09766.pdf#page=10,underscore_index,pending_review
03d4791d0dff026024d0ac18a81750c446f09766_11,03d4791d0dff026024d0ac18a81750c446f09766_page_0011,03d4791d0dff026024d0ac18a81750c446f09766.pdf#page=11,underscore_index,pending_review
03d4791d0dff026024d0ac18a81750c446f09766_12,03d4791d0dff026024d0ac18a81750c446f09766_page_0012,03d4791d0dff026024d0ac18a81750c446f09766.pdf#page=12,underscore_index,pending_review
03d4791d0dff026024d0ac18a81750c446f09766_13,03d4791d0dff026024d0ac18a81750c446f09766_page_0013,03d4791d0dff026024d0ac18a81750c446f09766.pdf#page=13,underscore_index,pending_review
03d4791d0dff026024d0ac18a81750c446f09766_14,03d4791d0dff026024d0ac18a81750c446f09766_page_0014,03d4791d0dff026024d0ac18a81750c446f09766.pdf#page=14,underscore_index,pending_review
03d4791d0dff026024d0ac18a81750c446f09766_15,03d4791d0dff026024d0ac18a81750c446f09766_page_0015,03d4791d0dff026024d0ac18a81750c446f09766.pdf#page=15,underscore_index,pending_review
03d4791d0dff026024d0ac18a81750c446f09766_16,03d4791d0dff026024d0ac18a81750c446f09766_page_0016,03d4791d0dff026024d0ac18a81750c446f09766.pdf#page=16,underscore_index,pending_review
03d4791d0dff026024d0ac18a81750c446f09766_17,03d4791d0dff026024d0ac18a81750c446f09766_page_0017,03d4791d0dff026024d0ac18a81750c446f09766.pdf#page=17,underscore_index,pending_review
03d4791d0dff026024d0ac18a81750c446f09766_18,03d4791d0dff026024d0ac18a81750c446f09766_page_0018,03d4791d0dff026024d0ac18a81750c446f09766.pdf#page=18,underscore_index,pending_review
03d4791d0dff026024d0ac18a81750c446f09766_19,03d4791d0dff026024d0ac18a81750c446f09766_page_0019,03d4791d0dff026024d0ac18a81750c446f09766.pdf#page=19,underscore_index,pending_review
03d4791d0dff026024d0ac18a81750c446f09766_20,03d4791d0dff026024d0ac18a81750c446f09766_page_0020,03d4791d0dff026024d0ac18a81750c446f09766.pdf#page=20,underscore_index,pending_review
03d4791d0dff026024d0ac18a81750c446f09766_21,03d4791d0dff026024d0ac18a81750c446f09766_page_0021,03d4791d0dff026024d0ac18a81750c446f09766.pdf#page=21,underscore_index,pending_review
03d4791d0dff026024d0ac18a81750c446f09766_22,03d4791d0dff026024d0ac18a81750c446f09766_page_0022,03d4791d0dff026024d0ac18a81750c446f09766.pdf#page=22,underscore_index,pending_review
03e39ad403954cd1b459ea5b74e6f15db98d1e51_1,03e39ad403954cd1b459ea5b74e6f15db98d1e51_page_0001,03e39ad403954cd1b459ea5b74e6f15db98d1e51.pdf#page=1,underscore_index,pending_review
03e39ad403954cd1b459ea5b74e6f15db98d1e51_2,03e39ad403954cd1b459ea5b74e6f15db98d1e51_page_0002,03e39ad403954cd1b459ea5b74e6f15db98d1e51.pdf#page=2,underscore_index,pending_review
03e39ad403954cd1b459ea5b74e6f15db98d1e51_3,03e39ad403954cd1b459ea5b74e6f15db98d1e51_page_0003,03e39ad403954cd1b459ea5b74e6f15db98d1e51.pdf#page=3,underscore_index,pending_review
03e39ad403954cd1b459ea5b74e6f15db98d1e51_4,03e39ad403954cd1b459ea5b74e6f15db98d1e51_page_0004,03e39ad403954cd1b459ea5b74e6f15db98d1e51.pdf#page=4,underscore_index,pending_review
03e39ad403954cd1b459ea5b74e6f15db98d1e51_5,03e39ad403954cd1b459ea5b74e6f15db98d1e51_page_0005,03e39ad403954cd1b459ea5b74e6f15db98d1e51.pdf#page=5,underscore_index,pending_review
03e39ad403954cd1b459ea5b74e6f15db98d1e51_6,03e39ad403954cd1b459ea5b74e6f15db98d1e51_page_0006,03e39ad403954cd1b459ea5b74e6f15db98d1e51.pdf#page=6,underscore_index,pending_review
03e39ad403954cd1b459ea5b74e6f15db98d1e51_7,03e39ad403954cd1b459ea5b74e6f15db98d1e51_page_0007,03e39ad403954cd1b459ea5b74e6f15db98d1e51.pdf#page=7,underscore_index,pending_review
03e39ad403954cd1b459ea5b74e6f15db98d1e51_8,03e39ad403954cd1b459ea5b74e6f15db98d1e51_page_0008,03e39ad403954cd1b459ea5b74e6f15db98d1e51.pdf#page=8,underscore_index,pending_review
03e39ad403954cd1b459ea5b74e6f15db98d1e51_9,03e39ad403954cd1b459ea5b74e6f15db98d1e51_page_0009,03e39ad403954cd1b459ea5b74e6f15db98d1e51.pdf#page=9,underscore_index,pending_review
03e39ad403954cd1b459ea5b74e6f15db98d1e51_10,03e39ad403954cd1b459ea5b74e6f15db98d1e51_page_0010,03e39ad403954cd1b459ea5b74e6f15db98d1e51.pdf#page=10,underscore_index,pending_review
03e39ad403954cd1b459ea5b74e6f15db98d1e51_11,03e39ad403954cd1b459ea5b74e6f15db98d1e51_page_0011,03e39ad403954cd1b459ea5b74e6f15db98d1e51.pdf#page=11,underscore_index,pending_review
03e39ad403954cd1b459ea5b74e6f15db98d1e51_12,03e39ad403954cd1b459ea5b74e6f15db98d1e51_page_0012,03e39ad403954cd1b459ea5b74e6f15db98d1e51.pdf#page=12,underscore_index,pending_review
03e39ad403954cd1b459ea5b74e6f15db98d1e51_13,03e39ad403954cd1b459ea5b74e6f15db98d1e51_page_0013,03e39ad403954cd1b459ea5b74e6f15db98d1e51.pdf#page=13,underscore_index,pending_review
03e39ad403954cd1b459ea5b74e6f15db98d1e51_14,03e39ad403954cd1b459ea5b74e6f15db98d1e51_page_0014,03e39ad403954cd1b459ea5b74e6f15db98d1e51.pdf#page=14,underscore_index,pending_review
03e39ad403954cd1b459ea5b74e6f15db98d1e51_15,03e39ad403954cd1b459ea5b74e6f15db98d1e51_page_0015,03e39ad403954cd1b459ea5b74e6f15db98d1e51.pdf#page=15,underscore_index,pending_review
03e39ad403954cd1b459ea5b74e6f15db98d1e51_16,03e39ad403954cd1b459ea5b74e6f15db98d1e51_page_0016,03e39ad403954cd1b459ea5b74e6f15db98d1e51.pdf#page=16,underscore_index,pending_review
03e39ad403954cd1b459ea5b74e6f15db98d1e51_17,03e39ad403954cd1b459ea5b74e6f15db98d1e51_page_0017,03e39ad403954cd1b459ea5b74e6f15db98d1e51.pdf#page=17,underscore_index,pending_review
03e39ad403954cd1b459ea5b74e6f15db98d1e51_18,03e39ad403954cd1b459ea5b74e6f15db98d1e51_page_0018,03e39ad403954cd1b459ea5b74e6f15db98d1e51.pdf#page=18,underscore_index,pending_review
03e39ad403954cd1b459ea5b74e6f15db98d1e51_19,03e39ad403954cd1b459ea5b74e6f15db98d1e51_page_0019,03e39ad403954cd1b459ea5b74e6f15db98d1e51.pdf#page=19,underscore_index,pending_review
03e39ad403954cd1b459ea5b74e6f15db98d1e51_20,03e39ad403954cd1b459ea5b74e6f15db98d1e51_page_0020,03e39ad403954cd1b459ea5b74e6f15db98d1e51.pdf#page=20,underscore_index,pending_review
03e90a945dafd353e9d86b46ca2774a29149048d_1,03e90a945dafd353e9d86b46ca2774a29149048d_page_0001,03e90a945dafd353e9d86b46ca2774a29149048d.pdf#page=1,underscore_index,pending_review
03e90a945dafd353e9d86b46ca2774a29149048d_2,03e90a945dafd353e9d86b46ca2774a29149048d_page_0002,03e90a945dafd353e9d86b46ca2774a29149048d.pdf#page=2,underscore_index,pending_review
03e90a945dafd353e9d86b46ca2774a29149048d_3,03e90a945dafd353e9d86b46ca2774a29149048d_page_0003,03e90a945dafd353e9d86b46ca2774a29149048d.pdf#page=3,underscore_index,pending_review
03e90a945dafd353e9d86b46ca2774a29149048d_4,03e90a945dafd353e9d86b46ca2774a29149048d_page_0004,03e90a945dafd353e9d86b46ca2774a29149048d.pdf#page=4,underscore_index,pending_review
03e90a945dafd353e9d86b46ca2774a29149048d_5,03e90a945dafd353e9d86b46ca2774a29149048d_page_0005,03e90a945dafd353e9d86b46ca2774a29149048d.pdf#page=5,underscore_index,pending_review
03e90a945dafd353e9d86b46ca2774a29149048d_6,03e90a945dafd353e9d86b46ca2774a29149048d_page_0006,03e90a945dafd353e9d86b46ca2774a29149048d.pdf#page=6,underscore_index,pending_review
03e90a945dafd353e9d86b46ca2774a29149048d_7,03e90a945dafd353e9d86b46ca2774a29149048d_page_0007,03e90a945dafd353e9d86b46ca2774a29149048d.pdf#page=7,underscore_index,pending_review
03e90a945dafd353e9d86b46ca2774a29149048d_8,03e90a945dafd353e9d86b46ca2774a29149048d_page_0008,03e90a945dafd353e9d86b46ca2774a29149048d.pdf#page=8,underscore_index,pending_review
03e90a945dafd353e9d86b46ca2774a29149048d_9,03e90a945dafd353e9d86b46ca2774a29149048d_page_0009,03e90a945dafd353e9d86b46ca2774a29149048d.pdf#page=9,underscore_index,pending_review
03e90a945dafd353e9d86b46ca2774a29149048d_10,03e90a945dafd353e9d86b46ca2774a29149048d_page_0010,03e90a945dafd353e9d86b46ca2774a29149048d.pdf#page=10,underscore_index,pending_review
03e90a945dafd353e9d86b46ca2774a29149048d_11,03e90a945dafd353e9d86b46ca2774a29149048d_page_0011,03e90a945dafd353e9d86b46ca2774a29149048d.pdf#page=11,underscore_index,pending_review
03e90a945dafd353e9d86b46ca2774a29149048d_12,03e90a945dafd353e9d86b46ca2774a29149048d_page_0012,03e90a945dafd353e9d86b46ca2774a29149048d.pdf#page=12,underscore_index,pending_review
03e90a945dafd353e9d86b46ca2774a29149048d_13,03e90a945dafd353e9d86b46ca2774a29149048d_page_0013,03e90a945dafd353e9d86b46ca2774a29149048d.pdf#page=13,underscore_index,pending_review
03e90a945dafd353e9d86b46ca2774a29149048d_14,03e90a945dafd353e9d86b46ca2774a29149048d_page_0014,03e90a945dafd353e9d86b46ca2774a29149048d.pdf#page=14,underscore_index,pending_review
03e90a945dafd353e9d86b46ca2774a29149048d_15,03e90a945dafd353e9d86b46ca2774a29149048d_page_0015,03e90a945dafd353e9d86b46ca2774a29149048d.pdf#page=15,underscore_index,pending_review
03e90a945dafd353e9d86b46ca2774a29149048d_16,03e90a945dafd353e9d86b46ca2774a29149048d_page_0016,03e90a945dafd353e9d86b46ca2774a29149048d.pdf#page=16,underscore_index,pending_review
03e90a945dafd353e9d86b46ca2774a29149048d_17,03e90a945dafd353e9d86b46ca2774a29149048d_page_0017,03e90a945dafd353e9d86b46ca2774a29149048d.pdf#page=17,underscore_index,pending_review
03f0c5d774e9800419a6e2dff3a15d991f4916da_1,03f0c5d774e9800419a6e2dff3a15d991f4916da_page_0001,03f0c5d774e9800419a6e2dff3a15d991f4916da.pdf#page=1,underscore_index,pending_review
03f0c5d774e9800419a6e2dff3a15d991f4916da_2,03f0c5d774e9800419a6e2dff3a15d991f4916da_page_0002,03f0c5d774e9800419a6e2dff3a15d991f4916da.pdf#page=2,underscore_index,pending_review
03f0c5d774e9800419a6e2dff3a15d991f4916da_3,03f0c5d774e9800419a6e2dff3a15d991f4916da_page_0003,03f0c5d774e9800419a6e2dff3a15d991f4916da.pdf#page=3,underscore_index,pending_review
03f0c5d774e9800419a6e2dff3a15d991f4916da_4,03f0c5d774e9800419a6e2dff3a15d991f4916da_page_0004,03f0c5d774e9800419a6e2dff3a15d991f4916da.pdf#page=4,underscore_index,pending_review
03f0c5d774e9800419a6e2dff3a15d991f4916da_5,03f0c5d774e9800419a6e2dff3a15d991f4916da_page_0005,03f0c5d774e9800419a6e2dff3a15d991f4916da.pdf#page=5,underscore_index,pending_review
03f0c5d774e9800419a6e2dff3a15d991f4916da_6,03f0c5d774e9800419a6e2dff3a15d991f4916da_page_0006,03f0c5d774e9800419a6e2dff3a15d991f4916da.pdf#page=6,underscore_index,pending_review
03f0c5d774e9800419a6e2dff3a15d991f4916da_7,03f0c5d774e9800419a6e2dff3a15d991f4916da_page_0007,03f0c5d774e9800419a6e2dff3a15d991f4916da.pdf#page=7,underscore_index,pending_review
03f0c5d774e9800419a6e2dff3a15d991f4916da_8,03f0c5d774e9800419a6e2dff3a15d991f4916da_page_0008,03f0c5d774e9800419a6e2dff3a15d991f4916da.pdf#page=8,underscore_index,pending_review
03f0c5d774e9800419a6e2dff3a15d991f4916da_9,03f0c5d774e9800419a6e2dff3a15d991f4916da_page_0009,03f0c5d774e9800419a6e2dff3a15d991f4916da.pdf#page=9,underscore_index,pending_review
03f0c5d774e9800419a6e2dff3a15d991f4916da_10,03f0c5d774e9800419a6e2dff3a15d991f4916da_page_0010,03f0c5d774e9800419a6e2dff3a15d991f4916da.pdf#page=10,underscore_index,pending_review
03f0c5d774e9800419a6e2dff3a15d991f4916da_11,03f0c5d774e9800419a6e2dff3a15d991f4916da_page_0011,03f0c5d774e9800419a6e2dff3a15d991f4916da.pdf#page=11,underscore_index,pending_review
03f0c5d774e9800419a6e2dff3a15d991f4916da_12,03f0c5d774e9800419a6e2dff3a15d991f4916da_page_0012,03f0c5d774e9800419a6e2dff3a15d991f4916da.pdf#page=12,underscore_index,pending_review
03f0c5d774e9800419a6e2dff3a15d991f4916da_13,03f0c5d774e9800419a6e2dff3a15d991f4916da_page_0013,03f0c5d774e9800419a6e2dff3a15d991f4916da.pdf#page=13,underscore_index,pending_review
03f0c5d774e9800419a6e2dff3a15d991f4916da_14,03f0c5d774e9800419a6e2dff3a15d991f4916da_page_0014,03f0c5d774e9800419a6e2dff3a15d991f4916da.pdf#page=14,underscore_index,pending_review
03f0c5d774e9800419a6e2dff3a15d991f4916da_15,03f0c5d774e9800419a6e2dff3a15d991f4916da_page_0015,03f0c5d774e9800419a6e2dff3a15d991f4916da.pdf#page=15,underscore_index,pending_review
03f0c5d774e9800419a6e2dff3a15d991f4916da_16,03f0c5d774e9800419a6e2dff3a15d991f4916da_page_0016,03f0c5d774e9800419a6e2dff3a15d991f4916da.pdf#page=16,underscore_index,pending_review
03f0c5d774e9800419a6e2dff3a15d991f4916da_17,03f0c5d774e9800419a6e2dff3a15d991f4916da_page_0017,03f0c5d774e9800419a6e2dff3a15d991f4916da.pdf#page=17,underscore_index,pending_review
03f0c5d774e9800419a6e2dff3a15d991f4916da_18,03f0c5d774e9800419a6e2dff3a15d991f4916da_page_0018,03f0c5d774e9800419a6e2dff3a15d991f4916da.pdf#page=18,underscore_index,pending_review
03f0c5d774e9800419a6e2dff3a15d991f4916da_19,03f0c5d774e9800419a6e2dff3a15d991f4916da_page_0019,03f0c5d774e9800419a6e2dff3a15d991f4916da.pdf#page=19,underscore_index,pending_review
03f0c5d774e9800419a6e2dff3a15d991f4916da_20,03f0c5d774e9800419a6e2dff3a15d991f4916da_page_0020,03f0c5d774e9800419a6e2dff3a15d991f4916da.pdf#page=20,underscore_index,pending_review
03f0c5d774e9800419a6e2dff3a15d991f4916da_21,03f0c5d774e9800419a6e2dff3a15d991f4916da_page_0021,03f0c5d774e9800419a6e2dff3a15d991f4916da.pdf#page=21,underscore_index,pending_review
03f0c5d774e9800419a6e2dff3a15d991f4916da_22,03f0c5d774e9800419a6e2dff3a15d991f4916da_page_0022,03f0c5d774e9800419a6e2dff3a15d991f4916da.pdf#page=22,underscore_index,pending_review
03f0c5d774e9800419a6e2dff3a15d991f4916da_23,03f0c5d774e9800419a6e2dff3a15d991f4916da_page_0023,03f0c5d774e9800419a6e2dff3a15d991f4916da.pdf#page=23,underscore_index,pending_review
03f0c5d774e9800419a6e2dff3a15d991f4916da_24,03f0c5d774e9800419a6e2dff3a15d991f4916da_page_0024,03f0c5d774e9800419a6e2dff3a15d991f4916da.pdf#page=24,underscore_index,pending_review
03f0c5d774e9800419a6e2dff3a15d991f4916da_25,03f0c5d774e9800419a6e2dff3a15d991f4916da_page_0025,03f0c5d774e9800419a6e2dff3a15d991f4916da.pdf#page=25,underscore_index,pending_review
03fb6462e17a68dcce166dfd773fc68cd38d738a_1,03fb6462e17a68dcce166dfd773fc68cd38d738a_page_0001,03fb6462e17a68dcce166dfd773fc68cd38d738a.pdf#page=1,underscore_index,pending_review
03fb6462e17a68dcce166dfd773fc68cd38d738a_2,03fb6462e17a68dcce166dfd773fc68cd38d738a_page_0002,03fb6462e17a68dcce166dfd773fc68cd38d738a.pdf#page=2,underscore_index,pending_review
03fb6462e17a68dcce166dfd773fc68cd38d738a_3,03fb6462e17a68dcce166dfd773fc68cd38d738a_page_0003,03fb6462e17a68dcce166dfd773fc68cd38d738a.pdf#page=3,underscore_index,pending_review
03fb6462e17a68dcce166dfd773fc68cd38d738a_4,03fb6462e17a68dcce166dfd773fc68cd38d738a_page_0004,03fb6462e17a68dcce166dfd773fc68cd38d738a.pdf#page=4,underscore_index,pending_review
03fb6462e17a68dcce166dfd773fc68cd38d738a_5,03fb6462e17a68dcce166dfd773fc68cd38d738a_page_0005,03fb6462e17a68dcce166dfd773fc68cd38d738a.pdf#page=5,underscore_index,pending_review
03fb6462e17a68dcce166dfd773fc68cd38d738a_6,03fb6462e17a68dcce166dfd773fc68cd38d738a_page_0006,03fb6462e17a68dcce166dfd773fc68cd38d738a.pdf#page=6,underscore_index,pending_review
03fb6462e17a68dcce166dfd773fc68cd38d738a_7,03fb6462e17a68dcce166dfd773fc68cd38d738a_page_0007,03fb6462e17a68dcce166dfd773fc68cd38d738a.pdf#page=7,underscore_index,pending_review
03fb6462e17a68dcce166dfd773fc68cd38d738a_8,03fb6462e17a68dcce166dfd773fc68cd38d738a_page_0008,03fb6462e17a68dcce166dfd773fc68cd38d738a.pdf#page=8,underscore_index,pending_review
03fb6462e17a68dcce166dfd773fc68cd38d738a_9,03fb6462e17a68dcce166dfd773fc68cd38d738a_page_0009,03fb6462e17a68dcce166dfd773fc68cd38d738a.pdf#page=9,underscore_index,pending_review
03fb6462e17a68dcce166dfd773fc68cd38d738a_10,03fb6462e17a68dcce166dfd773fc68cd38d738a_page_0010,03fb6462e17a68dcce166dfd773fc68cd38d738a.pdf#page=10,underscore_index,pending_review
03fb6462e17a68dcce166dfd773fc68cd38d738a_11,03fb6462e17a68dcce166dfd773fc68cd38d738a_page_0011,03fb6462e17a68dcce166dfd773fc68cd38d738a.pdf#page=11,underscore_index,pending_review
03fb6462e17a68dcce166dfd773fc68cd38d738a_12,03fb6462e17a68dcce166dfd773fc68cd38d738a_page_0012,03fb6462e17a68dcce166dfd773fc68cd38d738a.pdf#page=12,underscore_index,pending_review
03fb6462e17a68dcce166dfd773fc68cd38d738a_13,03fb6462e17a68dcce166dfd773fc68cd38d738a_page_0013,03fb6462e17a68dcce166dfd773fc68cd38d738a.pdf#page=13,underscore_index,pending_review
03fb6462e17a68dcce166dfd773fc68cd38d738a_14,03fb6462e17a68dcce166dfd773fc68cd38d738a_page_0014,03fb6462e17a68dcce166dfd773fc68cd38d738a.pdf#page=14,underscore_index,pending_review
03fb6462e17a68dcce166dfd773fc68cd38d738a_15,03fb6462e17a68dcce166dfd773fc68cd38d738a_page_0015,03fb6462e17a68dcce166dfd773fc68cd38d738a.pdf#page=15,underscore_index,pending_review
03fb6462e17a68dcce166dfd773fc68cd38d738a_16,03fb6462e17a68dcce166dfd773fc68cd38d738a_page_0016,03fb6462e17a68dcce166dfd773fc68cd38d738a.pdf#page=16,underscore_index,pending_review
03fb6462e17a68dcce166dfd773fc68cd38d738a_17,03fb6462e17a68dcce166dfd773fc68cd38d738a_page_0017,03fb6462e17a68dcce166dfd773fc68cd38d738a.pdf#page=17,underscore_index,pending_review
03fb6462e17a68dcce166dfd773fc68cd38d738a_18,03fb6462e17a68dcce166dfd773fc68cd38d738a_page_0018,03fb6462e17a68dcce166dfd773fc68cd38d738a.pdf#page=18,underscore_index,pending_review
03fb6462e17a68dcce166dfd773fc68cd38d738a_19,03fb6462e17a68dcce166dfd773fc68cd38d738a_page_0019,03fb6462e17a68dcce166dfd773fc68cd38d738a.pdf#page=19,underscore_index,pending_review
03fb6462e17a68dcce166dfd773fc68cd38d738a_20,03fb6462e17a68dcce166dfd773fc68cd38d738a_page_0020,03fb6462e17a68dcce166dfd773fc68cd38d738a.pdf#page=20,underscore_index,pending_review
03fb6462e17a68dcce166dfd773fc68cd38d738a_21,03fb6462e17a68dcce166dfd773fc68cd38d738a_page_0021,03fb6462e17a68dcce166dfd773fc68cd38d738a.pdf#page=21,underscore_index,pending_review
03fb6462e17a68dcce166dfd773fc68cd38d738a_22,03fb6462e17a68dcce166dfd773fc68cd38d738a_page_0022,03fb6462e17a68dcce166dfd773fc68cd38d738a.pdf#page=22,underscore_index,pending_review
03fb6462e17a68dcce166dfd773fc68cd38d738a_23,03fb6462e17a68dcce166dfd773fc68cd38d738a_page_0023,03fb6462e17a68dcce166dfd773fc68cd38d738a.pdf#page=23,underscore_index,pending_review
03fb6462e17a68dcce166dfd773fc68cd38d738a_24,03fb6462e17a68dcce166dfd773fc68cd38d738a_page_0024,03fb6462e17a68dcce166dfd773fc68cd38d738a.pdf#page=24,underscore_index,pending_review
03fb6462e17a68dcce166dfd773fc68cd38d738a_25,03fb6462e17a68dcce166dfd773fc68cd38d738a_page_0025,03fb6462e17a68dcce166dfd773fc68cd38d738a.pdf#page=25,underscore_index,pending_review
0403e30c9f87e8e6cb38c6858878e2726542f8e9_1,0403e30c9f87e8e6cb38c6858878e2726542f8e9_page_0001,0403e30c9f87e8e6cb38c6858878e2726542f8e9.pdf#page=1,underscore_index,pending_review
0403e30c9f87e8e6cb38c6858878e2726542f8e9_2,0403e30c9f87e8e6cb38c6858878e2726542f8e9_page_0002,0403e30c9f87e8e6cb38c6858878e2726542f8e9.pdf#page=2,underscore_index,pending_review
0403e30c9f87e8e6cb38c6858878e2726542f8e9_3,0403e30c9f87e8e6cb38c6858878e2726542f8e9_page_0003,0403e30c9f87e8e6cb38c6858878e2726542f8e9.pdf#page=3,underscore_index,pending_review
0403e30c9f87e8e6cb38c6858878e2726542f8e9_4,0403e30c9f87e8e6cb38c6858878e2726542f8e9_page_0004,0403e30c9f87e8e6cb38c6858878e2726542f8e9.pdf#page=4,underscore_index,pending_review
0403e30c9f87e8e6cb38c6858878e2726542f8e9_5,0403e30c9f87e8e6cb38c6858878e2726542f8e9_page_0005,0403e30c9f87e8e6cb38c6858878e2726542f8e9.pdf#page=5,underscore_index,pending_review
0403e30c9f87e8e6cb38c6858878e2726542f8e9_6,0403e30c9f87e8e6cb38c6858878e2726542f8e9_page_0006,0403e30c9f87e8e6cb38c6858878e2726542f8e9.pdf#page=6,underscore_index,pending_review
0403e30c9f87e8e6cb38c6858878e2726542f8e9_7,0403e30c9f87e8e6cb38c6858878e2726542f8e9_page_0007,0403e30c9f87e8e6cb38c6858878e2726542f8e9.pdf#page=7,underscore_index,pending_review
0403e30c9f87e8e6cb38c6858878e2726542f8e9_8,0403e30c9f87e8e6cb38c6858878e2726542f8e9_page_0008,0403e30c9f87e8e6cb38c6858878e2726542f8e9.pdf#page=8,underscore_index,pending_review
0403e30c9f87e8e6cb38c6858878e2726542f8e9_9,0403e30c9f87e8e6cb38c6858878e2726542f8e9_page_0009,0403e30c9f87e8e6cb38c6858878e2726542f8e9.pdf#page=9,underscore_index,pending_review
0403e30c9f87e8e6cb38c6858878e2726542f8e9_10,0403e30c9f87e8e6cb38c6858878e2726542f8e9_page_0010,0403e30c9f87e8e6cb38c6858878e2726542f8e9.pdf#page=10,underscore_index,pending_review
0403e30c9f87e8e6cb38c6858878e2726542f8e9_11,0403e30c9f87e8e6cb38c6858878e2726542f8e9_page_0011,0403e30c9f87e8e6cb38c6858878e2726542f8e9.pdf#page=11,underscore_index,pending_review
0403e30c9f87e8e6cb38c6858878e2726542f8e9_12,0403e30c9f87e8e6cb38c6858878e2726542f8e9_page_0012,0403e30c9f87e8e6cb38c6858878e2726542f8e9.pdf#page=12,underscore_index,pending_review
0403e30c9f87e8e6cb38c6858878e2726542f8e9_13,0403e30c9f87e8e6cb38c6858878e2726542f8e9_page_0013,0403e30c9f87e8e6cb38c6858878e2726542f8e9.pdf#page=13,underscore_index,pending_review
0403e30c9f87e8e6cb38c6858878e2726542f8e9_14,0403e30c9f87e8e6cb38c6858878e2726542f8e9_page_0014,0403e30c9f87e8e6cb38c6858878e2726542f8e9.pdf#page=14,underscore_index,pending_review
0403e30c9f87e8e6cb38c6858878e2726542f8e9_15,0403e30c9f87e8e6cb38c6858878e2726542f8e9_page_0015,0403e30c9f87e8e6cb38c6858878e2726542f8e9.pdf#page=15,underscore_index,pending_review
0403e30c9f87e8e6cb38c6858878e2726542f8e9_16,0403e30c9f87e8e6cb38c6858878e2726542f8e9_page_0016,0403e30c9f87e8e6cb38c6858878e2726542f8e9.pdf#page=16,underscore_index,pending_review
0403e30c9f87e8e6cb38c6858878e2726542f8e9_17,0403e30c9f87e8e6cb38c6858878e2726542f8e9_page_0017,0403e30c9f87e8e6cb38c6858878e2726542f8e9.pdf#page=17,underscore_index,pending_review
0403e30c9f87e8e6cb38c6858878e2726542f8e9_18,0403e30c9f87e8e6cb38c6858878e2726542f8e9_page_0018,0403e30c9f87e8e6cb38c6858878e2726542f8e9.pdf#page=18,underscore_index,pending_review
0403e30c9f87e8e6cb38c6858878e2726542f8e9_19,0403e30c9f87e8e6cb38c6858878e2726542f8e9_page_0019,0403e30c9f87e8e6cb38c6858878e2726542f8e9.pdf#page=19,underscore_index,pending_review
0403e30c9f87e8e6cb38c6858878e2726542f8e9_20,0403e30c9f87e8e6cb38c6858878e2726542f8e9_page_0020,0403e30c9f87e8e6cb38c6858878e2726542f8e9.pdf#page=20,underscore_index,pending_review
0403e30c9f87e8e6cb38c6858878e2726542f8e9_21,0403e30c9f87e8e6cb38c6858878e2726542f8e9_page_0021,0403e30c9f87e8e6cb38c6858878e2726542f8e9.pdf#page=21,underscore_index,pending_review
0403e30c9f87e8e6cb38c6858878e2726542f8e9_22,0403e30c9f87e8e6cb38c6858878e2726542f8e9_page_0022,0403e30c9f87e8e6cb38c6858878e2726542f8e9.pdf#page=22,underscore_index,pending_review
0403e30c9f87e8e6cb38c6858878e2726542f8e9_23,0403e30c9f87e8e6cb38c6858878e2726542f8e9_page_0023,0403e30c9f87e8e6cb38c6858878e2726542f8e9.pdf#page=23,underscore_index,pending_review
0403e30c9f87e8e6cb38c6858878e2726542f8e9_24,0403e30c9f87e8e6cb38c6858878e2726542f8e9_page_0024,0403e30c9f87e8e6cb38c6858878e2726542f8e9.pdf#page=24,underscore_index,pending_review
0403e30c9f87e8e6cb38c6858878e2726542f8e9_25,0403e30c9f87e8e6cb38c6858878e2726542f8e9_page_0025,0403e30c9f87e8e6cb38c6858878e2726542f8e9.pdf#page=25,underscore_index,pending_review
04142fb786f77442a30674aaddc92cfd16a243c1_1,04142fb786f77442a30674aaddc92cfd16a243c1_page_0001,04142fb786f77442a30674aaddc92cfd16a243c1.pdf#page=1,underscore_index,pending_review
04142fb786f77442a30674aaddc92cfd16a243c1_2,04142fb786f77442a30674aaddc92cfd16a243c1_page_0002,04142fb786f77442a30674aaddc92cfd16a243c1.pdf#page=2,underscore_index,pending_review
04142fb786f77442a30674aaddc92cfd16a243c1_3,04142fb786f77442a30674aaddc92cfd16a243c1_page_0003,04142fb786f77442a30674aaddc92cfd16a243c1.pdf#page=3,underscore_index,pending_review
04142fb786f77442a30674aaddc92cfd16a243c1_4,04142fb786f77442a30674aaddc92cfd16a243c1_page_0004,04142fb786f77442a30674aaddc92cfd16a243c1.pdf#page=4,underscore_index,pending_review
04142fb786f77442a30674aaddc92cfd16a243c1_5,04142fb786f77442a30674aaddc92cfd16a243c1_page_0005,04142fb786f77442a30674aaddc92cfd16a243c1.pdf#page=5,underscore_index,pending_review
04142fb786f77442a30674aaddc92cfd16a243c1_6,04142fb786f77442a30674aaddc92cfd16a243c1_page_0006,04142fb786f77442a30674aaddc92cfd16a243c1.pdf#page=6,underscore_index,pending_review
04142fb786f77442a30674aaddc92cfd16a243c1_7,04142fb786f77442a30674aaddc92cfd16a243c1_page_0007,04142fb786f77442a30674aaddc92cfd16a243c1.pdf#page=7,underscore_index,pending_review
04142fb786f77442a30674aaddc92cfd16a243c1_8,04142fb786f77442a30674aaddc92cfd16a243c1_page_0008,04142fb786f77442a30674aaddc92cfd16a243c1.pdf#page=8,underscore_index,pending_review
04142fb786f77442a30674aaddc92cfd16a243c1_9,04142fb786f77442a30674aaddc92cfd16a243c1_page_0009,04142fb786f77442a30674aaddc92cfd16a243c1.pdf#page=9,underscore_index,pending_review
04142fb786f77442a30674aaddc92cfd16a243c1_10,04142fb786f77442a30674aaddc92cfd16a243c1_page_0010,04142fb786f77442a30674aaddc92cfd16a243c1.pdf#page=10,underscore_index,pending_review
04142fb786f77442a30674aaddc92cfd16a243c1_11,04142fb786f77442a30674aaddc92cfd16a243c1_page_0011,04142fb786f77442a30674aaddc92cfd16a243c1.pdf#page=11,underscore_index,pending_review
04142fb786f77442a30674aaddc92cfd16a243c1_12,04142fb786f77442a30674aaddc92cfd16a243c1_page_0012,04142fb786f77442a30674aaddc92cfd16a243c1.pdf#page=12,underscore_index,pending_review
04142fb786f77442a30674aaddc92cfd16a243c1_13,04142fb786f77442a30674aaddc92cfd16a243c1_page_0013,04142fb786f77442a30674aaddc92cfd16a243c1.pdf#page=13,underscore_index,pending_review
0417d7d6ead6fe08b9b85792559b45ded94db6b8_1,0417d7d6ead6fe08b9b85792559b45ded94db6b8_page_0001,0417d7d6ead6fe08b9b85792559b45ded94db6b8.pdf#page=1,underscore_index,pending_review
0417d7d6ead6fe08b9b85792559b45ded94db6b8_2,0417d7d6ead6fe08b9b85792559b45ded94db6b8_page_0002,0417d7d6ead6fe08b9b85792559b45ded94db6b8.pdf#page=2,underscore_index,pending_review
0417d7d6ead6fe08b9b85792559b45ded94db6b8_3,0417d7d6ead6fe08b9b85792559b45ded94db6b8_page_0003,0417d7d6ead6fe08b9b85792559b45ded94db6b8.pdf#page=3,underscore_index,pending_review
0417d7d6ead6fe08b9b85792559b45ded94db6b8_4,0417d7d6ead6fe08b9b85792559b45ded94db6b8_page_0004,0417d7d6ead6fe08b9b85792559b45ded94db6b8.pdf#page=4,underscore_index,pending_review
0417d7d6ead6fe08b9b85792559b45ded94db6b8_5,0417d7d6ead6fe08b9b85792559b45ded94db6b8_page_0005,0417d7d6ead6fe08b9b85792559b45ded94db6b8.pdf#page=5,underscore_index,pending_review
0417d7d6ead6fe08b9b85792559b45ded94db6b8_6,0417d7d6ead6fe08b9b85792559b45ded94db6b8_page_0006,0417d7d6ead6fe08b9b85792559b45ded94db6b8.pdf#page=6,underscore_index,pending_review
0417d7d6ead6fe08b9b85792559b45ded94db6b8_7,0417d7d6ead6fe08b9b85792559b45ded94db6b8_page_0007,0417d7d6ead6fe08b9b85792559b45ded94db6b8.pdf#page=7,underscore_index,pending_review
0417d7d6ead6fe08b9b85792559b45ded94db6b8_8,0417d7d6ead6fe08b9b85792559b45ded94db6b8_page_0008,0417d7d6ead6fe08b9b85792559b45ded94db6b8.pdf#page=8,underscore_index,pending_review
0417d7d6ead6fe08b9b85792559b45ded94db6b8_9,0417d7d6ead6fe08b9b85792559b45ded94db6b8_page_0009,0417d7d6ead6fe08b9b85792559b45ded94db6b8.pdf#page=9,underscore_index,pending_review
0417d7d6ead6fe08b9b85792559b45ded94db6b8_10,0417d7d6ead6fe08b9b85792559b45ded94db6b8_page_0010,0417d7d6ead6fe08b9b85792559b45ded94db6b8.pdf#page=10,underscore_index,pending_review
0417d7d6ead6fe08b9b85792559b45ded94db6b8_11,0417d7d6ead6fe08b9b85792559b45ded94db6b8_page_0011,0417d7d6ead6fe08b9b85792559b45ded94db6b8.pdf#page=11,underscore_index,pending_review
0417d7d6ead6fe08b9b85792559b45ded94db6b8_12,0417d7d6ead6fe08b9b85792559b45ded94db6b8_page_0012,0417d7d6ead6fe08b9b85792559b45ded94db6b8.pdf#page=12,underscore_index,pending_review
0417d7d6ead6fe08b9b85792559b45ded94db6b8_13,0417d7d6ead6fe08b9b85792559b45ded94db6b8_page_0013,0417d7d6ead6fe08b9b85792559b45ded94db6b8.pdf#page=13,underscore_index,pending_review
0417d7d6ead6fe08b9b85792559b45ded94db6b8_14,0417d7d6ead6fe08b9b85792559b45ded94db6b8_page_0014,0417d7d6ead6fe08b9b85792559b45ded94db6b8.pdf#page=14,underscore_index,pending_review
041a9646c9f7dfb8cc0207476f0b743730c2b60a_1,041a9646c9f7dfb8cc0207476f0b743730c2b60a_page_0001,041a9646c9f7dfb8cc0207476f0b743730c2b60a.pdf#page=1,underscore_index,pending_review
041a9646c9f7dfb8cc0207476f0b743730c2b60a_2,041a9646c9f7dfb8cc0207476f0b743730c2b60a_page_0002,041a9646c9f7dfb8cc0207476f0b743730c2b60a.pdf#page=2,underscore_index,pending_review
041a9646c9f7dfb8cc0207476f0b743730c2b60a_3,041a9646c9f7dfb8cc0207476f0b743730c2b60a_page_0003,041a9646c9f7dfb8cc0207476f0b743730c2b60a.pdf#page=3,underscore_index,pending_review
041a9646c9f7dfb8cc0207476f0b743730c2b60a_4,041a9646c9f7dfb8cc0207476f0b743730c2b60a_page_0004,041a9646c9f7dfb8cc0207476f0b743730c2b60a.pdf#page=4,underscore_index,pending_review
041a9646c9f7dfb8cc0207476f0b743730c2b60a_5,041a9646c9f7dfb8cc0207476f0b743730c2b60a_page_0005,041a9646c9f7dfb8cc0207476f0b743730c2b60a.pdf#page=5,underscore_index,pending_review
041a9646c9f7dfb8cc0207476f0b743730c2b60a_6,041a9646c9f7dfb8cc0207476f0b743730c2b60a_page_0006,041a9646c9f7dfb8cc0207476f0b743730c2b60a.pdf#page=6,underscore_index,pending_review
041a9646c9f7dfb8cc0207476f0b743730c2b60a_7,041a9646c9f7dfb8cc0207476f0b743730c2b60a_page_0007,041a9646c9f7dfb8cc0207476f0b743730c2b60a.pdf#page=7,underscore_index,pending_review
041a9646c9f7dfb8cc0207476f0b743730c2b60a_8,041a9646c9f7dfb8cc0207476f0b743730c2b60a_page_0008,041a9646c9f7dfb8cc0207476f0b743730c2b60a.pdf#page=8,underscore_index,pending_review
041a9646c9f7dfb8cc0207476f0b743730c2b60a_9,041a9646c9f7dfb8cc0207476f0b743730c2b60a_page_0009,041a9646c9f7dfb8cc0207476f0b743730c2b60a.pdf#page=9,underscore_index,pending_review
041a9646c9f7dfb8cc0207476f0b743730c2b60a_10,041a9646c9f7dfb8cc0207476f0b743730c2b60a_page_0010,041a9646c9f7dfb8cc0207476f0b743730c2b60a.pdf#page=10,underscore_index,pending_review
041a9646c9f7dfb8cc0207476f0b743730c2b60a_11,041a9646c9f7dfb8cc0207476f0b743730c2b60a_page_0011,041a9646c9f7dfb8cc0207476f0b743730c2b60a.pdf#page=11,underscore_index,pending_review
041a9646c9f7dfb8cc0207476f0b743730c2b60a_12,041a9646c9f7dfb8cc0207476f0b743730c2b60a_page_0012,041a9646c9f7dfb8cc0207476f0b743730c2b60a.pdf#page=12,underscore_index,pending_review
041a9646c9f7dfb8cc0207476f0b743730c2b60a_13,041a9646c9f7dfb8cc0207476f0b743730c2b60a_page_0013,041a9646c9f7dfb8cc0207476f0b743730c2b60a.pdf#page=13,underscore_index,pending_review
041a9646c9f7dfb8cc0207476f0b743730c2b60a_14,041a9646c9f7dfb8cc0207476f0b743730c2b60a_page_0014,041a9646c9f7dfb8cc0207476f0b743730c2b60a.pdf#page=14,underscore_index,pending_review
041a9646c9f7dfb8cc0207476f0b743730c2b60a_15,041a9646c9f7dfb8cc0207476f0b743730c2b60a_page_0015,041a9646c9f7dfb8cc0207476f0b743730c2b60a.pdf#page=15,underscore_index,pending_review
041a9646c9f7dfb8cc0207476f0b743730c2b60a_16,041a9646c9f7dfb8cc0207476f0b743730c2b60a_page_0016,041a9646c9f7dfb8cc0207476f0b743730c2b60a.pdf#page=16,underscore_index,pending_review
041a9646c9f7dfb8cc0207476f0b743730c2b60a_17,041a9646c9f7dfb8cc0207476f0b743730c2b60a_page_0017,041a9646c9f7dfb8cc0207476f0b743730c2b60a.pdf#page=17,underscore_index,pending_review
041a9646c9f7dfb8cc0207476f0b743730c2b60a_18,041a9646c9f7dfb8cc0207476f0b743730c2b60a_page_0018,041a9646c9f7dfb8cc0207476f0b743730c2b60a.pdf#page=18,underscore_index,pending_review
041a9646c9f7dfb8cc0207476f0b743730c2b60a_19,041a9646c9f7dfb8cc0207476f0b743730c2b60a_page_0019,041a9646c9f7dfb8cc0207476f0b743730c2b60a.pdf#page=19,underscore_index,pending_review
041a9646c9f7dfb8cc0207476f0b743730c2b60a_20,041a9646c9f7dfb8cc0207476f0b743730c2b60a_page_0020,041a9646c9f7dfb8cc0207476f0b743730c2b60a.pdf#page=20,underscore_index,pending_review
041a9646c9f7dfb8cc0207476f0b743730c2b60a_21,041a9646c9f7dfb8cc0207476f0b743730c2b60a_page_0021,041a9646c9f7dfb8cc0207476f0b743730c2b60a.pdf#page=21,underscore_index,pending_review
041a9646c9f7dfb8cc0207476f0b743730c2b60a_22,041a9646c9f7dfb8cc0207476f0b743730c2b60a_page_0022,041a9646c9f7dfb8cc0207476f0b743730c2b60a.pdf#page=22,underscore_index,pending_review
041a9646c9f7dfb8cc0207476f0b743730c2b60a_23,041a9646c9f7dfb8cc0207476f0b743730c2b60a_page_0023,041a9646c9f7dfb8cc0207476f0b743730c2b60a.pdf#page=23,underscore_index,pending_review
0441317ce9deb3da74c85d08fe3a2137d7832df0_1,0441317ce9deb3da74c85d08fe3a2137d7832df0_page_0001,0441317ce9deb3da74c85d08fe3a2137d7832df0.pdf#page=1,underscore_index,pending_review
0441317ce9deb3da74c85d08fe3a2137d7832df0_2,0441317ce9deb3da74c85d08fe3a2137d7832df0_page_0002,0441317ce9deb3da74c85d08fe3a2137d7832df0.pdf#page=2,underscore_index,pending_review
0441317ce9deb3da74c85d08fe3a2137d7832df0_3,0441317ce9deb3da74c85d08fe3a2137d7832df0_page_0003,0441317ce9deb3da74c85d08fe3a2137d7832df0.pdf#page=3,underscore_index,pending_review
0441317ce9deb3da74c85d08fe3a2137d7832df0_4,0441317ce9deb3da74c85d08fe3a2137d7832df0_page_0004,0441317ce9deb3da74c85d08fe3a2137d7832df0.pdf#page=4,underscore_index,pending_review
0441317ce9deb3da74c85d08fe3a2137d7832df0_5,0441317ce9deb3da74c85d08fe3a2137d7832df0_page_0005,0441317ce9deb3da74c85d08fe3a2137d7832df0.pdf#page=5,underscore_index,pending_review
0441317ce9deb3da74c85d08fe3a2137d7832df0_6,0441317ce9deb3da74c85d08fe3a2137d7832df0_page_0006,0441317ce9deb3da74c85d08fe3a2137d7832df0.pdf#page=6,underscore_index,pending_review
0441317ce9deb3da74c85d08fe3a2137d7832df0_7,0441317ce9deb3da74c85d08fe3a2137d7832df0_page_0007,0441317ce9deb3da74c85d08fe3a2137d7832df0.pdf#page=7,underscore_index,pending_review
0441317ce9deb3da74c85d08fe3a2137d7832df0_8,0441317ce9deb3da74c85d08fe3a2137d7832df0_page_0008,0441317ce9deb3da74c85d08fe3a2137d7832df0.pdf#page=8,underscore_index,pending_review
0441317ce9deb3da74c85d08fe3a2137d7832df0_9,0441317ce9deb3da74c85d08fe3a2137d7832df0_page_0009,0441317ce9deb3da74c85d08fe3a2137d7832df0.pdf#page=9,underscore_index,pending_review
0441317ce9deb3da74c85d08fe3a2137d7832df0_10,0441317ce9deb3da74c85d08fe3a2137d7832df0_page_0010,0441317ce9deb3da74c85d08fe3a2137d7832df0.pdf#page=10,underscore_index,pending_review
0441317ce9deb3da74c85d08fe3a2137d7832df0_11,0441317ce9deb3da74c85d08fe3a2137d7832df0_page_0011,0441317ce9deb3da74c85d08fe3a2137d7832df0.pdf#page=11,underscore_index,pending_review
0441317ce9deb3da74c85d08fe3a2137d7832df0_12,0441317ce9deb3da74c85d08fe3a2137d7832df0_page_0012,0441317ce9deb3da74c85d08fe3a2137d7832df0.pdf#page=12,underscore_index,pending_review
0441317ce9deb3da74c85d08fe3a2137d7832df0_13,0441317ce9deb3da74c85d08fe3a2137d7832df0_page_0013,0441317ce9deb3da74c85d08fe3a2137d7832df0.pdf#page=13,underscore_index,pending_review
0441317ce9deb3da74c85d08fe3a2137d7832df0_14,0441317ce9deb3da74c85d08fe3a2137d7832df0_page_0014,0441317ce9deb3da74c85d08fe3a2137d7832df0.pdf#page=14,underscore_index,pending_review
0441317ce9deb3da74c85d08fe3a2137d7832df0_15,0441317ce9deb3da74c85d08fe3a2137d7832df0_page_0015,0441317ce9deb3da74c85d08fe3a2137d7832df0.pdf#page=15,underscore_index,pending_review
0441317ce9deb3da74c85d08fe3a2137d7832df0_16,0441317ce9deb3da74c85d08fe3a2137d7832df0_page_0016,0441317ce9deb3da74c85d08fe3a2137d7832df0.pdf#page=16,underscore_index,pending_review
0441317ce9deb3da74c85d08fe3a2137d7832df0_17,0441317ce9deb3da74c85d08fe3a2137d7832df0_page_0017,0441317ce9deb3da74c85d08fe3a2137d7832df0.pdf#page=17,underscore_index,pending_review
0445026fe082a0cd33def1e83114f44cb9908248_1,0445026fe082a0cd33def1e83114f44cb9908248_page_0001,0445026fe082a0cd33def1e83114f44cb9908248.pdf#page=1,underscore_index,pending_review
0445026fe082a0cd33def1e83114f44cb9908248_2,0445026fe082a0cd33def1e83114f44cb9908248_page_0002,0445026fe082a0cd33def1e83114f44cb9908248.pdf#page=2,underscore_index,pending_review
0445026fe082a0cd33def1e83114f44cb9908248_3,0445026fe082a0cd33def1e83114f44cb9908248_page_0003,0445026fe082a0cd33def1e83114f44cb9908248.pdf#page=3,underscore_index,pending_review
0445026fe082a0cd33def1e83114f44cb9908248_4,0445026fe082a0cd33def1e83114f44cb9908248_page_0004,0445026fe082a0cd33def1e83114f44cb9908248.pdf#page=4,underscore_index,pending_review
0445026fe082a0cd33def1e83114f44cb9908248_5,0445026fe082a0cd33def1e83114f44cb9908248_page_0005,0445026fe082a0cd33def1e83114f44cb9908248.pdf#page=5,underscore_index,pending_review
0445026fe082a0cd33def1e83114f44cb9908248_6,0445026fe082a0cd33def1e83114f44cb9908248_page_0006,0445026fe082a0cd33def1e83114f44cb9908248.pdf#page=6,underscore_index,pending_review
0445026fe082a0cd33def1e83114f44cb9908248_7,0445026fe082a0cd33def1e83114f44cb9908248_page_0007,0445026fe082a0cd33def1e83114f44cb9908248.pdf#page=7,underscore_index,pending_review
0445026fe082a0cd33def1e83114f44cb9908248_8,0445026fe082a0cd33def1e83114f44cb9908248_page_0008,0445026fe082a0cd33def1e83114f44cb9908248.pdf#page=8,underscore_index,pending_review
0445026fe082a0cd33def1e83114f44cb9908248_9,0445026fe082a0cd33def1e83114f44cb9908248_page_0009,0445026fe082a0cd33def1e83114f44cb9908248.pdf#page=9,underscore_index,pending_review
0445026fe082a0cd33def1e83114f44cb9908248_10,0445026fe082a0cd33def1e83114f44cb9908248_page_0010,0445026fe082a0cd33def1e83114f44cb9908248.pdf#page=10,underscore_index,pending_review
0445026fe082a0cd33def1e83114f44cb9908248_11,0445026fe082a0cd33def1e83114f44cb9908248_page_0011,0445026fe082a0cd33def1e83114f44cb9908248.pdf#page=11,underscore_index,pending_review
0445026fe082a0cd33def1e83114f44cb9908248_12,0445026fe082a0cd33def1e83114f44cb9908248_page_0012,0445026fe082a0cd33def1e83114f44cb9908248.pdf#page=12,underscore_index,pending_review
0445026fe082a0cd33def1e83114f44cb9908248_13,0445026fe082a0cd33def1e83114f44cb9908248_page_0013,0445026fe082a0cd33def1e83114f44cb9908248.pdf#page=13,underscore_index,pending_review
0445026fe082a0cd33def1e83114f44cb9908248_14,0445026fe082a0cd33def1e83114f44cb9908248_page_0014,0445026fe082a0cd33def1e83114f44cb9908248.pdf#page=14,underscore_index,pending_review
0445026fe082a0cd33def1e83114f44cb9908248_15,0445026fe082a0cd33def1e83114f44cb9908248_page_0015,0445026fe082a0cd33def1e83114f44cb9908248.pdf#page=15,underscore_index,pending_review
0445026fe082a0cd33def1e83114f44cb9908248_16,0445026fe082a0cd33def1e83114f44cb9908248_page_0016,0445026fe082a0cd33def1e83114f44cb9908248.pdf#page=16,underscore_index,pending_review
0445026fe082a0cd33def1e83114f44cb9908248_17,0445026fe082a0cd33def1e83114f44cb9908248_page_0017,0445026fe082a0cd33def1e83114f44cb9908248.pdf#page=17,underscore_index,pending_review
0445026fe082a0cd33def1e83114f44cb9908248_18,0445026fe082a0cd33def1e83114f44cb9908248_page_0018,0445026fe082a0cd33def1e83114f44cb9908248.pdf#page=18,underscore_index,pending_review
04450a0f59f81025574451222aa26322ae7ede42_1,04450a0f59f81025574451222aa26322ae7ede42_page_0001,04450a0f59f81025574451222aa26322ae7ede42.pdf#page=1,underscore_index,pending_review
04450a0f59f81025574451222aa26322ae7ede42_2,04450a0f59f81025574451222aa26322ae7ede42_page_0002,04450a0f59f81025574451222aa26322ae7ede42.pdf#page=2,underscore_index,pending_review
04450a0f59f81025574451222aa26322ae7ede42_3,04450a0f59f81025574451222aa26322ae7ede42_page_0003,04450a0f59f81025574451222aa26322ae7ede42.pdf#page=3,underscore_index,pending_review
04450a0f59f81025574451222aa26322ae7ede42_4,04450a0f59f81025574451222aa26322ae7ede42_page_0004,04450a0f59f81025574451222aa26322ae7ede42.pdf#page=4,underscore_index,pending_review
04450a0f59f81025574451222aa26322ae7ede42_5,04450a0f59f81025574451222aa26322ae7ede42_page_0005,04450a0f59f81025574451222aa26322ae7ede42.pdf#page=5,underscore_index,pending_review
04450a0f59f81025574451222aa26322ae7ede42_6,04450a0f59f81025574451222aa26322ae7ede42_page_0006,04450a0f59f81025574451222aa26322ae7ede42.pdf#page=6,underscore_index,pending_review
04450a0f59f81025574451222aa26322ae7ede42_7,04450a0f59f81025574451222aa26322ae7ede42_page_0007,04450a0f59f81025574451222aa26322ae7ede42.pdf#page=7,underscore_index,pending_review
04450a0f59f81025574451222aa26322ae7ede42_8,04450a0f59f81025574451222aa26322ae7ede42_page_0008,04450a0f59f81025574451222aa26322ae7ede42.pdf#page=8,underscore_index,pending_review
04450a0f59f81025574451222aa26322ae7ede42_9,04450a0f59f81025574451222aa26322ae7ede42_page_0009,04450a0f59f81025574451222aa26322ae7ede42.pdf#page=9,underscore_index,pending_review
04450a0f59f81025574451222aa26322ae7ede42_10,04450a0f59f81025574451222aa26322ae7ede42_page_0010,04450a0f59f81025574451222aa26322ae7ede42.pdf#page=10,underscore_index,pending_review
04450a0f59f81025574451222aa26322ae7ede42_11,04450a0f59f81025574451222aa26322ae7ede42_page_0011,04450a0f59f81025574451222aa26322ae7ede42.pdf#page=11,underscore_index,pending_review
04450a0f59f81025574451222aa26322ae7ede42_12,04450a0f59f81025574451222aa26322ae7ede42_page_0012,04450a0f59f81025574451222aa26322ae7ede42.pdf#page=12,underscore_index,pending_review
04450a0f59f81025574451222aa26322ae7ede42_13,04450a0f59f81025574451222aa26322ae7ede42_page_0013,04450a0f59f81025574451222aa26322ae7ede42.pdf#page=13,underscore_index,pending_review
04450a0f59f81025574451222aa26322ae7ede42_14,04450a0f59f81025574451222aa26322ae7ede42_page_0014,04450a0f59f81025574451222aa26322ae7ede42.pdf#page=14,underscore_index,pending_review
04450a0f59f81025574451222aa26322ae7ede42_15,04450a0f59f81025574451222aa26322ae7ede42_page_0015,04450a0f59f81025574451222aa26322ae7ede42.pdf#page=15,underscore_index,pending_review
04450a0f59f81025574451222aa26322ae7ede42_16,04450a0f59f81025574451222aa26322ae7ede42_page_0016,04450a0f59f81025574451222aa26322ae7ede42.pdf#page=16,underscore_index,pending_review
04450a0f59f81025574451222aa26322ae7ede42_17,04450a0f59f81025574451222aa26322ae7ede42_page_0017,04450a0f59f81025574451222aa26322ae7ede42.pdf#page=17,underscore_index,pending_review
04450a0f59f81025574451222aa26322ae7ede42_18,04450a0f59f81025574451222aa26322ae7ede42_page_0018,04450a0f59f81025574451222aa26322ae7ede42.pdf#page=18,underscore_index,pending_review
04450a0f59f81025574451222aa26322ae7ede42_19,04450a0f59f81025574451222aa26322ae7ede42_page_0019,04450a0f59f81025574451222aa26322ae7ede42.pdf#page=19,underscore_index,pending_review
04450a0f59f81025574451222aa26322ae7ede42_20,04450a0f59f81025574451222aa26322ae7ede42_page_0020,04450a0f59f81025574451222aa26322ae7ede42.pdf#page=20,underscore_index,pending_review
04450a0f59f81025574451222aa26322ae7ede42_21,04450a0f59f81025574451222aa26322ae7ede42_page_0021,04450a0f59f81025574451222aa26322ae7ede42.pdf#page=21,underscore_index,pending_review
0454efb78bc1e03ae39f9552cb4c165495b11e4b_1,0454efb78bc1e03ae39f9552cb4c165495b11e4b_page_0001,0454efb78bc1e03ae39f9552cb4c165495b11e4b.pdf#page=1,underscore_index,pending_review
0454efb78bc1e03ae39f9552cb4c165495b11e4b_2,0454efb78bc1e03ae39f9552cb4c165495b11e4b_page_0002,0454efb78bc1e03ae39f9552cb4c165495b11e4b.pdf#page=2,underscore_index,pending_review
0454efb78bc1e03ae39f9552cb4c165495b11e4b_3,0454efb78bc1e03ae39f9552cb4c165495b11e4b_page_0003,0454efb78bc1e03ae39f9552cb4c165495b11e4b.pdf#page=3,underscore_index,pending_review
0454efb78bc1e03ae39f9552cb4c165495b11e4b_4,0454efb78bc1e03ae39f9552cb4c165495b11e4b_page_0004,0454efb78bc1e03ae39f9552cb4c165495b11e4b.pdf#page=4,underscore_index,pending_review
0454efb78bc1e03ae39f9552cb4c165495b11e4b_5,0454efb78bc1e03ae39f9552cb4c165495b11e4b_page_0005,0454efb78bc1e03ae39f9552cb4c165495b11e4b.pdf#page=5,underscore_index,pending_review
0454efb78bc1e03ae39f9552cb4c165495b11e4b_6,0454efb78bc1e03ae39f9552cb4c165495b11e4b_page_0006,0454efb78bc1e03ae39f9552cb4c165495b11e4b.pdf#page=6,underscore_index,pending_review
0454efb78bc1e03ae39f9552cb4c165495b11e4b_7,0454efb78bc1e03ae39f9552cb4c165495b11e4b_page_0007,0454efb78bc1e03ae39f9552cb4c165495b11e4b.pdf#page=7,underscore_index,pending_review
0454efb78bc1e03ae39f9552cb4c165495b11e4b_8,0454efb78bc1e03ae39f9552cb4c165495b11e4b_page_0008,0454efb78bc1e03ae39f9552cb4c165495b11e4b.pdf#page=8,underscore_index,pending_review
0454efb78bc1e03ae39f9552cb4c165495b11e4b_9,0454efb78bc1e03ae39f9552cb4c165495b11e4b_page_0009,0454efb78bc1e03ae39f9552cb4c165495b11e4b.pdf#page=9,underscore_index,pending_review
0454efb78bc1e03ae39f9552cb4c165495b11e4b_10,0454efb78bc1e03ae39f9552cb4c165495b11e4b_page_0010,0454efb78bc1e03ae39f9552cb4c165495b11e4b.pdf#page=10,underscore_index,pending_review
0454efb78bc1e03ae39f9552cb4c165495b11e4b_11,0454efb78bc1e03ae39f9552cb4c165495b11e4b_page_0011,0454efb78bc1e03ae39f9552cb4c165495b11e4b.pdf#page=11,underscore_index,pending_review
0454efb78bc1e03ae39f9552cb4c165495b11e4b_12,0454efb78bc1e03ae39f9552cb4c165495b11e4b_page_0012,0454efb78bc1e03ae39f9552cb4c165495b11e4b.pdf#page=12,underscore_index,pending_review
04588cc917dbf3cfe0f760b7460baf798270be21_1,04588cc917dbf3cfe0f760b7460baf798270be21_page_0001,04588cc917dbf3cfe0f760b7460baf798270be21.pdf#page=1,underscore_index,pending_review
04588cc917dbf3cfe0f760b7460baf798270be21_2,04588cc917dbf3cfe0f760b7460baf798270be21_page_0002,04588cc917dbf3cfe0f760b7460baf798270be21.pdf#page=2,underscore_index,pending_review
04588cc917dbf3cfe0f760b7460baf798270be21_3,04588cc917dbf3cfe0f760b7460baf798270be21_page_0003,04588cc917dbf3cfe0f760b7460baf798270be21.pdf#page=3,underscore_index,pending_review
04588cc917dbf3cfe0f760b7460baf798270be21_4,04588cc917dbf3cfe0f760b7460baf798270be21_page_0004,04588cc917dbf3cfe0f760b7460baf798270be21.pdf#page=4,underscore_index,pending_review
04588cc917dbf3cfe0f760b7460baf798270be21_5,04588cc917dbf3cfe0f760b7460baf798270be21_page_0005,04588cc917dbf3cfe0f760b7460baf798270be21.pdf#page=5,underscore_index,pending_review
04588cc917dbf3cfe0f760b7460baf798270be21_6,04588cc917dbf3cfe0f760b7460baf798270be21_page_0006,04588cc917dbf3cfe0f760b7460baf798270be21.pdf#page=6,underscore_index,pending_review
04588cc917dbf3cfe0f760b7460baf798270be21_7,04588cc917dbf3cfe0f760b7460baf798270be21_page_0007,04588cc917dbf3cfe0f760b7460baf798270be21.pdf#page=7,underscore_index,pending_review
04588cc917dbf3cfe0f760b7460baf798270be21_8,04588cc917dbf3cfe0f760b7460baf798270be21_page_0008,04588cc917dbf3cfe0f760b7460baf798270be21.pdf#page=8,underscore_index,pending_review
04588cc917dbf3cfe0f760b7460baf798270be21_9,04588cc917dbf3cfe0f760b7460baf798270be21_page_0009,04588cc917dbf3cfe0f760b7460baf798270be21.pdf#page=9,underscore_index,pending_review
04588cc917dbf3cfe0f760b7460baf798270be21_10,04588cc917dbf3cfe0f760b7460baf798270be21_page_0010,04588cc917dbf3cfe0f760b7460baf798270be21.pdf#page=10,underscore_index,pending_review
04588cc917dbf3cfe0f760b7460baf798270be21_11,04588cc917dbf3cfe0f760b7460baf798270be21_page_0011,04588cc917dbf3cfe0f760b7460baf798270be21.pdf#page=11,underscore_index,pending_review
04588cc917dbf3cfe0f760b7460baf798270be21_12,04588cc917dbf3cfe0f760b7460baf798270be21_page_0012,04588cc917dbf3cfe0f760b7460baf798270be21.pdf#page=12,underscore_index,pending_review
04588cc917dbf3cfe0f760b7460baf798270be21_13,04588cc917dbf3cfe0f760b7460baf798270be21_page_0013,04588cc917dbf3cfe0f760b7460baf798270be21.pdf#page=13,underscore_index,pending_review
04599c51c70292b98ef78f06b5ccb7cfde95f4ca_1,04599c51c70292b98ef78f06b5ccb7cfde95f4ca_page_0001,04599c51c70292b98ef78f06b5ccb7cfde95f4ca.pdf#page=1,underscore_index,pending_review
04599c51c70292b98ef78f06b5ccb7cfde95f4ca_2,04599c51c70292b98ef78f06b5ccb7cfde95f4ca_page_0002,04599c51c70292b98ef78f06b5ccb7cfde95f4ca.pdf#page=2,underscore_index,pending_review
04599c51c70292b98ef78f06b5ccb7cfde95f4ca_3,04599c51c70292b98ef78f06b5ccb7cfde95f4ca_page_0003,04599c51c70292b98ef78f06b5ccb7cfde95f4ca.pdf#page=3,underscore_index,pending_review
04599c51c70292b98ef78f06b5ccb7cfde95f4ca_4,04599c51c70292b98ef78f06b5ccb7cfde95f4ca_page_0004,04599c51c70292b98ef78f06b5ccb7cfde95f4ca.pdf#page=4,underscore_index,pending_review
04599c51c70292b98ef78f06b5ccb7cfde95f4ca_5,04599c51c70292b98ef78f06b5ccb7cfde95f4ca_page_0005,04599c51c70292b98ef78f06b5ccb7cfde95f4ca.pdf#page=5,underscore_index,pending_review
04599c51c70292b98ef78f06b5ccb7cfde95f4ca_6,04599c51c70292b98ef78f06b5ccb7cfde95f4ca_page_0006,04599c51c70292b98ef78f06b5ccb7cfde95f4ca.pdf#page=6,underscore_index,pending_review
04599c51c70292b98ef78f06b5ccb7cfde95f4ca_7,04599c51c70292b98ef78f06b5ccb7cfde95f4ca_page_0007,04599c51c70292b98ef78f06b5ccb7cfde95f4ca.pdf#page=7,underscore_index,pending_review
04599c51c70292b98ef78f06b5ccb7cfde95f4ca_8,04599c51c70292b98ef78f06b5ccb7cfde95f4ca_page_0008,04599c51c70292b98ef78f06b5ccb7cfde95f4ca.pdf#page=8,underscore_index,pending_review
04599c51c70292b98ef78f06b5ccb7cfde95f4ca_9,04599c51c70292b98ef78f06b5ccb7cfde95f4ca_page_0009,04599c51c70292b98ef78f06b5ccb7cfde95f4ca.pdf#page=9,underscore_index,pending_review
04599c51c70292b98ef78f06b5ccb7cfde95f4ca_10,04599c51c70292b98ef78f06b5ccb7cfde95f4ca_page_0010,04599c51c70292b98ef78f06b5ccb7cfde95f4ca.pdf#page=10,underscore_index,pending_review
04599c51c70292b98ef78f06b5ccb7cfde95f4ca_11,04599c51c70292b98ef78f06b5ccb7cfde95f4ca_page_0011,04599c51c70292b98ef78f06b5ccb7cfde95f4ca.pdf#page=11,underscore_index,pending_review
04599c51c70292b98ef78f06b5ccb7cfde95f4ca_12,04599c51c70292b98ef78f06b5ccb7cfde95f4ca_page_0012,04599c51c70292b98ef78f06b5ccb7cfde95f4ca.pdf#page=12,underscore_index,pending_review
04599c51c70292b98ef78f06b5ccb7cfde95f4ca_13,04599c51c70292b98ef78f06b5ccb7cfde95f4ca_page_0013,04599c51c70292b98ef78f06b5ccb7cfde95f4ca.pdf#page=13,underscore_index,pending_review
04599c51c70292b98ef78f06b5ccb7cfde95f4ca_14,04599c51c70292b98ef78f06b5ccb7cfde95f4ca_page_0014,04599c51c70292b98ef78f06b5ccb7cfde95f4ca.pdf#page=14,underscore_index,pending_review
04599c51c70292b98ef78f06b5ccb7cfde95f4ca_15,04599c51c70292b98ef78f06b5ccb7cfde95f4ca_page_0015,04599c51c70292b98ef78f06b5ccb7cfde95f4ca.pdf#page=15,underscore_index,pending_review
04599c51c70292b98ef78f06b5ccb7cfde95f4ca_16,04599c51c70292b98ef78f06b5ccb7cfde95f4ca_page_0016,04599c51c70292b98ef78f06b5ccb7cfde95f4ca.pdf#page=16,underscore_index,pending_review
04599c51c70292b98ef78f06b5ccb7cfde95f4ca_17,04599c51c70292b98ef78f06b5ccb7cfde95f4ca_page_0017,04599c51c70292b98ef78f06b5ccb7cfde95f4ca.pdf#page=17,underscore_index,pending_review
04599c51c70292b98ef78f06b5ccb7cfde95f4ca_18,04599c51c70292b98ef78f06b5ccb7cfde95f4ca_page_0018,04599c51c70292b98ef78f06b5ccb7cfde95f4ca.pdf#page=18,underscore_index,pending_review
04599c51c70292b98ef78f06b5ccb7cfde95f4ca_19,04599c51c70292b98ef78f06b5ccb7cfde95f4ca_page_0019,04599c51c70292b98ef78f06b5ccb7cfde95f4ca.pdf#page=19,underscore_index,pending_review
04599c51c70292b98ef78f06b5ccb7cfde95f4ca_20,04599c51c70292b98ef78f06b5ccb7cfde95f4ca_page_0020,04599c51c70292b98ef78f06b5ccb7cfde95f4ca.pdf#page=20,underscore_index,pending_review
04599c51c70292b98ef78f06b5ccb7cfde95f4ca_21,04599c51c70292b98ef78f06b5ccb7cfde95f4ca_page_0021,04599c51c70292b98ef78f06b5ccb7cfde95f4ca.pdf#page=21,underscore_index,pending_review
04599c51c70292b98ef78f06b5ccb7cfde95f4ca_22,04599c51c70292b98ef78f06b5ccb7cfde95f4ca_page_0022,04599c51c70292b98ef78f06b5ccb7cfde95f4ca.pdf#page=22,underscore_index,pending_review
04599c51c70292b98ef78f06b5ccb7cfde95f4ca_23,04599c51c70292b98ef78f06b5ccb7cfde95f4ca_page_0023,04599c51c70292b98ef78f06b5ccb7cfde95f4ca.pdf#page=23,underscore_index,pending_review
04599c51c70292b98ef78f06b5ccb7cfde95f4ca_24,04599c51c70292b98ef78f06b5ccb7cfde95f4ca_page_0024,04599c51c70292b98ef78f06b5ccb7cfde95f4ca.pdf#page=24,underscore_index,pending_review
04629a804e43741f6b693ae93e027939d1a1e356_1,04629a804e43741f6b693ae93e027939d1a1e356_page_0001,04629a804e43741f6b693ae93e027939d1a1e356.pdf#page=1,underscore_index,pending_review
04629a804e43741f6b693ae93e027939d1a1e356_2,04629a804e43741f6b693ae93e027939d1a1e356_page_0002,04629a804e43741f6b693ae93e027939d1a1e356.pdf#page=2,underscore_index,pending_review
04629a804e43741f6b693ae93e027939d1a1e356_3,04629a804e43741f6b693ae93e027939d1a1e356_page_0003,04629a804e43741f6b693ae93e027939d1a1e356.pdf#page=3,underscore_index,pending_review
04629a804e43741f6b693ae93e027939d1a1e356_4,04629a804e43741f6b693ae93e027939d1a1e356_page_0004,04629a804e43741f6b693ae93e027939d1a1e356.pdf#page=4,underscore_index,pending_review
04629a804e43741f6b693ae93e027939d1a1e356_5,04629a804e43741f6b693ae93e027939d1a1e356_page_0005,04629a804e43741f6b693ae93e027939d1a1e356.pdf#page=5,underscore_index,pending_review
04629a804e43741f6b693ae93e027939d1a1e356_6,04629a804e43741f6b693ae93e027939d1a1e356_page_0006,04629a804e43741f6b693ae93e027939d1a1e356.pdf#page=6,underscore_index,pending_review
04629a804e43741f6b693ae93e027939d1a1e356_7,04629a804e43741f6b693ae93e027939d1a1e356_page_0007,04629a804e43741f6b693ae93e027939d1a1e356.pdf#page=7,underscore_index,pending_review
04629a804e43741f6b693ae93e027939d1a1e356_8,04629a804e43741f6b693ae93e027939d1a1e356_page_0008,04629a804e43741f6b693ae93e027939d1a1e356.pdf#page=8,underscore_index,pending_review
04629a804e43741f6b693ae93e027939d1a1e356_9,04629a804e43741f6b693ae93e027939d1a1e356_page_0009,04629a804e43741f6b693ae93e027939d1a1e356.pdf#page=9,underscore_index,pending_review
04629a804e43741f6b693ae93e027939d1a1e356_10,04629a804e43741f6b693ae93e027939d1a1e356_page_0010,04629a804e43741f6b693ae93e027939d1a1e356.pdf#page=10,underscore_index,pending_review
04629a804e43741f6b693ae93e027939d1a1e356_11,04629a804e43741f6b693ae93e027939d1a1e356_page_0011,04629a804e43741f6b693ae93e027939d1a1e356.pdf#page=11,underscore_index,pending_review
04629a804e43741f6b693ae93e027939d1a1e356_12,04629a804e43741f6b693ae93e027939d1a1e356_page_0012,04629a804e43741f6b693ae93e027939d1a1e356.pdf#page=12,underscore_index,pending_review
04629a804e43741f6b693ae93e027939d1a1e356_13,04629a804e43741f6b693ae93e027939d1a1e356_page_0013,04629a804e43741f6b693ae93e027939d1a1e356.pdf#page=13,underscore_index,pending_review
04629a804e43741f6b693ae93e027939d1a1e356_14,04629a804e43741f6b693ae93e027939d1a1e356_page_0014,04629a804e43741f6b693ae93e027939d1a1e356.pdf#page=14,underscore_index,pending_review
04629a804e43741f6b693ae93e027939d1a1e356_15,04629a804e43741f6b693ae93e027939d1a1e356_page_0015,04629a804e43741f6b693ae93e027939d1a1e356.pdf#page=15,underscore_index,pending_review
04629a804e43741f6b693ae93e027939d1a1e356_16,04629a804e43741f6b693ae93e027939d1a1e356_page_0016,04629a804e43741f6b693ae93e027939d1a1e356.pdf#page=16,underscore_index,pending_review
04629a804e43741f6b693ae93e027939d1a1e356_17,04629a804e43741f6b693ae93e027939d1a1e356_page_0017,04629a804e43741f6b693ae93e027939d1a1e356.pdf#page=17,underscore_index,pending_review
04629a804e43741f6b693ae93e027939d1a1e356_18,04629a804e43741f6b693ae93e027939d1a1e356_page_0018,04629a804e43741f6b693ae93e027939d1a1e356.pdf#page=18,underscore_index,pending_review
04629a804e43741f6b693ae93e027939d1a1e356_19,04629a804e43741f6b693ae93e027939d1a1e356_page_0019,04629a804e43741f6b693ae93e027939d1a1e356.pdf#page=19,underscore_index,pending_review
04629a804e43741f6b693ae93e027939d1a1e356_20,04629a804e43741f6b693ae93e027939d1a1e356_page_0020,04629a804e43741f6b693ae93e027939d1a1e356.pdf#page=20,underscore_index,pending_review
04629a804e43741f6b693ae93e027939d1a1e356_21,04629a804e43741f6b693ae93e027939d1a1e356_page_0021,04629a804e43741f6b693ae93e027939d1a1e356.pdf#page=21,underscore_index,pending_review
04629a804e43741f6b693ae93e027939d1a1e356_22,04629a804e43741f6b693ae93e027939d1a1e356_page_0022,04629a804e43741f6b693ae93e027939d1a1e356.pdf#page=22,underscore_index,pending_review
046a5a7310a0b0b8e4ca0fe859e0d66301832747_1,046a5a7310a0b0b8e4ca0fe859e0d66301832747_page_0001,046a5a7310a0b0b8e4ca0fe859e0d66301832747.pdf#page=1,underscore_index,pending_review
046a5a7310a0b0b8e4ca0fe859e0d66301832747_2,046a5a7310a0b0b8e4ca0fe859e0d66301832747_page_0002,046a5a7310a0b0b8e4ca0fe859e0d66301832747.pdf#page=2,underscore_index,pending_review
046a5a7310a0b0b8e4ca0fe859e0d66301832747_3,046a5a7310a0b0b8e4ca0fe859e0d66301832747_page_0003,046a5a7310a0b0b8e4ca0fe859e0d66301832747.pdf#page=3,underscore_index,pending_review
046a5a7310a0b0b8e4ca0fe859e0d66301832747_4,046a5a7310a0b0b8e4ca0fe859e0d66301832747_page_0004,046a5a7310a0b0b8e4ca0fe859e0d66301832747.pdf#page=4,underscore_index,pending_review
046a5a7310a0b0b8e4ca0fe859e0d66301832747_5,046a5a7310a0b0b8e4ca0fe859e0d66301832747_page_0005,046a5a7310a0b0b8e4ca0fe859e0d66301832747.pdf#page=5,underscore_index,pending_review
046a5a7310a0b0b8e4ca0fe859e0d66301832747_6,046a5a7310a0b0b8e4ca0fe859e0d66301832747_page_0006,046a5a7310a0b0b8e4ca0fe859e0d66301832747.pdf#page=6,underscore_index,pending_review
046a5a7310a0b0b8e4ca0fe859e0d66301832747_7,046a5a7310a0b0b8e4ca0fe859e0d66301832747_page_0007,046a5a7310a0b0b8e4ca0fe859e0d66301832747.pdf#page=7,underscore_index,pending_review
046a5a7310a0b0b8e4ca0fe859e0d66301832747_8,046a5a7310a0b0b8e4ca0fe859e0d66301832747_page_0008,046a5a7310a0b0b8e4ca0fe859e0d66301832747.pdf#page=8,underscore_index,pending_review
046a5a7310a0b0b8e4ca0fe859e0d66301832747_9,046a5a7310a0b0b8e4ca0fe859e0d66301832747_page_0009,046a5a7310a0b0b8e4ca0fe859e0d66301832747.pdf#page=9,underscore_index,pending_review
046a5a7310a0b0b8e4ca0fe859e0d66301832747_10,046a5a7310a0b0b8e4ca0fe859e0d66301832747_page_0010,046a5a7310a0b0b8e4ca0fe859e0d66301832747.pdf#page=10,underscore_index,pending_review
046a5a7310a0b0b8e4ca0fe859e0d66301832747_11,046a5a7310a0b0b8e4ca0fe859e0d66301832747_page_0011,046a5a7310a0b0b8e4ca0fe859e0d66301832747.pdf#page=11,underscore_index,pending_review
046a5a7310a0b0b8e4ca0fe859e0d66301832747_12,046a5a7310a0b0b8e4ca0fe859e0d66301832747_page_0012,046a5a7310a0b0b8e4ca0fe859e0d66301832747.pdf#page=12,underscore_index,pending_review
046a5a7310a0b0b8e4ca0fe859e0d66301832747_13,046a5a7310a0b0b8e4ca0fe859e0d66301832747_page_0013,046a5a7310a0b0b8e4ca0fe859e0d66301832747.pdf#page=13,underscore_index,pending_review
046a5a7310a0b0b8e4ca0fe859e0d66301832747_14,046a5a7310a0b0b8e4ca0fe859e0d66301832747_page_0014,046a5a7310a0b0b8e4ca0fe859e0d66301832747.pdf#page=14,underscore_index,pending_review
046a5a7310a0b0b8e4ca0fe859e0d66301832747_15,046a5a7310a0b0b8e4ca0fe859e0d66301832747_page_0015,046a5a7310a0b0b8e4ca0fe859e0d66301832747.pdf#page=15,underscore_index,pending_review
046a5a7310a0b0b8e4ca0fe859e0d66301832747_16,046a5a7310a0b0b8e4ca0fe859e0d66301832747_page_0016,046a5a7310a0b0b8e4ca0fe859e0d66301832747.pdf#page=16,underscore_index,pending_review
046a5a7310a0b0b8e4ca0fe859e0d66301832747_17,046a5a7310a0b0b8e4ca0fe859e0d66301832747_page_0017,046a5a7310a0b0b8e4ca0fe859e0d66301832747.pdf#page=17,underscore_index,pending_review
046a5a7310a0b0b8e4ca0fe859e0d66301832747_18,046a5a7310a0b0b8e4ca0fe859e0d66301832747_page_0018,046a5a7310a0b0b8e4ca0fe859e0d66301832747.pdf#page=18,underscore_index,pending_review
046a5a7310a0b0b8e4ca0fe859e0d66301832747_19,046a5a7310a0b0b8e4ca0fe859e0d66301832747_page_0019,046a5a7310a0b0b8e4ca0fe859e0d66301832747.pdf#page=19,underscore_index,pending_review
046a5a7310a0b0b8e4ca0fe859e0d66301832747_20,046a5a7310a0b0b8e4ca0fe859e0d66301832747_page_0020,046a5a7310a0b0b8e4ca0fe859e0d66301832747.pdf#page=20,underscore_index,pending_review
046a5a7310a0b0b8e4ca0fe859e0d66301832747_21,046a5a7310a0b0b8e4ca0fe859e0d66301832747_page_0021,046a5a7310a0b0b8e4ca0fe859e0d66301832747.pdf#page=21,underscore_index,pending_review
046a5a7310a0b0b8e4ca0fe859e0d66301832747_22,046a5a7310a0b0b8e4ca0fe859e0d66301832747_page_0022,046a5a7310a0b0b8e4ca0fe859e0d66301832747.pdf#page=22,underscore_index,pending_review
046a5a7310a0b0b8e4ca0fe859e0d66301832747_23,046a5a7310a0b0b8e4ca0fe859e0d66301832747_page_0023,046a5a7310a0b0b8e4ca0fe859e0d66301832747.pdf#page=23,underscore_index,pending_review
046ab04bd04d4671ad4a37f44281444f3882b714_1,046ab04bd04d4671ad4a37f44281444f3882b714_page_0001,046ab04bd04d4671ad4a37f44281444f3882b714.pdf#page=1,underscore_index,pending_review
046ab04bd04d4671ad4a37f44281444f3882b714_2,046ab04bd04d4671ad4a37f44281444f3882b714_page_0002,046ab04bd04d4671ad4a37f44281444f3882b714.pdf#page=2,underscore_index,pending_review
046ab04bd04d4671ad4a37f44281444f3882b714_3,046ab04bd04d4671ad4a37f44281444f3882b714_page_0003,046ab04bd04d4671ad4a37f44281444f3882b714.pdf#page=3,underscore_index,pending_review
046ab04bd04d4671ad4a37f44281444f3882b714_4,046ab04bd04d4671ad4a37f44281444f3882b714_page_0004,046ab04bd04d4671ad4a37f44281444f3882b714.pdf#page=4,underscore_index,pending_review
046ab04bd04d4671ad4a37f44281444f3882b714_5,046ab04bd04d4671ad4a37f44281444f3882b714_page_0005,046ab04bd04d4671ad4a37f44281444f3882b714.pdf#page=5,underscore_index,pending_review
046ab04bd04d4671ad4a37f44281444f3882b714_6,046ab04bd04d4671ad4a37f44281444f3882b714_page_0006,046ab04bd04d4671ad4a37f44281444f3882b714.pdf#page=6,underscore_index,pending_review
046ab04bd04d4671ad4a37f44281444f3882b714_7,046ab04bd04d4671ad4a37f44281444f3882b714_page_0007,046ab04bd04d4671ad4a37f44281444f3882b714.pdf#page=7,underscore_index,pending_review
046ab04bd04d4671ad4a37f44281444f3882b714_8,046ab04bd04d4671ad4a37f44281444f3882b714_page_0008,046ab04bd04d4671ad4a37f44281444f3882b714.pdf#page=8,underscore_index,pending_review
046ab04bd04d4671ad4a37f44281444f3882b714_9,046ab04bd04d4671ad4a37f44281444f3882b714_page_0009,046ab04bd04d4671ad4a37f44281444f3882b714.pdf#page=9,underscore_index,pending_review
046ab04bd04d4671ad4a37f44281444f3882b714_10,046ab04bd04d4671ad4a37f44281444f3882b714_page_0010,046ab04bd04d4671ad4a37f44281444f3882b714.pdf#page=10,underscore_index,pending_review
046ab04bd04d4671ad4a37f44281444f3882b714_11,046ab04bd04d4671ad4a37f44281444f3882b714_page_0011,046ab04bd04d4671ad4a37f44281444f3882b714.pdf#page=11,underscore_index,pending_review
046ab04bd04d4671ad4a37f44281444f3882b714_12,046ab04bd04d4671ad4a37f44281444f3882b714_page_0012,046ab04bd04d4671ad4a37f44281444f3882b714.pdf#page=12,underscore_index,pending_review
046ab04bd04d4671ad4a37f44281444f3882b714_13,046ab04bd04d4671ad4a37f44281444f3882b714_page_0013,046ab04bd04d4671ad4a37f44281444f3882b714.pdf#page=13,underscore_index,pending_review
046ab04bd04d4671ad4a37f44281444f3882b714_14,046ab04bd04d4671ad4a37f44281444f3882b714_page_0014,046ab04bd04d4671ad4a37f44281444f3882b714.pdf#page=14,underscore_index,pending_review
046ab04bd04d4671ad4a37f44281444f3882b714_15,046ab04bd04d4671ad4a37f44281444f3882b714_page_0015,046ab04bd04d4671ad4a37f44281444f3882b714.pdf#page=15,underscore_index,pending_review
046ab04bd04d4671ad4a37f44281444f3882b714_16,046ab04bd04d4671ad4a37f44281444f3882b714_page_0016,046ab04bd04d4671ad4a37f44281444f3882b714.pdf#page=16,underscore_index,pending_review
046ab04bd04d4671ad4a37f44281444f3882b714_17,046ab04bd04d4671ad4a37f44281444f3882b714_page_0017,046ab04bd04d4671ad4a37f44281444f3882b714.pdf#page=17,underscore_index,pending_review
046ab04bd04d4671ad4a37f44281444f3882b714_18,046ab04bd04d4671ad4a37f44281444f3882b714_page_0018,046ab04bd04d4671ad4a37f44281444f3882b714.pdf#page=18,underscore_index,pending_review
046ab04bd04d4671ad4a37f44281444f3882b714_19,046ab04bd04d4671ad4a37f44281444f3882b714_page_0019,046ab04bd04d4671ad4a37f44281444f3882b714.pdf#page=19,underscore_index,pending_review
046ab04bd04d4671ad4a37f44281444f3882b714_20,046ab04bd04d4671ad4a37f44281444f3882b714_page_0020,046ab04bd04d4671ad4a37f44281444f3882b714.pdf#page=20,underscore_index,pending_review
046ab04bd04d4671ad4a37f44281444f3882b714_21,046ab04bd04d4671ad4a37f44281444f3882b714_page_0021,046ab04bd04d4671ad4a37f44281444f3882b714.pdf#page=21,underscore_index,pending_review
046ab04bd04d4671ad4a37f44281444f3882b714_22,046ab04bd04d4671ad4a37f44281444f3882b714_page_0022,046ab04bd04d4671ad4a37f44281444f3882b714.pdf#page=22,underscore_index,pending_review
046ab04bd04d4671ad4a37f44281444f3882b714_23,046ab04bd04d4671ad4a37f44281444f3882b714_page_0023,046ab04bd04d4671ad4a37f44281444f3882b714.pdf#page=23,underscore_index,pending_review
046ab04bd04d4671ad4a37f44281444f3882b714_24,046ab04bd04d4671ad4a37f44281444f3882b714_page_0024,046ab04bd04d4671ad4a37f44281444f3882b714.pdf#page=24,underscore_index,pending_review
046b484106fa2683e015153dfd8d791b87b3c564_1,046b484106fa2683e015153dfd8d791b87b3c564_page_0001,046b484106fa2683e015153dfd8d791b87b3c564.pdf#page=1,underscore_index,pending_review
046b484106fa2683e015153dfd8d791b87b3c564_2,046b484106fa2683e015153dfd8d791b87b3c564_page_0002,046b484106fa2683e015153dfd8d791b87b3c564.pdf#page=2,underscore_index,pending_review
046b484106fa2683e015153dfd8d791b87b3c564_3,046b484106fa2683e015153dfd8d791b87b3c564_page_0003,046b484106fa2683e015153dfd8d791b87b3c564.pdf#page=3,underscore_index,pending_review
046b484106fa2683e015153dfd8d791b87b3c564_4,046b484106fa2683e015153dfd8d791b87b3c564_page_0004,046b484106fa2683e015153dfd8d791b87b3c564.pdf#page=4,underscore_index,pending_review
046b484106fa2683e015153dfd8d791b87b3c564_5,046b484106fa2683e015153dfd8d791b87b3c564_page_0005,046b484106fa2683e015153dfd8d791b87b3c564.pdf#page=5,underscore_index,pending_review
046b484106fa2683e015153dfd8d791b87b3c564_6,046b484106fa2683e015153dfd8d791b87b3c564_page_0006,046b484106fa2683e015153dfd8d791b87b3c564.pdf#page=6,underscore_index,pending_review
046b484106fa2683e015153dfd8d791b87b3c564_7,046b484106fa2683e015153dfd8d791b87b3c564_page_0007,046b484106fa2683e015153dfd8d791b87b3c564.pdf#page=7,underscore_index,pending_review
046b484106fa2683e015153dfd8d791b87b3c564_8,046b484106fa2683e015153dfd8d791b87b3c564_page_0008,046b484106fa2683e015153dfd8d791b87b3c564.pdf#page=8,underscore_index,pending_review
046b484106fa2683e015153dfd8d791b87b3c564_9,046b484106fa2683e015153dfd8d791b87b3c564_page_0009,046b484106fa2683e015153dfd8d791b87b3c564.pdf#page=9,underscore_index,pending_review
046b484106fa2683e015153dfd8d791b87b3c564_10,046b484106fa2683e015153dfd8d791b87b3c564_page_0010,046b484106fa2683e015153dfd8d791b87b3c564.pdf#page=10,underscore_index,pending_review
046b484106fa2683e015153dfd8d791b87b3c564_11,046b484106fa2683e015153dfd8d791b87b3c564_page_0011,046b484106fa2683e015153dfd8d791b87b3c564.pdf#page=11,underscore_index,pending_review
046b484106fa2683e015153dfd8d791b87b3c564_12,046b484106fa2683e015153dfd8d791b87b3c564_page_0012,046b484106fa2683e015153dfd8d791b87b3c564.pdf#page=12,underscore_index,pending_review
046b484106fa2683e015153dfd8d791b87b3c564_13,046b484106fa2683e015153dfd8d791b87b3c564_page_0013,046b484106fa2683e015153dfd8d791b87b3c564.pdf#page=13,underscore_index,pending_review
046b484106fa2683e015153dfd8d791b87b3c564_14,046b484106fa2683e015153dfd8d791b87b3c564_page_0014,046b484106fa2683e015153dfd8d791b87b3c564.pdf#page=14,underscore_index,pending_review
046c8aeae3495fae63c6b029a72b048b5b91ed0a_1,046c8aeae3495fae63c6b029a72b048b5b91ed0a_page_0001,046c8aeae3495fae63c6b029a72b048b5b91ed0a.pdf#page=1,underscore_index,pending_review
046c8aeae3495fae63c6b029a72b048b5b91ed0a_2,046c8aeae3495fae63c6b029a72b048b5b91ed0a_page_0002,046c8aeae3495fae63c6b029a72b048b5b91ed0a.pdf#page=2,underscore_index,pending_review
046c8aeae3495fae63c6b029a72b048b5b91ed0a_3,046c8aeae3495fae63c6b029a72b048b5b91ed0a_page_0003,046c8aeae3495fae63c6b029a72b048b5b91ed0a.pdf#page=3,underscore_index,pending_review
046c8aeae3495fae63c6b029a72b048b5b91ed0a_4,046c8aeae3495fae63c6b029a72b048b5b91ed0a_page_0004,046c8aeae3495fae63c6b029a72b048b5b91ed0a.pdf#page=4,underscore_index,pending_review
046c8aeae3495fae63c6b029a72b048b5b91ed0a_5,046c8aeae3495fae63c6b029a72b048b5b91ed0a_page_0005,046c8aeae3495fae63c6b029a72b048b5b91ed0a.pdf#page=5,underscore_index,pending_review
046c8aeae3495fae63c6b029a72b048b5b91ed0a_6,046c8aeae3495fae63c6b029a72b048b5b91ed0a_page_0006,046c8aeae3495fae63c6b029a72b048b5b91ed0a.pdf#page=6,underscore_index,pending_review
046c8aeae3495fae63c6b029a72b048b5b91ed0a_7,046c8aeae3495fae63c6b029a72b048b5b91ed0a_page_0007,046c8aeae3495fae63c6b029a72b048b5b91ed0a.pdf#page=7,underscore_index,pending_review
046c8aeae3495fae63c6b029a72b048b5b91ed0a_8,046c8aeae3495fae63c6b029a72b048b5b91ed0a_page_0008,046c8aeae3495fae63c6b029a72b048b5b91ed0a.pdf#page=8,underscore_index,pending_review
046c8aeae3495fae63c6b029a72b048b5b91ed0a_9,046c8aeae3495fae63c6b029a72b048b5b91ed0a_page_0009,046c8aeae3495fae63c6b029a72b048b5b91ed0a.pdf#page=9,underscore_index,pending_review
046c8aeae3495fae63c6b029a72b048b5b91ed0a_10,046c8aeae3495fae63c6b029a72b048b5b91ed0a_page_0010,046c8aeae3495fae63c6b029a72b048b5b91ed0a.pdf#page=10,underscore_index,pending_review
046c8aeae3495fae63c6b029a72b048b5b91ed0a_11,046c8aeae3495fae63c6b029a72b048b5b91ed0a_page_0011,046c8aeae3495fae63c6b029a72b048b5b91ed0a.pdf#page=11,underscore_index,pending_review
046c8aeae3495fae63c6b029a72b048b5b91ed0a_12,046c8aeae3495fae63c6b029a72b048b5b91ed0a_page_0012,046c8aeae3495fae63c6b029a72b048b5b91ed0a.pdf#page=12,underscore_index,pending_review
046c8aeae3495fae63c6b029a72b048b5b91ed0a_13,046c8aeae3495fae63c6b029a72b048b5b91ed0a_page_0013,046c8aeae3495fae63c6b029a72b048b5b91ed0a.pdf#page=13,underscore_index,pending_review
046c8aeae3495fae63c6b029a72b048b5b91ed0a_14,046c8aeae3495fae63c6b029a72b048b5b91ed0a_page_0014,046c8aeae3495fae63c6b029a72b048b5b91ed0a.pdf#page=14,underscore_index,pending_review
046c8aeae3495fae63c6b029a72b048b5b91ed0a_15,046c8aeae3495fae63c6b029a72b048b5b91ed0a_page_0015,046c8aeae3495fae63c6b029a72b048b5b91ed0a.pdf#page=15,underscore_index,pending_review
046c8aeae3495fae63c6b029a72b048b5b91ed0a_16,046c8aeae3495fae63c6b029a72b048b5b91ed0a_page_0016,046c8aeae3495fae63c6b029a72b048b5b91ed0a.pdf#page=16,underscore_index,pending_review
046c8aeae3495fae63c6b029a72b048b5b91ed0a_17,046c8aeae3495fae63c6b029a72b048b5b91ed0a_page_0017,046c8aeae3495fae63c6b029a72b048b5b91ed0a.pdf#page=17,underscore_index,pending_review
046c8aeae3495fae63c6b029a72b048b5b91ed0a_18,046c8aeae3495fae63c6b029a72b048b5b91ed0a_page_0018,046c8aeae3495fae63c6b029a72b048b5b91ed0a.pdf#page=18,underscore_index,pending_review
046c8aeae3495fae63c6b029a72b048b5b91ed0a_19,046c8aeae3495fae63c6b029a72b048b5b91ed0a_page_0019,046c8aeae3495fae63c6b029a72b048b5b91ed0a.pdf#page=19,underscore_index,pending_review
046c8aeae3495fae63c6b029a72b048b5b91ed0a_20,046c8aeae3495fae63c6b029a72b048b5b91ed0a_page_0020,046c8aeae3495fae63c6b029a72b048b5b91ed0a.pdf#page=20,underscore_index,pending_review
046c8aeae3495fae63c6b029a72b048b5b91ed0a_21,046c8aeae3495fae63c6b029a72b048b5b91ed0a_page_0021,046c8aeae3495fae63c6b029a72b048b5b91ed0a.pdf#page=21,underscore_index,pending_review
046c8aeae3495fae63c6b029a72b048b5b91ed0a_22,046c8aeae3495fae63c6b029a72b048b5b91ed0a_page_0022,046c8aeae3495fae63c6b029a72b048b5b91ed0a.pdf#page=22,underscore_index,pending_review
046c8aeae3495fae63c6b029a72b048b5b91ed0a_23,046c8aeae3495fae63c6b029a72b048b5b91ed0a_page_0023,046c8aeae3495fae63c6b029a72b048b5b91ed0a.pdf#page=23,underscore_index,pending_review
046c8aeae3495fae63c6b029a72b048b5b91ed0a_24,046c8aeae3495fae63c6b029a72b048b5b91ed0a_page_0024,046c8aeae3495fae63c6b029a72b048b5b91ed0a.pdf#page=24,underscore_index,pending_review
047733d6ecb0f878c9f6fe1a9fdaa0c2b86eff61_1,047733d6ecb0f878c9f6fe1a9fdaa0c2b86eff61_page_0001,047733d6ecb0f878c9f6fe1a9fdaa0c2b86eff61.pdf#page=1,underscore_index,pending_review
047733d6ecb0f878c9f6fe1a9fdaa0c2b86eff61_2,047733d6ecb0f878c9f6fe1a9fdaa0c2b86eff61_page_0002,047733d6ecb0f878c9f6fe1a9fdaa0c2b86eff61.pdf#page=2,underscore_index,pending_review
047733d6ecb0f878c9f6fe1a9fdaa0c2b86eff61_3,047733d6ecb0f878c9f6fe1a9fdaa0c2b86eff61_page_0003,047733d6ecb0f878c9f6fe1a9fdaa0c2b86eff61.pdf#page=3,underscore_index,pending_review
047733d6ecb0f878c9f6fe1a9fdaa0c2b86eff61_4,047733d6ecb0f878c9f6fe1a9fdaa0c2b86eff61_page_0004,047733d6ecb0f878c9f6fe1a9fdaa0c2b86eff61.pdf#page=4,underscore_index,pending_review
047733d6ecb0f878c9f6fe1a9fdaa0c2b86eff61_5,047733d6ecb0f878c9f6fe1a9fdaa0c2b86eff61_page_0005,047733d6ecb0f878c9f6fe1a9fdaa0c2b86eff61.pdf#page=5,underscore_index,pending_review
047733d6ecb0f878c9f6fe1a9fdaa0c2b86eff61_6,047733d6ecb0f878c9f6fe1a9fdaa0c2b86eff61_page_0006,047733d6ecb0f878c9f6fe1a9fdaa0c2b86eff61.pdf#page=6,underscore_index,pending_review
047733d6ecb0f878c9f6fe1a9fdaa0c2b86eff61_7,047733d6ecb0f878c9f6fe1a9fdaa0c2b86eff61_page_0007,047733d6ecb0f878c9f6fe1a9fdaa0c2b86eff61.pdf#page=7,underscore_index,pending_review
04787b8b2a5d62fdd928d716356ca6c3e7554251_1,04787b8b2a5d62fdd928d716356ca6c3e7554251_page_0001,04787b8b2a5d62fdd928d716356ca6c3e7554251.pdf#page=1,underscore_index,pending_review
04787b8b2a5d62fdd928d716356ca6c3e7554251_2,04787b8b2a5d62fdd928d716356ca6c3e7554251_page_0002,04787b8b2a5d62fdd928d716356ca6c3e7554251.pdf#page=2,underscore_index,pending_review
04787b8b2a5d62fdd928d716356ca6c3e7554251_3,04787b8b2a5d62fdd928d716356ca6c3e7554251_page_0003,04787b8b2a5d62fdd928d716356ca6c3e7554251.pdf#page=3,underscore_index,pending_review
04787b8b2a5d62fdd928d716356ca6c3e7554251_4,04787b8b2a5d62fdd928d716356ca6c3e7554251_page_0004,04787b8b2a5d62fdd928d716356ca6c3e7554251.pdf#page=4,underscore_index,pending_review
04787b8b2a5d62fdd928d716356ca6c3e7554251_5,04787b8b2a5d62fdd928d716356ca6c3e7554251_page_0005,04787b8b2a5d62fdd928d716356ca6c3e7554251.pdf#page=5,underscore_index,pending_review
04787b8b2a5d62fdd928d716356ca6c3e7554251_6,04787b8b2a5d62fdd928d716356ca6c3e7554251_page_0006,04787b8b2a5d62fdd928d716356ca6c3e7554251.pdf#page=6,underscore_index,pending_review
04787b8b2a5d62fdd928d716356ca6c3e7554251_7,04787b8b2a5d62fdd928d716356ca6c3e7554251_page_0007,04787b8b2a5d62fdd928d716356ca6c3e7554251.pdf#page=7,underscore_index,pending_review
04787b8b2a5d62fdd928d716356ca6c3e7554251_8,04787b8b2a5d62fdd928d716356ca6c3e7554251_page_0008,04787b8b2a5d62fdd928d716356ca6c3e7554251.pdf#page=8,underscore_index,pending_review
04787b8b2a5d62fdd928d716356ca6c3e7554251_9,04787b8b2a5d62fdd928d716356ca6c3e7554251_page_0009,04787b8b2a5d62fdd928d716356ca6c3e7554251.pdf#page=9,underscore_index,pending_review
04787b8b2a5d62fdd928d716356ca6c3e7554251_10,04787b8b2a5d62fdd928d716356ca6c3e7554251_page_0010,04787b8b2a5d62fdd928d716356ca6c3e7554251.pdf#page=10,underscore_index,pending_review
04787b8b2a5d62fdd928d716356ca6c3e7554251_11,04787b8b2a5d62fdd928d716356ca6c3e7554251_page_0011,04787b8b2a5d62fdd928d716356ca6c3e7554251.pdf#page=11,underscore_index,pending_review
04787b8b2a5d62fdd928d716356ca6c3e7554251_12,04787b8b2a5d62fdd928d716356ca6c3e7554251_page_0012,04787b8b2a5d62fdd928d716356ca6c3e7554251.pdf#page=12,underscore_index,pending_review
04787b8b2a5d62fdd928d716356ca6c3e7554251_13,04787b8b2a5d62fdd928d716356ca6c3e7554251_page_0013,04787b8b2a5d62fdd928d716356ca6c3e7554251.pdf#page=13,underscore_index,pending_review
04787b8b2a5d62fdd928d716356ca6c3e7554251_14,04787b8b2a5d62fdd928d716356ca6c3e7554251_page_0014,04787b8b2a5d62fdd928d716356ca6c3e7554251.pdf#page=14,underscore_index,pending_review
04787b8b2a5d62fdd928d716356ca6c3e7554251_15,04787b8b2a5d62fdd928d716356ca6c3e7554251_page_0015,04787b8b2a5d62fdd928d716356ca6c3e7554251.pdf#page=15,underscore_index,pending_review
04787b8b2a5d62fdd928d716356ca6c3e7554251_16,04787b8b2a5d62fdd928d716356ca6c3e7554251_page_0016,04787b8b2a5d62fdd928d716356ca6c3e7554251.pdf#page=16,underscore_index,pending_review
04787b8b2a5d62fdd928d716356ca6c3e7554251_17,04787b8b2a5d62fdd928d716356ca6c3e7554251_page_0017,04787b8b2a5d62fdd928d716356ca6c3e7554251.pdf#page=17,underscore_index,pending_review
04787b8b2a5d62fdd928d716356ca6c3e7554251_18,04787b8b2a5d62fdd928d716356ca6c3e7554251_page_0018,04787b8b2a5d62fdd928d716356ca6c3e7554251.pdf#page=18,underscore_index,pending_review
04787b8b2a5d62fdd928d716356ca6c3e7554251_19,04787b8b2a5d62fdd928d716356ca6c3e7554251_page_0019,04787b8b2a5d62fdd928d716356ca6c3e7554251.pdf#page=19,underscore_index,pending_review
04799e9a53fbac0a7475a53495b39e9042c168e9_1,04799e9a53fbac0a7475a53495b39e9042c168e9_page_0001,04799e9a53fbac0a7475a53495b39e9042c168e9.pdf#page=1,underscore_index,pending_review
04799e9a53fbac0a7475a53495b39e9042c168e9_2,04799e9a53fbac0a7475a53495b39e9042c168e9_page_0002,04799e9a53fbac0a7475a53495b39e9042c168e9.pdf#page=2,underscore_index,pending_review
04799e9a53fbac0a7475a53495b39e9042c168e9_3,04799e9a53fbac0a7475a53495b39e9042c168e9_page_0003,04799e9a53fbac0a7475a53495b39e9042c168e9.pdf#page=3,underscore_index,pending_review
04799e9a53fbac0a7475a53495b39e9042c168e9_4,04799e9a53fbac0a7475a53495b39e9042c168e9_page_0004,04799e9a53fbac0a7475a53495b39e9042c168e9.pdf#page=4,underscore_index,pending_review
04799e9a53fbac0a7475a53495b39e9042c168e9_5,04799e9a53fbac0a7475a53495b39e9042c168e9_page_0005,04799e9a53fbac0a7475a53495b39e9042c168e9.pdf#page=5,underscore_index,pending_review
04799e9a53fbac0a7475a53495b39e9042c168e9_6,04799e9a53fbac0a7475a53495b39e9042c168e9_page_0006,04799e9a53fbac0a7475a53495b39e9042c168e9.pdf#page=6,underscore_index,pending_review
04799e9a53fbac0a7475a53495b39e9042c168e9_7,04799e9a53fbac0a7475a53495b39e9042c168e9_page_0007,04799e9a53fbac0a7475a53495b39e9042c168e9.pdf#page=7,underscore_index,pending_review
04799e9a53fbac0a7475a53495b39e9042c168e9_8,04799e9a53fbac0a7475a53495b39e9042c168e9_page_0008,04799e9a53fbac0a7475a53495b39e9042c168e9.pdf#page=8,underscore_index,pending_review
04799e9a53fbac0a7475a53495b39e9042c168e9_9,04799e9a53fbac0a7475a53495b39e9042c168e9_page_0009,04799e9a53fbac0a7475a53495b39e9042c168e9.pdf#page=9,underscore_index,pending_review
04799e9a53fbac0a7475a53495b39e9042c168e9_10,04799e9a53fbac0a7475a53495b39e9042c168e9_page_0010,04799e9a53fbac0a7475a53495b39e9042c168e9.pdf#page=10,underscore_index,pending_review
04799e9a53fbac0a7475a53495b39e9042c168e9_11,04799e9a53fbac0a7475a53495b39e9042c168e9_page_0011,04799e9a53fbac0a7475a53495b39e9042c168e9.pdf#page=11,underscore_index,pending_review
04799e9a53fbac0a7475a53495b39e9042c168e9_12,04799e9a53fbac0a7475a53495b39e9042c168e9_page_0012,04799e9a53fbac0a7475a53495b39e9042c168e9.pdf#page=12,underscore_index,pending_review
04799e9a53fbac0a7475a53495b39e9042c168e9_13,04799e9a53fbac0a7475a53495b39e9042c168e9_page_0013,04799e9a53fbac0a7475a53495b39e9042c168e9.pdf#page=13,underscore_index,pending_review
04799e9a53fbac0a7475a53495b39e9042c168e9_14,04799e9a53fbac0a7475a53495b39e9042c168e9_page_0014,04799e9a53fbac0a7475a53495b39e9042c168e9.pdf#page=14,underscore_index,pending_review
04799e9a53fbac0a7475a53495b39e9042c168e9_15,04799e9a53fbac0a7475a53495b39e9042c168e9_page_0015,04799e9a53fbac0a7475a53495b39e9042c168e9.pdf#page=15,underscore_index,pending_review
04799e9a53fbac0a7475a53495b39e9042c168e9_16,04799e9a53fbac0a7475a53495b39e9042c168e9_page_0016,04799e9a53fbac0a7475a53495b39e9042c168e9.pdf#page=16,underscore_index,pending_review
04799e9a53fbac0a7475a53495b39e9042c168e9_17,04799e9a53fbac0a7475a53495b39e9042c168e9_page_0017,04799e9a53fbac0a7475a53495b39e9042c168e9.pdf#page=17,underscore_index,pending_review
04799e9a53fbac0a7475a53495b39e9042c168e9_18,04799e9a53fbac0a7475a53495b39e9042c168e9_page_0018,04799e9a53fbac0a7475a53495b39e9042c168e9.pdf#page=18,underscore_index,pending_review
04799e9a53fbac0a7475a53495b39e9042c168e9_19,04799e9a53fbac0a7475a53495b39e9042c168e9_page_0019,04799e9a53fbac0a7475a53495b39e9042c168e9.pdf#page=19,underscore_index,pending_review
04799e9a53fbac0a7475a53495b39e9042c168e9_20,04799e9a53fbac0a7475a53495b39e9042c168e9_page_0020,04799e9a53fbac0a7475a53495b39e9042c168e9.pdf#page=20,underscore_index,pending_review
04799e9a53fbac0a7475a53495b39e9042c168e9_21,04799e9a53fbac0a7475a53495b39e9042c168e9_page_0021,04799e9a53fbac0a7475a53495b39e9042c168e9.pdf#page=21,underscore_index,pending_review
04799e9a53fbac0a7475a53495b39e9042c168e9_22,04799e9a53fbac0a7475a53495b39e9042c168e9_page_0022,04799e9a53fbac0a7475a53495b39e9042c168e9.pdf#page=22,underscore_index,pending_review
04799e9a53fbac0a7475a53495b39e9042c168e9_23,04799e9a53fbac0a7475a53495b39e9042c168e9_page_0023,04799e9a53fbac0a7475a53495b39e9042c168e9.pdf#page=23,underscore_index,pending_review
04799e9a53fbac0a7475a53495b39e9042c168e9_24,04799e9a53fbac0a7475a53495b39e9042c168e9_page_0024,04799e9a53fbac0a7475a53495b39e9042c168e9.pdf#page=24,underscore_index,pending_review
04877fbd1a0ba6c62b516596391983ab8e3f47ef_1,04877fbd1a0ba6c62b516596391983ab8e3f47ef_page_0001,04877fbd1a0ba6c62b516596391983ab8e3f47ef.pdf#page=1,underscore_index,pending_review
04877fbd1a0ba6c62b516596391983ab8e3f47ef_2,04877fbd1a0ba6c62b516596391983ab8e3f47ef_page_0002,04877fbd1a0ba6c62b516596391983ab8e3f47ef.pdf#page=2,underscore_index,pending_review
04877fbd1a0ba6c62b516596391983ab8e3f47ef_3,04877fbd1a0ba6c62b516596391983ab8e3f47ef_page_0003,04877fbd1a0ba6c62b516596391983ab8e3f47ef.pdf#page=3,underscore_index,pending_review
04877fbd1a0ba6c62b516596391983ab8e3f47ef_4,04877fbd1a0ba6c62b516596391983ab8e3f47ef_page_0004,04877fbd1a0ba6c62b516596391983ab8e3f47ef.pdf#page=4,underscore_index,pending_review
04877fbd1a0ba6c62b516596391983ab8e3f47ef_5,04877fbd1a0ba6c62b516596391983ab8e3f47ef_page_0005,04877fbd1a0ba6c62b516596391983ab8e3f47ef.pdf#page=5,underscore_index,pending_review
04877fbd1a0ba6c62b516596391983ab8e3f47ef_6,04877fbd1a0ba6c62b516596391983ab8e3f47ef_page_0006,04877fbd1a0ba6c62b516596391983ab8e3f47ef.pdf#page=6,underscore_index,pending_review
04877fbd1a0ba6c62b516596391983ab8e3f47ef_7,04877fbd1a0ba6c62b516596391983ab8e3f47ef_page_0007,04877fbd1a0ba6c62b516596391983ab8e3f47ef.pdf#page=7,underscore_index,pending_review
04877fbd1a0ba6c62b516596391983ab8e3f47ef_8,04877fbd1a0ba6c62b516596391983ab8e3f47ef_page_0008,04877fbd1a0ba6c62b516596391983ab8e3f47ef.pdf#page=8,underscore_index,pending_review
04877fbd1a0ba6c62b516596391983ab8e3f47ef_9,04877fbd1a0ba6c62b516596391983ab8e3f47ef_page_0009,04877fbd1a0ba6c62b516596391983ab8e3f47ef.pdf#page=9,underscore_index,pending_review
04877fbd1a0ba6c62b516596391983ab8e3f47ef_10,04877fbd1a0ba6c62b516596391983ab8e3f47ef_page_0010,04877fbd1a0ba6c62b516596391983ab8e3f47ef.pdf#page=10,underscore_index,pending_review
04877fbd1a0ba6c62b516596391983ab8e3f47ef_11,04877fbd1a0ba6c62b516596391983ab8e3f47ef_page_0011,04877fbd1a0ba6c62b516596391983ab8e3f47ef.pdf#page=11,underscore_index,pending_review
0487dcb861f03c1c838213788c0ab0b7e2cb0715_1,0487dcb861f03c1c838213788c0ab0b7e2cb0715_page_0001,0487dcb861f03c1c838213788c0ab0b7e2cb0715.pdf#page=1,underscore_index,pending_review
0487dcb861f03c1c838213788c0ab0b7e2cb0715_2,0487dcb861f03c1c838213788c0ab0b7e2cb0715_page_0002,0487dcb861f03c1c838213788c0ab0b7e2cb0715.pdf#page=2,underscore_index,pending_review
0487dcb861f03c1c838213788c0ab0b7e2cb0715_3,0487dcb861f03c1c838213788c0ab0b7e2cb0715_page_0003,0487dcb861f03c1c838213788c0ab0b7e2cb0715.pdf#page=3,underscore_index,pending_review
0487dcb861f03c1c838213788c0ab0b7e2cb0715_4,0487dcb861f03c1c838213788c0ab0b7e2cb0715_page_0004,0487dcb861f03c1c838213788c0ab0b7e2cb0715.pdf#page=4,underscore_index,pending_review
0487dcb861f03c1c838213788c0ab0b7e2cb0715_5,0487dcb861f03c1c838213788c0ab0b7e2cb0715_page_0005,0487dcb861f03c1c838213788c0ab0b7e2cb0715.pdf#page=5,underscore_index,pending_review
0487dcb861f03c1c838213788c0ab0b7e2cb0715_6,0487dcb861f03c1c838213788c0ab0b7e2cb0715_page_0006,0487dcb861f03c1c838213788c0ab0b7e2cb0715.pdf#page=6,underscore_index,pending_review
0487dcb861f03c1c838213788c0ab0b7e2cb0715_7,0487dcb861f03c1c838213788c0ab0b7e2cb0715_page_0007,0487dcb861f03c1c838213788c0ab0b7e2cb0715.pdf#page=7,underscore_index,pending_review
0487dcb861f03c1c838213788c0ab0b7e2cb0715_8,0487dcb861f03c1c838213788c0ab0b7e2cb0715_page_0008,0487dcb861f03c1c838213788c0ab0b7e2cb0715.pdf#page=8,underscore_index,pending_review
0487dcb861f03c1c838213788c0ab0b7e2cb0715_9,0487dcb861f03c1c838213788c0ab0b7e2cb0715_page_0009,0487dcb861f03c1c838213788c0ab0b7e2cb0715.pdf#page=9,underscore_index,pending_review
0487dcb861f03c1c838213788c0ab0b7e2cb0715_10,0487dcb861f03c1c838213788c0ab0b7e2cb0715_page_0010,0487dcb861f03c1c838213788c0ab0b7e2cb0715.pdf#page=10,underscore_index,pending_review
0487dcb861f03c1c838213788c0ab0b7e2cb0715_11,0487dcb861f03c1c838213788c0ab0b7e2cb0715_page_0011,0487dcb861f03c1c838213788c0ab0b7e2cb0715.pdf#page=11,underscore_index,pending_review
0487dcb861f03c1c838213788c0ab0b7e2cb0715_12,0487dcb861f03c1c838213788c0ab0b7e2cb0715_page_0012,0487dcb861f03c1c838213788c0ab0b7e2cb0715.pdf#page=12,underscore_index,pending_review
0487dcb861f03c1c838213788c0ab0b7e2cb0715_13,0487dcb861f03c1c838213788c0ab0b7e2cb0715_page_0013,0487dcb861f03c1c838213788c0ab0b7e2cb0715.pdf#page=13,underscore_index,pending_review
048ce9cbabf9b58c9764e8be143b7196b5478ac1_1,048ce9cbabf9b58c9764e8be143b7196b5478ac1_page_0001,048ce9cbabf9b58c9764e8be143b7196b5478ac1.pdf#page=1,underscore_index,pending_review
048ce9cbabf9b58c9764e8be143b7196b5478ac1_2,048ce9cbabf9b58c9764e8be143b7196b5478ac1_page_0002,048ce9cbabf9b58c9764e8be143b7196b5478ac1.pdf#page=2,underscore_index,pending_review
048ce9cbabf9b58c9764e8be143b7196b5478ac1_3,048ce9cbabf9b58c9764e8be143b7196b5478ac1_page_0003,048ce9cbabf9b58c9764e8be143b7196b5478ac1.pdf#page=3,underscore_index,pending_review
048ce9cbabf9b58c9764e8be143b7196b5478ac1_4,048ce9cbabf9b58c9764e8be143b7196b5478ac1_page_0004,048ce9cbabf9b58c9764e8be143b7196b5478ac1.pdf#page=4,underscore_index,pending_review
048ce9cbabf9b58c9764e8be143b7196b5478ac1_5,048ce9cbabf9b58c9764e8be143b7196b5478ac1_page_0005,048ce9cbabf9b58c9764e8be143b7196b5478ac1.pdf#page=5,underscore_index,pending_review
048ce9cbabf9b58c9764e8be143b7196b5478ac1_6,048ce9cbabf9b58c9764e8be143b7196b5478ac1_page_0006,048ce9cbabf9b58c9764e8be143b7196b5478ac1.pdf#page=6,underscore_index,pending_review
048ce9cbabf9b58c9764e8be143b7196b5478ac1_7,048ce9cbabf9b58c9764e8be143b7196b5478ac1_page_0007,048ce9cbabf9b58c9764e8be143b7196b5478ac1.pdf#page=7,underscore_index,pending_review
048ce9cbabf9b58c9764e8be143b7196b5478ac1_8,048ce9cbabf9b58c9764e8be143b7196b5478ac1_page_0008,048ce9cbabf9b58c9764e8be143b7196b5478ac1.pdf#page=8,underscore_index,pending_review
048ce9cbabf9b58c9764e8be143b7196b5478ac1_9,048ce9cbabf9b58c9764e8be143b7196b5478ac1_page_0009,048ce9cbabf9b58c9764e8be143b7196b5478ac1.pdf#page=9,underscore_index,pending_review
048ce9cbabf9b58c9764e8be143b7196b5478ac1_10,048ce9cbabf9b58c9764e8be143b7196b5478ac1_page_0010,048ce9cbabf9b58c9764e8be143b7196b5478ac1.pdf#page=10,underscore_index,pending_review
048ce9cbabf9b58c9764e8be143b7196b5478ac1_11,048ce9cbabf9b58c9764e8be143b7196b5478ac1_page_0011,048ce9cbabf9b58c9764e8be143b7196b5478ac1.pdf#page=11,underscore_index,pending_review
048ce9cbabf9b58c9764e8be143b7196b5478ac1_12,048ce9cbabf9b58c9764e8be143b7196b5478ac1_page_0012,048ce9cbabf9b58c9764e8be143b7196b5478ac1.pdf#page=12,underscore_index,pending_review
048ce9cbabf9b58c9764e8be143b7196b5478ac1_13,048ce9cbabf9b58c9764e8be143b7196b5478ac1_page_0013,048ce9cbabf9b58c9764e8be143b7196b5478ac1.pdf#page=13,underscore_index,pending_review
048f169dbd92ced56925af7dbfaccf18edccb41c_1,048f169dbd92ced56925af7dbfaccf18edccb41c_page_0001,048f169dbd92ced56925af7dbfaccf18edccb41c.pdf#page=1,underscore_index,pending_review
048f169dbd92ced56925af7dbfaccf18edccb41c_2,048f169dbd92ced56925af7dbfaccf18edccb41c_page_0002,048f169dbd92ced56925af7dbfaccf18edccb41c.pdf#page=2,underscore_index,pending_review
048f169dbd92ced56925af7dbfaccf18edccb41c_3,048f169dbd92ced56925af7dbfaccf18edccb41c_page_0003,048f169dbd92ced56925af7dbfaccf18edccb41c.pdf#page=3,underscore_index,pending_review
048f169dbd92ced56925af7dbfaccf18edccb41c_4,048f169dbd92ced56925af7dbfaccf18edccb41c_page_0004,048f169dbd92ced56925af7dbfaccf18edccb41c.pdf#page=4,underscore_index,pending_review
048f169dbd92ced56925af7dbfaccf18edccb41c_5,048f169dbd92ced56925af7dbfaccf18edccb41c_page_0005,048f169dbd92ced56925af7dbfaccf18edccb41c.pdf#page=5,underscore_index,pending_review
048f169dbd92ced56925af7dbfaccf18edccb41c_6,048f169dbd92ced56925af7dbfaccf18edccb41c_page_0006,048f169dbd92ced56925af7dbfaccf18edccb41c.pdf#page=6,underscore_index,pending_review
048f169dbd92ced56925af7dbfaccf18edccb41c_7,048f169dbd92ced56925af7dbfaccf18edccb41c_page_0007,048f169dbd92ced56925af7dbfaccf18edccb41c.pdf#page=7,underscore_index,pending_review
048f169dbd92ced56925af7dbfaccf18edccb41c_8,048f169dbd92ced56925af7dbfaccf18edccb41c_page_0008,048f169dbd92ced56925af7dbfaccf18edccb41c.pdf#page=8,underscore_index,pending_review
048f169dbd92ced56925af7dbfaccf18edccb41c_9,048f169dbd92ced56925af7dbfaccf18edccb41c_page_0009,048f169dbd92ced56925af7dbfaccf18edccb41c.pdf#page=9,underscore_index,pending_review
048f169dbd92ced56925af7dbfaccf18edccb41c_10,048f169dbd92ced56925af7dbfaccf18edccb41c_page_0010,048f169dbd92ced56925af7dbfaccf18edccb41c.pdf#page=10,underscore_index,pending_review
048f169dbd92ced56925af7dbfaccf18edccb41c_11,048f169dbd92ced56925af7dbfaccf18edccb41c_page_0011,048f169dbd92ced56925af7dbfaccf18edccb41c.pdf#page=11,underscore_index,pending_review
048f169dbd92ced56925af7dbfaccf18edccb41c_12,048f169dbd92ced56925af7dbfaccf18edccb41c_page_0012,048f169dbd92ced56925af7dbfaccf18edccb41c.pdf#page=12,underscore_index,pending_review
048f169dbd92ced56925af7dbfaccf18edccb41c_13,048f169dbd92ced56925af7dbfaccf18edccb41c_page_0013,048f169dbd92ced56925af7dbfaccf18edccb41c.pdf#page=13,underscore_index,pending_review
048f169dbd92ced56925af7dbfaccf18edccb41c_14,048f169dbd92ced56925af7dbfaccf18edccb41c_page_0014,048f169dbd92ced56925af7dbfaccf18edccb41c.pdf#page=14,underscore_index,pending_review
048f169dbd92ced56925af7dbfaccf18edccb41c_15,048f169dbd92ced56925af7dbfaccf18edccb41c_page_0015,048f169dbd92ced56925af7dbfaccf18edccb41c.pdf#page=15,underscore_index,pending_review
048f169dbd92ced56925af7dbfaccf18edccb41c_16,048f169dbd92ced56925af7dbfaccf18edccb41c_page_0016,048f169dbd92ced56925af7dbfaccf18edccb41c.pdf#page=16,underscore_index,pending_review
048f6cdef44c4bcef8467b703f37c3cb02e65e35_1,048f6cdef44c4bcef8467b703f37c3cb02e65e35_page_0001,048f6cdef44c4bcef8467b703f37c3cb02e65e35.pdf#page=1,underscore_index,pending_review
048f6cdef44c4bcef8467b703f37c3cb02e65e35_2,048f6cdef44c4bcef8467b703f37c3cb02e65e35_page_0002,048f6cdef44c4bcef8467b703f37c3cb02e65e35.pdf#page=2,underscore_index,pending_review
048f6cdef44c4bcef8467b703f37c3cb02e65e35_3,048f6cdef44c4bcef8467b703f37c3cb02e65e35_page_0003,048f6cdef44c4bcef8467b703f37c3cb02e65e35.pdf#page=3,underscore_index,pending_review
048f6cdef44c4bcef8467b703f37c3cb02e65e35_4,048f6cdef44c4bcef8467b703f37c3cb02e65e35_page_0004,048f6cdef44c4bcef8467b703f37c3cb02e65e35.pdf#page=4,underscore_index,pending_review
048f6cdef44c4bcef8467b703f37c3cb02e65e35_5,048f6cdef44c4bcef8467b703f37c3cb02e65e35_page_0005,048f6cdef44c4bcef8467b703f37c3cb02e65e35.pdf#page=5,underscore_index,pending_review
048f6cdef44c4bcef8467b703f37c3cb02e65e35_6,048f6cdef44c4bcef8467b703f37c3cb02e65e35_page_0006,048f6cdef44c4bcef8467b703f37c3cb02e65e35.pdf#page=6,underscore_index,pending_review
048f6cdef44c4bcef8467b703f37c3cb02e65e35_7,048f6cdef44c4bcef8467b703f37c3cb02e65e35_page_0007,048f6cdef44c4bcef8467b703f37c3cb02e65e35.pdf#page=7,underscore_index,pending_review
048f6cdef44c4bcef8467b703f37c3cb02e65e35_8,048f6cdef44c4bcef8467b703f37c3cb02e65e35_page_0008,048f6cdef44c4bcef8467b703f37c3cb02e65e35.pdf#page=8,underscore_index,pending_review
048f6cdef44c4bcef8467b703f37c3cb02e65e35_9,048f6cdef44c4bcef8467b703f37c3cb02e65e35_page_0009,048f6cdef44c4bcef8467b703f37c3cb02e65e35.pdf#page=9,underscore_index,pending_review
048f6cdef44c4bcef8467b703f37c3cb02e65e35_10,048f6cdef44c4bcef8467b703f37c3cb02e65e35_page_0010,048f6cdef44c4bcef8467b703f37c3cb02e65e35.pdf#page=10,underscore_index,pending_review
048f6cdef44c4bcef8467b703f37c3cb02e65e35_11,048f6cdef44c4bcef8467b703f37c3cb02e65e35_page_0011,048f6cdef44c4bcef8467b703f37c3cb02e65e35.pdf#page=11,underscore_index,pending_review
048f6cdef44c4bcef8467b703f37c3cb02e65e35_12,048f6cdef44c4bcef8467b703f37c3cb02e65e35_page_0012,048f6cdef44c4bcef8467b703f37c3cb02e65e35.pdf#page=12,underscore_index,pending_review
048f6cdef44c4bcef8467b703f37c3cb02e65e35_13,048f6cdef44c4bcef8467b703f37c3cb02e65e35_page_0013,048f6cdef44c4bcef8467b703f37c3cb02e65e35.pdf#page=13,underscore_index,pending_review
048f6cdef44c4bcef8467b703f37c3cb02e65e35_14,048f6cdef44c4bcef8467b703f37c3cb02e65e35_page_0014,048f6cdef44c4bcef8467b703f37c3cb02e65e35.pdf#page=14,underscore_index,pending_review
048f6cdef44c4bcef8467b703f37c3cb02e65e35_15,048f6cdef44c4bcef8467b703f37c3cb02e65e35_page_0015,048f6cdef44c4bcef8467b703f37c3cb02e65e35.pdf#page=15,underscore_index,pending_review
048f6cdef44c4bcef8467b703f37c3cb02e65e35_16,048f6cdef44c4bcef8467b703f37c3cb02e65e35_page_0016,048f6cdef44c4bcef8467b703f37c3cb02e65e35.pdf#page=16,underscore_index,pending_review
048f6cdef44c4bcef8467b703f37c3cb02e65e35_17,048f6cdef44c4bcef8467b703f37c3cb02e65e35_page_0017,048f6cdef44c4bcef8467b703f37c3cb02e65e35.pdf#page=17,underscore_index,pending_review
048f6cdef44c4bcef8467b703f37c3cb02e65e35_18,048f6cdef44c4bcef8467b703f37c3cb02e65e35_page_0018,048f6cdef44c4bcef8467b703f37c3cb02e65e35.pdf#page=18,underscore_index,pending_review
048f6cdef44c4bcef8467b703f37c3cb02e65e35_19,048f6cdef44c4bcef8467b703f37c3cb02e65e35_page_0019,048f6cdef44c4bcef8467b703f37c3cb02e65e35.pdf#page=19,underscore_index,pending_review
048f6cdef44c4bcef8467b703f37c3cb02e65e35_20,048f6cdef44c4bcef8467b703f37c3cb02e65e35_page_0020,048f6cdef44c4bcef8467b703f37c3cb02e65e35.pdf#page=20,underscore_index,pending_review
048f6cdef44c4bcef8467b703f37c3cb02e65e35_21,048f6cdef44c4bcef8467b703f37c3cb02e65e35_page_0021,048f6cdef44c4bcef8467b703f37c3cb02e65e35.pdf#page=21,underscore_index,pending_review
0490e266aaeced5fafb75d853b07335cfedad365_1,0490e266aaeced5fafb75d853b07335cfedad365_page_0001,0490e266aaeced5fafb75d853b07335cfedad365.pdf#page=1,underscore_index,pending_review
0490e266aaeced5fafb75d853b07335cfedad365_2,0490e266aaeced5fafb75d853b07335cfedad365_page_0002,0490e266aaeced5fafb75d853b07335cfedad365.pdf#page=2,underscore_index,pending_review
0490e266aaeced5fafb75d853b07335cfedad365_3,0490e266aaeced5fafb75d853b07335cfedad365_page_0003,0490e266aaeced5fafb75d853b07335cfedad365.pdf#page=3,underscore_index,pending_review
0490e266aaeced5fafb75d853b07335cfedad365_4,0490e266aaeced5fafb75d853b07335cfedad365_page_0004,0490e266aaeced5fafb75d853b07335cfedad365.pdf#page=4,underscore_index,pending_review
0490e266aaeced5fafb75d853b07335cfedad365_5,0490e266aaeced5fafb75d853b07335cfedad365_page_0005,0490e266aaeced5fafb75d853b07335cfedad365.pdf#page=5,underscore_index,pending_review
0490e266aaeced5fafb75d853b07335cfedad365_6,0490e266aaeced5fafb75d853b07335cfedad365_page_0006,0490e266aaeced5fafb75d853b07335cfedad365.pdf#page=6,underscore_index,pending_review
0490e266aaeced5fafb75d853b07335cfedad365_7,0490e266aaeced5fafb75d853b07335cfedad365_page_0007,0490e266aaeced5fafb75d853b07335cfedad365.pdf#page=7,underscore_index,pending_review
0490e266aaeced5fafb75d853b07335cfedad365_8,0490e266aaeced5fafb75d853b07335cfedad365_page_0008,0490e266aaeced5fafb75d853b07335cfedad365.pdf#page=8,underscore_index,pending_review
0490e266aaeced5fafb75d853b07335cfedad365_9,0490e266aaeced5fafb75d853b07335cfedad365_page_0009,0490e266aaeced5fafb75d853b07335cfedad365.pdf#page=9,underscore_index,pending_review
0490e266aaeced5fafb75d853b07335cfedad365_10,0490e266aaeced5fafb75d853b07335cfedad365_page_0010,0490e266aaeced5fafb75d853b07335cfedad365.pdf#page=10,underscore_index,pending_review
0490e266aaeced5fafb75d853b07335cfedad365_11,0490e266aaeced5fafb75d853b07335cfedad365_page_0011,0490e266aaeced5fafb75d853b07335cfedad365.pdf#page=11,underscore_index,pending_review
0490e266aaeced5fafb75d853b07335cfedad365_12,0490e266aaeced5fafb75d853b07335cfedad365_page_0012,0490e266aaeced5fafb75d853b07335cfedad365.pdf#page=12,underscore_index,pending_review
0490e266aaeced5fafb75d853b07335cfedad365_13,0490e266aaeced5fafb75d853b07335cfedad365_page_0013,0490e266aaeced5fafb75d853b07335cfedad365.pdf#page=13,underscore_index,pending_review
0490e266aaeced5fafb75d853b07335cfedad365_14,0490e266aaeced5fafb75d853b07335cfedad365_page_0014,0490e266aaeced5fafb75d853b07335cfedad365.pdf#page=14,underscore_index,pending_review
0490e266aaeced5fafb75d853b07335cfedad365_15,0490e266aaeced5fafb75d853b07335cfedad365_page_0015,0490e266aaeced5fafb75d853b07335cfedad365.pdf#page=15,underscore_index,pending_review
0490e266aaeced5fafb75d853b07335cfedad365_16,0490e266aaeced5fafb75d853b07335cfedad365_page_0016,0490e266aaeced5fafb75d853b07335cfedad365.pdf#page=16,underscore_index,pending_review
0490e266aaeced5fafb75d853b07335cfedad365_17,0490e266aaeced5fafb75d853b07335cfedad365_page_0017,0490e266aaeced5fafb75d853b07335cfedad365.pdf#page=17,underscore_index,pending_review
0490e266aaeced5fafb75d853b07335cfedad365_18,0490e266aaeced5fafb75d853b07335cfedad365_page_0018,0490e266aaeced5fafb75d853b07335cfedad365.pdf#page=18,underscore_index,pending_review
0490e266aaeced5fafb75d853b07335cfedad365_19,0490e266aaeced5fafb75d853b07335cfedad365_page_0019,0490e266aaeced5fafb75d853b07335cfedad365.pdf#page=19,underscore_index,pending_review
0490e266aaeced5fafb75d853b07335cfedad365_20,0490e266aaeced5fafb75d853b07335cfedad365_page_0020,0490e266aaeced5fafb75d853b07335cfedad365.pdf#page=20,underscore_index,pending_review
0490e266aaeced5fafb75d853b07335cfedad365_21,0490e266aaeced5fafb75d853b07335cfedad365_page_0021,0490e266aaeced5fafb75d853b07335cfedad365.pdf#page=21,underscore_index,pending_review
0490e266aaeced5fafb75d853b07335cfedad365_22,0490e266aaeced5fafb75d853b07335cfedad365_page_0022,0490e266aaeced5fafb75d853b07335cfedad365.pdf#page=22,underscore_index,pending_review
0490e266aaeced5fafb75d853b07335cfedad365_23,0490e266aaeced5fafb75d853b07335cfedad365_page_0023,0490e266aaeced5fafb75d853b07335cfedad365.pdf#page=23,underscore_index,pending_review
0490e266aaeced5fafb75d853b07335cfedad365_24,0490e266aaeced5fafb75d853b07335cfedad365_page_0024,0490e266aaeced5fafb75d853b07335cfedad365.pdf#page=24,underscore_index,pending_review
0490e266aaeced5fafb75d853b07335cfedad365_25,0490e266aaeced5fafb75d853b07335cfedad365_page_0025,0490e266aaeced5fafb75d853b07335cfedad365.pdf#page=25,underscore_index,pending_review
0491caf83d08b02f78c45646359acc12cc2a563c_1,0491caf83d08b02f78c45646359acc12cc2a563c_page_0001,0491caf83d08b02f78c45646359acc12cc2a563c.pdf#page=1,underscore_index,pending_review
0491caf83d08b02f78c45646359acc12cc2a563c_2,0491caf83d08b02f78c45646359acc12cc2a563c_page_0002,0491caf83d08b02f78c45646359acc12cc2a563c.pdf#page=2,underscore_index,pending_review
0491caf83d08b02f78c45646359acc12cc2a563c_3,0491caf83d08b02f78c45646359acc12cc2a563c_page_0003,0491caf83d08b02f78c45646359acc12cc2a563c.pdf#page=3,underscore_index,pending_review
0491caf83d08b02f78c45646359acc12cc2a563c_4,0491caf83d08b02f78c45646359acc12cc2a563c_page_0004,0491caf83d08b02f78c45646359acc12cc2a563c.pdf#page=4,underscore_index,pending_review
0491caf83d08b02f78c45646359acc12cc2a563c_5,0491caf83d08b02f78c45646359acc12cc2a563c_page_0005,0491caf83d08b02f78c45646359acc12cc2a563c.pdf#page=5,underscore_index,pending_review
0491caf83d08b02f78c45646359acc12cc2a563c_6,0491caf83d08b02f78c45646359acc12cc2a563c_page_0006,0491caf83d08b02f78c45646359acc12cc2a563c.pdf#page=6,underscore_index,pending_review
0491caf83d08b02f78c45646359acc12cc2a563c_7,0491caf83d08b02f78c45646359acc12cc2a563c_page_0007,0491caf83d08b02f78c45646359acc12cc2a563c.pdf#page=7,underscore_index,pending_review
0491caf83d08b02f78c45646359acc12cc2a563c_8,0491caf83d08b02f78c45646359acc12cc2a563c_page_0008,0491caf83d08b02f78c45646359acc12cc2a563c.pdf#page=8,underscore_index,pending_review
0491caf83d08b02f78c45646359acc12cc2a563c_9,0491caf83d08b02f78c45646359acc12cc2a563c_page_0009,0491caf83d08b02f78c45646359acc12cc2a563c.pdf#page=9,underscore_index,pending_review
0491caf83d08b02f78c45646359acc12cc2a563c_10,0491caf83d08b02f78c45646359acc12cc2a563c_page_0010,0491caf83d08b02f78c45646359acc12cc2a563c.pdf#page=10,underscore_index,pending_review
0491caf83d08b02f78c45646359acc12cc2a563c_11,0491caf83d08b02f78c45646359acc12cc2a563c_page_0011,0491caf83d08b02f78c45646359acc12cc2a563c.pdf#page=11,underscore_index,pending_review
0491caf83d08b02f78c45646359acc12cc2a563c_12,0491caf83d08b02f78c45646359acc12cc2a563c_page_0012,0491caf83d08b02f78c45646359acc12cc2a563c.pdf#page=12,underscore_index,pending_review
0491caf83d08b02f78c45646359acc12cc2a563c_13,0491caf83d08b02f78c45646359acc12cc2a563c_page_0013,0491caf83d08b02f78c45646359acc12cc2a563c.pdf#page=13,underscore_index,pending_review
0491caf83d08b02f78c45646359acc12cc2a563c_14,0491caf83d08b02f78c45646359acc12cc2a563c_page_0014,0491caf83d08b02f78c45646359acc12cc2a563c.pdf#page=14,underscore_index,pending_review
0491caf83d08b02f78c45646359acc12cc2a563c_15,0491caf83d08b02f78c45646359acc12cc2a563c_page_0015,0491caf83d08b02f78c45646359acc12cc2a563c.pdf#page=15,underscore_index,pending_review
0491caf83d08b02f78c45646359acc12cc2a563c_16,0491caf83d08b02f78c45646359acc12cc2a563c_page_0016,0491caf83d08b02f78c45646359acc12cc2a563c.pdf#page=16,underscore_index,pending_review
0491caf83d08b02f78c45646359acc12cc2a563c_17,0491caf83d08b02f78c45646359acc12cc2a563c_page_0017,0491caf83d08b02f78c45646359acc12cc2a563c.pdf#page=17,underscore_index,pending_review
0491caf83d08b02f78c45646359acc12cc2a563c_18,0491caf83d08b02f78c45646359acc12cc2a563c_page_0018,0491caf83d08b02f78c45646359acc12cc2a563c.pdf#page=18,underscore_index,pending_review
0495179924a9cbee42a546b067cfedb39cf6e207_1,0495179924a9cbee42a546b067cfedb39cf6e207_page_0001,0495179924a9cbee42a546b067cfedb39cf6e207.pdf#page=1,underscore_index,pending_review
0495179924a9cbee42a546b067cfedb39cf6e207_2,0495179924a9cbee42a546b067cfedb39cf6e207_page_0002,0495179924a9cbee42a546b067cfedb39cf6e207.pdf#page=2,underscore_index,pending_review
0495179924a9cbee42a546b067cfedb39cf6e207_3,0495179924a9cbee42a546b067cfedb39cf6e207_page_0003,0495179924a9cbee42a546b067cfedb39cf6e207.pdf#page=3,underscore_index,pending_review
0495179924a9cbee42a546b067cfedb39cf6e207_4,0495179924a9cbee42a546b067cfedb39cf6e207_page_0004,0495179924a9cbee42a546b067cfedb39cf6e207.pdf#page=4,underscore_index,pending_review
0495179924a9cbee42a546b067cfedb39cf6e207_5,0495179924a9cbee42a546b067cfedb39cf6e207_page_0005,0495179924a9cbee42a546b067cfedb39cf6e207.pdf#page=5,underscore_index,pending_review
0495179924a9cbee42a546b067cfedb39cf6e207_6,0495179924a9cbee42a546b067cfedb39cf6e207_page_0006,0495179924a9cbee42a546b067cfedb39cf6e207.pdf#page=6,underscore_index,pending_review
0495179924a9cbee42a546b067cfedb39cf6e207_7,0495179924a9cbee42a546b067cfedb39cf6e207_page_0007,0495179924a9cbee42a546b067cfedb39cf6e207.pdf#page=7,underscore_index,pending_review
0495179924a9cbee42a546b067cfedb39cf6e207_8,0495179924a9cbee42a546b067cfedb39cf6e207_page_0008,0495179924a9cbee42a546b067cfedb39cf6e207.pdf#page=8,underscore_index,pending_review
0495179924a9cbee42a546b067cfedb39cf6e207_9,0495179924a9cbee42a546b067cfedb39cf6e207_page_0009,0495179924a9cbee42a546b067cfedb39cf6e207.pdf#page=9,underscore_index,pending_review
0495179924a9cbee42a546b067cfedb39cf6e207_10,0495179924a9cbee42a546b067cfedb39cf6e207_page_0010,0495179924a9cbee42a546b067cfedb39cf6e207.pdf#page=10,underscore_index,pending_review
0495179924a9cbee42a546b067cfedb39cf6e207_11,0495179924a9cbee42a546b067cfedb39cf6e207_page_0011,0495179924a9cbee42a546b067cfedb39cf6e207.pdf#page=11,underscore_index,pending_review
0495179924a9cbee42a546b067cfedb39cf6e207_12,0495179924a9cbee42a546b067cfedb39cf6e207_page_0012,0495179924a9cbee42a546b067cfedb39cf6e207.pdf#page=12,underscore_index,pending_review
0495179924a9cbee42a546b067cfedb39cf6e207_13,0495179924a9cbee42a546b067cfedb39cf6e207_page_0013,0495179924a9cbee42a546b067cfedb39cf6e207.pdf#page=13,underscore_index,pending_review
0495179924a9cbee42a546b067cfedb39cf6e207_14,0495179924a9cbee42a546b067cfedb39cf6e207_page_0014,0495179924a9cbee42a546b067cfedb39cf6e207.pdf#page=14,underscore_index,pending_review
0495179924a9cbee42a546b067cfedb39cf6e207_15,0495179924a9cbee42a546b067cfedb39cf6e207_page_0015,0495179924a9cbee42a546b067cfedb39cf6e207.pdf#page=15,underscore_index,pending_review
0495179924a9cbee42a546b067cfedb39cf6e207_16,0495179924a9cbee42a546b067cfedb39cf6e207_page_0016,0495179924a9cbee42a546b067cfedb39cf6e207.pdf#page=16,underscore_index,pending_review
0495179924a9cbee42a546b067cfedb39cf6e207_17,0495179924a9cbee42a546b067cfedb39cf6e207_page_0017,0495179924a9cbee42a546b067cfedb39cf6e207.pdf#page=17,underscore_index,pending_review
0495179924a9cbee42a546b067cfedb39cf6e207_18,0495179924a9cbee42a546b067cfedb39cf6e207_page_0018,0495179924a9cbee42a546b067cfedb39cf6e207.pdf#page=18,underscore_index,pending_review
0495179924a9cbee42a546b067cfedb39cf6e207_19,0495179924a9cbee42a546b067cfedb39cf6e207_page_0019,0495179924a9cbee42a546b067cfedb39cf6e207.pdf#page=19,underscore_index,pending_review
0495179924a9cbee42a546b067cfedb39cf6e207_20,0495179924a9cbee42a546b067cfedb39cf6e207_page_0020,0495179924a9cbee42a546b067cfedb39cf6e207.pdf#page=20,underscore_index,pending_review
0495179924a9cbee42a546b067cfedb39cf6e207_21,0495179924a9cbee42a546b067cfedb39cf6e207_page_0021,0495179924a9cbee42a546b067cfedb39cf6e207.pdf#page=21,underscore_index,pending_review
04973d056d9522006d5bdaefd92627ebedea7ba1_1,04973d056d9522006d5bdaefd92627ebedea7ba1_page_0001,04973d056d9522006d5bdaefd92627ebedea7ba1.pdf#page=1,underscore_index,pending_review
04973d056d9522006d5bdaefd92627ebedea7ba1_2,04973d056d9522006d5bdaefd92627ebedea7ba1_page_0002,04973d056d9522006d5bdaefd92627ebedea7ba1.pdf#page=2,underscore_index,pending_review
04973d056d9522006d5bdaefd92627ebedea7ba1_3,04973d056d9522006d5bdaefd92627ebedea7ba1_page_0003,04973d056d9522006d5bdaefd92627ebedea7ba1.pdf#page=3,underscore_index,pending_review
04973d056d9522006d5bdaefd92627ebedea7ba1_4,04973d056d9522006d5bdaefd92627ebedea7ba1_page_0004,04973d056d9522006d5bdaefd92627ebedea7ba1.pdf#page=4,underscore_index,pending_review
04973d056d9522006d5bdaefd92627ebedea7ba1_5,04973d056d9522006d5bdaefd92627ebedea7ba1_page_0005,04973d056d9522006d5bdaefd92627ebedea7ba1.pdf#page=5,underscore_index,pending_review
04973d056d9522006d5bdaefd92627ebedea7ba1_6,04973d056d9522006d5bdaefd92627ebedea7ba1_page_0006,04973d056d9522006d5bdaefd92627ebedea7ba1.pdf#page=6,underscore_index,pending_review
04973d056d9522006d5bdaefd92627ebedea7ba1_7,04973d056d9522006d5bdaefd92627ebedea7ba1_page_0007,04973d056d9522006d5bdaefd92627ebedea7ba1.pdf#page=7,underscore_index,pending_review
04973d056d9522006d5bdaefd92627ebedea7ba1_8,04973d056d9522006d5bdaefd92627ebedea7ba1_page_0008,04973d056d9522006d5bdaefd92627ebedea7ba1.pdf#page=8,underscore_index,pending_review
04973d056d9522006d5bdaefd92627ebedea7ba1_9,04973d056d9522006d5bdaefd92627ebedea7ba1_page_0009,04973d056d9522006d5bdaefd92627ebedea7ba1.pdf#page=9,underscore_index,pending_review
04973d056d9522006d5bdaefd92627ebedea7ba1_10,04973d056d9522006d5bdaefd92627ebedea7ba1_page_0010,04973d056d9522006d5bdaefd92627ebedea7ba1.pdf#page=10,underscore_index,pending_review
04973d056d9522006d5bdaefd92627ebedea7ba1_11,04973d056d9522006d5bdaefd92627ebedea7ba1_page_0011,04973d056d9522006d5bdaefd92627ebedea7ba1.pdf#page=11,underscore_index,pending_review
04973d056d9522006d5bdaefd92627ebedea7ba1_12,04973d056d9522006d5bdaefd92627ebedea7ba1_page_0012,04973d056d9522006d5bdaefd92627ebedea7ba1.pdf#page=12,underscore_index,pending_review
04973d056d9522006d5bdaefd92627ebedea7ba1_13,04973d056d9522006d5bdaefd92627ebedea7ba1_page_0013,04973d056d9522006d5bdaefd92627ebedea7ba1.pdf#page=13,underscore_index,pending_review
04973d056d9522006d5bdaefd92627ebedea7ba1_14,04973d056d9522006d5bdaefd92627ebedea7ba1_page_0014,04973d056d9522006d5bdaefd92627ebedea7ba1.pdf#page=14,underscore_index,pending_review
04973d056d9522006d5bdaefd92627ebedea7ba1_15,04973d056d9522006d5bdaefd92627ebedea7ba1_page_0015,04973d056d9522006d5bdaefd92627ebedea7ba1.pdf#page=15,underscore_index,pending_review
04973d056d9522006d5bdaefd92627ebedea7ba1_16,04973d056d9522006d5bdaefd92627ebedea7ba1_page_0016,04973d056d9522006d5bdaefd92627ebedea7ba1.pdf#page=16,underscore_index,pending_review
04973d056d9522006d5bdaefd92627ebedea7ba1_17,04973d056d9522006d5bdaefd92627ebedea7ba1_page_0017,04973d056d9522006d5bdaefd92627ebedea7ba1.pdf#page=17,underscore_index,pending_review
04973d056d9522006d5bdaefd92627ebedea7ba1_18,04973d056d9522006d5bdaefd92627ebedea7ba1_page_0018,04973d056d9522006d5bdaefd92627ebedea7ba1.pdf#page=18,underscore_index,pending_review
04a385633c2c14185d3ca288083efdcc6350420e_1,04a385633c2c14185d3ca288083efdcc6350420e_page_0001,04a385633c2c14185d3ca288083efdcc6350420e.pdf#page=1,underscore_index,pending_review
04a385633c2c14185d3ca288083efdcc6350420e_2,04a385633c2c14185d3ca288083efdcc6350420e_page_0002,04a385633c2c14185d3ca288083efdcc6350420e.pdf#page=2,underscore_index,pending_review
04a385633c2c14185d3ca288083efdcc6350420e_3,04a385633c2c14185d3ca288083efdcc6350420e_page_0003,04a385633c2c14185d3ca288083efdcc6350420e.pdf#page=3,underscore_index,pending_review
04a385633c2c14185d3ca288083efdcc6350420e_4,04a385633c2c14185d3ca288083efdcc6350420e_page_0004,04a385633c2c14185d3ca288083efdcc6350420e.pdf#page=4,underscore_index,pending_review
04a385633c2c14185d3ca288083efdcc6350420e_5,04a385633c2c14185d3ca288083efdcc6350420e_page_0005,04a385633c2c14185d3ca288083efdcc6350420e.pdf#page=5,underscore_index,pending_review
04a385633c2c14185d3ca288083efdcc6350420e_6,04a385633c2c14185d3ca288083efdcc6350420e_page_0006,04a385633c2c14185d3ca288083efdcc6350420e.pdf#page=6,underscore_index,pending_review
04a385633c2c14185d3ca288083efdcc6350420e_7,04a385633c2c14185d3ca288083efdcc6350420e_page_0007,04a385633c2c14185d3ca288083efdcc6350420e.pdf#page=7,underscore_index,pending_review
04a385633c2c14185d3ca288083efdcc6350420e_8,04a385633c2c14185d3ca288083efdcc6350420e_page_0008,04a385633c2c14185d3ca288083efdcc6350420e.pdf#page=8,underscore_index,pending_review
04a385633c2c14185d3ca288083efdcc6350420e_9,04a385633c2c14185d3ca288083efdcc6350420e_page_0009,04a385633c2c14185d3ca288083efdcc6350420e.pdf#page=9,underscore_index,pending_review
04a385633c2c14185d3ca288083efdcc6350420e_10,04a385633c2c14185d3ca288083efdcc6350420e_page_0010,04a385633c2c14185d3ca288083efdcc6350420e.pdf#page=10,underscore_index,pending_review
04a385633c2c14185d3ca288083efdcc6350420e_11,04a385633c2c14185d3ca288083efdcc6350420e_page_0011,04a385633c2c14185d3ca288083efdcc6350420e.pdf#page=11,underscore_index,pending_review
04a385633c2c14185d3ca288083efdcc6350420e_12,04a385633c2c14185d3ca288083efdcc6350420e_page_0012,04a385633c2c14185d3ca288083efdcc6350420e.pdf#page=12,underscore_index,pending_review
04a385633c2c14185d3ca288083efdcc6350420e_13,04a385633c2c14185d3ca288083efdcc6350420e_page_0013,04a385633c2c14185d3ca288083efdcc6350420e.pdf#page=13,underscore_index,pending_review
04a385633c2c14185d3ca288083efdcc6350420e_14,04a385633c2c14185d3ca288083efdcc6350420e_page_0014,04a385633c2c14185d3ca288083efdcc6350420e.pdf#page=14,underscore_index,pending_review
04a385633c2c14185d3ca288083efdcc6350420e_15,04a385633c2c14185d3ca288083efdcc6350420e_page_0015,04a385633c2c14185d3ca288083efdcc6350420e.pdf#page=15,underscore_index,pending_review
04a385633c2c14185d3ca288083efdcc6350420e_16,04a385633c2c14185d3ca288083efdcc6350420e_page_0016,04a385633c2c14185d3ca288083efdcc6350420e.pdf#page=16,underscore_index,pending_review
04a385633c2c14185d3ca288083efdcc6350420e_17,04a385633c2c14185d3ca288083efdcc6350420e_page_0017,04a385633c2c14185d3ca288083efdcc6350420e.pdf#page=17,underscore_index,pending_review
04a385633c2c14185d3ca288083efdcc6350420e_18,04a385633c2c14185d3ca288083efdcc6350420e_page_0018,04a385633c2c14185d3ca288083efdcc6350420e.pdf#page=18,underscore_index,pending_review
04a385633c2c14185d3ca288083efdcc6350420e_19,04a385633c2c14185d3ca288083efdcc6350420e_page_0019,04a385633c2c14185d3ca288083efdcc6350420e.pdf#page=19,underscore_index,pending_review
04a385633c2c14185d3ca288083efdcc6350420e_20,04a385633c2c14185d3ca288083efdcc6350420e_page_0020,04a385633c2c14185d3ca288083efdcc6350420e.pdf#page=20,underscore_index,pending_review
04a385633c2c14185d3ca288083efdcc6350420e_21,04a385633c2c14185d3ca288083efdcc6350420e_page_0021,04a385633c2c14185d3ca288083efdcc6350420e.pdf#page=21,underscore_index,pending_review
04a385633c2c14185d3ca288083efdcc6350420e_22,04a385633c2c14185d3ca288083efdcc6350420e_page_0022,04a385633c2c14185d3ca288083efdcc6350420e.pdf#page=22,underscore_index,pending_review
04a385633c2c14185d3ca288083efdcc6350420e_23,04a385633c2c14185d3ca288083efdcc6350420e_page_0023,04a385633c2c14185d3ca288083efdcc6350420e.pdf#page=23,underscore_index,pending_review
04a385633c2c14185d3ca288083efdcc6350420e_24,04a385633c2c14185d3ca288083efdcc6350420e_page_0024,04a385633c2c14185d3ca288083efdcc6350420e.pdf#page=24,underscore_index,pending_review
04a6afc745680ef1189d52b6fe27f8f30604ef95_1,04a6afc745680ef1189d52b6fe27f8f30604ef95_page_0001,04a6afc745680ef1189d52b6fe27f8f30604ef95.pdf#page=1,underscore_index,pending_review
04a6afc745680ef1189d52b6fe27f8f30604ef95_2,04a6afc745680ef1189d52b6fe27f8f30604ef95_page_0002,04a6afc745680ef1189d52b6fe27f8f30604ef95.pdf#page=2,underscore_index,pending_review
04a6afc745680ef1189d52b6fe27f8f30604ef95_3,04a6afc745680ef1189d52b6fe27f8f30604ef95_page_0003,04a6afc745680ef1189d52b6fe27f8f30604ef95.pdf#page=3,underscore_index,pending_review
04a6afc745680ef1189d52b6fe27f8f30604ef95_4,04a6afc745680ef1189d52b6fe27f8f30604ef95_page_0004,04a6afc745680ef1189d52b6fe27f8f30604ef95.pdf#page=4,underscore_index,pending_review
04a6afc745680ef1189d52b6fe27f8f30604ef95_5,04a6afc745680ef1189d52b6fe27f8f30604ef95_page_0005,04a6afc745680ef1189d52b6fe27f8f30604ef95.pdf#page=5,underscore_index,pending_review
04a6afc745680ef1189d52b6fe27f8f30604ef95_6,04a6afc745680ef1189d52b6fe27f8f30604ef95_page_0006,04a6afc745680ef1189d52b6fe27f8f30604ef95.pdf#page=6,underscore_index,pending_review
04a6afc745680ef1189d52b6fe27f8f30604ef95_7,04a6afc745680ef1189d52b6fe27f8f30604ef95_page_0007,04a6afc745680ef1189d52b6fe27f8f30604ef95.pdf#page=7,underscore_index,pending_review
04a6afc745680ef1189d52b6fe27f8f30604ef95_8,04a6afc745680ef1189d52b6fe27f8f30604ef95_page_0008,04a6afc745680ef1189d52b6fe27f8f30604ef95.pdf#page=8,underscore_index,pending_review
04a6afc745680ef1189d52b6fe27f8f30604ef95_9,04a6afc745680ef1189d52b6fe27f8f30604ef95_page_0009,04a6afc745680ef1189d52b6fe27f8f30604ef95.pdf#page=9,underscore_index,pending_review
04a6afc745680ef1189d52b6fe27f8f30604ef95_10,04a6afc745680ef1189d52b6fe27f8f30604ef95_page_0010,04a6afc745680ef1189d52b6fe27f8f30604ef95.pdf#page=10,underscore_index,pending_review
04a6afc745680ef1189d52b6fe27f8f30604ef95_11,04a6afc745680ef1189d52b6fe27f8f30604ef95_page_0011,04a6afc745680ef1189d52b6fe27f8f30604ef95.pdf#page=11,underscore_index,pending_review
04a6afc745680ef1189d52b6fe27f8f30604ef95_12,04a6afc745680ef1189d52b6fe27f8f30604ef95_page_0012,04a6afc745680ef1189d52b6fe27f8f30604ef95.pdf#page=12,underscore_index,pending_review
04a6afc745680ef1189d52b6fe27f8f30604ef95_13,04a6afc745680ef1189d52b6fe27f8f30604ef95_page_0013,04a6afc745680ef1189d52b6fe27f8f30604ef95.pdf#page=13,underscore_index,pending_review
04ad1ed44c5d12daf9bc5cc290e7eade424ee761_1,04ad1ed44c5d12daf9bc5cc290e7eade424ee761_page_0001,04ad1ed44c5d12daf9bc5cc290e7eade424ee761.pdf#page=1,underscore_index,pending_review
04ad1ed44c5d12daf9bc5cc290e7eade424ee761_2,04ad1ed44c5d12daf9bc5cc290e7eade424ee761_page_0002,04ad1ed44c5d12daf9bc5cc290e7eade424ee761.pdf#page=2,underscore_index,pending_review
04ad1ed44c5d12daf9bc5cc290e7eade424ee761_3,04ad1ed44c5d12daf9bc5cc290e7eade424ee761_page_0003,04ad1ed44c5d12daf9bc5cc290e7eade424ee761.pdf#page=3,underscore_index,pending_review
04ad1ed44c5d12daf9bc5cc290e7eade424ee761_4,04ad1ed44c5d12daf9bc5cc290e7eade424ee761_page_0004,04ad1ed44c5d12daf9bc5cc290e7eade424ee761.pdf#page=4,underscore_index,pending_review
04ad1ed44c5d12daf9bc5cc290e7eade424ee761_5,04ad1ed44c5d12daf9bc5cc290e7eade424ee761_page_0005,04ad1ed44c5d12daf9bc5cc290e7eade424ee761.pdf#page=5,underscore_index,pending_review
04ad1ed44c5d12daf9bc5cc290e7eade424ee761_6,04ad1ed44c5d12daf9bc5cc290e7eade424ee761_page_0006,04ad1ed44c5d12daf9bc5cc290e7eade424ee761.pdf#page=6,underscore_index,pending_review
04ad1ed44c5d12daf9bc5cc290e7eade424ee761_7,04ad1ed44c5d12daf9bc5cc290e7eade424ee761_page_0007,04ad1ed44c5d12daf9bc5cc290e7eade424ee761.pdf#page=7,underscore_index,pending_review
04ad1ed44c5d12daf9bc5cc290e7eade424ee761_8,04ad1ed44c5d12daf9bc5cc290e7eade424ee761_page_0008,04ad1ed44c5d12daf9bc5cc290e7eade424ee761.pdf#page=8,underscore_index,pending_review
04ad1ed44c5d12daf9bc5cc290e7eade424ee761_9,04ad1ed44c5d12daf9bc5cc290e7eade424ee761_page_0009,04ad1ed44c5d12daf9bc5cc290e7eade424ee761.pdf#page=9,underscore_index,pending_review
04ad1ed44c5d12daf9bc5cc290e7eade424ee761_10,04ad1ed44c5d12daf9bc5cc290e7eade424ee761_page_0010,04ad1ed44c5d12daf9bc5cc290e7eade424ee761.pdf#page=10,underscore_index,pending_review
04ad1ed44c5d12daf9bc5cc290e7eade424ee761_11,04ad1ed44c5d12daf9bc5cc290e7eade424ee761_page_0011,04ad1ed44c5d12daf9bc5cc290e7eade424ee761.pdf#page=11,underscore_index,pending_review
04ad1ed44c5d12daf9bc5cc290e7eade424ee761_12,04ad1ed44c5d12daf9bc5cc290e7eade424ee761_page_0012,04ad1ed44c5d12daf9bc5cc290e7eade424ee761.pdf#page=12,underscore_index,pending_review
04ad1ed44c5d12daf9bc5cc290e7eade424ee761_13,04ad1ed44c5d12daf9bc5cc290e7eade424ee761_page_0013,04ad1ed44c5d12daf9bc5cc290e7eade424ee761.pdf#page=13,underscore_index,pending_review
04ad1ed44c5d12daf9bc5cc290e7eade424ee761_14,04ad1ed44c5d12daf9bc5cc290e7eade424ee761_page_0014,04ad1ed44c5d12daf9bc5cc290e7eade424ee761.pdf#page=14,underscore_index,pending_review
04ad1ed44c5d12daf9bc5cc290e7eade424ee761_15,04ad1ed44c5d12daf9bc5cc290e7eade424ee761_page_0015,04ad1ed44c5d12daf9bc5cc290e7eade424ee761.pdf#page=15,underscore_index,pending_review
04ad1ed44c5d12daf9bc5cc290e7eade424ee761_16,04ad1ed44c5d12daf9bc5cc290e7eade424ee761_page_0016,04ad1ed44c5d12daf9bc5cc290e7eade424ee761.pdf#page=16,underscore_index,pending_review
04ad1ed44c5d12daf9bc5cc290e7eade424ee761_17,04ad1ed44c5d12daf9bc5cc290e7eade424ee761_page_0017,04ad1ed44c5d12daf9bc5cc290e7eade424ee761.pdf#page=17,underscore_index,pending_review
04ad1ed44c5d12daf9bc5cc290e7eade424ee761_18,04ad1ed44c5d12daf9bc5cc290e7eade424ee761_page_0018,04ad1ed44c5d12daf9bc5cc290e7eade424ee761.pdf#page=18,underscore_index,pending_review
04ad1ed44c5d12daf9bc5cc290e7eade424ee761_19,04ad1ed44c5d12daf9bc5cc290e7eade424ee761_page_0019,04ad1ed44c5d12daf9bc5cc290e7eade424ee761.pdf#page=19,underscore_index,pending_review
04ad1ed44c5d12daf9bc5cc290e7eade424ee761_20,04ad1ed44c5d12daf9bc5cc290e7eade424ee761_page_0020,04ad1ed44c5d12daf9bc5cc290e7eade424ee761.pdf#page=20,underscore_index,pending_review
04ad1ed44c5d12daf9bc5cc290e7eade424ee761_21,04ad1ed44c5d12daf9bc5cc290e7eade424ee761_page_0021,04ad1ed44c5d12daf9bc5cc290e7eade424ee761.pdf#page=21,underscore_index,pending_review
04ad1ed44c5d12daf9bc5cc290e7eade424ee761_22,04ad1ed44c5d12daf9bc5cc290e7eade424ee761_page_0022,04ad1ed44c5d12daf9bc5cc290e7eade424ee761.pdf#page=22,underscore_index,pending_review
04ad1ed44c5d12daf9bc5cc290e7eade424ee761_23,04ad1ed44c5d12daf9bc5cc290e7eade424ee761_page_0023,04ad1ed44c5d12daf9bc5cc290e7eade424ee761.pdf#page=23,underscore_index,pending_review
04ad1ed44c5d12daf9bc5cc290e7eade424ee761_24,04ad1ed44c5d12daf9bc5cc290e7eade424ee761_page_0024,04ad1ed44c5d12daf9bc5cc290e7eade424ee761.pdf#page=24,underscore_index,pending_review
04b5c5ab0cf0130a8f8669a9de6eb1da2238e026_1,04b5c5ab0cf0130a8f8669a9de6eb1da2238e026_page_0001,04b5c5ab0cf0130a8f8669a9de6eb1da2238e026.pdf#page=1,underscore_index,pending_review
04b5c5ab0cf0130a8f8669a9de6eb1da2238e026_2,04b5c5ab0cf0130a8f8669a9de6eb1da2238e026_page_0002,04b5c5ab0cf0130a8f8669a9de6eb1da2238e026.pdf#page=2,underscore_index,pending_review
04b5c5ab0cf0130a8f8669a9de6eb1da2238e026_3,04b5c5ab0cf0130a8f8669a9de6eb1da2238e026_page_0003,04b5c5ab0cf0130a8f8669a9de6eb1da2238e026.pdf#page=3,underscore_index,pending_review
04b5c5ab0cf0130a8f8669a9de6eb1da2238e026_4,04b5c5ab0cf0130a8f8669a9de6eb1da2238e026_page_0004,04b5c5ab0cf0130a8f8669a9de6eb1da2238e026.pdf#page=4,underscore_index,pending_review
04b5c5ab0cf0130a8f8669a9de6eb1da2238e026_5,04b5c5ab0cf0130a8f8669a9de6eb1da2238e026_page_0005,04b5c5ab0cf0130a8f8669a9de6eb1da2238e026.pdf#page=5,underscore_index,pending_review
04b5c5ab0cf0130a8f8669a9de6eb1da2238e026_6,04b5c5ab0cf0130a8f8669a9de6eb1da2238e026_page_0006,04b5c5ab0cf0130a8f8669a9de6eb1da2238e026.pdf#page=6,underscore_index,pending_review
04b5c5ab0cf0130a8f8669a9de6eb1da2238e026_7,04b5c5ab0cf0130a8f8669a9de6eb1da2238e026_page_0007,04b5c5ab0cf0130a8f8669a9de6eb1da2238e026.pdf#page=7,underscore_index,pending_review
04b5c5ab0cf0130a8f8669a9de6eb1da2238e026_8,04b5c5ab0cf0130a8f8669a9de6eb1da2238e026_page_0008,04b5c5ab0cf0130a8f8669a9de6eb1da2238e026.pdf#page=8,underscore_index,pending_review
04b5c5ab0cf0130a8f8669a9de6eb1da2238e026_9,04b5c5ab0cf0130a8f8669a9de6eb1da2238e026_page_0009,04b5c5ab0cf0130a8f8669a9de6eb1da2238e026.pdf#page=9,underscore_index,pending_review
04b5c5ab0cf0130a8f8669a9de6eb1da2238e026_10,04b5c5ab0cf0130a8f8669a9de6eb1da2238e026_page_0010,04b5c5ab0cf0130a8f8669a9de6eb1da2238e026.pdf#page=10,underscore_index,pending_review
04b5c5ab0cf0130a8f8669a9de6eb1da2238e026_11,04b5c5ab0cf0130a8f8669a9de6eb1da2238e026_page_0011,04b5c5ab0cf0130a8f8669a9de6eb1da2238e026.pdf#page=11,underscore_index,pending_review
04b5c5ab0cf0130a8f8669a9de6eb1da2238e026_12,04b5c5ab0cf0130a8f8669a9de6eb1da2238e026_page_0012,04b5c5ab0cf0130a8f8669a9de6eb1da2238e026.pdf#page=12,underscore_index,pending_review
04b5c5ab0cf0130a8f8669a9de6eb1da2238e026_13,04b5c5ab0cf0130a8f8669a9de6eb1da2238e026_page_0013,04b5c5ab0cf0130a8f8669a9de6eb1da2238e026.pdf#page=13,underscore_index,pending_review
04b5c5ab0cf0130a8f8669a9de6eb1da2238e026_14,04b5c5ab0cf0130a8f8669a9de6eb1da2238e026_page_0014,04b5c5ab0cf0130a8f8669a9de6eb1da2238e026.pdf#page=14,underscore_index,pending_review
04b5c5ab0cf0130a8f8669a9de6eb1da2238e026_15,04b5c5ab0cf0130a8f8669a9de6eb1da2238e026_page_0015,04b5c5ab0cf0130a8f8669a9de6eb1da2238e026.pdf#page=15,underscore_index,pending_review
04b5c5ab0cf0130a8f8669a9de6eb1da2238e026_16,04b5c5ab0cf0130a8f8669a9de6eb1da2238e026_page_0016,04b5c5ab0cf0130a8f8669a9de6eb1da2238e026.pdf#page=16,underscore_index,pending_review
04b5c5ab0cf0130a8f8669a9de6eb1da2238e026_17,04b5c5ab0cf0130a8f8669a9de6eb1da2238e026_page_0017,04b5c5ab0cf0130a8f8669a9de6eb1da2238e026.pdf#page=17,underscore_index,pending_review
04b5c5ab0cf0130a8f8669a9de6eb1da2238e026_18,04b5c5ab0cf0130a8f8669a9de6eb1da2238e026_page_0018,04b5c5ab0cf0130a8f8669a9de6eb1da2238e026.pdf#page=18,underscore_index,pending_review
04b5c5ab0cf0130a8f8669a9de6eb1da2238e026_19,04b5c5ab0cf0130a8f8669a9de6eb1da2238e026_page_0019,04b5c5ab0cf0130a8f8669a9de6eb1da2238e026.pdf#page=19,underscore_index,pending_review
04b7109c3df828764a27acd68e32f0b0928d704d_1,04b7109c3df828764a27acd68e32f0b0928d704d_page_0001,04b7109c3df828764a27acd68e32f0b0928d704d.pdf#page=1,underscore_index,pending_review
04b7109c3df828764a27acd68e32f0b0928d704d_2,04b7109c3df828764a27acd68e32f0b0928d704d_page_0002,04b7109c3df828764a27acd68e32f0b0928d704d.pdf#page=2,underscore_index,pending_review
04b7109c3df828764a27acd68e32f0b0928d704d_3,04b7109c3df828764a27acd68e32f0b0928d704d_page_0003,04b7109c3df828764a27acd68e32f0b0928d704d.pdf#page=3,underscore_index,pending_review
04b7109c3df828764a27acd68e32f0b0928d704d_4,04b7109c3df828764a27acd68e32f0b0928d704d_page_0004,04b7109c3df828764a27acd68e32f0b0928d704d.pdf#page=4,underscore_index,pending_review
04b7109c3df828764a27acd68e32f0b0928d704d_5,04b7109c3df828764a27acd68e32f0b0928d704d_page_0005,04b7109c3df828764a27acd68e32f0b0928d704d.pdf#page=5,underscore_index,pending_review
04b7109c3df828764a27acd68e32f0b0928d704d_6,04b7109c3df828764a27acd68e32f0b0928d704d_page_0006,04b7109c3df828764a27acd68e32f0b0928d704d.pdf#page=6,underscore_index,pending_review
04b7109c3df828764a27acd68e32f0b0928d704d_7,04b7109c3df828764a27acd68e32f0b0928d704d_page_0007,04b7109c3df828764a27acd68e32f0b0928d704d.pdf#page=7,underscore_index,pending_review
04b7109c3df828764a27acd68e32f0b0928d704d_8,04b7109c3df828764a27acd68e32f0b0928d704d_page_0008,04b7109c3df828764a27acd68e32f0b0928d704d.pdf#page=8,underscore_index,pending_review
04b7109c3df828764a27acd68e32f0b0928d704d_9,04b7109c3df828764a27acd68e32f0b0928d704d_page_0009,04b7109c3df828764a27acd68e32f0b0928d704d.pdf#page=9,underscore_index,pending_review
04b7109c3df828764a27acd68e32f0b0928d704d_10,04b7109c3df828764a27acd68e32f0b0928d704d_page_0010,04b7109c3df828764a27acd68e32f0b0928d704d.pdf#page=10,underscore_index,pending_review
04b7109c3df828764a27acd68e32f0b0928d704d_11,04b7109c3df828764a27acd68e32f0b0928d704d_page_0011,04b7109c3df828764a27acd68e32f0b0928d704d.pdf#page=11,underscore_index,pending_review
04b7109c3df828764a27acd68e32f0b0928d704d_12,04b7109c3df828764a27acd68e32f0b0928d704d_page_0012,04b7109c3df828764a27acd68e32f0b0928d704d.pdf#page=12,underscore_index,pending_review
04b7109c3df828764a27acd68e32f0b0928d704d_13,04b7109c3df828764a27acd68e32f0b0928d704d_page_0013,04b7109c3df828764a27acd68e32f0b0928d704d.pdf#page=13,underscore_index,pending_review
04b7109c3df828764a27acd68e32f0b0928d704d_14,04b7109c3df828764a27acd68e32f0b0928d704d_page_0014,04b7109c3df828764a27acd68e32f0b0928d704d.pdf#page=14,underscore_index,pending_review
04b7109c3df828764a27acd68e32f0b0928d704d_15,04b7109c3df828764a27acd68e32f0b0928d704d_page_0015,04b7109c3df828764a27acd68e32f0b0928d704d.pdf#page=15,underscore_index,pending_review
04b7109c3df828764a27acd68e32f0b0928d704d_16,04b7109c3df828764a27acd68e32f0b0928d704d_page_0016,04b7109c3df828764a27acd68e32f0b0928d704d.pdf#page=16,underscore_index,pending_review
04b7109c3df828764a27acd68e32f0b0928d704d_17,04b7109c3df828764a27acd68e32f0b0928d704d_page_0017,04b7109c3df828764a27acd68e32f0b0928d704d.pdf#page=17,underscore_index,pending_review
04b7109c3df828764a27acd68e32f0b0928d704d_18,04b7109c3df828764a27acd68e32f0b0928d704d_page_0018,04b7109c3df828764a27acd68e32f0b0928d704d.pdf#page=18,underscore_index,pending_review
04b7109c3df828764a27acd68e32f0b0928d704d_19,04b7109c3df828764a27acd68e32f0b0928d704d_page_0019,04b7109c3df828764a27acd68e32f0b0928d704d.pdf#page=19,underscore_index,pending_review
04b7109c3df828764a27acd68e32f0b0928d704d_20,04b7109c3df828764a27acd68e32f0b0928d704d_page_0020,04b7109c3df828764a27acd68e32f0b0928d704d.pdf#page=20,underscore_index,pending_review
04b7109c3df828764a27acd68e32f0b0928d704d_21,04b7109c3df828764a27acd68e32f0b0928d704d_page_0021,04b7109c3df828764a27acd68e32f0b0928d704d.pdf#page=21,underscore_index,pending_review
04b7109c3df828764a27acd68e32f0b0928d704d_22,04b7109c3df828764a27acd68e32f0b0928d704d_page_0022,04b7109c3df828764a27acd68e32f0b0928d704d.pdf#page=22,underscore_index,pending_review
04b7109c3df828764a27acd68e32f0b0928d704d_23,04b7109c3df828764a27acd68e32f0b0928d704d_page_0023,04b7109c3df828764a27acd68e32f0b0928d704d.pdf#page=23,underscore_index,pending_review
04b864a0038b563f9569725f01e6fc8b50a8696b_1,04b864a0038b563f9569725f01e6fc8b50a8696b_page_0001,04b864a0038b563f9569725f01e6fc8b50a8696b.pdf#page=1,underscore_index,pending_review
04b864a0038b563f9569725f01e6fc8b50a8696b_2,04b864a0038b563f9569725f01e6fc8b50a8696b_page_0002,04b864a0038b563f9569725f01e6fc8b50a8696b.pdf#page=2,underscore_index,pending_review
04b864a0038b563f9569725f01e6fc8b50a8696b_3,04b864a0038b563f9569725f01e6fc8b50a8696b_page_0003,04b864a0038b563f9569725f01e6fc8b50a8696b.pdf#page=3,underscore_index,pending_review
04b864a0038b563f9569725f01e6fc8b50a8696b_4,04b864a0038b563f9569725f01e6fc8b50a8696b_page_0004,04b864a0038b563f9569725f01e6fc8b50a8696b.pdf#page=4,underscore_index,pending_review
04b864a0038b563f9569725f01e6fc8b50a8696b_5,04b864a0038b563f9569725f01e6fc8b50a8696b_page_0005,04b864a0038b563f9569725f01e6fc8b50a8696b.pdf#page=5,underscore_index,pending_review
04b864a0038b563f9569725f01e6fc8b50a8696b_6,04b864a0038b563f9569725f01e6fc8b50a8696b_page_0006,04b864a0038b563f9569725f01e6fc8b50a8696b.pdf#page=6,underscore_index,pending_review
04b864a0038b563f9569725f01e6fc8b50a8696b_7,04b864a0038b563f9569725f01e6fc8b50a8696b_page_0007,04b864a0038b563f9569725f01e6fc8b50a8696b.pdf#page=7,underscore_index,pending_review
04b864a0038b563f9569725f01e6fc8b50a8696b_8,04b864a0038b563f9569725f01e6fc8b50a8696b_page_0008,04b864a0038b563f9569725f01e6fc8b50a8696b.pdf#page=8,underscore_index,pending_review
04b864a0038b563f9569725f01e6fc8b50a8696b_9,04b864a0038b563f9569725f01e6fc8b50a8696b_page_0009,04b864a0038b563f9569725f01e6fc8b50a8696b.pdf#page=9,underscore_index,pending_review
04b864a0038b563f9569725f01e6fc8b50a8696b_10,04b864a0038b563f9569725f01e6fc8b50a8696b_page_0010,04b864a0038b563f9569725f01e6fc8b50a8696b.pdf#page=10,underscore_index,pending_review
04b864a0038b563f9569725f01e6fc8b50a8696b_11,04b864a0038b563f9569725f01e6fc8b50a8696b_page_0011,04b864a0038b563f9569725f01e6fc8b50a8696b.pdf#page=11,underscore_index,pending_review
04b864a0038b563f9569725f01e6fc8b50a8696b_12,04b864a0038b563f9569725f01e6fc8b50a8696b_page_0012,04b864a0038b563f9569725f01e6fc8b50a8696b.pdf#page=12,underscore_index,pending_review
04b864a0038b563f9569725f01e6fc8b50a8696b_13,04b864a0038b563f9569725f01e6fc8b50a8696b_page_0013,04b864a0038b563f9569725f01e6fc8b50a8696b.pdf#page=13,underscore_index,pending_review
04b864a0038b563f9569725f01e6fc8b50a8696b_14,04b864a0038b563f9569725f01e6fc8b50a8696b_page_0014,04b864a0038b563f9569725f01e6fc8b50a8696b.pdf#page=14,underscore_index,pending_review
04b864a0038b563f9569725f01e6fc8b50a8696b_15,04b864a0038b563f9569725f01e6fc8b50a8696b_page_0015,04b864a0038b563f9569725f01e6fc8b50a8696b.pdf#page=15,underscore_index,pending_review
04bbb582d8aa03330ebd8a675f6ce0c94a208bea_1,04bbb582d8aa03330ebd8a675f6ce0c94a208bea_page_0001,04bbb582d8aa03330ebd8a675f6ce0c94a208bea.pdf#page=1,underscore_index,pending_review
04bbb582d8aa03330ebd8a675f6ce0c94a208bea_2,04bbb582d8aa03330ebd8a675f6ce0c94a208bea_page_0002,04bbb582d8aa03330ebd8a675f6ce0c94a208bea.pdf#page=2,underscore_index,pending_review
04bbb582d8aa03330ebd8a675f6ce0c94a208bea_3,04bbb582d8aa03330ebd8a675f6ce0c94a208bea_page_0003,04bbb582d8aa03330ebd8a675f6ce0c94a208bea.pdf#page=3,underscore_index,pending_review
04bbb582d8aa03330ebd8a675f6ce0c94a208bea_4,04bbb582d8aa03330ebd8a675f6ce0c94a208bea_page_0004,04bbb582d8aa03330ebd8a675f6ce0c94a208bea.pdf#page=4,underscore_index,pending_review
04bbb582d8aa03330ebd8a675f6ce0c94a208bea_5,04bbb582d8aa03330ebd8a675f6ce0c94a208bea_page_0005,04bbb582d8aa03330ebd8a675f6ce0c94a208bea.pdf#page=5,underscore_index,pending_review
04bbb582d8aa03330ebd8a675f6ce0c94a208bea_6,04bbb582d8aa03330ebd8a675f6ce0c94a208bea_page_0006,04bbb582d8aa03330ebd8a675f6ce0c94a208bea.pdf#page=6,underscore_index,pending_review
04bbb582d8aa03330ebd8a675f6ce0c94a208bea_7,04bbb582d8aa03330ebd8a675f6ce0c94a208bea_page_0007,04bbb582d8aa03330ebd8a675f6ce0c94a208bea.pdf#page=7,underscore_index,pending_review
04bbb582d8aa03330ebd8a675f6ce0c94a208bea_8,04bbb582d8aa03330ebd8a675f6ce0c94a208bea_page_0008,04bbb582d8aa03330ebd8a675f6ce0c94a208bea.pdf#page=8,underscore_index,pending_review
04bbb582d8aa03330ebd8a675f6ce0c94a208bea_9,04bbb582d8aa03330ebd8a675f6ce0c94a208bea_page_0009,04bbb582d8aa03330ebd8a675f6ce0c94a208bea.pdf#page=9,underscore_index,pending_review
04bbb582d8aa03330ebd8a675f6ce0c94a208bea_10,04bbb582d8aa03330ebd8a675f6ce0c94a208bea_page_0010,04bbb582d8aa03330ebd8a675f6ce0c94a208bea.pdf#page=10,underscore_index,pending_review
04bbb582d8aa03330ebd8a675f6ce0c94a208bea_11,04bbb582d8aa03330ebd8a675f6ce0c94a208bea_page_0011,04bbb582d8aa03330ebd8a675f6ce0c94a208bea.pdf#page=11,underscore_index,pending_review
04bbb582d8aa03330ebd8a675f6ce0c94a208bea_12,04bbb582d8aa03330ebd8a675f6ce0c94a208bea_page_0012,04bbb582d8aa03330ebd8a675f6ce0c94a208bea.pdf#page=12,underscore_index,pending_review
04bbb582d8aa03330ebd8a675f6ce0c94a208bea_13,04bbb582d8aa03330ebd8a675f6ce0c94a208bea_page_0013,04bbb582d8aa03330ebd8a675f6ce0c94a208bea.pdf#page=13,underscore_index,pending_review
04bbb582d8aa03330ebd8a675f6ce0c94a208bea_14,04bbb582d8aa03330ebd8a675f6ce0c94a208bea_page_0014,04bbb582d8aa03330ebd8a675f6ce0c94a208bea.pdf#page=14,underscore_index,pending_review
04bd2d23667aad4d8daabffaaed6d2c5306f7c6e_1,04bd2d23667aad4d8daabffaaed6d2c5306f7c6e_page_0001,04bd2d23667aad4d8daabffaaed6d2c5306f7c6e.pdf#page=1,underscore_index,pending_review
04bd2d23667aad4d8daabffaaed6d2c5306f7c6e_2,04bd2d23667aad4d8daabffaaed6d2c5306f7c6e_page_0002,04bd2d23667aad4d8daabffaaed6d2c5306f7c6e.pdf#page=2,underscore_index,pending_review
04bd2d23667aad4d8daabffaaed6d2c5306f7c6e_3,04bd2d23667aad4d8daabffaaed6d2c5306f7c6e_page_0003,04bd2d23667aad4d8daabffaaed6d2c5306f7c6e.pdf#page=3,underscore_index,pending_review
04bd2d23667aad4d8daabffaaed6d2c5306f7c6e_4,04bd2d23667aad4d8daabffaaed6d2c5306f7c6e_page_0004,04bd2d23667aad4d8daabffaaed6d2c5306f7c6e.pdf#page=4,underscore_index,pending_review
04bd2d23667aad4d8daabffaaed6d2c5306f7c6e_5,04bd2d23667aad4d8daabffaaed6d2c5306f7c6e_page_0005,04bd2d23667aad4d8daabffaaed6d2c5306f7c6e.pdf#page=5,underscore_index,pending_review
04bd2d23667aad4d8daabffaaed6d2c5306f7c6e_6,04bd2d23667aad4d8daabffaaed6d2c5306f7c6e_page_0006,04bd2d23667aad4d8daabffaaed6d2c5306f7c6e.pdf#page=6,underscore_index,pending_review
04bd2d23667aad4d8daabffaaed6d2c5306f7c6e_7,04bd2d23667aad4d8daabffaaed6d2c5306f7c6e_page_0007,04bd2d23667aad4d8daabffaaed6d2c5306f7c6e.pdf#page=7,underscore_index,pending_review
04bd2d23667aad4d8daabffaaed6d2c5306f7c6e_8,04bd2d23667aad4d8daabffaaed6d2c5306f7c6e_page_0008,04bd2d23667aad4d8daabffaaed6d2c5306f7c6e.pdf#page=8,underscore_index,pending_review
04bd2d23667aad4d8daabffaaed6d2c5306f7c6e_9,04bd2d23667aad4d8daabffaaed6d2c5306f7c6e_page_0009,04bd2d23667aad4d8daabffaaed6d2c5306f7c6e.pdf#page=9,underscore_index,pending_review
04bd2d23667aad4d8daabffaaed6d2c5306f7c6e_10,04bd2d23667aad4d8daabffaaed6d2c5306f7c6e_page_0010,04bd2d23667aad4d8daabffaaed6d2c5306f7c6e.pdf#page=10,underscore_index,pending_review
04bd2d23667aad4d8daabffaaed6d2c5306f7c6e_11,04bd2d23667aad4d8daabffaaed6d2c5306f7c6e_page_0011,04bd2d23667aad4d8daabffaaed6d2c5306f7c6e.pdf#page=11,underscore_index,pending_review
04bd2d23667aad4d8daabffaaed6d2c5306f7c6e_12,04bd2d23667aad4d8daabffaaed6d2c5306f7c6e_page_0012,04bd2d23667aad4d8daabffaaed6d2c5306f7c6e.pdf#page=12,underscore_index,pending_review
04bd2d23667aad4d8daabffaaed6d2c5306f7c6e_13,04bd2d23667aad4d8daabffaaed6d2c5306f7c6e_page_0013,04bd2d23667aad4d8daabffaaed6d2c5306f7c6e.pdf#page=13,underscore_index,pending_review
04bd2d23667aad4d8daabffaaed6d2c5306f7c6e_14,04bd2d23667aad4d8daabffaaed6d2c5306f7c6e_page_0014,04bd2d23667aad4d8daabffaaed6d2c5306f7c6e.pdf#page=14,underscore_index,pending_review
04bd2d23667aad4d8daabffaaed6d2c5306f7c6e_15,04bd2d23667aad4d8daabffaaed6d2c5306f7c6e_page_0015,04bd2d23667aad4d8daabffaaed6d2c5306f7c6e.pdf#page=15,underscore_index,pending_review
04bd2d23667aad4d8daabffaaed6d2c5306f7c6e_16,04bd2d23667aad4d8daabffaaed6d2c5306f7c6e_page_0016,04bd2d23667aad4d8daabffaaed6d2c5306f7c6e.pdf#page=16,underscore_index,pending_review
04bd2d23667aad4d8daabffaaed6d2c5306f7c6e_17,04bd2d23667aad4d8daabffaaed6d2c5306f7c6e_page_0017,04bd2d23667aad4d8daabffaaed6d2c5306f7c6e.pdf#page=17,underscore_index,pending_review
04bd2d23667aad4d8daabffaaed6d2c5306f7c6e_18,04bd2d23667aad4d8daabffaaed6d2c5306f7c6e_page_0018,04bd2d23667aad4d8daabffaaed6d2c5306f7c6e.pdf#page=18,underscore_index,pending_review
04bd2d23667aad4d8daabffaaed6d2c5306f7c6e_19,04bd2d23667aad4d8daabffaaed6d2c5306f7c6e_page_0019,04bd2d23667aad4d8daabffaaed6d2c5306f7c6e.pdf#page=19,underscore_index,pending_review
04bd2d23667aad4d8daabffaaed6d2c5306f7c6e_20,04bd2d23667aad4d8daabffaaed6d2c5306f7c6e_page_0020,04bd2d23667aad4d8daabffaaed6d2c5306f7c6e.pdf#page=20,underscore_index,pending_review
04bd2d23667aad4d8daabffaaed6d2c5306f7c6e_21,04bd2d23667aad4d8daabffaaed6d2c5306f7c6e_page_0021,04bd2d23667aad4d8daabffaaed6d2c5306f7c6e.pdf#page=21,underscore_index,pending_review
04c58e22d7f3e0b2ccd662848c1b1dd76d2cae4f_1,04c58e22d7f3e0b2ccd662848c1b1dd76d2cae4f_page_0001,04c58e22d7f3e0b2ccd662848c1b1dd76d2cae4f.pdf#page=1,underscore_index,pending_review
04c58e22d7f3e0b2ccd662848c1b1dd76d2cae4f_2,04c58e22d7f3e0b2ccd662848c1b1dd76d2cae4f_page_0002,04c58e22d7f3e0b2ccd662848c1b1dd76d2cae4f.pdf#page=2,underscore_index,pending_review
04c58e22d7f3e0b2ccd662848c1b1dd76d2cae4f_3,04c58e22d7f3e0b2ccd662848c1b1dd76d2cae4f_page_0003,04c58e22d7f3e0b2ccd662848c1b1dd76d2cae4f.pdf#page=3,underscore_index,pending_review
04c58e22d7f3e0b2ccd662848c1b1dd76d2cae4f_4,04c58e22d7f3e0b2ccd662848c1b1dd76d2cae4f_page_0004,04c58e22d7f3e0b2ccd662848c1b1dd76d2cae4f.pdf#page=4,underscore_index,pending_review
04c58e22d7f3e0b2ccd662848c1b1dd76d2cae4f_5,04c58e22d7f3e0b2ccd662848c1b1dd76d2cae4f_page_0005,04c58e22d7f3e0b2ccd662848c1b1dd76d2cae4f.pdf#page=5,underscore_index,pending_review
04c58e22d7f3e0b2ccd662848c1b1dd76d2cae4f_6,04c58e22d7f3e0b2ccd662848c1b1dd76d2cae4f_page_0006,04c58e22d7f3e0b2ccd662848c1b1dd76d2cae4f.pdf#page=6,underscore_index,pending_review
04c58e22d7f3e0b2ccd662848c1b1dd76d2cae4f_7,04c58e22d7f3e0b2ccd662848c1b1dd76d2cae4f_page_0007,04c58e22d7f3e0b2ccd662848c1b1dd76d2cae4f.pdf#page=7,underscore_index,pending_review
04c58e22d7f3e0b2ccd662848c1b1dd76d2cae4f_8,04c58e22d7f3e0b2ccd662848c1b1dd76d2cae4f_page_0008,04c58e22d7f3e0b2ccd662848c1b1dd76d2cae4f.pdf#page=8,underscore_index,pending_review
04c58e22d7f3e0b2ccd662848c1b1dd76d2cae4f_9,04c58e22d7f3e0b2ccd662848c1b1dd76d2cae4f_page_0009,04c58e22d7f3e0b2ccd662848c1b1dd76d2cae4f.pdf#page=9,underscore_index,pending_review
04c58e22d7f3e0b2ccd662848c1b1dd76d2cae4f_10,04c58e22d7f3e0b2ccd662848c1b1dd76d2cae4f_page_0010,04c58e22d7f3e0b2ccd662848c1b1dd76d2cae4f.pdf#page=10,underscore_index,pending_review
04c58e22d7f3e0b2ccd662848c1b1dd76d2cae4f_11,04c58e22d7f3e0b2ccd662848c1b1dd76d2cae4f_page_0011,04c58e22d7f3e0b2ccd662848c1b1dd76d2cae4f.pdf#page=11,underscore_index,pending_review
04c58e22d7f3e0b2ccd662848c1b1dd76d2cae4f_12,04c58e22d7f3e0b2ccd662848c1b1dd76d2cae4f_page_0012,04c58e22d7f3e0b2ccd662848c1b1dd76d2cae4f.pdf#page=12,underscore_index,pending_review
04d03750a51cf1eb204b5f663d42aaf14ee40693_1,04d03750a51cf1eb204b5f663d42aaf14ee40693_page_0001,04d03750a51cf1eb204b5f663d42aaf14ee40693.pdf#page=1,underscore_index,pending_review
04d03750a51cf1eb204b5f663d42aaf14ee40693_2,04d03750a51cf1eb204b5f663d42aaf14ee40693_page_0002,04d03750a51cf1eb204b5f663d42aaf14ee40693.pdf#page=2,underscore_index,pending_review
04d03750a51cf1eb204b5f663d42aaf14ee40693_3,04d03750a51cf1eb204b5f663d42aaf14ee40693_page_0003,04d03750a51cf1eb204b5f663d42aaf14ee40693.pdf#page=3,underscore_index,pending_review
04d03750a51cf1eb204b5f663d42aaf14ee40693_4,04d03750a51cf1eb204b5f663d42aaf14ee40693_page_0004,04d03750a51cf1eb204b5f663d42aaf14ee40693.pdf#page=4,underscore_index,pending_review
04d03750a51cf1eb204b5f663d42aaf14ee40693_5,04d03750a51cf1eb204b5f663d42aaf14ee40693_page_0005,04d03750a51cf1eb204b5f663d42aaf14ee40693.pdf#page=5,underscore_index,pending_review
04d03750a51cf1eb204b5f663d42aaf14ee40693_6,04d03750a51cf1eb204b5f663d42aaf14ee40693_page_0006,04d03750a51cf1eb204b5f663d42aaf14ee40693.pdf#page=6,underscore_index,pending_review
04d03750a51cf1eb204b5f663d42aaf14ee40693_7,04d03750a51cf1eb204b5f663d42aaf14ee40693_page_0007,04d03750a51cf1eb204b5f663d42aaf14ee40693.pdf#page=7,underscore_index,pending_review
04d03750a51cf1eb204b5f663d42aaf14ee40693_8,04d03750a51cf1eb204b5f663d42aaf14ee40693_page_0008,04d03750a51cf1eb204b5f663d42aaf14ee40693.pdf#page=8,underscore_index,pending_review
04d03750a51cf1eb204b5f663d42aaf14ee40693_9,04d03750a51cf1eb204b5f663d42aaf14ee40693_page_0009,04d03750a51cf1eb204b5f663d42aaf14ee40693.pdf#page=9,underscore_index,pending_review
04d03750a51cf1eb204b5f663d42aaf14ee40693_10,04d03750a51cf1eb204b5f663d42aaf14ee40693_page_0010,04d03750a51cf1eb204b5f663d42aaf14ee40693.pdf#page=10,underscore_index,pending_review
04d03750a51cf1eb204b5f663d42aaf14ee40693_11,04d03750a51cf1eb204b5f663d42aaf14ee40693_page_0011,04d03750a51cf1eb204b5f663d42aaf14ee40693.pdf#page=11,underscore_index,pending_review
04d03750a51cf1eb204b5f663d42aaf14ee40693_12,04d03750a51cf1eb204b5f663d42aaf14ee40693_page_0012,04d03750a51cf1eb204b5f663d42aaf14ee40693.pdf#page=12,underscore_index,pending_review
04d03750a51cf1eb204b5f663d42aaf14ee40693_13,04d03750a51cf1eb204b5f663d42aaf14ee40693_page_0013,04d03750a51cf1eb204b5f663d42aaf14ee40693.pdf#page=13,underscore_index,pending_review
04d03750a51cf1eb204b5f663d42aaf14ee40693_14,04d03750a51cf1eb204b5f663d42aaf14ee40693_page_0014,04d03750a51cf1eb204b5f663d42aaf14ee40693.pdf#page=14,underscore_index,pending_review
04d03750a51cf1eb204b5f663d42aaf14ee40693_15,04d03750a51cf1eb204b5f663d42aaf14ee40693_page_0015,04d03750a51cf1eb204b5f663d42aaf14ee40693.pdf#page=15,underscore_index,pending_review
04d03750a51cf1eb204b5f663d42aaf14ee40693_16,04d03750a51cf1eb204b5f663d42aaf14ee40693_page_0016,04d03750a51cf1eb204b5f663d42aaf14ee40693.pdf#page=16,underscore_index,pending_review
04d03750a51cf1eb204b5f663d42aaf14ee40693_17,04d03750a51cf1eb204b5f663d42aaf14ee40693_page_0017,04d03750a51cf1eb204b5f663d42aaf14ee40693.pdf#page=17,underscore_index,pending_review
04d03750a51cf1eb204b5f663d42aaf14ee40693_18,04d03750a51cf1eb204b5f663d42aaf14ee40693_page_0018,04d03750a51cf1eb204b5f663d42aaf14ee40693.pdf#page=18,underscore_index,pending_review
04d03750a51cf1eb204b5f663d42aaf14ee40693_19,04d03750a51cf1eb204b5f663d42aaf14ee40693_page_0019,04d03750a51cf1eb204b5f663d42aaf14ee40693.pdf#page=19,underscore_index,pending_review
04d03750a51cf1eb204b5f663d42aaf14ee40693_20,04d03750a51cf1eb204b5f663d42aaf14ee40693_page_0020,04d03750a51cf1eb204b5f663d42aaf14ee40693.pdf#page=20,underscore_index,pending_review
04d03750a51cf1eb204b5f663d42aaf14ee40693_21,04d03750a51cf1eb204b5f663d42aaf14ee40693_page_0021,04d03750a51cf1eb204b5f663d42aaf14ee40693.pdf#page=21,underscore_index,pending_review
04d03750a51cf1eb204b5f663d42aaf14ee40693_22,04d03750a51cf1eb204b5f663d42aaf14ee40693_page_0022,04d03750a51cf1eb204b5f663d42aaf14ee40693.pdf#page=22,underscore_index,pending_review
04d03750a51cf1eb204b5f663d42aaf14ee40693_23,04d03750a51cf1eb204b5f663d42aaf14ee40693_page_0023,04d03750a51cf1eb204b5f663d42aaf14ee40693.pdf#page=23,underscore_index,pending_review
04d14102144bfa97bf1f2e41bda7986bd3f712c1_1,04d14102144bfa97bf1f2e41bda7986bd3f712c1_page_0001,04d14102144bfa97bf1f2e41bda7986bd3f712c1.pdf#page=1,underscore_index,pending_review
04d14102144bfa97bf1f2e41bda7986bd3f712c1_2,04d14102144bfa97bf1f2e41bda7986bd3f712c1_page_0002,04d14102144bfa97bf1f2e41bda7986bd3f712c1.pdf#page=2,underscore_index,pending_review
04d14102144bfa97bf1f2e41bda7986bd3f712c1_3,04d14102144bfa97bf1f2e41bda7986bd3f712c1_page_0003,04d14102144bfa97bf1f2e41bda7986bd3f712c1.pdf#page=3,underscore_index,pending_review
04d14102144bfa97bf1f2e41bda7986bd3f712c1_4,04d14102144bfa97bf1f2e41bda7986bd3f712c1_page_0004,04d14102144bfa97bf1f2e41bda7986bd3f712c1.pdf#page=4,underscore_index,pending_review
04d14102144bfa97bf1f2e41bda7986bd3f712c1_5,04d14102144bfa97bf1f2e41bda7986bd3f712c1_page_0005,04d14102144bfa97bf1f2e41bda7986bd3f712c1.pdf#page=5,underscore_index,pending_review
04d14102144bfa97bf1f2e41bda7986bd3f712c1_6,04d14102144bfa97bf1f2e41bda7986bd3f712c1_page_0006,04d14102144bfa97bf1f2e41bda7986bd3f712c1.pdf#page=6,underscore_index,pending_review
04d14102144bfa97bf1f2e41bda7986bd3f712c1_7,04d14102144bfa97bf1f2e41bda7986bd3f712c1_page_0007,04d14102144bfa97bf1f2e41bda7986bd3f712c1.pdf#page=7,underscore_index,pending_review
04d14102144bfa97bf1f2e41bda7986bd3f712c1_8,04d14102144bfa97bf1f2e41bda7986bd3f712c1_page_0008,04d14102144bfa97bf1f2e41bda7986bd3f712c1.pdf#page=8,underscore_index,pending_review
04d14102144bfa97bf1f2e41bda7986bd3f712c1_9,04d14102144bfa97bf1f2e41bda7986bd3f712c1_page_0009,04d14102144bfa97bf1f2e41bda7986bd3f712c1.pdf#page=9,underscore_index,pending_review
04d14102144bfa97bf1f2e41bda7986bd3f712c1_10,04d14102144bfa97bf1f2e41bda7986bd3f712c1_page_0010,04d14102144bfa97bf1f2e41bda7986bd3f712c1.pdf#page=10,underscore_index,pending_review
04d14102144bfa97bf1f2e41bda7986bd3f712c1_11,04d14102144bfa97bf1f2e41bda7986bd3f712c1_page_0011,04d14102144bfa97bf1f2e41bda7986bd3f712c1.pdf#page=11,underscore_index,pending_review
04d14102144bfa97bf1f2e41bda7986bd3f712c1_12,04d14102144bfa97bf1f2e41bda7986bd3f712c1_page_0012,04d14102144bfa97bf1f2e41bda7986bd3f712c1.pdf#page=12,underscore_index,pending_review
04d14102144bfa97bf1f2e41bda7986bd3f712c1_13,04d14102144bfa97bf1f2e41bda7986bd3f712c1_page_0013,04d14102144bfa97bf1f2e41bda7986bd3f712c1.pdf#page=13,underscore_index,pending_review
04d14102144bfa97bf1f2e41bda7986bd3f712c1_14,04d14102144bfa97bf1f2e41bda7986bd3f712c1_page_0014,04d14102144bfa97bf1f2e41bda7986bd3f712c1.pdf#page=14,underscore_index,pending_review
04d14102144bfa97bf1f2e41bda7986bd3f712c1_15,04d14102144bfa97bf1f2e41bda7986bd3f712c1_page_0015,04d14102144bfa97bf1f2e41bda7986bd3f712c1.pdf#page=15,underscore_index,pending_review
04d14102144bfa97bf1f2e41bda7986bd3f712c1_16,04d14102144bfa97bf1f2e41bda7986bd3f712c1_page_0016,04d14102144bfa97bf1f2e41bda7986bd3f712c1.pdf#page=16,underscore_index,pending_review
04d14102144bfa97bf1f2e41bda7986bd3f712c1_17,04d14102144bfa97bf1f2e41bda7986bd3f712c1_page_0017,04d14102144bfa97bf1f2e41bda7986bd3f712c1.pdf#page=17,underscore_index,pending_review
04d14102144bfa97bf1f2e41bda7986bd3f712c1_18,04d14102144bfa97bf1f2e41bda7986bd3f712c1_page_0018,04d14102144bfa97bf1f2e41bda7986bd3f712c1.pdf#page=18,underscore_index,pending_review
04d14102144bfa97bf1f2e41bda7986bd3f712c1_19,04d14102144bfa97bf1f2e41bda7986bd3f712c1_page_0019,04d14102144bfa97bf1f2e41bda7986bd3f712c1.pdf#page=19,underscore_index,pending_review
04d14102144bfa97bf1f2e41bda7986bd3f712c1_20,04d14102144bfa97bf1f2e41bda7986bd3f712c1_page_0020,04d14102144bfa97bf1f2e41bda7986bd3f712c1.pdf#page=20,underscore_index,pending_review
04d14102144bfa97bf1f2e41bda7986bd3f712c1_21,04d14102144bfa97bf1f2e41bda7986bd3f712c1_page_0021,04d14102144bfa97bf1f2e41bda7986bd3f712c1.pdf#page=21,underscore_index,pending_review
04d14102144bfa97bf1f2e41bda7986bd3f712c1_22,04d14102144bfa97bf1f2e41bda7986bd3f712c1_page_0022,04d14102144bfa97bf1f2e41bda7986bd3f712c1.pdf#page=22,underscore_index,pending_review
04d14102144bfa97bf1f2e41bda7986bd3f712c1_23,04d14102144bfa97bf1f2e41bda7986bd3f712c1_page_0023,04d14102144bfa97bf1f2e41bda7986bd3f712c1.pdf#page=23,underscore_index,pending_review
04d14102144bfa97bf1f2e41bda7986bd3f712c1_24,04d14102144bfa97bf1f2e41bda7986bd3f712c1_page_0024,04d14102144bfa97bf1f2e41bda7986bd3f712c1.pdf#page=24,underscore_index,pending_review
04d8bb0db929110f204723c56e5386c1d8d21587_1,04d8bb0db929110f204723c56e5386c1d8d21587_page_0001,04d8bb0db929110f204723c56e5386c1d8d21587.pdf#page=1,underscore_index,pending_review
04d8bb0db929110f204723c56e5386c1d8d21587_2,04d8bb0db929110f204723c56e5386c1d8d21587_page_0002,04d8bb0db929110f204723c56e5386c1d8d21587.pdf#page=2,underscore_index,pending_review
04d8bb0db929110f204723c56e5386c1d8d21587_3,04d8bb0db929110f204723c56e5386c1d8d21587_page_0003,04d8bb0db929110f204723c56e5386c1d8d21587.pdf#page=3,underscore_index,pending_review
04d8bb0db929110f204723c56e5386c1d8d21587_4,04d8bb0db929110f204723c56e5386c1d8d21587_page_0004,04d8bb0db929110f204723c56e5386c1d8d21587.pdf#page=4,underscore_index,pending_review
04d8bb0db929110f204723c56e5386c1d8d21587_5,04d8bb0db929110f204723c56e5386c1d8d21587_page_0005,04d8bb0db929110f204723c56e5386c1d8d21587.pdf#page=5,underscore_index,pending_review
04d8bb0db929110f204723c56e5386c1d8d21587_6,04d8bb0db929110f204723c56e5386c1d8d21587_page_0006,04d8bb0db929110f204723c56e5386c1d8d21587.pdf#page=6,underscore_index,pending_review
04d8bb0db929110f204723c56e5386c1d8d21587_7,04d8bb0db929110f204723c56e5386c1d8d21587_page_0007,04d8bb0db929110f204723c56e5386c1d8d21587.pdf#page=7,underscore_index,pending_review
04d8bb0db929110f204723c56e5386c1d8d21587_8,04d8bb0db929110f204723c56e5386c1d8d21587_page_0008,04d8bb0db929110f204723c56e5386c1d8d21587.pdf#page=8,underscore_index,pending_review
04d8bb0db929110f204723c56e5386c1d8d21587_9,04d8bb0db929110f204723c56e5386c1d8d21587_page_0009,04d8bb0db929110f204723c56e5386c1d8d21587.pdf#page=9,underscore_index,pending_review
04d8bb0db929110f204723c56e5386c1d8d21587_10,04d8bb0db929110f204723c56e5386c1d8d21587_page_0010,04d8bb0db929110f204723c56e5386c1d8d21587.pdf#page=10,underscore_index,pending_review
04d8bb0db929110f204723c56e5386c1d8d21587_11,04d8bb0db929110f204723c56e5386c1d8d21587_page_0011,04d8bb0db929110f204723c56e5386c1d8d21587.pdf#page=11,underscore_index,pending_review
04d8bb0db929110f204723c56e5386c1d8d21587_12,04d8bb0db929110f204723c56e5386c1d8d21587_page_0012,04d8bb0db929110f204723c56e5386c1d8d21587.pdf#page=12,underscore_index,pending_review
04d8bb0db929110f204723c56e5386c1d8d21587_13,04d8bb0db929110f204723c56e5386c1d8d21587_page_0013,04d8bb0db929110f204723c56e5386c1d8d21587.pdf#page=13,underscore_index,pending_review
04d8bb0db929110f204723c56e5386c1d8d21587_14,04d8bb0db929110f204723c56e5386c1d8d21587_page_0014,04d8bb0db929110f204723c56e5386c1d8d21587.pdf#page=14,underscore_index,pending_review
04d8bb0db929110f204723c56e5386c1d8d21587_15,04d8bb0db929110f204723c56e5386c1d8d21587_page_0015,04d8bb0db929110f204723c56e5386c1d8d21587.pdf#page=15,underscore_index,pending_review
04d8bb0db929110f204723c56e5386c1d8d21587_16,04d8bb0db929110f204723c56e5386c1d8d21587_page_0016,04d8bb0db929110f204723c56e5386c1d8d21587.pdf#page=16,underscore_index,pending_review
04d8bb0db929110f204723c56e5386c1d8d21587_17,04d8bb0db929110f204723c56e5386c1d8d21587_page_0017,04d8bb0db929110f204723c56e5386c1d8d21587.pdf#page=17,underscore_index,pending_review
04d8bb0db929110f204723c56e5386c1d8d21587_18,04d8bb0db929110f204723c56e5386c1d8d21587_page_0018,04d8bb0db929110f204723c56e5386c1d8d21587.pdf#page=18,underscore_index,pending_review
04d8bb0db929110f204723c56e5386c1d8d21587_19,04d8bb0db929110f204723c56e5386c1d8d21587_page_0019,04d8bb0db929110f204723c56e5386c1d8d21587.pdf#page=19,underscore_index,pending_review
04d8bb0db929110f204723c56e5386c1d8d21587_20,04d8bb0db929110f204723c56e5386c1d8d21587_page_0020,04d8bb0db929110f204723c56e5386c1d8d21587.pdf#page=20,underscore_index,pending_review
04d8bb0db929110f204723c56e5386c1d8d21587_21,04d8bb0db929110f204723c56e5386c1d8d21587_page_0021,04d8bb0db929110f204723c56e5386c1d8d21587.pdf#page=21,underscore_index,pending_review
04d8bb0db929110f204723c56e5386c1d8d21587_22,04d8bb0db929110f204723c56e5386c1d8d21587_page_0022,04d8bb0db929110f204723c56e5386c1d8d21587.pdf#page=22,underscore_index,pending_review
04d8bb0db929110f204723c56e5386c1d8d21587_23,04d8bb0db929110f204723c56e5386c1d8d21587_page_0023,04d8bb0db929110f204723c56e5386c1d8d21587.pdf#page=23,underscore_index,pending_review
04db4a5c08c5cac1e5d49dcaa872e2f24b31ff29_1,04db4a5c08c5cac1e5d49dcaa872e2f24b31ff29_page_0001,04db4a5c08c5cac1e5d49dcaa872e2f24b31ff29.pdf#page=1,underscore_index,pending_review
04db4a5c08c5cac1e5d49dcaa872e2f24b31ff29_2,04db4a5c08c5cac1e5d49dcaa872e2f24b31ff29_page_0002,04db4a5c08c5cac1e5d49dcaa872e2f24b31ff29.pdf#page=2,underscore_index,pending_review
04db4a5c08c5cac1e5d49dcaa872e2f24b31ff29_3,04db4a5c08c5cac1e5d49dcaa872e2f24b31ff29_page_0003,04db4a5c08c5cac1e5d49dcaa872e2f24b31ff29.pdf#page=3,underscore_index,pending_review
04db4a5c08c5cac1e5d49dcaa872e2f24b31ff29_4,04db4a5c08c5cac1e5d49dcaa872e2f24b31ff29_page_0004,04db4a5c08c5cac1e5d49dcaa872e2f24b31ff29.pdf#page=4,underscore_index,pending_review
04db4a5c08c5cac1e5d49dcaa872e2f24b31ff29_5,04db4a5c08c5cac1e5d49dcaa872e2f24b31ff29_page_0005,04db4a5c08c5cac1e5d49dcaa872e2f24b31ff29.pdf#page=5,underscore_index,pending_review
04db4a5c08c5cac1e5d49dcaa872e2f24b31ff29_6,04db4a5c08c5cac1e5d49dcaa872e2f24b31ff29_page_0006,04db4a5c08c5cac1e5d49dcaa872e2f24b31ff29.pdf#page=6,underscore_index,pending_review
04db4a5c08c5cac1e5d49dcaa872e2f24b31ff29_7,04db4a5c08c5cac1e5d49dcaa872e2f24b31ff29_page_0007,04db4a5c08c5cac1e5d49dcaa872e2f24b31ff29.pdf#page=7,underscore_index,pending_review
04db4a5c08c5cac1e5d49dcaa872e2f24b31ff29_8,04db4a5c08c5cac1e5d49dcaa872e2f24b31ff29_page_0008,04db4a5c08c5cac1e5d49dcaa872e2f24b31ff29.pdf#page=8,underscore_index,pending_review
04db4a5c08c5cac1e5d49dcaa872e2f24b31ff29_9,04db4a5c08c5cac1e5d49dcaa872e2f24b31ff29_page_0009,04db4a5c08c5cac1e5d49dcaa872e2f24b31ff29.pdf#page=9,underscore_index,pending_review
04db4a5c08c5cac1e5d49dcaa872e2f24b31ff29_10,04db4a5c08c5cac1e5d49dcaa872e2f24b31ff29_page_0010,04db4a5c08c5cac1e5d49dcaa872e2f24b31ff29.pdf#page=10,underscore_index,pending_review
04dc0db4eefee1ab8f9d77c40047cce2d0a5f087_1,04dc0db4eefee1ab8f9d77c40047cce2d0a5f087_page_0001,04dc0db4eefee1ab8f9d77c40047cce2d0a5f087.pdf#page=1,underscore_index,pending_review
04dc0db4eefee1ab8f9d77c40047cce2d0a5f087_2,04dc0db4eefee1ab8f9d77c40047cce2d0a5f087_page_0002,04dc0db4eefee1ab8f9d77c40047cce2d0a5f087.pdf#page=2,underscore_index,pending_review
04dc0db4eefee1ab8f9d77c40047cce2d0a5f087_3,04dc0db4eefee1ab8f9d77c40047cce2d0a5f087_page_0003,04dc0db4eefee1ab8f9d77c40047cce2d0a5f087.pdf#page=3,underscore_index,pending_review
04dc0db4eefee1ab8f9d77c40047cce2d0a5f087_4,04dc0db4eefee1ab8f9d77c40047cce2d0a5f087_page_0004,04dc0db4eefee1ab8f9d77c40047cce2d0a5f087.pdf#page=4,underscore_index,pending_review
04dc0db4eefee1ab8f9d77c40047cce2d0a5f087_5,04dc0db4eefee1ab8f9d77c40047cce2d0a5f087_page_0005,04dc0db4eefee1ab8f9d77c40047cce2d0a5f087.pdf#page=5,underscore_index,pending_review
04dc0db4eefee1ab8f9d77c40047cce2d0a5f087_6,04dc0db4eefee1ab8f9d77c40047cce2d0a5f087_page_0006,04dc0db4eefee1ab8f9d77c40047cce2d0a5f087.pdf#page=6,underscore_index,pending_review
04dc0db4eefee1ab8f9d77c40047cce2d0a5f087_7,04dc0db4eefee1ab8f9d77c40047cce2d0a5f087_page_0007,04dc0db4eefee1ab8f9d77c40047cce2d0a5f087.pdf#page=7,underscore_index,pending_review
04dc0db4eefee1ab8f9d77c40047cce2d0a5f087_8,04dc0db4eefee1ab8f9d77c40047cce2d0a5f087_page_0008,04dc0db4eefee1ab8f9d77c40047cce2d0a5f087.pdf#page=8,underscore_index,pending_review
04dc0db4eefee1ab8f9d77c40047cce2d0a5f087_9,04dc0db4eefee1ab8f9d77c40047cce2d0a5f087_page_0009,04dc0db4eefee1ab8f9d77c40047cce2d0a5f087.pdf#page=9,underscore_index,pending_review
04dc0db4eefee1ab8f9d77c40047cce2d0a5f087_10,04dc0db4eefee1ab8f9d77c40047cce2d0a5f087_page_0010,04dc0db4eefee1ab8f9d77c40047cce2d0a5f087.pdf#page=10,underscore_index,pending_review
04dc0db4eefee1ab8f9d77c40047cce2d0a5f087_11,04dc0db4eefee1ab8f9d77c40047cce2d0a5f087_page_0011,04dc0db4eefee1ab8f9d77c40047cce2d0a5f087.pdf#page=11,underscore_index,pending_review
04dc0db4eefee1ab8f9d77c40047cce2d0a5f087_12,04dc0db4eefee1ab8f9d77c40047cce2d0a5f087_page_0012,04dc0db4eefee1ab8f9d77c40047cce2d0a5f087.pdf#page=12,underscore_index,pending_review
04dc0db4eefee1ab8f9d77c40047cce2d0a5f087_13,04dc0db4eefee1ab8f9d77c40047cce2d0a5f087_page_0013,04dc0db4eefee1ab8f9d77c40047cce2d0a5f087.pdf#page=13,underscore_index,pending_review
04dc0db4eefee1ab8f9d77c40047cce2d0a5f087_14,04dc0db4eefee1ab8f9d77c40047cce2d0a5f087_page_0014,04dc0db4eefee1ab8f9d77c40047cce2d0a5f087.pdf#page=14,underscore_index,pending_review
04dc0db4eefee1ab8f9d77c40047cce2d0a5f087_15,04dc0db4eefee1ab8f9d77c40047cce2d0a5f087_page_0015,04dc0db4eefee1ab8f9d77c40047cce2d0a5f087.pdf#page=15,underscore_index,pending_review
04dc0db4eefee1ab8f9d77c40047cce2d0a5f087_16,04dc0db4eefee1ab8f9d77c40047cce2d0a5f087_page_0016,04dc0db4eefee1ab8f9d77c40047cce2d0a5f087.pdf#page=16,underscore_index,pending_review
04dc0db4eefee1ab8f9d77c40047cce2d0a5f087_17,04dc0db4eefee1ab8f9d77c40047cce2d0a5f087_page_0017,04dc0db4eefee1ab8f9d77c40047cce2d0a5f087.pdf#page=17,underscore_index,pending_review
04dc0db4eefee1ab8f9d77c40047cce2d0a5f087_18,04dc0db4eefee1ab8f9d77c40047cce2d0a5f087_page_0018,04dc0db4eefee1ab8f9d77c40047cce2d0a5f087.pdf#page=18,underscore_index,pending_review
04e2b6db5fd32c43649acdf45cb23e2b2ebe2bb0_1,04e2b6db5fd32c43649acdf45cb23e2b2ebe2bb0_page_0001,04e2b6db5fd32c43649acdf45cb23e2b2ebe2bb0.pdf#page=1,underscore_index,pending_review
04e2b6db5fd32c43649acdf45cb23e2b2ebe2bb0_2,04e2b6db5fd32c43649acdf45cb23e2b2ebe2bb0_page_0002,04e2b6db5fd32c43649acdf45cb23e2b2ebe2bb0.pdf#page=2,underscore_index,pending_review
04e2b6db5fd32c43649acdf45cb23e2b2ebe2bb0_3,04e2b6db5fd32c43649acdf45cb23e2b2ebe2bb0_page_0003,04e2b6db5fd32c43649acdf45cb23e2b2ebe2bb0.pdf#page=3,underscore_index,pending_review
04e2b6db5fd32c43649acdf45cb23e2b2ebe2bb0_4,04e2b6db5fd32c43649acdf45cb23e2b2ebe2bb0_page_0004,04e2b6db5fd32c43649acdf45cb23e2b2ebe2bb0.pdf#page=4,underscore_index,pending_review
04e2b6db5fd32c43649acdf45cb23e2b2ebe2bb0_5,04e2b6db5fd32c43649acdf45cb23e2b2ebe2bb0_page_0005,04e2b6db5fd32c43649acdf45cb23e2b2ebe2bb0.pdf#page=5,underscore_index,pending_review
04e2b6db5fd32c43649acdf45cb23e2b2ebe2bb0_6,04e2b6db5fd32c43649acdf45cb23e2b2ebe2bb0_page_0006,04e2b6db5fd32c43649acdf45cb23e2b2ebe2bb0.pdf#page=6,underscore_index,pending_review
04e2b6db5fd32c43649acdf45cb23e2b2ebe2bb0_7,04e2b6db5fd32c43649acdf45cb23e2b2ebe2bb0_page_0007,04e2b6db5fd32c43649acdf45cb23e2b2ebe2bb0.pdf#page=7,underscore_index,pending_review
04e2b6db5fd32c43649acdf45cb23e2b2ebe2bb0_8,04e2b6db5fd32c43649acdf45cb23e2b2ebe2bb0_page_0008,04e2b6db5fd32c43649acdf45cb23e2b2ebe2bb0.pdf#page=8,underscore_index,pending_review
04e2b6db5fd32c43649acdf45cb23e2b2ebe2bb0_9,04e2b6db5fd32c43649acdf45cb23e2b2ebe2bb0_page_0009,04e2b6db5fd32c43649acdf45cb23e2b2ebe2bb0.pdf#page=9,underscore_index,pending_review
04e2b6db5fd32c43649acdf45cb23e2b2ebe2bb0_10,04e2b6db5fd32c43649acdf45cb23e2b2ebe2bb0_page_0010,04e2b6db5fd32c43649acdf45cb23e2b2ebe2bb0.pdf#page=10,underscore_index,pending_review
04e2b6db5fd32c43649acdf45cb23e2b2ebe2bb0_11,04e2b6db5fd32c43649acdf45cb23e2b2ebe2bb0_page_0011,04e2b6db5fd32c43649acdf45cb23e2b2ebe2bb0.pdf#page=11,underscore_index,pending_review
04e2b6db5fd32c43649acdf45cb23e2b2ebe2bb0_12,04e2b6db5fd32c43649acdf45cb23e2b2ebe2bb0_page_0012,04e2b6db5fd32c43649acdf45cb23e2b2ebe2bb0.pdf#page=12,underscore_index,pending_review
04e2b6db5fd32c43649acdf45cb23e2b2ebe2bb0_13,04e2b6db5fd32c43649acdf45cb23e2b2ebe2bb0_page_0013,04e2b6db5fd32c43649acdf45cb23e2b2ebe2bb0.pdf#page=13,underscore_index,pending_review
04e2b6db5fd32c43649acdf45cb23e2b2ebe2bb0_14,04e2b6db5fd32c43649acdf45cb23e2b2ebe2bb0_page_0014,04e2b6db5fd32c43649acdf45cb23e2b2ebe2bb0.pdf#page=14,underscore_index,pending_review
04e2b6db5fd32c43649acdf45cb23e2b2ebe2bb0_15,04e2b6db5fd32c43649acdf45cb23e2b2ebe2bb0_page_0015,04e2b6db5fd32c43649acdf45cb23e2b2ebe2bb0.pdf#page=15,underscore_index,pending_review
04e2b6db5fd32c43649acdf45cb23e2b2ebe2bb0_16,04e2b6db5fd32c43649acdf45cb23e2b2ebe2bb0_page_0016,04e2b6db5fd32c43649acdf45cb23e2b2ebe2bb0.pdf#page=16,underscore_index,pending_review
04e2b6db5fd32c43649acdf45cb23e2b2ebe2bb0_17,04e2b6db5fd32c43649acdf45cb23e2b2ebe2bb0_page_0017,04e2b6db5fd32c43649acdf45cb23e2b2ebe2bb0.pdf#page=17,underscore_index,pending_review
04e2b6db5fd32c43649acdf45cb23e2b2ebe2bb0_18,04e2b6db5fd32c43649acdf45cb23e2b2ebe2bb0_page_0018,04e2b6db5fd32c43649acdf45cb23e2b2ebe2bb0.pdf#page=18,underscore_index,pending_review
04e2b6db5fd32c43649acdf45cb23e2b2ebe2bb0_19,04e2b6db5fd32c43649acdf45cb23e2b2ebe2bb0_page_0019,04e2b6db5fd32c43649acdf45cb23e2b2ebe2bb0.pdf#page=19,underscore_index,pending_review
04e2b6db5fd32c43649acdf45cb23e2b2ebe2bb0_20,04e2b6db5fd32c43649acdf45cb23e2b2ebe2bb0_page_0020,04e2b6db5fd32c43649acdf45cb23e2b2ebe2bb0.pdf#page=20,underscore_index,pending_review
04e2b6db5fd32c43649acdf45cb23e2b2ebe2bb0_21,04e2b6db5fd32c43649acdf45cb23e2b2ebe2bb0_page_0021,04e2b6db5fd32c43649acdf45cb23e2b2ebe2bb0.pdf#page=21,underscore_index,pending_review
04e2b6db5fd32c43649acdf45cb23e2b2ebe2bb0_22,04e2b6db5fd32c43649acdf45cb23e2b2ebe2bb0_page_0022,04e2b6db5fd32c43649acdf45cb23e2b2ebe2bb0.pdf#page=22,underscore_index,pending_review
04e2b6db5fd32c43649acdf45cb23e2b2ebe2bb0_23,04e2b6db5fd32c43649acdf45cb23e2b2ebe2bb0_page_0023,04e2b6db5fd32c43649acdf45cb23e2b2ebe2bb0.pdf#page=23,underscore_index,pending_review
04e2b6db5fd32c43649acdf45cb23e2b2ebe2bb0_24,04e2b6db5fd32c43649acdf45cb23e2b2ebe2bb0_page_0024,04e2b6db5fd32c43649acdf45cb23e2b2ebe2bb0.pdf#page=24,underscore_index,pending_review
04e2b6db5fd32c43649acdf45cb23e2b2ebe2bb0_25,04e2b6db5fd32c43649acdf45cb23e2b2ebe2bb0_page_0025,04e2b6db5fd32c43649acdf45cb23e2b2ebe2bb0.pdf#page=25,underscore_index,pending_review
04ef5ceb6b8b0bb055c715259533d21a82475fc4_1,04ef5ceb6b8b0bb055c715259533d21a82475fc4_page_0001,04ef5ceb6b8b0bb055c715259533d21a82475fc4.pdf#page=1,underscore_index,pending_review
04ef5ceb6b8b0bb055c715259533d21a82475fc4_2,04ef5ceb6b8b0bb055c715259533d21a82475fc4_page_0002,04ef5ceb6b8b0bb055c715259533d21a82475fc4.pdf#page=2,underscore_index,pending_review
04ef5ceb6b8b0bb055c715259533d21a82475fc4_3,04ef5ceb6b8b0bb055c715259533d21a82475fc4_page_0003,04ef5ceb6b8b0bb055c715259533d21a82475fc4.pdf#page=3,underscore_index,pending_review
04ef5ceb6b8b0bb055c715259533d21a82475fc4_4,04ef5ceb6b8b0bb055c715259533d21a82475fc4_page_0004,04ef5ceb6b8b0bb055c715259533d21a82475fc4.pdf#page=4,underscore_index,pending_review
04ef5ceb6b8b0bb055c715259533d21a82475fc4_5,04ef5ceb6b8b0bb055c715259533d21a82475fc4_page_0005,04ef5ceb6b8b0bb055c715259533d21a82475fc4.pdf#page=5,underscore_index,pending_review
04ef5ceb6b8b0bb055c715259533d21a82475fc4_6,04ef5ceb6b8b0bb055c715259533d21a82475fc4_page_0006,04ef5ceb6b8b0bb055c715259533d21a82475fc4.pdf#page=6,underscore_index,pending_review
04ef5ceb6b8b0bb055c715259533d21a82475fc4_7,04ef5ceb6b8b0bb055c715259533d21a82475fc4_page_0007,04ef5ceb6b8b0bb055c715259533d21a82475fc4.pdf#page=7,underscore_index,pending_review
04ef5ceb6b8b0bb055c715259533d21a82475fc4_8,04ef5ceb6b8b0bb055c715259533d21a82475fc4_page_0008,04ef5ceb6b8b0bb055c715259533d21a82475fc4.pdf#page=8,underscore_index,pending_review
04ef5ceb6b8b0bb055c715259533d21a82475fc4_9,04ef5ceb6b8b0bb055c715259533d21a82475fc4_page_0009,04ef5ceb6b8b0bb055c715259533d21a82475fc4.pdf#page=9,underscore_index,pending_review
04ef5ceb6b8b0bb055c715259533d21a82475fc4_10,04ef5ceb6b8b0bb055c715259533d21a82475fc4_page_0010,04ef5ceb6b8b0bb055c715259533d21a82475fc4.pdf#page=10,underscore_index,pending_review
04ef5ceb6b8b0bb055c715259533d21a82475fc4_11,04ef5ceb6b8b0bb055c715259533d21a82475fc4_page_0011,04ef5ceb6b8b0bb055c715259533d21a82475fc4.pdf#page=11,underscore_index,pending_review
04ef5ceb6b8b0bb055c715259533d21a82475fc4_12,04ef5ceb6b8b0bb055c715259533d21a82475fc4_page_0012,04ef5ceb6b8b0bb055c715259533d21a82475fc4.pdf#page=12,underscore_index,pending_review
04ef5ceb6b8b0bb055c715259533d21a82475fc4_13,04ef5ceb6b8b0bb055c715259533d21a82475fc4_page_0013,04ef5ceb6b8b0bb055c715259533d21a82475fc4.pdf#page=13,underscore_index,pending_review
04ef5ceb6b8b0bb055c715259533d21a82475fc4_14,04ef5ceb6b8b0bb055c715259533d21a82475fc4_page_0014,04ef5ceb6b8b0bb055c715259533d21a82475fc4.pdf#page=14,underscore_index,pending_review
04ef5ceb6b8b0bb055c715259533d21a82475fc4_15,04ef5ceb6b8b0bb055c715259533d21a82475fc4_page_0015,04ef5ceb6b8b0bb055c715259533d21a82475fc4.pdf#page=15,underscore_index,pending_review
04ef5ceb6b8b0bb055c715259533d21a82475fc4_16,04ef5ceb6b8b0bb055c715259533d21a82475fc4_page_0016,04ef5ceb6b8b0bb055c715259533d21a82475fc4.pdf#page=16,underscore_index,pending_review
04ef5ceb6b8b0bb055c715259533d21a82475fc4_17,04ef5ceb6b8b0bb055c715259533d21a82475fc4_page_0017,04ef5ceb6b8b0bb055c715259533d21a82475fc4.pdf#page=17,underscore_index,pending_review
04ef5ceb6b8b0bb055c715259533d21a82475fc4_18,04ef5ceb6b8b0bb055c715259533d21a82475fc4_page_0018,04ef5ceb6b8b0bb055c715259533d21a82475fc4.pdf#page=18,underscore_index,pending_review
04ef5ceb6b8b0bb055c715259533d21a82475fc4_19,04ef5ceb6b8b0bb055c715259533d21a82475fc4_page_0019,04ef5ceb6b8b0bb055c715259533d21a82475fc4.pdf#page=19,underscore_index,pending_review
04ef5ceb6b8b0bb055c715259533d21a82475fc4_20,04ef5ceb6b8b0bb055c715259533d21a82475fc4_page_0020,04ef5ceb6b8b0bb055c715259533d21a82475fc4.pdf#page=20,underscore_index,pending_review
04fbac4cb4c0de17f371d1ef6de15d535c9c875f_1,04fbac4cb4c0de17f371d1ef6de15d535c9c875f_page_0001,04fbac4cb4c0de17f371d1ef6de15d535c9c875f.pdf#page=1,underscore_index,pending_review
04fbac4cb4c0de17f371d1ef6de15d535c9c875f_2,04fbac4cb4c0de17f371d1ef6de15d535c9c875f_page_0002,04fbac4cb4c0de17f371d1ef6de15d535c9c875f.pdf#page=2,underscore_index,pending_review
04fbac4cb4c0de17f371d1ef6de15d535c9c875f_3,04fbac4cb4c0de17f371d1ef6de15d535c9c875f_page_0003,04fbac4cb4c0de17f371d1ef6de15d535c9c875f.pdf#page=3,underscore_index,pending_review
04fbac4cb4c0de17f371d1ef6de15d535c9c875f_4,04fbac4cb4c0de17f371d1ef6de15d535c9c875f_page_0004,04fbac4cb4c0de17f371d1ef6de15d535c9c875f.pdf#page=4,underscore_index,pending_review
04fbac4cb4c0de17f371d1ef6de15d535c9c875f_5,04fbac4cb4c0de17f371d1ef6de15d535c9c875f_page_0005,04fbac4cb4c0de17f371d1ef6de15d535c9c875f.pdf#page=5,underscore_index,pending_review
04fbac4cb4c0de17f371d1ef6de15d535c9c875f_6,04fbac4cb4c0de17f371d1ef6de15d535c9c875f_page_0006,04fbac4cb4c0de17f371d1ef6de15d535c9c875f.pdf#page=6,underscore_index,pending_review
04fbac4cb4c0de17f371d1ef6de15d535c9c875f_7,04fbac4cb4c0de17f371d1ef6de15d535c9c875f_page_0007,04fbac4cb4c0de17f371d1ef6de15d535c9c875f.pdf#page=7,underscore_index,pending_review
04fbac4cb4c0de17f371d1ef6de15d535c9c875f_8,04fbac4cb4c0de17f371d1ef6de15d535c9c875f_page_0008,04fbac4cb4c0de17f371d1ef6de15d535c9c875f.pdf#page=8,underscore_index,pending_review
04fbac4cb4c0de17f371d1ef6de15d535c9c875f_9,04fbac4cb4c0de17f371d1ef6de15d535c9c875f_page_0009,04fbac4cb4c0de17f371d1ef6de15d535c9c875f.pdf#page=9,underscore_index,pending_review
04fbac4cb4c0de17f371d1ef6de15d535c9c875f_10,04fbac4cb4c0de17f371d1ef6de15d535c9c875f_page_0010,04fbac4cb4c0de17f371d1ef6de15d535c9c875f.pdf#page=10,underscore_index,pending_review
04fbac4cb4c0de17f371d1ef6de15d535c9c875f_11,04fbac4cb4c0de17f371d1ef6de15d535c9c875f_page_0011,04fbac4cb4c0de17f371d1ef6de15d535c9c875f.pdf#page=11,underscore_index,pending_review
04fbac4cb4c0de17f371d1ef6de15d535c9c875f_12,04fbac4cb4c0de17f371d1ef6de15d535c9c875f_page_0012,04fbac4cb4c0de17f371d1ef6de15d535c9c875f.pdf#page=12,underscore_index,pending_review
04fbac4cb4c0de17f371d1ef6de15d535c9c875f_13,04fbac4cb4c0de17f371d1ef6de15d535c9c875f_page_0013,04fbac4cb4c0de17f371d1ef6de15d535c9c875f.pdf#page=13,underscore_index,pending_review
04fbac4cb4c0de17f371d1ef6de15d535c9c875f_14,04fbac4cb4c0de17f371d1ef6de15d535c9c875f_page_0014,04fbac4cb4c0de17f371d1ef6de15d535c9c875f.pdf#page=14,underscore_index,pending_review
04fbac4cb4c0de17f371d1ef6de15d535c9c875f_15,04fbac4cb4c0de17f371d1ef6de15d535c9c875f_page_0015,04fbac4cb4c0de17f371d1ef6de15d535c9c875f.pdf#page=15,underscore_index,pending_review
04fbac4cb4c0de17f371d1ef6de15d535c9c875f_16,04fbac4cb4c0de17f371d1ef6de15d535c9c875f_page_0016,04fbac4cb4c0de17f371d1ef6de15d535c9c875f.pdf#page=16,underscore_index,pending_review
04fbac4cb4c0de17f371d1ef6de15d535c9c875f_17,04fbac4cb4c0de17f371d1ef6de15d535c9c875f_page_0017,04fbac4cb4c0de17f371d1ef6de15d535c9c875f.pdf#page=17,underscore_index,pending_review
04fbac4cb4c0de17f371d1ef6de15d535c9c875f_18,04fbac4cb4c0de17f371d1ef6de15d535c9c875f_page_0018,04fbac4cb4c0de17f371d1ef6de15d535c9c875f.pdf#page=18,underscore_index,pending_review
04fbac4cb4c0de17f371d1ef6de15d535c9c875f_19,04fbac4cb4c0de17f371d1ef6de15d535c9c875f_page_0019,04fbac4cb4c0de17f371d1ef6de15d535c9c875f.pdf#page=19,underscore_index,pending_review
04fbac4cb4c0de17f371d1ef6de15d535c9c875f_20,04fbac4cb4c0de17f371d1ef6de15d535c9c875f_page_0020,04fbac4cb4c0de17f371d1ef6de15d535c9c875f.pdf#page=20,underscore_index,pending_review
04fbac4cb4c0de17f371d1ef6de15d535c9c875f_21,04fbac4cb4c0de17f371d1ef6de15d535c9c875f_page_0021,04fbac4cb4c0de17f371d1ef6de15d535c9c875f.pdf#page=21,underscore_index,pending_review
04fbac4cb4c0de17f371d1ef6de15d535c9c875f_22,04fbac4cb4c0de17f371d1ef6de15d535c9c875f_page_0022,04fbac4cb4c0de17f371d1ef6de15d535c9c875f.pdf#page=22,underscore_index,pending_review
04fbc940ab77d9025ccd3b061548e5723b2112bc_1,04fbc940ab77d9025ccd3b061548e5723b2112bc_page_0001,04fbc940ab77d9025ccd3b061548e5723b2112bc.pdf#page=1,underscore_index,pending_review
04fbc940ab77d9025ccd3b061548e5723b2112bc_2,04fbc940ab77d9025ccd3b061548e5723b2112bc_page_0002,04fbc940ab77d9025ccd3b061548e5723b2112bc.pdf#page=2,underscore_index,pending_review
04fbc940ab77d9025ccd3b061548e5723b2112bc_3,04fbc940ab77d9025ccd3b061548e5723b2112bc_page_0003,04fbc940ab77d9025ccd3b061548e5723b2112bc.pdf#page=3,underscore_index,pending_review
04fbc940ab77d9025ccd3b061548e5723b2112bc_4,04fbc940ab77d9025ccd3b061548e5723b2112bc_page_0004,04fbc940ab77d9025ccd3b061548e5723b2112bc.pdf#page=4,underscore_index,pending_review
04fbc940ab77d9025ccd3b061548e5723b2112bc_5,04fbc940ab77d9025ccd3b061548e5723b2112bc_page_0005,04fbc940ab77d9025ccd3b061548e5723b2112bc.pdf#page=5,underscore_index,pending_review
04fbc940ab77d9025ccd3b061548e5723b2112bc_6,04fbc940ab77d9025ccd3b061548e5723b2112bc_page_0006,04fbc940ab77d9025ccd3b061548e5723b2112bc.pdf#page=6,underscore_index,pending_review
04fbc940ab77d9025ccd3b061548e5723b2112bc_7,04fbc940ab77d9025ccd3b061548e5723b2112bc_page_0007,04fbc940ab77d9025ccd3b061548e5723b2112bc.pdf#page=7,underscore_index,pending_review
04fbc940ab77d9025ccd3b061548e5723b2112bc_8,04fbc940ab77d9025ccd3b061548e5723b2112bc_page_0008,04fbc940ab77d9025ccd3b061548e5723b2112bc.pdf#page=8,underscore_index,pending_review
04fbc940ab77d9025ccd3b061548e5723b2112bc_9,04fbc940ab77d9025ccd3b061548e5723b2112bc_page_0009,04fbc940ab77d9025ccd3b061548e5723b2112bc.pdf#page=9,underscore_index,pending_review
04fbc940ab77d9025ccd3b061548e5723b2112bc_10,04fbc940ab77d9025ccd3b061548e5723b2112bc_page_0010,04fbc940ab77d9025ccd3b061548e5723b2112bc.pdf#page=10,underscore_index,pending_review
04fbc940ab77d9025ccd3b061548e5723b2112bc_11,04fbc940ab77d9025ccd3b061548e5723b2112bc_page_0011,04fbc940ab77d9025ccd3b061548e5723b2112bc.pdf#page=11,underscore_index,pending_review
04fbc940ab77d9025ccd3b061548e5723b2112bc_12,04fbc940ab77d9025ccd3b061548e5723b2112bc_page_0012,04fbc940ab77d9025ccd3b061548e5723b2112bc.pdf#page=12,underscore_index,pending_review
04fbc940ab77d9025ccd3b061548e5723b2112bc_13,04fbc940ab77d9025ccd3b061548e5723b2112bc_page_0013,04fbc940ab77d9025ccd3b061548e5723b2112bc.pdf#page=13,underscore_index,pending_review
04fbc940ab77d9025ccd3b061548e5723b2112bc_14,04fbc940ab77d9025ccd3b061548e5723b2112bc_page_0014,04fbc940ab77d9025ccd3b061548e5723b2112bc.pdf#page=14,underscore_index,pending_review
04fbc940ab77d9025ccd3b061548e5723b2112bc_15,04fbc940ab77d9025ccd3b061548e5723b2112bc_page_0015,04fbc940ab77d9025ccd3b061548e5723b2112bc.pdf#page=15,underscore_index,pending_review
04fbc940ab77d9025ccd3b061548e5723b2112bc_16,04fbc940ab77d9025ccd3b061548e5723b2112bc_page_0016,04fbc940ab77d9025ccd3b061548e5723b2112bc.pdf#page=16,underscore_index,pending_review
04fbc940ab77d9025ccd3b061548e5723b2112bc_17,04fbc940ab77d9025ccd3b061548e5723b2112bc_page_0017,04fbc940ab77d9025ccd3b061548e5723b2112bc.pdf#page=17,underscore_index,pending_review
050ae6cc2a1218270b2ce855179862b0201d4683_1,050ae6cc2a1218270b2ce855179862b0201d4683_page_0001,050ae6cc2a1218270b2ce855179862b0201d4683.pdf#page=1,underscore_index,pending_review
050ae6cc2a1218270b2ce855179862b0201d4683_2,050ae6cc2a1218270b2ce855179862b0201d4683_page_0002,050ae6cc2a1218270b2ce855179862b0201d4683.pdf#page=2,underscore_index,pending_review
050ae6cc2a1218270b2ce855179862b0201d4683_3,050ae6cc2a1218270b2ce855179862b0201d4683_page_0003,050ae6cc2a1218270b2ce855179862b0201d4683.pdf#page=3,underscore_index,pending_review
050ae6cc2a1218270b2ce855179862b0201d4683_4,050ae6cc2a1218270b2ce855179862b0201d4683_page_0004,050ae6cc2a1218270b2ce855179862b0201d4683.pdf#page=4,underscore_index,pending_review
050ae6cc2a1218270b2ce855179862b0201d4683_5,050ae6cc2a1218270b2ce855179862b0201d4683_page_0005,050ae6cc2a1218270b2ce855179862b0201d4683.pdf#page=5,underscore_index,pending_review
050ae6cc2a1218270b2ce855179862b0201d4683_6,050ae6cc2a1218270b2ce855179862b0201d4683_page_0006,050ae6cc2a1218270b2ce855179862b0201d4683.pdf#page=6,underscore_index,pending_review
050ae6cc2a1218270b2ce855179862b0201d4683_7,050ae6cc2a1218270b2ce855179862b0201d4683_page_0007,050ae6cc2a1218270b2ce855179862b0201d4683.pdf#page=7,underscore_index,pending_review
050ae6cc2a1218270b2ce855179862b0201d4683_8,050ae6cc2a1218270b2ce855179862b0201d4683_page_0008,050ae6cc2a1218270b2ce855179862b0201d4683.pdf#page=8,underscore_index,pending_review
050d47be5b55d11f46859b001eeaa5a593644067_1,050d47be5b55d11f46859b001eeaa5a593644067_page_0001,050d47be5b55d11f46859b001eeaa5a593644067.pdf#page=1,underscore_index,pending_review
050d47be5b55d11f46859b001eeaa5a593644067_2,050d47be5b55d11f46859b001eeaa5a593644067_page_0002,050d47be5b55d11f46859b001eeaa5a593644067.pdf#page=2,underscore_index,pending_review
050d47be5b55d11f46859b001eeaa5a593644067_3,050d47be5b55d11f46859b001eeaa5a593644067_page_0003,050d47be5b55d11f46859b001eeaa5a593644067.pdf#page=3,underscore_index,pending_review
050d47be5b55d11f46859b001eeaa5a593644067_4,050d47be5b55d11f46859b001eeaa5a593644067_page_0004,050d47be5b55d11f46859b001eeaa5a593644067.pdf#page=4,underscore_index,pending_review
050d47be5b55d11f46859b001eeaa5a593644067_5,050d47be5b55d11f46859b001eeaa5a593644067_page_0005,050d47be5b55d11f46859b001eeaa5a593644067.pdf#page=5,underscore_index,pending_review
050d47be5b55d11f46859b001eeaa5a593644067_6,050d47be5b55d11f46859b001eeaa5a593644067_page_0006,050d47be5b55d11f46859b001eeaa5a593644067.pdf#page=6,underscore_index,pending_review
050d47be5b55d11f46859b001eeaa5a593644067_7,050d47be5b55d11f46859b001eeaa5a593644067_page_0007,050d47be5b55d11f46859b001eeaa5a593644067.pdf#page=7,underscore_index,pending_review
050d47be5b55d11f46859b001eeaa5a593644067_8,050d47be5b55d11f46859b001eeaa5a593644067_page_0008,050d47be5b55d11f46859b001eeaa5a593644067.pdf#page=8,underscore_index,pending_review
050d47be5b55d11f46859b001eeaa5a593644067_9,050d47be5b55d11f46859b001eeaa5a593644067_page_0009,050d47be5b55d11f46859b001eeaa5a593644067.pdf#page=9,underscore_index,pending_review
050d47be5b55d11f46859b001eeaa5a593644067_10,050d47be5b55d11f46859b001eeaa5a593644067_page_0010,050d47be5b55d11f46859b001eeaa5a593644067.pdf#page=10,underscore_index,pending_review
050d47be5b55d11f46859b001eeaa5a593644067_11,050d47be5b55d11f46859b001eeaa5a593644067_page_0011,050d47be5b55d11f46859b001eeaa5a593644067.pdf#page=11,underscore_index,pending_review
050d47be5b55d11f46859b001eeaa5a593644067_12,050d47be5b55d11f46859b001eeaa5a593644067_page_0012,050d47be5b55d11f46859b001eeaa5a593644067.pdf#page=12,underscore_index,pending_review
050d47be5b55d11f46859b001eeaa5a593644067_13,050d47be5b55d11f46859b001eeaa5a593644067_page_0013,050d47be5b55d11f46859b001eeaa5a593644067.pdf#page=13,underscore_index,pending_review
050d47be5b55d11f46859b001eeaa5a593644067_14,050d47be5b55d11f46859b001eeaa5a593644067_page_0014,050d47be5b55d11f46859b001eeaa5a593644067.pdf#page=14,underscore_index,pending_review
050d47be5b55d11f46859b001eeaa5a593644067_15,050d47be5b55d11f46859b001eeaa5a593644067_page_0015,050d47be5b55d11f46859b001eeaa5a593644067.pdf#page=15,underscore_index,pending_review
050d47be5b55d11f46859b001eeaa5a593644067_16,050d47be5b55d11f46859b001eeaa5a593644067_page_0016,050d47be5b55d11f46859b001eeaa5a593644067.pdf#page=16,underscore_index,pending_review
050d47be5b55d11f46859b001eeaa5a593644067_17,050d47be5b55d11f46859b001eeaa5a593644067_page_0017,050d47be5b55d11f46859b001eeaa5a593644067.pdf#page=17,underscore_index,pending_review
050d47be5b55d11f46859b001eeaa5a593644067_18,050d47be5b55d11f46859b001eeaa5a593644067_page_0018,050d47be5b55d11f46859b001eeaa5a593644067.pdf#page=18,underscore_index,pending_review
050d47be5b55d11f46859b001eeaa5a593644067_19,050d47be5b55d11f46859b001eeaa5a593644067_page_0019,050d47be5b55d11f46859b001eeaa5a593644067.pdf#page=19,underscore_index,pending_review
050d47be5b55d11f46859b001eeaa5a593644067_20,050d47be5b55d11f46859b001eeaa5a593644067_page_0020,050d47be5b55d11f46859b001eeaa5a593644067.pdf#page=20,underscore_index,pending_review
050dee157a41140f7fa4f5be94591267c1bc95b8_1,050dee157a41140f7fa4f5be94591267c1bc95b8_page_0001,050dee157a41140f7fa4f5be94591267c1bc95b8.pdf#page=1,underscore_index,pending_review
050dee157a41140f7fa4f5be94591267c1bc95b8_2,050dee157a41140f7fa4f5be94591267c1bc95b8_page_0002,050dee157a41140f7fa4f5be94591267c1bc95b8.pdf#page=2,underscore_index,pending_review
050dee157a41140f7fa4f5be94591267c1bc95b8_3,050dee157a41140f7fa4f5be94591267c1bc95b8_page_0003,050dee157a41140f7fa4f5be94591267c1bc95b8.pdf#page=3,underscore_index,pending_review
050dee157a41140f7fa4f5be94591267c1bc95b8_4,050dee157a41140f7fa4f5be94591267c1bc95b8_page_0004,050dee157a41140f7fa4f5be94591267c1bc95b8.pdf#page=4,underscore_index,pending_review
050dee157a41140f7fa4f5be94591267c1bc95b8_5,050dee157a41140f7fa4f5be94591267c1bc95b8_page_0005,050dee157a41140f7fa4f5be94591267c1bc95b8.pdf#page=5,underscore_index,pending_review
050dee157a41140f7fa4f5be94591267c1bc95b8_6,050dee157a41140f7fa4f5be94591267c1bc95b8_page_0006,050dee157a41140f7fa4f5be94591267c1bc95b8.pdf#page=6,underscore_index,pending_review
050dee157a41140f7fa4f5be94591267c1bc95b8_7,050dee157a41140f7fa4f5be94591267c1bc95b8_page_0007,050dee157a41140f7fa4f5be94591267c1bc95b8.pdf#page=7,underscore_index,pending_review
050dee157a41140f7fa4f5be94591267c1bc95b8_8,050dee157a41140f7fa4f5be94591267c1bc95b8_page_0008,050dee157a41140f7fa4f5be94591267c1bc95b8.pdf#page=8,underscore_index,pending_review
050dee157a41140f7fa4f5be94591267c1bc95b8_9,050dee157a41140f7fa4f5be94591267c1bc95b8_page_0009,050dee157a41140f7fa4f5be94591267c1bc95b8.pdf#page=9,underscore_index,pending_review
050dee157a41140f7fa4f5be94591267c1bc95b8_10,050dee157a41140f7fa4f5be94591267c1bc95b8_page_0010,050dee157a41140f7fa4f5be94591267c1bc95b8.pdf#page=10,underscore_index,pending_review
050dee157a41140f7fa4f5be94591267c1bc95b8_11,050dee157a41140f7fa4f5be94591267c1bc95b8_page_0011,050dee157a41140f7fa4f5be94591267c1bc95b8.pdf#page=11,underscore_index,pending_review
050dee157a41140f7fa4f5be94591267c1bc95b8_12,050dee157a41140f7fa4f5be94591267c1bc95b8_page_0012,050dee157a41140f7fa4f5be94591267c1bc95b8.pdf#page=12,underscore_index,pending_review
050dee157a41140f7fa4f5be94591267c1bc95b8_13,050dee157a41140f7fa4f5be94591267c1bc95b8_page_0013,050dee157a41140f7fa4f5be94591267c1bc95b8.pdf#page=13,underscore_index,pending_review
050dee157a41140f7fa4f5be94591267c1bc95b8_14,050dee157a41140f7fa4f5be94591267c1bc95b8_page_0014,050dee157a41140f7fa4f5be94591267c1bc95b8.pdf#page=14,underscore_index,pending_review
050dee157a41140f7fa4f5be94591267c1bc95b8_15,050dee157a41140f7fa4f5be94591267c1bc95b8_page_0015,050dee157a41140f7fa4f5be94591267c1bc95b8.pdf#page=15,underscore_index,pending_review
050f61c6536665c70733bde32b9faf15dbe5b92b_1,050f61c6536665c70733bde32b9faf15dbe5b92b_page_0001,050f61c6536665c70733bde32b9faf15dbe5b92b.pdf#page=1,underscore_index,pending_review
050f61c6536665c70733bde32b9faf15dbe5b92b_2,050f61c6536665c70733bde32b9faf15dbe5b92b_page_0002,050f61c6536665c70733bde32b9faf15dbe5b92b.pdf#page=2,underscore_index,pending_review
050f61c6536665c70733bde32b9faf15dbe5b92b_3,050f61c6536665c70733bde32b9faf15dbe5b92b_page_0003,050f61c6536665c70733bde32b9faf15dbe5b92b.pdf#page=3,underscore_index,pending_review
050f61c6536665c70733bde32b9faf15dbe5b92b_4,050f61c6536665c70733bde32b9faf15dbe5b92b_page_0004,050f61c6536665c70733bde32b9faf15dbe5b92b.pdf#page=4,underscore_index,pending_review
050f61c6536665c70733bde32b9faf15dbe5b92b_5,050f61c6536665c70733bde32b9faf15dbe5b92b_page_0005,050f61c6536665c70733bde32b9faf15dbe5b92b.pdf#page=5,underscore_index,pending_review
050f61c6536665c70733bde32b9faf15dbe5b92b_6,050f61c6536665c70733bde32b9faf15dbe5b92b_page_0006,050f61c6536665c70733bde32b9faf15dbe5b92b.pdf#page=6,underscore_index,pending_review
050f61c6536665c70733bde32b9faf15dbe5b92b_7,050f61c6536665c70733bde32b9faf15dbe5b92b_page_0007,050f61c6536665c70733bde32b9faf15dbe5b92b.pdf#page=7,underscore_index,pending_review
050f61c6536665c70733bde32b9faf15dbe5b92b_8,050f61c6536665c70733bde32b9faf15dbe5b92b_page_0008,050f61c6536665c70733bde32b9faf15dbe5b92b.pdf#page=8,underscore_index,pending_review
050f61c6536665c70733bde32b9faf15dbe5b92b_9,050f61c6536665c70733bde32b9faf15dbe5b92b_page_0009,050f61c6536665c70733bde32b9faf15dbe5b92b.pdf#page=9,underscore_index,pending_review
050f61c6536665c70733bde32b9faf15dbe5b92b_10,050f61c6536665c70733bde32b9faf15dbe5b92b_page_0010,050f61c6536665c70733bde32b9faf15dbe5b92b.pdf#page=10,underscore_index,pending_review
050f61c6536665c70733bde32b9faf15dbe5b92b_11,050f61c6536665c70733bde32b9faf15dbe5b92b_page_0011,050f61c6536665c70733bde32b9faf15dbe5b92b.pdf#page=11,underscore_index,pending_review
050f61c6536665c70733bde32b9faf15dbe5b92b_12,050f61c6536665c70733bde32b9faf15dbe5b92b_page_0012,050f61c6536665c70733bde32b9faf15dbe5b92b.pdf#page=12,underscore_index,pending_review
050f61c6536665c70733bde32b9faf15dbe5b92b_13,050f61c6536665c70733bde32b9faf15dbe5b92b_page_0013,050f61c6536665c70733bde32b9faf15dbe5b92b.pdf#page=13,underscore_index,pending_review
050f61c6536665c70733bde32b9faf15dbe5b92b_14,050f61c6536665c70733bde32b9faf15dbe5b92b_page_0014,050f61c6536665c70733bde32b9faf15dbe5b92b.pdf#page=14,underscore_index,pending_review
050f61c6536665c70733bde32b9faf15dbe5b92b_15,050f61c6536665c70733bde32b9faf15dbe5b92b_page_0015,050f61c6536665c70733bde32b9faf15dbe5b92b.pdf#page=15,underscore_index,pending_review
050f61c6536665c70733bde32b9faf15dbe5b92b_16,050f61c6536665c70733bde32b9faf15dbe5b92b_page_0016,050f61c6536665c70733bde32b9faf15dbe5b92b.pdf#page=16,underscore_index,pending_review
050f61c6536665c70733bde32b9faf15dbe5b92b_17,050f61c6536665c70733bde32b9faf15dbe5b92b_page_0017,050f61c6536665c70733bde32b9faf15dbe5b92b.pdf#page=17,underscore_index,pending_review
050f61c6536665c70733bde32b9faf15dbe5b92b_18,050f61c6536665c70733bde32b9faf15dbe5b92b_page_0018,050f61c6536665c70733bde32b9faf15dbe5b92b.pdf#page=18,underscore_index,pending_review
050f61c6536665c70733bde32b9faf15dbe5b92b_19,050f61c6536665c70733bde32b9faf15dbe5b92b_page_0019,050f61c6536665c70733bde32b9faf15dbe5b92b.pdf#page=19,underscore_index,pending_review
050f61c6536665c70733bde32b9faf15dbe5b92b_20,050f61c6536665c70733bde32b9faf15dbe5b92b_page_0020,050f61c6536665c70733bde32b9faf15dbe5b92b.pdf#page=20,underscore_index,pending_review
050f61c6536665c70733bde32b9faf15dbe5b92b_21,050f61c6536665c70733bde32b9faf15dbe5b92b_page_0021,050f61c6536665c70733bde32b9faf15dbe5b92b.pdf#page=21,underscore_index,pending_review
050f61c6536665c70733bde32b9faf15dbe5b92b_22,050f61c6536665c70733bde32b9faf15dbe5b92b_page_0022,050f61c6536665c70733bde32b9faf15dbe5b92b.pdf#page=22,underscore_index,pending_review
050f61c6536665c70733bde32b9faf15dbe5b92b_23,050f61c6536665c70733bde32b9faf15dbe5b92b_page_0023,050f61c6536665c70733bde32b9faf15dbe5b92b.pdf#page=23,underscore_index,pending_review
0511556fa21cb60820be4c111435e1059a22b4a7_1,0511556fa21cb60820be4c111435e1059a22b4a7_page_0001,0511556fa21cb60820be4c111435e1059a22b4a7.pdf#page=1,underscore_index,pending_review
0511556fa21cb60820be4c111435e1059a22b4a7_2,0511556fa21cb60820be4c111435e1059a22b4a7_page_0002,0511556fa21cb60820be4c111435e1059a22b4a7.pdf#page=2,underscore_index,pending_review
0511556fa21cb60820be4c111435e1059a22b4a7_3,0511556fa21cb60820be4c111435e1059a22b4a7_page_0003,0511556fa21cb60820be4c111435e1059a22b4a7.pdf#page=3,underscore_index,pending_review
0511556fa21cb60820be4c111435e1059a22b4a7_4,0511556fa21cb60820be4c111435e1059a22b4a7_page_0004,0511556fa21cb60820be4c111435e1059a22b4a7.pdf#page=4,underscore_index,pending_review
0511556fa21cb60820be4c111435e1059a22b4a7_5,0511556fa21cb60820be4c111435e1059a22b4a7_page_0005,0511556fa21cb60820be4c111435e1059a22b4a7.pdf#page=5,underscore_index,pending_review
0511556fa21cb60820be4c111435e1059a22b4a7_6,0511556fa21cb60820be4c111435e1059a22b4a7_page_0006,0511556fa21cb60820be4c111435e1059a22b4a7.pdf#page=6,underscore_index,pending_review
0511556fa21cb60820be4c111435e1059a22b4a7_7,0511556fa21cb60820be4c111435e1059a22b4a7_page_0007,0511556fa21cb60820be4c111435e1059a22b4a7.pdf#page=7,underscore_index,pending_review
0511556fa21cb60820be4c111435e1059a22b4a7_8,0511556fa21cb60820be4c111435e1059a22b4a7_page_0008,0511556fa21cb60820be4c111435e1059a22b4a7.pdf#page=8,underscore_index,pending_review
0511556fa21cb60820be4c111435e1059a22b4a7_9,0511556fa21cb60820be4c111435e1059a22b4a7_page_0009,0511556fa21cb60820be4c111435e1059a22b4a7.pdf#page=9,underscore_index,pending_review
0511556fa21cb60820be4c111435e1059a22b4a7_10,0511556fa21cb60820be4c111435e1059a22b4a7_page_0010,0511556fa21cb60820be4c111435e1059a22b4a7.pdf#page=10,underscore_index,pending_review
0511556fa21cb60820be4c111435e1059a22b4a7_11,0511556fa21cb60820be4c111435e1059a22b4a7_page_0011,0511556fa21cb60820be4c111435e1059a22b4a7.pdf#page=11,underscore_index,pending_review
0511556fa21cb60820be4c111435e1059a22b4a7_12,0511556fa21cb60820be4c111435e1059a22b4a7_page_0012,0511556fa21cb60820be4c111435e1059a22b4a7.pdf#page=12,underscore_index,pending_review
0511556fa21cb60820be4c111435e1059a22b4a7_13,0511556fa21cb60820be4c111435e1059a22b4a7_page_0013,0511556fa21cb60820be4c111435e1059a22b4a7.pdf#page=13,underscore_index,pending_review
0511556fa21cb60820be4c111435e1059a22b4a7_14,0511556fa21cb60820be4c111435e1059a22b4a7_page_0014,0511556fa21cb60820be4c111435e1059a22b4a7.pdf#page=14,underscore_index,pending_review
0511556fa21cb60820be4c111435e1059a22b4a7_15,0511556fa21cb60820be4c111435e1059a22b4a7_page_0015,0511556fa21cb60820be4c111435e1059a22b4a7.pdf#page=15,underscore_index,pending_review
0511556fa21cb60820be4c111435e1059a22b4a7_16,0511556fa21cb60820be4c111435e1059a22b4a7_page_0016,0511556fa21cb60820be4c111435e1059a22b4a7.pdf#page=16,underscore_index,pending_review
0511556fa21cb60820be4c111435e1059a22b4a7_17,0511556fa21cb60820be4c111435e1059a22b4a7_page_0017,0511556fa21cb60820be4c111435e1059a22b4a7.pdf#page=17,underscore_index,pending_review
0511556fa21cb60820be4c111435e1059a22b4a7_18,0511556fa21cb60820be4c111435e1059a22b4a7_page_0018,0511556fa21cb60820be4c111435e1059a22b4a7.pdf#page=18,underscore_index,pending_review
0511556fa21cb60820be4c111435e1059a22b4a7_19,0511556fa21cb60820be4c111435e1059a22b4a7_page_0019,0511556fa21cb60820be4c111435e1059a22b4a7.pdf#page=19,underscore_index,pending_review
0511556fa21cb60820be4c111435e1059a22b4a7_20,0511556fa21cb60820be4c111435e1059a22b4a7_page_0020,0511556fa21cb60820be4c111435e1059a22b4a7.pdf#page=20,underscore_index,pending_review
0512095c193d806b9ac3eb6422636b59df8032e2_1,0512095c193d806b9ac3eb6422636b59df8032e2_page_0001,0512095c193d806b9ac3eb6422636b59df8032e2.pdf#page=1,underscore_index,pending_review
0512095c193d806b9ac3eb6422636b59df8032e2_2,0512095c193d806b9ac3eb6422636b59df8032e2_page_0002,0512095c193d806b9ac3eb6422636b59df8032e2.pdf#page=2,underscore_index,pending_review
0512095c193d806b9ac3eb6422636b59df8032e2_3,0512095c193d806b9ac3eb6422636b59df8032e2_page_0003,0512095c193d806b9ac3eb6422636b59df8032e2.pdf#page=3,underscore_index,pending_review
0512095c193d806b9ac3eb6422636b59df8032e2_4,0512095c193d806b9ac3eb6422636b59df8032e2_page_0004,0512095c193d806b9ac3eb6422636b59df8032e2.pdf#page=4,underscore_index,pending_review
0512095c193d806b9ac3eb6422636b59df8032e2_5,0512095c193d806b9ac3eb6422636b59df8032e2_page_0005,0512095c193d806b9ac3eb6422636b59df8032e2.pdf#page=5,underscore_index,pending_review
0512095c193d806b9ac3eb6422636b59df8032e2_6,0512095c193d806b9ac3eb6422636b59df8032e2_page_0006,0512095c193d806b9ac3eb6422636b59df8032e2.pdf#page=6,underscore_index,pending_review
0512095c193d806b9ac3eb6422636b59df8032e2_7,0512095c193d806b9ac3eb6422636b59df8032e2_page_0007,0512095c193d806b9ac3eb6422636b59df8032e2.pdf#page=7,underscore_index,pending_review
0512095c193d806b9ac3eb6422636b59df8032e2_8,0512095c193d806b9ac3eb6422636b59df8032e2_page_0008,0512095c193d806b9ac3eb6422636b59df8032e2.pdf#page=8,underscore_index,pending_review
0512095c193d806b9ac3eb6422636b59df8032e2_9,0512095c193d806b9ac3eb6422636b59df8032e2_page_0009,0512095c193d806b9ac3eb6422636b59df8032e2.pdf#page=9,underscore_index,pending_review
0512095c193d806b9ac3eb6422636b59df8032e2_10,0512095c193d806b9ac3eb6422636b59df8032e2_page_0010,0512095c193d806b9ac3eb6422636b59df8032e2.pdf#page=10,underscore_index,pending_review
0512095c193d806b9ac3eb6422636b59df8032e2_11,0512095c193d806b9ac3eb6422636b59df8032e2_page_0011,0512095c193d806b9ac3eb6422636b59df8032e2.pdf#page=11,underscore_index,pending_review
0512095c193d806b9ac3eb6422636b59df8032e2_12,0512095c193d806b9ac3eb6422636b59df8032e2_page_0012,0512095c193d806b9ac3eb6422636b59df8032e2.pdf#page=12,underscore_index,pending_review
0512095c193d806b9ac3eb6422636b59df8032e2_13,0512095c193d806b9ac3eb6422636b59df8032e2_page_0013,0512095c193d806b9ac3eb6422636b59df8032e2.pdf#page=13,underscore_index,pending_review
0512095c193d806b9ac3eb6422636b59df8032e2_14,0512095c193d806b9ac3eb6422636b59df8032e2_page_0014,0512095c193d806b9ac3eb6422636b59df8032e2.pdf#page=14,underscore_index,pending_review
0512095c193d806b9ac3eb6422636b59df8032e2_15,0512095c193d806b9ac3eb6422636b59df8032e2_page_0015,0512095c193d806b9ac3eb6422636b59df8032e2.pdf#page=15,underscore_index,pending_review
0512095c193d806b9ac3eb6422636b59df8032e2_16,0512095c193d806b9ac3eb6422636b59df8032e2_page_0016,0512095c193d806b9ac3eb6422636b59df8032e2.pdf#page=16,underscore_index,pending_review
0512095c193d806b9ac3eb6422636b59df8032e2_17,0512095c193d806b9ac3eb6422636b59df8032e2_page_0017,0512095c193d806b9ac3eb6422636b59df8032e2.pdf#page=17,underscore_index,pending_review
0519066b89ed0bf2974792ccbea703d8c1e2a851_1,0519066b89ed0bf2974792ccbea703d8c1e2a851_page_0001,0519066b89ed0bf2974792ccbea703d8c1e2a851.pdf#page=1,underscore_index,pending_review
0519066b89ed0bf2974792ccbea703d8c1e2a851_2,0519066b89ed0bf2974792ccbea703d8c1e2a851_page_0002,0519066b89ed0bf2974792ccbea703d8c1e2a851.pdf#page=2,underscore_index,pending_review
0519066b89ed0bf2974792ccbea703d8c1e2a851_3,0519066b89ed0bf2974792ccbea703d8c1e2a851_page_0003,0519066b89ed0bf2974792ccbea703d8c1e2a851.pdf#page=3,underscore_index,pending_review
0519066b89ed0bf2974792ccbea703d8c1e2a851_4,0519066b89ed0bf2974792ccbea703d8c1e2a851_page_0004,0519066b89ed0bf2974792ccbea703d8c1e2a851.pdf#page=4,underscore_index,pending_review
0519066b89ed0bf2974792ccbea703d8c1e2a851_5,0519066b89ed0bf2974792ccbea703d8c1e2a851_page_0005,0519066b89ed0bf2974792ccbea703d8c1e2a851.pdf#page=5,underscore_index,pending_review
0519066b89ed0bf2974792ccbea703d8c1e2a851_6,0519066b89ed0bf2974792ccbea703d8c1e2a851_page_0006,0519066b89ed0bf2974792ccbea703d8c1e2a851.pdf#page=6,underscore_index,pending_review
0519066b89ed0bf2974792ccbea703d8c1e2a851_7,0519066b89ed0bf2974792ccbea703d8c1e2a851_page_0007,0519066b89ed0bf2974792ccbea703d8c1e2a851.pdf#page=7,underscore_index,pending_review
0519066b89ed0bf2974792ccbea703d8c1e2a851_8,0519066b89ed0bf2974792ccbea703d8c1e2a851_page_0008,0519066b89ed0bf2974792ccbea703d8c1e2a851.pdf#page=8,underscore_index,pending_review
0519066b89ed0bf2974792ccbea703d8c1e2a851_9,0519066b89ed0bf2974792ccbea703d8c1e2a851_page_0009,0519066b89ed0bf2974792ccbea703d8c1e2a851.pdf#page=9,underscore_index,pending_review
0519066b89ed0bf2974792ccbea703d8c1e2a851_10,0519066b89ed0bf2974792ccbea703d8c1e2a851_page_0010,0519066b89ed0bf2974792ccbea703d8c1e2a851.pdf#page=10,underscore_index,pending_review
0519066b89ed0bf2974792ccbea703d8c1e2a851_11,0519066b89ed0bf2974792ccbea703d8c1e2a851_page_0011,0519066b89ed0bf2974792ccbea703d8c1e2a851.pdf#page=11,underscore_index,pending_review
0519066b89ed0bf2974792ccbea703d8c1e2a851_12,0519066b89ed0bf2974792ccbea703d8c1e2a851_page_0012,0519066b89ed0bf2974792ccbea703d8c1e2a851.pdf#page=12,underscore_index,pending_review
0519066b89ed0bf2974792ccbea703d8c1e2a851_13,0519066b89ed0bf2974792ccbea703d8c1e2a851_page_0013,0519066b89ed0bf2974792ccbea703d8c1e2a851.pdf#page=13,underscore_index,pending_review
0519066b89ed0bf2974792ccbea703d8c1e2a851_14,0519066b89ed0bf2974792ccbea703d8c1e2a851_page_0014,0519066b89ed0bf2974792ccbea703d8c1e2a851.pdf#page=14,underscore_index,pending_review
0519066b89ed0bf2974792ccbea703d8c1e2a851_15,0519066b89ed0bf2974792ccbea703d8c1e2a851_page_0015,0519066b89ed0bf2974792ccbea703d8c1e2a851.pdf#page=15,underscore_index,pending_review
0519066b89ed0bf2974792ccbea703d8c1e2a851_16,0519066b89ed0bf2974792ccbea703d8c1e2a851_page_0016,0519066b89ed0bf2974792ccbea703d8c1e2a851.pdf#page=16,underscore_index,pending_review
051d54d0f3b1788c764783d1bfc6b9f3cc830ce8_1,051d54d0f3b1788c764783d1bfc6b9f3cc830ce8_page_0001,051d54d0f3b1788c764783d1bfc6b9f3cc830ce8.pdf#page=1,underscore_index,pending_review
051d54d0f3b1788c764783d1bfc6b9f3cc830ce8_2,051d54d0f3b1788c764783d1bfc6b9f3cc830ce8_page_0002,051d54d0f3b1788c764783d1bfc6b9f3cc830ce8.pdf#page=2,underscore_index,pending_review
051d54d0f3b1788c764783d1bfc6b9f3cc830ce8_3,051d54d0f3b1788c764783d1bfc6b9f3cc830ce8_page_0003,051d54d0f3b1788c764783d1bfc6b9f3cc830ce8.pdf#page=3,underscore_index,pending_review
051d54d0f3b1788c764783d1bfc6b9f3cc830ce8_4,051d54d0f3b1788c764783d1bfc6b9f3cc830ce8_page_0004,051d54d0f3b1788c764783d1bfc6b9f3cc830ce8.pdf#page=4,underscore_index,pending_review
051d54d0f3b1788c764783d1bfc6b9f3cc830ce8_5,051d54d0f3b1788c764783d1bfc6b9f3cc830ce8_page_0005,051d54d0f3b1788c764783d1bfc6b9f3cc830ce8.pdf#page=5,underscore_index,pending_review
051d54d0f3b1788c764783d1bfc6b9f3cc830ce8_6,051d54d0f3b1788c764783d1bfc6b9f3cc830ce8_page_0006,051d54d0f3b1788c764783d1bfc6b9f3cc830ce8.pdf#page=6,underscore_index,pending_review
051d54d0f3b1788c764783d1bfc6b9f3cc830ce8_7,051d54d0f3b1788c764783d1bfc6b9f3cc830ce8_page_0007,051d54d0f3b1788c764783d1bfc6b9f3cc830ce8.pdf#page=7,underscore_index,pending_review
051d54d0f3b1788c764783d1bfc6b9f3cc830ce8_8,051d54d0f3b1788c764783d1bfc6b9f3cc830ce8_page_0008,051d54d0f3b1788c764783d1bfc6b9f3cc830ce8.pdf#page=8,underscore_index,pending_review
051d54d0f3b1788c764783d1bfc6b9f3cc830ce8_9,051d54d0f3b1788c764783d1bfc6b9f3cc830ce8_page_0009,051d54d0f3b1788c764783d1bfc6b9f3cc830ce8.pdf#page=9,underscore_index,pending_review
051d54d0f3b1788c764783d1bfc6b9f3cc830ce8_10,051d54d0f3b1788c764783d1bfc6b9f3cc830ce8_page_0010,051d54d0f3b1788c764783d1bfc6b9f3cc830ce8.pdf#page=10,underscore_index,pending_review
051d54d0f3b1788c764783d1bfc6b9f3cc830ce8_11,051d54d0f3b1788c764783d1bfc6b9f3cc830ce8_page_0011,051d54d0f3b1788c764783d1bfc6b9f3cc830ce8.pdf#page=11,underscore_index,pending_review
051d7a1acd648d364a5ccaf6a7b5d1ed16f1adeb_1,051d7a1acd648d364a5ccaf6a7b5d1ed16f1adeb_page_0001,051d7a1acd648d364a5ccaf6a7b5d1ed16f1adeb.pdf#page=1,underscore_index,pending_review
051d7a1acd648d364a5ccaf6a7b5d1ed16f1adeb_2,051d7a1acd648d364a5ccaf6a7b5d1ed16f1adeb_page_0002,051d7a1acd648d364a5ccaf6a7b5d1ed16f1adeb.pdf#page=2,underscore_index,pending_review
051d7a1acd648d364a5ccaf6a7b5d1ed16f1adeb_3,051d7a1acd648d364a5ccaf6a7b5d1ed16f1adeb_page_0003,051d7a1acd648d364a5ccaf6a7b5d1ed16f1adeb.pdf#page=3,underscore_index,pending_review
051d7a1acd648d364a5ccaf6a7b5d1ed16f1adeb_4,051d7a1acd648d364a5ccaf6a7b5d1ed16f1adeb_page_0004,051d7a1acd648d364a5ccaf6a7b5d1ed16f1adeb.pdf#page=4,underscore_index,pending_review
051d7a1acd648d364a5ccaf6a7b5d1ed16f1adeb_5,051d7a1acd648d364a5ccaf6a7b5d1ed16f1adeb_page_0005,051d7a1acd648d364a5ccaf6a7b5d1ed16f1adeb.pdf#page=5,underscore_index,pending_review
051d7a1acd648d364a5ccaf6a7b5d1ed16f1adeb_6,051d7a1acd648d364a5ccaf6a7b5d1ed16f1adeb_page_0006,051d7a1acd648d364a5ccaf6a7b5d1ed16f1adeb.pdf#page=6,underscore_index,pending_review
051d7a1acd648d364a5ccaf6a7b5d1ed16f1adeb_7,051d7a1acd648d364a5ccaf6a7b5d1ed16f1adeb_page_0007,051d7a1acd648d364a5ccaf6a7b5d1ed16f1adeb.pdf#page=7,underscore_index,pending_review
051d7a1acd648d364a5ccaf6a7b5d1ed16f1adeb_8,051d7a1acd648d364a5ccaf6a7b5d1ed16f1adeb_page_0008,051d7a1acd648d364a5ccaf6a7b5d1ed16f1adeb.pdf#page=8,underscore_index,pending_review
051d7a1acd648d364a5ccaf6a7b5d1ed16f1adeb_9,051d7a1acd648d364a5ccaf6a7b5d1ed16f1adeb_page_0009,051d7a1acd648d364a5ccaf6a7b5d1ed16f1adeb.pdf#page=9,underscore_index,pending_review
051d7a1acd648d364a5ccaf6a7b5d1ed16f1adeb_10,051d7a1acd648d364a5ccaf6a7b5d1ed16f1adeb_page_0010,051d7a1acd648d364a5ccaf6a7b5d1ed16f1adeb.pdf#page=10,underscore_index,pending_review
051d7a1acd648d364a5ccaf6a7b5d1ed16f1adeb_11,051d7a1acd648d364a5ccaf6a7b5d1ed16f1adeb_page_0011,051d7a1acd648d364a5ccaf6a7b5d1ed16f1adeb.pdf#page=11,underscore_index,pending_review
051d7a1acd648d364a5ccaf6a7b5d1ed16f1adeb_12,051d7a1acd648d364a5ccaf6a7b5d1ed16f1adeb_page_0012,051d7a1acd648d364a5ccaf6a7b5d1ed16f1adeb.pdf#page=12,underscore_index,pending_review
051d7a1acd648d364a5ccaf6a7b5d1ed16f1adeb_13,051d7a1acd648d364a5ccaf6a7b5d1ed16f1adeb_page_0013,051d7a1acd648d364a5ccaf6a7b5d1ed16f1adeb.pdf#page=13,underscore_index,pending_review
051d7a1acd648d364a5ccaf6a7b5d1ed16f1adeb_14,051d7a1acd648d364a5ccaf6a7b5d1ed16f1adeb_page_0014,051d7a1acd648d364a5ccaf6a7b5d1ed16f1adeb.pdf#page=14,underscore_index,pending_review
051d7a1acd648d364a5ccaf6a7b5d1ed16f1adeb_15,051d7a1acd648d364a5ccaf6a7b5d1ed16f1adeb_page_0015,051d7a1acd648d364a5ccaf6a7b5d1ed16f1adeb.pdf#page=15,underscore_index,pending_review
051d7a1acd648d364a5ccaf6a7b5d1ed16f1adeb_16,051d7a1acd648d364a5ccaf6a7b5d1ed16f1adeb_page_0016,051d7a1acd648d364a5ccaf6a7b5d1ed16f1adeb.pdf#page=16,underscore_index,pending_review
051d7a1acd648d364a5ccaf6a7b5d1ed16f1adeb_17,051d7a1acd648d364a5ccaf6a7b5d1ed16f1adeb_page_0017,051d7a1acd648d364a5ccaf6a7b5d1ed16f1adeb.pdf#page=17,underscore_index,pending_review
051d7a1acd648d364a5ccaf6a7b5d1ed16f1adeb_18,051d7a1acd648d364a5ccaf6a7b5d1ed16f1adeb_page_0018,051d7a1acd648d364a5ccaf6a7b5d1ed16f1adeb.pdf#page=18,underscore_index,pending_review
051d7a1acd648d364a5ccaf6a7b5d1ed16f1adeb_19,051d7a1acd648d364a5ccaf6a7b5d1ed16f1adeb_page_0019,051d7a1acd648d364a5ccaf6a7b5d1ed16f1adeb.pdf#page=19,underscore_index,pending_review
051d7a1acd648d364a5ccaf6a7b5d1ed16f1adeb_20,051d7a1acd648d364a5ccaf6a7b5d1ed16f1adeb_page_0020,051d7a1acd648d364a5ccaf6a7b5d1ed16f1adeb.pdf#page=20,underscore_index,pending_review
051d7a1acd648d364a5ccaf6a7b5d1ed16f1adeb_21,051d7a1acd648d364a5ccaf6a7b5d1ed16f1adeb_page_0021,051d7a1acd648d364a5ccaf6a7b5d1ed16f1adeb.pdf#page=21,underscore_index,pending_review
051d7a1acd648d364a5ccaf6a7b5d1ed16f1adeb_22,051d7a1acd648d364a5ccaf6a7b5d1ed16f1adeb_page_0022,051d7a1acd648d364a5ccaf6a7b5d1ed16f1adeb.pdf#page=22,underscore_index,pending_review
051d7a1acd648d364a5ccaf6a7b5d1ed16f1adeb_23,051d7a1acd648d364a5ccaf6a7b5d1ed16f1adeb_page_0023,051d7a1acd648d364a5ccaf6a7b5d1ed16f1adeb.pdf#page=23,underscore_index,pending_review
051d7a1acd648d364a5ccaf6a7b5d1ed16f1adeb_24,051d7a1acd648d364a5ccaf6a7b5d1ed16f1adeb_page_0024,051d7a1acd648d364a5ccaf6a7b5d1ed16f1adeb.pdf#page=24,underscore_index,pending_review
052948fcd583b29f7e1cb58e127cce9cd4d0dc0d_1,052948fcd583b29f7e1cb58e127cce9cd4d0dc0d_page_0001,052948fcd583b29f7e1cb58e127cce9cd4d0dc0d.pdf#page=1,underscore_index,pending_review
052948fcd583b29f7e1cb58e127cce9cd4d0dc0d_2,052948fcd583b29f7e1cb58e127cce9cd4d0dc0d_page_0002,052948fcd583b29f7e1cb58e127cce9cd4d0dc0d.pdf#page=2,underscore_index,pending_review
052948fcd583b29f7e1cb58e127cce9cd4d0dc0d_3,052948fcd583b29f7e1cb58e127cce9cd4d0dc0d_page_0003,052948fcd583b29f7e1cb58e127cce9cd4d0dc0d.pdf#page=3,underscore_index,pending_review
052948fcd583b29f7e1cb58e127cce9cd4d0dc0d_4,052948fcd583b29f7e1cb58e127cce9cd4d0dc0d_page_0004,052948fcd583b29f7e1cb58e127cce9cd4d0dc0d.pdf#page=4,underscore_index,pending_review
052948fcd583b29f7e1cb58e127cce9cd4d0dc0d_5,052948fcd583b29f7e1cb58e127cce9cd4d0dc0d_page_0005,052948fcd583b29f7e1cb58e127cce9cd4d0dc0d.pdf#page=5,underscore_index,pending_review
052948fcd583b29f7e1cb58e127cce9cd4d0dc0d_6,052948fcd583b29f7e1cb58e127cce9cd4d0dc0d_page_0006,052948fcd583b29f7e1cb58e127cce9cd4d0dc0d.pdf#page=6,underscore_index,pending_review
052948fcd583b29f7e1cb58e127cce9cd4d0dc0d_7,052948fcd583b29f7e1cb58e127cce9cd4d0dc0d_page_0007,052948fcd583b29f7e1cb58e127cce9cd4d0dc0d.pdf#page=7,underscore_index,pending_review
052948fcd583b29f7e1cb58e127cce9cd4d0dc0d_8,052948fcd583b29f7e1cb58e127cce9cd4d0dc0d_page_0008,052948fcd583b29f7e1cb58e127cce9cd4d0dc0d.pdf#page=8,underscore_index,pending_review
052948fcd583b29f7e1cb58e127cce9cd4d0dc0d_9,052948fcd583b29f7e1cb58e127cce9cd4d0dc0d_page_0009,052948fcd583b29f7e1cb58e127cce9cd4d0dc0d.pdf#page=9,underscore_index,pending_review
052948fcd583b29f7e1cb58e127cce9cd4d0dc0d_10,052948fcd583b29f7e1cb58e127cce9cd4d0dc0d_page_0010,052948fcd583b29f7e1cb58e127cce9cd4d0dc0d.pdf#page=10,underscore_index,pending_review
052948fcd583b29f7e1cb58e127cce9cd4d0dc0d_11,052948fcd583b29f7e1cb58e127cce9cd4d0dc0d_page_0011,052948fcd583b29f7e1cb58e127cce9cd4d0dc0d.pdf#page=11,underscore_index,pending_review
052948fcd583b29f7e1cb58e127cce9cd4d0dc0d_12,052948fcd583b29f7e1cb58e127cce9cd4d0dc0d_page_0012,052948fcd583b29f7e1cb58e127cce9cd4d0dc0d.pdf#page=12,underscore_index,pending_review
052948fcd583b29f7e1cb58e127cce9cd4d0dc0d_13,052948fcd583b29f7e1cb58e127cce9cd4d0dc0d_page_0013,052948fcd583b29f7e1cb58e127cce9cd4d0dc0d.pdf#page=13,underscore_index,pending_review
052948fcd583b29f7e1cb58e127cce9cd4d0dc0d_14,052948fcd583b29f7e1cb58e127cce9cd4d0dc0d_page_0014,052948fcd583b29f7e1cb58e127cce9cd4d0dc0d.pdf#page=14,underscore_index,pending_review
052948fcd583b29f7e1cb58e127cce9cd4d0dc0d_15,052948fcd583b29f7e1cb58e127cce9cd4d0dc0d_page_0015,052948fcd583b29f7e1cb58e127cce9cd4d0dc0d.pdf#page=15,underscore_index,pending_review
052948fcd583b29f7e1cb58e127cce9cd4d0dc0d_16,052948fcd583b29f7e1cb58e127cce9cd4d0dc0d_page_0016,052948fcd583b29f7e1cb58e127cce9cd4d0dc0d.pdf#page=16,underscore_index,pending_review
052948fcd583b29f7e1cb58e127cce9cd4d0dc0d_17,052948fcd583b29f7e1cb58e127cce9cd4d0dc0d_page_0017,052948fcd583b29f7e1cb58e127cce9cd4d0dc0d.pdf#page=17,underscore_index,pending_review
052948fcd583b29f7e1cb58e127cce9cd4d0dc0d_18,052948fcd583b29f7e1cb58e127cce9cd4d0dc0d_page_0018,052948fcd583b29f7e1cb58e127cce9cd4d0dc0d.pdf#page=18,underscore_index,pending_review
052948fcd583b29f7e1cb58e127cce9cd4d0dc0d_19,052948fcd583b29f7e1cb58e127cce9cd4d0dc0d_page_0019,052948fcd583b29f7e1cb58e127cce9cd4d0dc0d.pdf#page=19,underscore_index,pending_review
052948fcd583b29f7e1cb58e127cce9cd4d0dc0d_20,052948fcd583b29f7e1cb58e127cce9cd4d0dc0d_page_0020,052948fcd583b29f7e1cb58e127cce9cd4d0dc0d.pdf#page=20,underscore_index,pending_review
052948fcd583b29f7e1cb58e127cce9cd4d0dc0d_21,052948fcd583b29f7e1cb58e127cce9cd4d0dc0d_page_0021,052948fcd583b29f7e1cb58e127cce9cd4d0dc0d.pdf#page=21,underscore_index,pending_review
052948fcd583b29f7e1cb58e127cce9cd4d0dc0d_22,052948fcd583b29f7e1cb58e127cce9cd4d0dc0d_page_0022,052948fcd583b29f7e1cb58e127cce9cd4d0dc0d.pdf#page=22,underscore_index,pending_review
052948fcd583b29f7e1cb58e127cce9cd4d0dc0d_23,052948fcd583b29f7e1cb58e127cce9cd4d0dc0d_page_0023,052948fcd583b29f7e1cb58e127cce9cd4d0dc0d.pdf#page=23,underscore_index,pending_review
052948fcd583b29f7e1cb58e127cce9cd4d0dc0d_24,052948fcd583b29f7e1cb58e127cce9cd4d0dc0d_page_0024,052948fcd583b29f7e1cb58e127cce9cd4d0dc0d.pdf#page=24,underscore_index,pending_review
052948fcd583b29f7e1cb58e127cce9cd4d0dc0d_25,052948fcd583b29f7e1cb58e127cce9cd4d0dc0d_page_0025,052948fcd583b29f7e1cb58e127cce9cd4d0dc0d.pdf#page=25,underscore_index,pending_review
05308614914cb33b8d38d893d8a33e03becedf19_1,05308614914cb33b8d38d893d8a33e03becedf19_page_0001,05308614914cb33b8d38d893d8a33e03becedf19.pdf#page=1,underscore_index,pending_review
05308614914cb33b8d38d893d8a33e03becedf19_2,05308614914cb33b8d38d893d8a33e03becedf19_page_0002,05308614914cb33b8d38d893d8a33e03becedf19.pdf#page=2,underscore_index,pending_review
05308614914cb33b8d38d893d8a33e03becedf19_3,05308614914cb33b8d38d893d8a33e03becedf19_page_0003,05308614914cb33b8d38d893d8a33e03becedf19.pdf#page=3,underscore_index,pending_review
05308614914cb33b8d38d893d8a33e03becedf19_4,05308614914cb33b8d38d893d8a33e03becedf19_page_0004,05308614914cb33b8d38d893d8a33e03becedf19.pdf#page=4,underscore_index,pending_review
05308614914cb33b8d38d893d8a33e03becedf19_5,05308614914cb33b8d38d893d8a33e03becedf19_page_0005,05308614914cb33b8d38d893d8a33e03becedf19.pdf#page=5,underscore_index,pending_review
05308614914cb33b8d38d893d8a33e03becedf19_6,05308614914cb33b8d38d893d8a33e03becedf19_page_0006,05308614914cb33b8d38d893d8a33e03becedf19.pdf#page=6,underscore_index,pending_review
05308614914cb33b8d38d893d8a33e03becedf19_7,05308614914cb33b8d38d893d8a33e03becedf19_page_0007,05308614914cb33b8d38d893d8a33e03becedf19.pdf#page=7,underscore_index,pending_review
05308614914cb33b8d38d893d8a33e03becedf19_8,05308614914cb33b8d38d893d8a33e03becedf19_page_0008,05308614914cb33b8d38d893d8a33e03becedf19.pdf#page=8,underscore_index,pending_review
05308614914cb33b8d38d893d8a33e03becedf19_9,05308614914cb33b8d38d893d8a33e03becedf19_page_0009,05308614914cb33b8d38d893d8a33e03becedf19.pdf#page=9,underscore_index,pending_review
05308614914cb33b8d38d893d8a33e03becedf19_10,05308614914cb33b8d38d893d8a33e03becedf19_page_0010,05308614914cb33b8d38d893d8a33e03becedf19.pdf#page=10,underscore_index,pending_review
05308614914cb33b8d38d893d8a33e03becedf19_11,05308614914cb33b8d38d893d8a33e03becedf19_page_0011,05308614914cb33b8d38d893d8a33e03becedf19.pdf#page=11,underscore_index,pending_review
05308614914cb33b8d38d893d8a33e03becedf19_12,05308614914cb33b8d38d893d8a33e03becedf19_page_0012,05308614914cb33b8d38d893d8a33e03becedf19.pdf#page=12,underscore_index,pending_review
05308614914cb33b8d38d893d8a33e03becedf19_13,05308614914cb33b8d38d893d8a33e03becedf19_page_0013,05308614914cb33b8d38d893d8a33e03becedf19.pdf#page=13,underscore_index,pending_review
05308614914cb33b8d38d893d8a33e03becedf19_14,05308614914cb33b8d38d893d8a33e03becedf19_page_0014,05308614914cb33b8d38d893d8a33e03becedf19.pdf#page=14,underscore_index,pending_review
05308614914cb33b8d38d893d8a33e03becedf19_15,05308614914cb33b8d38d893d8a33e03becedf19_page_0015,05308614914cb33b8d38d893d8a33e03becedf19.pdf#page=15,underscore_index,pending_review
05308614914cb33b8d38d893d8a33e03becedf19_16,05308614914cb33b8d38d893d8a33e03becedf19_page_0016,05308614914cb33b8d38d893d8a33e03becedf19.pdf#page=16,underscore_index,pending_review
05308614914cb33b8d38d893d8a33e03becedf19_17,05308614914cb33b8d38d893d8a33e03becedf19_page_0017,05308614914cb33b8d38d893d8a33e03becedf19.pdf#page=17,underscore_index,pending_review
05308614914cb33b8d38d893d8a33e03becedf19_18,05308614914cb33b8d38d893d8a33e03becedf19_page_0018,05308614914cb33b8d38d893d8a33e03becedf19.pdf#page=18,underscore_index,pending_review
05308614914cb33b8d38d893d8a33e03becedf19_19,05308614914cb33b8d38d893d8a33e03becedf19_page_0019,05308614914cb33b8d38d893d8a33e03becedf19.pdf#page=19,underscore_index,pending_review
05308614914cb33b8d38d893d8a33e03becedf19_20,05308614914cb33b8d38d893d8a33e03becedf19_page_0020,05308614914cb33b8d38d893d8a33e03becedf19.pdf#page=20,underscore_index,pending_review
05308614914cb33b8d38d893d8a33e03becedf19_21,05308614914cb33b8d38d893d8a33e03becedf19_page_0021,05308614914cb33b8d38d893d8a33e03becedf19.pdf#page=21,underscore_index,pending_review
05308614914cb33b8d38d893d8a33e03becedf19_22,05308614914cb33b8d38d893d8a33e03becedf19_page_0022,05308614914cb33b8d38d893d8a33e03becedf19.pdf#page=22,underscore_index,pending_review
05308614914cb33b8d38d893d8a33e03becedf19_23,05308614914cb33b8d38d893d8a33e03becedf19_page_0023,05308614914cb33b8d38d893d8a33e03becedf19.pdf#page=23,underscore_index,pending_review
05308614914cb33b8d38d893d8a33e03becedf19_24,05308614914cb33b8d38d893d8a33e03becedf19_page_0024,05308614914cb33b8d38d893d8a33e03becedf19.pdf#page=24,underscore_index,pending_review
05308614914cb33b8d38d893d8a33e03becedf19_25,05308614914cb33b8d38d893d8a33e03becedf19_page_0025,05308614914cb33b8d38d893d8a33e03becedf19.pdf#page=25,underscore_index,pending_review
0531b35a448df92e2f0c6288b38918a7dcea5dc9_1,0531b35a448df92e2f0c6288b38918a7dcea5dc9_page_0001,0531b35a448df92e2f0c6288b38918a7dcea5dc9.pdf#page=1,underscore_index,pending_review
0531b35a448df92e2f0c6288b38918a7dcea5dc9_2,0531b35a448df92e2f0c6288b38918a7dcea5dc9_page_0002,0531b35a448df92e2f0c6288b38918a7dcea5dc9.pdf#page=2,underscore_index,pending_review
0531b35a448df92e2f0c6288b38918a7dcea5dc9_3,0531b35a448df92e2f0c6288b38918a7dcea5dc9_page_0003,0531b35a448df92e2f0c6288b38918a7dcea5dc9.pdf#page=3,underscore_index,pending_review
0531b35a448df92e2f0c6288b38918a7dcea5dc9_4,0531b35a448df92e2f0c6288b38918a7dcea5dc9_page_0004,0531b35a448df92e2f0c6288b38918a7dcea5dc9.pdf#page=4,underscore_index,pending_review
0531b35a448df92e2f0c6288b38918a7dcea5dc9_5,0531b35a448df92e2f0c6288b38918a7dcea5dc9_page_0005,0531b35a448df92e2f0c6288b38918a7dcea5dc9.pdf#page=5,underscore_index,pending_review
0531b35a448df92e2f0c6288b38918a7dcea5dc9_6,0531b35a448df92e2f0c6288b38918a7dcea5dc9_page_0006,0531b35a448df92e2f0c6288b38918a7dcea5dc9.pdf#page=6,underscore_index,pending_review
0531b35a448df92e2f0c6288b38918a7dcea5dc9_7,0531b35a448df92e2f0c6288b38918a7dcea5dc9_page_0007,0531b35a448df92e2f0c6288b38918a7dcea5dc9.pdf#page=7,underscore_index,pending_review
0531b35a448df92e2f0c6288b38918a7dcea5dc9_8,0531b35a448df92e2f0c6288b38918a7dcea5dc9_page_0008,0531b35a448df92e2f0c6288b38918a7dcea5dc9.pdf#page=8,underscore_index,pending_review
0531b35a448df92e2f0c6288b38918a7dcea5dc9_9,0531b35a448df92e2f0c6288b38918a7dcea5dc9_page_0009,0531b35a448df92e2f0c6288b38918a7dcea5dc9.pdf#page=9,underscore_index,pending_review
0531b35a448df92e2f0c6288b38918a7dcea5dc9_10,0531b35a448df92e2f0c6288b38918a7dcea5dc9_page_0010,0531b35a448df92e2f0c6288b38918a7dcea5dc9.pdf#page=10,underscore_index,pending_review
0531b35a448df92e2f0c6288b38918a7dcea5dc9_11,0531b35a448df92e2f0c6288b38918a7dcea5dc9_page_0011,0531b35a448df92e2f0c6288b38918a7dcea5dc9.pdf#page=11,underscore_index,pending_review
0531b35a448df92e2f0c6288b38918a7dcea5dc9_12,0531b35a448df92e2f0c6288b38918a7dcea5dc9_page_0012,0531b35a448df92e2f0c6288b38918a7dcea5dc9.pdf#page=12,underscore_index,pending_review
0531b35a448df92e2f0c6288b38918a7dcea5dc9_13,0531b35a448df92e2f0c6288b38918a7dcea5dc9_page_0013,0531b35a448df92e2f0c6288b38918a7dcea5dc9.pdf#page=13,underscore_index,pending_review
0531b35a448df92e2f0c6288b38918a7dcea5dc9_14,0531b35a448df92e2f0c6288b38918a7dcea5dc9_page_0014,0531b35a448df92e2f0c6288b38918a7dcea5dc9.pdf#page=14,underscore_index,pending_review
0531b35a448df92e2f0c6288b38918a7dcea5dc9_15,0531b35a448df92e2f0c6288b38918a7dcea5dc9_page_0015,0531b35a448df92e2f0c6288b38918a7dcea5dc9.pdf#page=15,underscore_index,pending_review
0531b35a448df92e2f0c6288b38918a7dcea5dc9_16,0531b35a448df92e2f0c6288b38918a7dcea5dc9_page_0016,0531b35a448df92e2f0c6288b38918a7dcea5dc9.pdf#page=16,underscore_index,pending_review
0531b35a448df92e2f0c6288b38918a7dcea5dc9_17,0531b35a448df92e2f0c6288b38918a7dcea5dc9_page_0017,0531b35a448df92e2f0c6288b38918a7dcea5dc9.pdf#page=17,underscore_index,pending_review
0531b35a448df92e2f0c6288b38918a7dcea5dc9_18,0531b35a448df92e2f0c6288b38918a7dcea5dc9_page_0018,0531b35a448df92e2f0c6288b38918a7dcea5dc9.pdf#page=18,underscore_index,pending_review
0531b35a448df92e2f0c6288b38918a7dcea5dc9_19,0531b35a448df92e2f0c6288b38918a7dcea5dc9_page_0019,0531b35a448df92e2f0c6288b38918a7dcea5dc9.pdf#page=19,underscore_index,pending_review
0531b35a448df92e2f0c6288b38918a7dcea5dc9_20,0531b35a448df92e2f0c6288b38918a7dcea5dc9_page_0020,0531b35a448df92e2f0c6288b38918a7dcea5dc9.pdf#page=20,underscore_index,pending_review
0531b35a448df92e2f0c6288b38918a7dcea5dc9_21,0531b35a448df92e2f0c6288b38918a7dcea5dc9_page_0021,0531b35a448df92e2f0c6288b38918a7dcea5dc9.pdf#page=21,underscore_index,pending_review
0531b35a448df92e2f0c6288b38918a7dcea5dc9_22,0531b35a448df92e2f0c6288b38918a7dcea5dc9_page_0022,0531b35a448df92e2f0c6288b38918a7dcea5dc9.pdf#page=22,underscore_index,pending_review
0531b35a448df92e2f0c6288b38918a7dcea5dc9_23,0531b35a448df92e2f0c6288b38918a7dcea5dc9_page_0023,0531b35a448df92e2f0c6288b38918a7dcea5dc9.pdf#page=23,underscore_index,pending_review
053328d288a9167453f08ade2e36149f95fbf157_1,053328d288a9167453f08ade2e36149f95fbf157_page_0001,053328d288a9167453f08ade2e36149f95fbf157.pdf#page=1,underscore_index,pending_review
053328d288a9167453f08ade2e36149f95fbf157_2,053328d288a9167453f08ade2e36149f95fbf157_page_0002,053328d288a9167453f08ade2e36149f95fbf157.pdf#page=2,underscore_index,pending_review
053328d288a9167453f08ade2e36149f95fbf157_3,053328d288a9167453f08ade2e36149f95fbf157_page_0003,053328d288a9167453f08ade2e36149f95fbf157.pdf#page=3,underscore_index,pending_review
053328d288a9167453f08ade2e36149f95fbf157_4,053328d288a9167453f08ade2e36149f95fbf157_page_0004,053328d288a9167453f08ade2e36149f95fbf157.pdf#page=4,underscore_index,pending_review
053328d288a9167453f08ade2e36149f95fbf157_5,053328d288a9167453f08ade2e36149f95fbf157_page_0005,053328d288a9167453f08ade2e36149f95fbf157.pdf#page=5,underscore_index,pending_review
053328d288a9167453f08ade2e36149f95fbf157_6,053328d288a9167453f08ade2e36149f95fbf157_page_0006,053328d288a9167453f08ade2e36149f95fbf157.pdf#page=6,underscore_index,pending_review
053328d288a9167453f08ade2e36149f95fbf157_7,053328d288a9167453f08ade2e36149f95fbf157_page_0007,053328d288a9167453f08ade2e36149f95fbf157.pdf#page=7,underscore_index,pending_review
053328d288a9167453f08ade2e36149f95fbf157_8,053328d288a9167453f08ade2e36149f95fbf157_page_0008,053328d288a9167453f08ade2e36149f95fbf157.pdf#page=8,underscore_index,pending_review
053328d288a9167453f08ade2e36149f95fbf157_9,053328d288a9167453f08ade2e36149f95fbf157_page_0009,053328d288a9167453f08ade2e36149f95fbf157.pdf#page=9,underscore_index,pending_review
053328d288a9167453f08ade2e36149f95fbf157_10,053328d288a9167453f08ade2e36149f95fbf157_page_0010,053328d288a9167453f08ade2e36149f95fbf157.pdf#page=10,underscore_index,pending_review
053328d288a9167453f08ade2e36149f95fbf157_11,053328d288a9167453f08ade2e36149f95fbf157_page_0011,053328d288a9167453f08ade2e36149f95fbf157.pdf#page=11,underscore_index,pending_review
053328d288a9167453f08ade2e36149f95fbf157_12,053328d288a9167453f08ade2e36149f95fbf157_page_0012,053328d288a9167453f08ade2e36149f95fbf157.pdf#page=12,underscore_index,pending_review
053328d288a9167453f08ade2e36149f95fbf157_13,053328d288a9167453f08ade2e36149f95fbf157_page_0013,053328d288a9167453f08ade2e36149f95fbf157.pdf#page=13,underscore_index,pending_review
053328d288a9167453f08ade2e36149f95fbf157_14,053328d288a9167453f08ade2e36149f95fbf157_page_0014,053328d288a9167453f08ade2e36149f95fbf157.pdf#page=14,underscore_index,pending_review
053328d288a9167453f08ade2e36149f95fbf157_15,053328d288a9167453f08ade2e36149f95fbf157_page_0015,053328d288a9167453f08ade2e36149f95fbf157.pdf#page=15,underscore_index,pending_review
053328d288a9167453f08ade2e36149f95fbf157_16,053328d288a9167453f08ade2e36149f95fbf157_page_0016,053328d288a9167453f08ade2e36149f95fbf157.pdf#page=16,underscore_index,pending_review
0534a2c5d71b9cd959659202de9793403f618985_1,0534a2c5d71b9cd959659202de9793403f618985_page_0001,0534a2c5d71b9cd959659202de9793403f618985.pdf#page=1,underscore_index,pending_review
0534a2c5d71b9cd959659202de9793403f618985_2,0534a2c5d71b9cd959659202de9793403f618985_page_0002,0534a2c5d71b9cd959659202de9793403f618985.pdf#page=2,underscore_index,pending_review
0534a2c5d71b9cd959659202de9793403f618985_3,0534a2c5d71b9cd959659202de9793403f618985_page_0003,0534a2c5d71b9cd959659202de9793403f618985.pdf#page=3,underscore_index,pending_review
0534a2c5d71b9cd959659202de9793403f618985_4,0534a2c5d71b9cd959659202de9793403f618985_page_0004,0534a2c5d71b9cd959659202de9793403f618985.pdf#page=4,underscore_index,pending_review
0534a2c5d71b9cd959659202de9793403f618985_5,0534a2c5d71b9cd959659202de9793403f618985_page_0005,0534a2c5d71b9cd959659202de9793403f618985.pdf#page=5,underscore_index,pending_review
0534a2c5d71b9cd959659202de9793403f618985_6,0534a2c5d71b9cd959659202de9793403f618985_page_0006,0534a2c5d71b9cd959659202de9793403f618985.pdf#page=6,underscore_index,pending_review
0534a2c5d71b9cd959659202de9793403f618985_7,0534a2c5d71b9cd959659202de9793403f618985_page_0007,0534a2c5d71b9cd959659202de9793403f618985.pdf#page=7,underscore_index,pending_review
0534a2c5d71b9cd959659202de9793403f618985_8,0534a2c5d71b9cd959659202de9793403f618985_page_0008,0534a2c5d71b9cd959659202de9793403f618985.pdf#page=8,underscore_index,pending_review
0534a2c5d71b9cd959659202de9793403f618985_9,0534a2c5d71b9cd959659202de9793403f618985_page_0009,0534a2c5d71b9cd959659202de9793403f618985.pdf#page=9,underscore_index,pending_review
0534a2c5d71b9cd959659202de9793403f618985_10,0534a2c5d71b9cd959659202de9793403f618985_page_0010,0534a2c5d71b9cd959659202de9793403f618985.pdf#page=10,underscore_index,pending_review
0534a2c5d71b9cd959659202de9793403f618985_11,0534a2c5d71b9cd959659202de9793403f618985_page_0011,0534a2c5d71b9cd959659202de9793403f618985.pdf#page=11,underscore_index,pending_review
0534a2c5d71b9cd959659202de9793403f618985_12,0534a2c5d71b9cd959659202de9793403f618985_page_0012,0534a2c5d71b9cd959659202de9793403f618985.pdf#page=12,underscore_index,pending_review
0534a2c5d71b9cd959659202de9793403f618985_13,0534a2c5d71b9cd959659202de9793403f618985_page_0013,0534a2c5d71b9cd959659202de9793403f618985.pdf#page=13,underscore_index,pending_review
0534a2c5d71b9cd959659202de9793403f618985_14,0534a2c5d71b9cd959659202de9793403f618985_page_0014,0534a2c5d71b9cd959659202de9793403f618985.pdf#page=14,underscore_index,pending_review
0534a2c5d71b9cd959659202de9793403f618985_15,0534a2c5d71b9cd959659202de9793403f618985_page_0015,0534a2c5d71b9cd959659202de9793403f618985.pdf#page=15,underscore_index,pending_review
0534a2c5d71b9cd959659202de9793403f618985_16,0534a2c5d71b9cd959659202de9793403f618985_page_0016,0534a2c5d71b9cd959659202de9793403f618985.pdf#page=16,underscore_index,pending_review
0534a2c5d71b9cd959659202de9793403f618985_17,0534a2c5d71b9cd959659202de9793403f618985_page_0017,0534a2c5d71b9cd959659202de9793403f618985.pdf#page=17,underscore_index,pending_review
0534a2c5d71b9cd959659202de9793403f618985_18,0534a2c5d71b9cd959659202de9793403f618985_page_0018,0534a2c5d71b9cd959659202de9793403f618985.pdf#page=18,underscore_index,pending_review
0534a2c5d71b9cd959659202de9793403f618985_19,0534a2c5d71b9cd959659202de9793403f618985_page_0019,0534a2c5d71b9cd959659202de9793403f618985.pdf#page=19,underscore_index,pending_review
0534a2c5d71b9cd959659202de9793403f618985_20,0534a2c5d71b9cd959659202de9793403f618985_page_0020,0534a2c5d71b9cd959659202de9793403f618985.pdf#page=20,underscore_index,pending_review
0534a2c5d71b9cd959659202de9793403f618985_21,0534a2c5d71b9cd959659202de9793403f618985_page_0021,0534a2c5d71b9cd959659202de9793403f618985.pdf#page=21,underscore_index,pending_review
0534a2c5d71b9cd959659202de9793403f618985_22,0534a2c5d71b9cd959659202de9793403f618985_page_0022,0534a2c5d71b9cd959659202de9793403f618985.pdf#page=22,underscore_index,pending_review
0534a2c5d71b9cd959659202de9793403f618985_23,0534a2c5d71b9cd959659202de9793403f618985_page_0023,0534a2c5d71b9cd959659202de9793403f618985.pdf#page=23,underscore_index,pending_review
053cbd81cfa6499b8d7e57705bd4dc162d062ce5_1,053cbd81cfa6499b8d7e57705bd4dc162d062ce5_page_0001,053cbd81cfa6499b8d7e57705bd4dc162d062ce5.pdf#page=1,underscore_index,pending_review
053cbd81cfa6499b8d7e57705bd4dc162d062ce5_2,053cbd81cfa6499b8d7e57705bd4dc162d062ce5_page_0002,053cbd81cfa6499b8d7e57705bd4dc162d062ce5.pdf#page=2,underscore_index,pending_review
053cbd81cfa6499b8d7e57705bd4dc162d062ce5_3,053cbd81cfa6499b8d7e57705bd4dc162d062ce5_page_0003,053cbd81cfa6499b8d7e57705bd4dc162d062ce5.pdf#page=3,underscore_index,pending_review
053cbd81cfa6499b8d7e57705bd4dc162d062ce5_4,053cbd81cfa6499b8d7e57705bd4dc162d062ce5_page_0004,053cbd81cfa6499b8d7e57705bd4dc162d062ce5.pdf#page=4,underscore_index,pending_review
053cbd81cfa6499b8d7e57705bd4dc162d062ce5_5,053cbd81cfa6499b8d7e57705bd4dc162d062ce5_page_0005,053cbd81cfa6499b8d7e57705bd4dc162d062ce5.pdf#page=5,underscore_index,pending_review
053cbd81cfa6499b8d7e57705bd4dc162d062ce5_6,053cbd81cfa6499b8d7e57705bd4dc162d062ce5_page_0006,053cbd81cfa6499b8d7e57705bd4dc162d062ce5.pdf#page=6,underscore_index,pending_review
053cbd81cfa6499b8d7e57705bd4dc162d062ce5_7,053cbd81cfa6499b8d7e57705bd4dc162d062ce5_page_0007,053cbd81cfa6499b8d7e57705bd4dc162d062ce5.pdf#page=7,underscore_index,pending_review
053cbd81cfa6499b8d7e57705bd4dc162d062ce5_8,053cbd81cfa6499b8d7e57705bd4dc162d062ce5_page_0008,053cbd81cfa6499b8d7e57705bd4dc162d062ce5.pdf#page=8,underscore_index,pending_review
053cbd81cfa6499b8d7e57705bd4dc162d062ce5_9,053cbd81cfa6499b8d7e57705bd4dc162d062ce5_page_0009,053cbd81cfa6499b8d7e57705bd4dc162d062ce5.pdf#page=9,underscore_index,pending_review
053cbd81cfa6499b8d7e57705bd4dc162d062ce5_10,053cbd81cfa6499b8d7e57705bd4dc162d062ce5_page_0010,053cbd81cfa6499b8d7e57705bd4dc162d062ce5.pdf#page=10,underscore_index,pending_review
053cbd81cfa6499b8d7e57705bd4dc162d062ce5_11,053cbd81cfa6499b8d7e57705bd4dc162d062ce5_page_0011,053cbd81cfa6499b8d7e57705bd4dc162d062ce5.pdf#page=11,underscore_index,pending_review
053cbd81cfa6499b8d7e57705bd4dc162d062ce5_12,053cbd81cfa6499b8d7e57705bd4dc162d062ce5_page_0012,053cbd81cfa6499b8d7e57705bd4dc162d062ce5.pdf#page=12,underscore_index,pending_review
053cbd81cfa6499b8d7e57705bd4dc162d062ce5_13,053cbd81cfa6499b8d7e57705bd4dc162d062ce5_page_0013,053cbd81cfa6499b8d7e57705bd4dc162d062ce5.pdf#page=13,underscore_index,pending_review
053cbd81cfa6499b8d7e57705bd4dc162d062ce5_14,053cbd81cfa6499b8d7e57705bd4dc162d062ce5_page_0014,053cbd81cfa6499b8d7e57705bd4dc162d062ce5.pdf#page=14,underscore_index,pending_review
053cbd81cfa6499b8d7e57705bd4dc162d062ce5_15,053cbd81cfa6499b8d7e57705bd4dc162d062ce5_page_0015,053cbd81cfa6499b8d7e57705bd4dc162d062ce5.pdf#page=15,underscore_index,pending_review
053cbd81cfa6499b8d7e57705bd4dc162d062ce5_16,053cbd81cfa6499b8d7e57705bd4dc162d062ce5_page_0016,053cbd81cfa6499b8d7e57705bd4dc162d062ce5.pdf#page=16,underscore_index,pending_review
053cbd81cfa6499b8d7e57705bd4dc162d062ce5_17,053cbd81cfa6499b8d7e57705bd4dc162d062ce5_page_0017,053cbd81cfa6499b8d7e57705bd4dc162d062ce5.pdf#page=17,underscore_index,pending_review
053cbd81cfa6499b8d7e57705bd4dc162d062ce5_18,053cbd81cfa6499b8d7e57705bd4dc162d062ce5_page_0018,053cbd81cfa6499b8d7e57705bd4dc162d062ce5.pdf#page=18,underscore_index,pending_review
053cbd81cfa6499b8d7e57705bd4dc162d062ce5_19,053cbd81cfa6499b8d7e57705bd4dc162d062ce5_page_0019,053cbd81cfa6499b8d7e57705bd4dc162d062ce5.pdf#page=19,underscore_index,pending_review
053cbd81cfa6499b8d7e57705bd4dc162d062ce5_20,053cbd81cfa6499b8d7e57705bd4dc162d062ce5_page_0020,053cbd81cfa6499b8d7e57705bd4dc162d062ce5.pdf#page=20,underscore_index,pending_review
053cbd81cfa6499b8d7e57705bd4dc162d062ce5_21,053cbd81cfa6499b8d7e57705bd4dc162d062ce5_page_0021,053cbd81cfa6499b8d7e57705bd4dc162d062ce5.pdf#page=21,underscore_index,pending_review
0541896ed71e7eb1098ad3dbee66bf4444855b17_1,0541896ed71e7eb1098ad3dbee66bf4444855b17_page_0001,0541896ed71e7eb1098ad3dbee66bf4444855b17.pdf#page=1,underscore_index,pending_review
0541896ed71e7eb1098ad3dbee66bf4444855b17_2,0541896ed71e7eb1098ad3dbee66bf4444855b17_page_0002,0541896ed71e7eb1098ad3dbee66bf4444855b17.pdf#page=2,underscore_index,pending_review
0541896ed71e7eb1098ad3dbee66bf4444855b17_3,0541896ed71e7eb1098ad3dbee66bf4444855b17_page_0003,0541896ed71e7eb1098ad3dbee66bf4444855b17.pdf#page=3,underscore_index,pending_review
0541896ed71e7eb1098ad3dbee66bf4444855b17_4,0541896ed71e7eb1098ad3dbee66bf4444855b17_page_0004,0541896ed71e7eb1098ad3dbee66bf4444855b17.pdf#page=4,underscore_index,pending_review
0541896ed71e7eb1098ad3dbee66bf4444855b17_5,0541896ed71e7eb1098ad3dbee66bf4444855b17_page_0005,0541896ed71e7eb1098ad3dbee66bf4444855b17.pdf#page=5,underscore_index,pending_review
0541896ed71e7eb1098ad3dbee66bf4444855b17_6,0541896ed71e7eb1098ad3dbee66bf4444855b17_page_0006,0541896ed71e7eb1098ad3dbee66bf4444855b17.pdf#page=6,underscore_index,pending_review
0541896ed71e7eb1098ad3dbee66bf4444855b17_7,0541896ed71e7eb1098ad3dbee66bf4444855b17_page_0007,0541896ed71e7eb1098ad3dbee66bf4444855b17.pdf#page=7,underscore_index,pending_review
0541896ed71e7eb1098ad3dbee66bf4444855b17_8,0541896ed71e7eb1098ad3dbee66bf4444855b17_page_0008,0541896ed71e7eb1098ad3dbee66bf4444855b17.pdf#page=8,underscore_index,pending_review
0541896ed71e7eb1098ad3dbee66bf4444855b17_9,0541896ed71e7eb1098ad3dbee66bf4444855b17_page_0009,0541896ed71e7eb1098ad3dbee66bf4444855b17.pdf#page=9,underscore_index,pending_review
0541896ed71e7eb1098ad3dbee66bf4444855b17_10,0541896ed71e7eb1098ad3dbee66bf4444855b17_page_0010,0541896ed71e7eb1098ad3dbee66bf4444855b17.pdf#page=10,underscore_index,pending_review
0541896ed71e7eb1098ad3dbee66bf4444855b17_11,0541896ed71e7eb1098ad3dbee66bf4444855b17_page_0011,0541896ed71e7eb1098ad3dbee66bf4444855b17.pdf#page=11,underscore_index,pending_review
0541896ed71e7eb1098ad3dbee66bf4444855b17_12,0541896ed71e7eb1098ad3dbee66bf4444855b17_page_0012,0541896ed71e7eb1098ad3dbee66bf4444855b17.pdf#page=12,underscore_index,pending_review
0541896ed71e7eb1098ad3dbee66bf4444855b17_13,0541896ed71e7eb1098ad3dbee66bf4444855b17_page_0013,0541896ed71e7eb1098ad3dbee66bf4444855b17.pdf#page=13,underscore_index,pending_review
0541896ed71e7eb1098ad3dbee66bf4444855b17_14,0541896ed71e7eb1098ad3dbee66bf4444855b17_page_0014,0541896ed71e7eb1098ad3dbee66bf4444855b17.pdf#page=14,underscore_index,pending_review
0541896ed71e7eb1098ad3dbee66bf4444855b17_15,0541896ed71e7eb1098ad3dbee66bf4444855b17_page_0015,0541896ed71e7eb1098ad3dbee66bf4444855b17.pdf#page=15,underscore_index,pending_review
0541896ed71e7eb1098ad3dbee66bf4444855b17_16,0541896ed71e7eb1098ad3dbee66bf4444855b17_page_0016,0541896ed71e7eb1098ad3dbee66bf4444855b17.pdf#page=16,underscore_index,pending_review
0541896ed71e7eb1098ad3dbee66bf4444855b17_17,0541896ed71e7eb1098ad3dbee66bf4444855b17_page_0017,0541896ed71e7eb1098ad3dbee66bf4444855b17.pdf#page=17,underscore_index,pending_review
0541896ed71e7eb1098ad3dbee66bf4444855b17_18,0541896ed71e7eb1098ad3dbee66bf4444855b17_page_0018,0541896ed71e7eb1098ad3dbee66bf4444855b17.pdf#page=18,underscore_index,pending_review
0541896ed71e7eb1098ad3dbee66bf4444855b17_19,0541896ed71e7eb1098ad3dbee66bf4444855b17_page_0019,0541896ed71e7eb1098ad3dbee66bf4444855b17.pdf#page=19,underscore_index,pending_review
0541896ed71e7eb1098ad3dbee66bf4444855b17_20,0541896ed71e7eb1098ad3dbee66bf4444855b17_page_0020,0541896ed71e7eb1098ad3dbee66bf4444855b17.pdf#page=20,underscore_index,pending_review
0541896ed71e7eb1098ad3dbee66bf4444855b17_21,0541896ed71e7eb1098ad3dbee66bf4444855b17_page_0021,0541896ed71e7eb1098ad3dbee66bf4444855b17.pdf#page=21,underscore_index,pending_review
0541896ed71e7eb1098ad3dbee66bf4444855b17_22,0541896ed71e7eb1098ad3dbee66bf4444855b17_page_0022,0541896ed71e7eb1098ad3dbee66bf4444855b17.pdf#page=22,underscore_index,pending_review
0541896ed71e7eb1098ad3dbee66bf4444855b17_23,0541896ed71e7eb1098ad3dbee66bf4444855b17_page_0023,0541896ed71e7eb1098ad3dbee66bf4444855b17.pdf#page=23,underscore_index,pending_review
0541896ed71e7eb1098ad3dbee66bf4444855b17_24,0541896ed71e7eb1098ad3dbee66bf4444855b17_page_0024,0541896ed71e7eb1098ad3dbee66bf4444855b17.pdf#page=24,underscore_index,pending_review
0541896ed71e7eb1098ad3dbee66bf4444855b17_25,0541896ed71e7eb1098ad3dbee66bf4444855b17_page_0025,0541896ed71e7eb1098ad3dbee66bf4444855b17.pdf#page=25,underscore_index,pending_review
05431d0c73a506ba1e04ca357b7d8bdbf6efa7f5_1,05431d0c73a506ba1e04ca357b7d8bdbf6efa7f5_page_0001,05431d0c73a506ba1e04ca357b7d8bdbf6efa7f5.pdf#page=1,underscore_index,pending_review
05431d0c73a506ba1e04ca357b7d8bdbf6efa7f5_2,05431d0c73a506ba1e04ca357b7d8bdbf6efa7f5_page_0002,05431d0c73a506ba1e04ca357b7d8bdbf6efa7f5.pdf#page=2,underscore_index,pending_review
05431d0c73a506ba1e04ca357b7d8bdbf6efa7f5_3,05431d0c73a506ba1e04ca357b7d8bdbf6efa7f5_page_0003,05431d0c73a506ba1e04ca357b7d8bdbf6efa7f5.pdf#page=3,underscore_index,pending_review
05431d0c73a506ba1e04ca357b7d8bdbf6efa7f5_4,05431d0c73a506ba1e04ca357b7d8bdbf6efa7f5_page_0004,05431d0c73a506ba1e04ca357b7d8bdbf6efa7f5.pdf#page=4,underscore_index,pending_review
05431d0c73a506ba1e04ca357b7d8bdbf6efa7f5_5,05431d0c73a506ba1e04ca357b7d8bdbf6efa7f5_page_0005,05431d0c73a506ba1e04ca357b7d8bdbf6efa7f5.pdf#page=5,underscore_index,pending_review
05431d0c73a506ba1e04ca357b7d8bdbf6efa7f5_6,05431d0c73a506ba1e04ca357b7d8bdbf6efa7f5_page_0006,05431d0c73a506ba1e04ca357b7d8bdbf6efa7f5.pdf#page=6,underscore_index,pending_review
05431d0c73a506ba1e04ca357b7d8bdbf6efa7f5_7,05431d0c73a506ba1e04ca357b7d8bdbf6efa7f5_page_0007,05431d0c73a506ba1e04ca357b7d8bdbf6efa7f5.pdf#page=7,underscore_index,pending_review
05431d0c73a506ba1e04ca357b7d8bdbf6efa7f5_8,05431d0c73a506ba1e04ca357b7d8bdbf6efa7f5_page_0008,05431d0c73a506ba1e04ca357b7d8bdbf6efa7f5.pdf#page=8,underscore_index,pending_review
05431d0c73a506ba1e04ca357b7d8bdbf6efa7f5_9,05431d0c73a506ba1e04ca357b7d8bdbf6efa7f5_page_0009,05431d0c73a506ba1e04ca357b7d8bdbf6efa7f5.pdf#page=9,underscore_index,pending_review
05431d0c73a506ba1e04ca357b7d8bdbf6efa7f5_10,05431d0c73a506ba1e04ca357b7d8bdbf6efa7f5_page_0010,05431d0c73a506ba1e04ca357b7d8bdbf6efa7f5.pdf#page=10,underscore_index,pending_review
05431d0c73a506ba1e04ca357b7d8bdbf6efa7f5_11,05431d0c73a506ba1e04ca357b7d8bdbf6efa7f5_page_0011,05431d0c73a506ba1e04ca357b7d8bdbf6efa7f5.pdf#page=11,underscore_index,pending_review
05431d0c73a506ba1e04ca357b7d8bdbf6efa7f5_12,05431d0c73a506ba1e04ca357b7d8bdbf6efa7f5_page_0012,05431d0c73a506ba1e04ca357b7d8bdbf6efa7f5.pdf#page=12,underscore_index,pending_review
05431d0c73a506ba1e04ca357b7d8bdbf6efa7f5_13,05431d0c73a506ba1e04ca357b7d8bdbf6efa7f5_page_0013,05431d0c73a506ba1e04ca357b7d8bdbf6efa7f5.pdf#page=13,underscore_index,pending_review
05431d0c73a506ba1e04ca357b7d8bdbf6efa7f5_14,05431d0c73a506ba1e04ca357b7d8bdbf6efa7f5_page_0014,05431d0c73a506ba1e04ca357b7d8bdbf6efa7f5.pdf#page=14,underscore_index,pending_review
05431d0c73a506ba1e04ca357b7d8bdbf6efa7f5_15,05431d0c73a506ba1e04ca357b7d8bdbf6efa7f5_page_0015,05431d0c73a506ba1e04ca357b7d8bdbf6efa7f5.pdf#page=15,underscore_index,pending_review
05431d0c73a506ba1e04ca357b7d8bdbf6efa7f5_16,05431d0c73a506ba1e04ca357b7d8bdbf6efa7f5_page_0016,05431d0c73a506ba1e04ca357b7d8bdbf6efa7f5.pdf#page=16,underscore_index,pending_review
05431d0c73a506ba1e04ca357b7d8bdbf6efa7f5_17,05431d0c73a506ba1e04ca357b7d8bdbf6efa7f5_page_0017,05431d0c73a506ba1e04ca357b7d8bdbf6efa7f5.pdf#page=17,underscore_index,pending_review
05431d0c73a506ba1e04ca357b7d8bdbf6efa7f5_18,05431d0c73a506ba1e04ca357b7d8bdbf6efa7f5_page_0018,05431d0c73a506ba1e04ca357b7d8bdbf6efa7f5.pdf#page=18,underscore_index,pending_review
054566ec811fd05e25852906ac99a9203548def1_1,054566ec811fd05e25852906ac99a9203548def1_page_0001,054566ec811fd05e25852906ac99a9203548def1.pdf#page=1,underscore_index,pending_review
054566ec811fd05e25852906ac99a9203548def1_2,054566ec811fd05e25852906ac99a9203548def1_page_0002,054566ec811fd05e25852906ac99a9203548def1.pdf#page=2,underscore_index,pending_review
054566ec811fd05e25852906ac99a9203548def1_3,054566ec811fd05e25852906ac99a9203548def1_page_0003,054566ec811fd05e25852906ac99a9203548def1.pdf#page=3,underscore_index,pending_review
054566ec811fd05e25852906ac99a9203548def1_4,054566ec811fd05e25852906ac99a9203548def1_page_0004,054566ec811fd05e25852906ac99a9203548def1.pdf#page=4,underscore_index,pending_review
054566ec811fd05e25852906ac99a9203548def1_5,054566ec811fd05e25852906ac99a9203548def1_page_0005,054566ec811fd05e25852906ac99a9203548def1.pdf#page=5,underscore_index,pending_review
054566ec811fd05e25852906ac99a9203548def1_6,054566ec811fd05e25852906ac99a9203548def1_page_0006,054566ec811fd05e25852906ac99a9203548def1.pdf#page=6,underscore_index,pending_review
054566ec811fd05e25852906ac99a9203548def1_7,054566ec811fd05e25852906ac99a9203548def1_page_0007,054566ec811fd05e25852906ac99a9203548def1.pdf#page=7,underscore_index,pending_review
054566ec811fd05e25852906ac99a9203548def1_8,054566ec811fd05e25852906ac99a9203548def1_page_0008,054566ec811fd05e25852906ac99a9203548def1.pdf#page=8,underscore_index,pending_review
054566ec811fd05e25852906ac99a9203548def1_9,054566ec811fd05e25852906ac99a9203548def1_page_0009,054566ec811fd05e25852906ac99a9203548def1.pdf#page=9,underscore_index,pending_review
054566ec811fd05e25852906ac99a9203548def1_10,054566ec811fd05e25852906ac99a9203548def1_page_0010,054566ec811fd05e25852906ac99a9203548def1.pdf#page=10,underscore_index,pending_review
054566ec811fd05e25852906ac99a9203548def1_11,054566ec811fd05e25852906ac99a9203548def1_page_0011,054566ec811fd05e25852906ac99a9203548def1.pdf#page=11,underscore_index,pending_review
054566ec811fd05e25852906ac99a9203548def1_12,054566ec811fd05e25852906ac99a9203548def1_page_0012,054566ec811fd05e25852906ac99a9203548def1.pdf#page=12,underscore_index,pending_review
054566ec811fd05e25852906ac99a9203548def1_13,054566ec811fd05e25852906ac99a9203548def1_page_0013,054566ec811fd05e25852906ac99a9203548def1.pdf#page=13,underscore_index,pending_review
054566ec811fd05e25852906ac99a9203548def1_14,054566ec811fd05e25852906ac99a9203548def1_page_0014,054566ec811fd05e25852906ac99a9203548def1.pdf#page=14,underscore_index,pending_review
054566ec811fd05e25852906ac99a9203548def1_15,054566ec811fd05e25852906ac99a9203548def1_page_0015,054566ec811fd05e25852906ac99a9203548def1.pdf#page=15,underscore_index,pending_review
054566ec811fd05e25852906ac99a9203548def1_16,054566ec811fd05e25852906ac99a9203548def1_page_0016,054566ec811fd05e25852906ac99a9203548def1.pdf#page=16,underscore_index,pending_review
054566ec811fd05e25852906ac99a9203548def1_17,054566ec811fd05e25852906ac99a9203548def1_page_0017,054566ec811fd05e25852906ac99a9203548def1.pdf#page=17,underscore_index,pending_review
054566ec811fd05e25852906ac99a9203548def1_18,054566ec811fd05e25852906ac99a9203548def1_page_0018,054566ec811fd05e25852906ac99a9203548def1.pdf#page=18,underscore_index,pending_review
054566ec811fd05e25852906ac99a9203548def1_19,054566ec811fd05e25852906ac99a9203548def1_page_0019,054566ec811fd05e25852906ac99a9203548def1.pdf#page=19,underscore_index,pending_review
054566ec811fd05e25852906ac99a9203548def1_20,054566ec811fd05e25852906ac99a9203548def1_page_0020,054566ec811fd05e25852906ac99a9203548def1.pdf#page=20,underscore_index,pending_review
054566ec811fd05e25852906ac99a9203548def1_21,054566ec811fd05e25852906ac99a9203548def1_page_0021,054566ec811fd05e25852906ac99a9203548def1.pdf#page=21,underscore_index,pending_review
054566ec811fd05e25852906ac99a9203548def1_22,054566ec811fd05e25852906ac99a9203548def1_page_0022,054566ec811fd05e25852906ac99a9203548def1.pdf#page=22,underscore_index,pending_review
054566ec811fd05e25852906ac99a9203548def1_23,054566ec811fd05e25852906ac99a9203548def1_page_0023,054566ec811fd05e25852906ac99a9203548def1.pdf#page=23,underscore_index,pending_review
054566ec811fd05e25852906ac99a9203548def1_24,054566ec811fd05e25852906ac99a9203548def1_page_0024,054566ec811fd05e25852906ac99a9203548def1.pdf#page=24,underscore_index,pending_review
054adbf8327de7348cba0375cbaea22cb7f80813_1,054adbf8327de7348cba0375cbaea22cb7f80813_page_0001,054adbf8327de7348cba0375cbaea22cb7f80813.pdf#page=1,underscore_index,pending_review
054adbf8327de7348cba0375cbaea22cb7f80813_2,054adbf8327de7348cba0375cbaea22cb7f80813_page_0002,054adbf8327de7348cba0375cbaea22cb7f80813.pdf#page=2,underscore_index,pending_review
054adbf8327de7348cba0375cbaea22cb7f80813_3,054adbf8327de7348cba0375cbaea22cb7f80813_page_0003,054adbf8327de7348cba0375cbaea22cb7f80813.pdf#page=3,underscore_index,pending_review
054adbf8327de7348cba0375cbaea22cb7f80813_4,054adbf8327de7348cba0375cbaea22cb7f80813_page_0004,054adbf8327de7348cba0375cbaea22cb7f80813.pdf#page=4,underscore_index,pending_review
054adbf8327de7348cba0375cbaea22cb7f80813_5,054adbf8327de7348cba0375cbaea22cb7f80813_page_0005,054adbf8327de7348cba0375cbaea22cb7f80813.pdf#page=5,underscore_index,pending_review
054adbf8327de7348cba0375cbaea22cb7f80813_6,054adbf8327de7348cba0375cbaea22cb7f80813_page_0006,054adbf8327de7348cba0375cbaea22cb7f80813.pdf#page=6,underscore_index,pending_review
054adbf8327de7348cba0375cbaea22cb7f80813_7,054adbf8327de7348cba0375cbaea22cb7f80813_page_0007,054adbf8327de7348cba0375cbaea22cb7f80813.pdf#page=7,underscore_index,pending_review
054adbf8327de7348cba0375cbaea22cb7f80813_8,054adbf8327de7348cba0375cbaea22cb7f80813_page_0008,054adbf8327de7348cba0375cbaea22cb7f80813.pdf#page=8,underscore_index,pending_review
054adbf8327de7348cba0375cbaea22cb7f80813_9,054adbf8327de7348cba0375cbaea22cb7f80813_page_0009,054adbf8327de7348cba0375cbaea22cb7f80813.pdf#page=9,underscore_index,pending_review
054adbf8327de7348cba0375cbaea22cb7f80813_10,054adbf8327de7348cba0375cbaea22cb7f80813_page_0010,054adbf8327de7348cba0375cbaea22cb7f80813.pdf#page=10,underscore_index,pending_review
054adbf8327de7348cba0375cbaea22cb7f80813_11,054adbf8327de7348cba0375cbaea22cb7f80813_page_0011,054adbf8327de7348cba0375cbaea22cb7f80813.pdf#page=11,underscore_index,pending_review
054adbf8327de7348cba0375cbaea22cb7f80813_12,054adbf8327de7348cba0375cbaea22cb7f80813_page_0012,054adbf8327de7348cba0375cbaea22cb7f80813.pdf#page=12,underscore_index,pending_review
054adbf8327de7348cba0375cbaea22cb7f80813_13,054adbf8327de7348cba0375cbaea22cb7f80813_page_0013,054adbf8327de7348cba0375cbaea22cb7f80813.pdf#page=13,underscore_index,pending_review
054adbf8327de7348cba0375cbaea22cb7f80813_14,054adbf8327de7348cba0375cbaea22cb7f80813_page_0014,054adbf8327de7348cba0375cbaea22cb7f80813.pdf#page=14,underscore_index,pending_review
054adbf8327de7348cba0375cbaea22cb7f80813_15,054adbf8327de7348cba0375cbaea22cb7f80813_page_0015,054adbf8327de7348cba0375cbaea22cb7f80813.pdf#page=15,underscore_index,pending_review
054adbf8327de7348cba0375cbaea22cb7f80813_16,054adbf8327de7348cba0375cbaea22cb7f80813_page_0016,054adbf8327de7348cba0375cbaea22cb7f80813.pdf#page=16,underscore_index,pending_review
054adbf8327de7348cba0375cbaea22cb7f80813_17,054adbf8327de7348cba0375cbaea22cb7f80813_page_0017,054adbf8327de7348cba0375cbaea22cb7f80813.pdf#page=17,underscore_index,pending_review
054adbf8327de7348cba0375cbaea22cb7f80813_18,054adbf8327de7348cba0375cbaea22cb7f80813_page_0018,054adbf8327de7348cba0375cbaea22cb7f80813.pdf#page=18,underscore_index,pending_review
054adbf8327de7348cba0375cbaea22cb7f80813_19,054adbf8327de7348cba0375cbaea22cb7f80813_page_0019,054adbf8327de7348cba0375cbaea22cb7f80813.pdf#page=19,underscore_index,pending_review
054adbf8327de7348cba0375cbaea22cb7f80813_20,054adbf8327de7348cba0375cbaea22cb7f80813_page_0020,054adbf8327de7348cba0375cbaea22cb7f80813.pdf#page=20,underscore_index,pending_review
054adbf8327de7348cba0375cbaea22cb7f80813_21,054adbf8327de7348cba0375cbaea22cb7f80813_page_0021,054adbf8327de7348cba0375cbaea22cb7f80813.pdf#page=21,underscore_index,pending_review
054e98cc2676ed1ab0f94f2ae43010514596aa6b_1,054e98cc2676ed1ab0f94f2ae43010514596aa6b_page_0001,054e98cc2676ed1ab0f94f2ae43010514596aa6b.pdf#page=1,underscore_index,pending_review
054e98cc2676ed1ab0f94f2ae43010514596aa6b_2,054e98cc2676ed1ab0f94f2ae43010514596aa6b_page_0002,054e98cc2676ed1ab0f94f2ae43010514596aa6b.pdf#page=2,underscore_index,pending_review
054e98cc2676ed1ab0f94f2ae43010514596aa6b_3,054e98cc2676ed1ab0f94f2ae43010514596aa6b_page_0003,054e98cc2676ed1ab0f94f2ae43010514596aa6b.pdf#page=3,underscore_index,pending_review
054e98cc2676ed1ab0f94f2ae43010514596aa6b_4,054e98cc2676ed1ab0f94f2ae43010514596aa6b_page_0004,054e98cc2676ed1ab0f94f2ae43010514596aa6b.pdf#page=4,underscore_index,pending_review
054e98cc2676ed1ab0f94f2ae43010514596aa6b_5,054e98cc2676ed1ab0f94f2ae43010514596aa6b_page_0005,054e98cc2676ed1ab0f94f2ae43010514596aa6b.pdf#page=5,underscore_index,pending_review
054e98cc2676ed1ab0f94f2ae43010514596aa6b_6,054e98cc2676ed1ab0f94f2ae43010514596aa6b_page_0006,054e98cc2676ed1ab0f94f2ae43010514596aa6b.pdf#page=6,underscore_index,pending_review
054e98cc2676ed1ab0f94f2ae43010514596aa6b_7,054e98cc2676ed1ab0f94f2ae43010514596aa6b_page_0007,054e98cc2676ed1ab0f94f2ae43010514596aa6b.pdf#page=7,underscore_index,pending_review
054e98cc2676ed1ab0f94f2ae43010514596aa6b_8,054e98cc2676ed1ab0f94f2ae43010514596aa6b_page_0008,054e98cc2676ed1ab0f94f2ae43010514596aa6b.pdf#page=8,underscore_index,pending_review
054ecf499755cfb66feb3a14eb01dc4c4874b9cf_1,054ecf499755cfb66feb3a14eb01dc4c4874b9cf_page_0001,054ecf499755cfb66feb3a14eb01dc4c4874b9cf.pdf#page=1,underscore_index,pending_review
054ecf499755cfb66feb3a14eb01dc4c4874b9cf_2,054ecf499755cfb66feb3a14eb01dc4c4874b9cf_page_0002,054ecf499755cfb66feb3a14eb01dc4c4874b9cf.pdf#page=2,underscore_index,pending_review
054ecf499755cfb66feb3a14eb01dc4c4874b9cf_3,054ecf499755cfb66feb3a14eb01dc4c4874b9cf_page_0003,054ecf499755cfb66feb3a14eb01dc4c4874b9cf.pdf#page=3,underscore_index,pending_review
054ecf499755cfb66feb3a14eb01dc4c4874b9cf_4,054ecf499755cfb66feb3a14eb01dc4c4874b9cf_page_0004,054ecf499755cfb66feb3a14eb01dc4c4874b9cf.pdf#page=4,underscore_index,pending_review
054ecf499755cfb66feb3a14eb01dc4c4874b9cf_5,054ecf499755cfb66feb3a14eb01dc4c4874b9cf_page_0005,054ecf499755cfb66feb3a14eb01dc4c4874b9cf.pdf#page=5,underscore_index,pending_review
054ecf499755cfb66feb3a14eb01dc4c4874b9cf_6,054ecf499755cfb66feb3a14eb01dc4c4874b9cf_page_0006,054ecf499755cfb66feb3a14eb01dc4c4874b9cf.pdf#page=6,underscore_index,pending_review
054ecf499755cfb66feb3a14eb01dc4c4874b9cf_7,054ecf499755cfb66feb3a14eb01dc4c4874b9cf_page_0007,054ecf499755cfb66feb3a14eb01dc4c4874b9cf.pdf#page=7,underscore_index,pending_review
054ecf499755cfb66feb3a14eb01dc4c4874b9cf_8,054ecf499755cfb66feb3a14eb01dc4c4874b9cf_page_0008,054ecf499755cfb66feb3a14eb01dc4c4874b9cf.pdf#page=8,underscore_index,pending_review
054ecf499755cfb66feb3a14eb01dc4c4874b9cf_9,054ecf499755cfb66feb3a14eb01dc4c4874b9cf_page_0009,054ecf499755cfb66feb3a14eb01dc4c4874b9cf.pdf#page=9,underscore_index,pending_review
054ecf499755cfb66feb3a14eb01dc4c4874b9cf_10,054ecf499755cfb66feb3a14eb01dc4c4874b9cf_page_0010,054ecf499755cfb66feb3a14eb01dc4c4874b9cf.pdf#page=10,underscore_index,pending_review
054ecf499755cfb66feb3a14eb01dc4c4874b9cf_11,054ecf499755cfb66feb3a14eb01dc4c4874b9cf_page_0011,054ecf499755cfb66feb3a14eb01dc4c4874b9cf.pdf#page=11,underscore_index,pending_review
054ecf499755cfb66feb3a14eb01dc4c4874b9cf_12,054ecf499755cfb66feb3a14eb01dc4c4874b9cf_page_0012,054ecf499755cfb66feb3a14eb01dc4c4874b9cf.pdf#page=12,underscore_index,pending_review
054ecf499755cfb66feb3a14eb01dc4c4874b9cf_13,054ecf499755cfb66feb3a14eb01dc4c4874b9cf_page_0013,054ecf499755cfb66feb3a14eb01dc4c4874b9cf.pdf#page=13,underscore_index,pending_review
054ecf499755cfb66feb3a14eb01dc4c4874b9cf_14,054ecf499755cfb66feb3a14eb01dc4c4874b9cf_page_0014,054ecf499755cfb66feb3a14eb01dc4c4874b9cf.pdf#page=14,underscore_index,pending_review
054ecf499755cfb66feb3a14eb01dc4c4874b9cf_15,054ecf499755cfb66feb3a14eb01dc4c4874b9cf_page_0015,054ecf499755cfb66feb3a14eb01dc4c4874b9cf.pdf#page=15,underscore_index,pending_review
054ecf499755cfb66feb3a14eb01dc4c4874b9cf_16,054ecf499755cfb66feb3a14eb01dc4c4874b9cf_page_0016,054ecf499755cfb66feb3a14eb01dc4c4874b9cf.pdf#page=16,underscore_index,pending_review
054ecf499755cfb66feb3a14eb01dc4c4874b9cf_17,054ecf499755cfb66feb3a14eb01dc4c4874b9cf_page_0017,054ecf499755cfb66feb3a14eb01dc4c4874b9cf.pdf#page=17,underscore_index,pending_review
054ecf499755cfb66feb3a14eb01dc4c4874b9cf_18,054ecf499755cfb66feb3a14eb01dc4c4874b9cf_page_0018,054ecf499755cfb66feb3a14eb01dc4c4874b9cf.pdf#page=18,underscore_index,pending_review
054ecf499755cfb66feb3a14eb01dc4c4874b9cf_19,054ecf499755cfb66feb3a14eb01dc4c4874b9cf_page_0019,054ecf499755cfb66feb3a14eb01dc4c4874b9cf.pdf#page=19,underscore_index,pending_review
054ecf499755cfb66feb3a14eb01dc4c4874b9cf_20,054ecf499755cfb66feb3a14eb01dc4c4874b9cf_page_0020,054ecf499755cfb66feb3a14eb01dc4c4874b9cf.pdf#page=20,underscore_index,pending_review
054ecf499755cfb66feb3a14eb01dc4c4874b9cf_21,054ecf499755cfb66feb3a14eb01dc4c4874b9cf_page_0021,054ecf499755cfb66feb3a14eb01dc4c4874b9cf.pdf#page=21,underscore_index,pending_review
054ecf499755cfb66feb3a14eb01dc4c4874b9cf_22,054ecf499755cfb66feb3a14eb01dc4c4874b9cf_page_0022,054ecf499755cfb66feb3a14eb01dc4c4874b9cf.pdf#page=22,underscore_index,pending_review
054ecf499755cfb66feb3a14eb01dc4c4874b9cf_23,054ecf499755cfb66feb3a14eb01dc4c4874b9cf_page_0023,054ecf499755cfb66feb3a14eb01dc4c4874b9cf.pdf#page=23,underscore_index,pending_review
054ecf499755cfb66feb3a14eb01dc4c4874b9cf_24,054ecf499755cfb66feb3a14eb01dc4c4874b9cf_page_0024,054ecf499755cfb66feb3a14eb01dc4c4874b9cf.pdf#page=24,underscore_index,pending_review
055cb083266230b1e3a86e5b94cc72d3a04c9828_1,055cb083266230b1e3a86e5b94cc72d3a04c9828_page_0001,055cb083266230b1e3a86e5b94cc72d3a04c9828.pdf#page=1,underscore_index,pending_review
055cb083266230b1e3a86e5b94cc72d3a04c9828_2,055cb083266230b1e3a86e5b94cc72d3a04c9828_page_0002,055cb083266230b1e3a86e5b94cc72d3a04c9828.pdf#page=2,underscore_index,pending_review
055cb083266230b1e3a86e5b94cc72d3a04c9828_3,055cb083266230b1e3a86e5b94cc72d3a04c9828_page_0003,055cb083266230b1e3a86e5b94cc72d3a04c9828.pdf#page=3,underscore_index,pending_review
055cb083266230b1e3a86e5b94cc72d3a04c9828_4,055cb083266230b1e3a86e5b94cc72d3a04c9828_page_0004,055cb083266230b1e3a86e5b94cc72d3a04c9828.pdf#page=4,underscore_index,pending_review
055cb083266230b1e3a86e5b94cc72d3a04c9828_5,055cb083266230b1e3a86e5b94cc72d3a04c9828_page_0005,055cb083266230b1e3a86e5b94cc72d3a04c9828.pdf#page=5,underscore_index,pending_review
055cb083266230b1e3a86e5b94cc72d3a04c9828_6,055cb083266230b1e3a86e5b94cc72d3a04c9828_page_0006,055cb083266230b1e3a86e5b94cc72d3a04c9828.pdf#page=6,underscore_index,pending_review
055cb083266230b1e3a86e5b94cc72d3a04c9828_7,055cb083266230b1e3a86e5b94cc72d3a04c9828_page_0007,055cb083266230b1e3a86e5b94cc72d3a04c9828.pdf#page=7,underscore_index,pending_review
055cb083266230b1e3a86e5b94cc72d3a04c9828_8,055cb083266230b1e3a86e5b94cc72d3a04c9828_page_0008,055cb083266230b1e3a86e5b94cc72d3a04c9828.pdf#page=8,underscore_index,pending_review
055cb083266230b1e3a86e5b94cc72d3a04c9828_9,055cb083266230b1e3a86e5b94cc72d3a04c9828_page_0009,055cb083266230b1e3a86e5b94cc72d3a04c9828.pdf#page=9,underscore_index,pending_review
055cb083266230b1e3a86e5b94cc72d3a04c9828_10,055cb083266230b1e3a86e5b94cc72d3a04c9828_page_0010,055cb083266230b1e3a86e5b94cc72d3a04c9828.pdf#page=10,underscore_index,pending_review
055cb083266230b1e3a86e5b94cc72d3a04c9828_11,055cb083266230b1e3a86e5b94cc72d3a04c9828_page_0011,055cb083266230b1e3a86e5b94cc72d3a04c9828.pdf#page=11,underscore_index,pending_review
055cb083266230b1e3a86e5b94cc72d3a04c9828_12,055cb083266230b1e3a86e5b94cc72d3a04c9828_page_0012,055cb083266230b1e3a86e5b94cc72d3a04c9828.pdf#page=12,underscore_index,pending_review
055cb083266230b1e3a86e5b94cc72d3a04c9828_13,055cb083266230b1e3a86e5b94cc72d3a04c9828_page_0013,055cb083266230b1e3a86e5b94cc72d3a04c9828.pdf#page=13,underscore_index,pending_review
055cb083266230b1e3a86e5b94cc72d3a04c9828_14,055cb083266230b1e3a86e5b94cc72d3a04c9828_page_0014,055cb083266230b1e3a86e5b94cc72d3a04c9828.pdf#page=14,underscore_index,pending_review
055cb083266230b1e3a86e5b94cc72d3a04c9828_15,055cb083266230b1e3a86e5b94cc72d3a04c9828_page_0015,055cb083266230b1e3a86e5b94cc72d3a04c9828.pdf#page=15,underscore_index,pending_review
055cb083266230b1e3a86e5b94cc72d3a04c9828_16,055cb083266230b1e3a86e5b94cc72d3a04c9828_page_0016,055cb083266230b1e3a86e5b94cc72d3a04c9828.pdf#page=16,underscore_index,pending_review
055cb083266230b1e3a86e5b94cc72d3a04c9828_17,055cb083266230b1e3a86e5b94cc72d3a04c9828_page_0017,055cb083266230b1e3a86e5b94cc72d3a04c9828.pdf#page=17,underscore_index,pending_review
055cb083266230b1e3a86e5b94cc72d3a04c9828_18,055cb083266230b1e3a86e5b94cc72d3a04c9828_page_0018,055cb083266230b1e3a86e5b94cc72d3a04c9828.pdf#page=18,underscore_index,pending_review
055cb083266230b1e3a86e5b94cc72d3a04c9828_19,055cb083266230b1e3a86e5b94cc72d3a04c9828_page_0019,055cb083266230b1e3a86e5b94cc72d3a04c9828.pdf#page=19,underscore_index,pending_review
055cb083266230b1e3a86e5b94cc72d3a04c9828_20,055cb083266230b1e3a86e5b94cc72d3a04c9828_page_0020,055cb083266230b1e3a86e5b94cc72d3a04c9828.pdf#page=20,underscore_index,pending_review
055cb083266230b1e3a86e5b94cc72d3a04c9828_21,055cb083266230b1e3a86e5b94cc72d3a04c9828_page_0021,055cb083266230b1e3a86e5b94cc72d3a04c9828.pdf#page=21,underscore_index,pending_review
055ee29e45ee28c292471739b57d870f968a89f1_1,055ee29e45ee28c292471739b57d870f968a89f1_page_0001,055ee29e45ee28c292471739b57d870f968a89f1.pdf#page=1,underscore_index,pending_review
055ee29e45ee28c292471739b57d870f968a89f1_2,055ee29e45ee28c292471739b57d870f968a89f1_page_0002,055ee29e45ee28c292471739b57d870f968a89f1.pdf#page=2,underscore_index,pending_review
055ee29e45ee28c292471739b57d870f968a89f1_3,055ee29e45ee28c292471739b57d870f968a89f1_page_0003,055ee29e45ee28c292471739b57d870f968a89f1.pdf#page=3,underscore_index,pending_review
055ee29e45ee28c292471739b57d870f968a89f1_4,055ee29e45ee28c292471739b57d870f968a89f1_page_0004,055ee29e45ee28c292471739b57d870f968a89f1.pdf#page=4,underscore_index,pending_review
055ee29e45ee28c292471739b57d870f968a89f1_5,055ee29e45ee28c292471739b57d870f968a89f1_page_0005,055ee29e45ee28c292471739b57d870f968a89f1.pdf#page=5,underscore_index,pending_review
055ee29e45ee28c292471739b57d870f968a89f1_6,055ee29e45ee28c292471739b57d870f968a89f1_page_0006,055ee29e45ee28c292471739b57d870f968a89f1.pdf#page=6,underscore_index,pending_review
055ee29e45ee28c292471739b57d870f968a89f1_7,055ee29e45ee28c292471739b57d870f968a89f1_page_0007,055ee29e45ee28c292471739b57d870f968a89f1.pdf#page=7,underscore_index,pending_review
055ee29e45ee28c292471739b57d870f968a89f1_8,055ee29e45ee28c292471739b57d870f968a89f1_page_0008,055ee29e45ee28c292471739b57d870f968a89f1.pdf#page=8,underscore_index,pending_review
055ee29e45ee28c292471739b57d870f968a89f1_9,055ee29e45ee28c292471739b57d870f968a89f1_page_0009,055ee29e45ee28c292471739b57d870f968a89f1.pdf#page=9,underscore_index,pending_review
055ee29e45ee28c292471739b57d870f968a89f1_10,055ee29e45ee28c292471739b57d870f968a89f1_page_0010,055ee29e45ee28c292471739b57d870f968a89f1.pdf#page=10,underscore_index,pending_review
055ee29e45ee28c292471739b57d870f968a89f1_11,055ee29e45ee28c292471739b57d870f968a89f1_page_0011,055ee29e45ee28c292471739b57d870f968a89f1.pdf#page=11,underscore_index,pending_review
055ee29e45ee28c292471739b57d870f968a89f1_12,055ee29e45ee28c292471739b57d870f968a89f1_page_0012,055ee29e45ee28c292471739b57d870f968a89f1.pdf#page=12,underscore_index,pending_review
055ee29e45ee28c292471739b57d870f968a89f1_13,055ee29e45ee28c292471739b57d870f968a89f1_page_0013,055ee29e45ee28c292471739b57d870f968a89f1.pdf#page=13,underscore_index,pending_review
055ee29e45ee28c292471739b57d870f968a89f1_14,055ee29e45ee28c292471739b57d870f968a89f1_page_0014,055ee29e45ee28c292471739b57d870f968a89f1.pdf#page=14,underscore_index,pending_review
055ee29e45ee28c292471739b57d870f968a89f1_15,055ee29e45ee28c292471739b57d870f968a89f1_page_0015,055ee29e45ee28c292471739b57d870f968a89f1.pdf#page=15,underscore_index,pending_review
055ee29e45ee28c292471739b57d870f968a89f1_16,055ee29e45ee28c292471739b57d870f968a89f1_page_0016,055ee29e45ee28c292471739b57d870f968a89f1.pdf#page=16,underscore_index,pending_review
055ee29e45ee28c292471739b57d870f968a89f1_17,055ee29e45ee28c292471739b57d870f968a89f1_page_0017,055ee29e45ee28c292471739b57d870f968a89f1.pdf#page=17,underscore_index,pending_review
055ee29e45ee28c292471739b57d870f968a89f1_18,055ee29e45ee28c292471739b57d870f968a89f1_page_0018,055ee29e45ee28c292471739b57d870f968a89f1.pdf#page=18,underscore_index,pending_review
055ee29e45ee28c292471739b57d870f968a89f1_19,055ee29e45ee28c292471739b57d870f968a89f1_page_0019,055ee29e45ee28c292471739b57d870f968a89f1.pdf#page=19,underscore_index,pending_review
055ee29e45ee28c292471739b57d870f968a89f1_20,055ee29e45ee28c292471739b57d870f968a89f1_page_0020,055ee29e45ee28c292471739b57d870f968a89f1.pdf#page=20,underscore_index,pending_review
0560f63f5c697379aca014bcbde62bc56ce002c0_1,0560f63f5c697379aca014bcbde62bc56ce002c0_page_0001,0560f63f5c697379aca014bcbde62bc56ce002c0.pdf#page=1,underscore_index,pending_review
0560f63f5c697379aca014bcbde62bc56ce002c0_2,0560f63f5c697379aca014bcbde62bc56ce002c0_page_0002,0560f63f5c697379aca014bcbde62bc56ce002c0.pdf#page=2,underscore_index,pending_review
0560f63f5c697379aca014bcbde62bc56ce002c0_3,0560f63f5c697379aca014bcbde62bc56ce002c0_page_0003,0560f63f5c697379aca014bcbde62bc56ce002c0.pdf#page=3,underscore_index,pending_review
0560f63f5c697379aca014bcbde62bc56ce002c0_4,0560f63f5c697379aca014bcbde62bc56ce002c0_page_0004,0560f63f5c697379aca014bcbde62bc56ce002c0.pdf#page=4,underscore_index,pending_review
0560f63f5c697379aca014bcbde62bc56ce002c0_5,0560f63f5c697379aca014bcbde62bc56ce002c0_page_0005,0560f63f5c697379aca014bcbde62bc56ce002c0.pdf#page=5,underscore_index,pending_review
0560f63f5c697379aca014bcbde62bc56ce002c0_6,0560f63f5c697379aca014bcbde62bc56ce002c0_page_0006,0560f63f5c697379aca014bcbde62bc56ce002c0.pdf#page=6,underscore_index,pending_review
0560f63f5c697379aca014bcbde62bc56ce002c0_7,0560f63f5c697379aca014bcbde62bc56ce002c0_page_0007,0560f63f5c697379aca014bcbde62bc56ce002c0.pdf#page=7,underscore_index,pending_review
0560f63f5c697379aca014bcbde62bc56ce002c0_8,0560f63f5c697379aca014bcbde62bc56ce002c0_page_0008,0560f63f5c697379aca014bcbde62bc56ce002c0.pdf#page=8,underscore_index,pending_review
0560f63f5c697379aca014bcbde62bc56ce002c0_9,0560f63f5c697379aca014bcbde62bc56ce002c0_page_0009,0560f63f5c697379aca014bcbde62bc56ce002c0.pdf#page=9,underscore_index,pending_review
0560f63f5c697379aca014bcbde62bc56ce002c0_10,0560f63f5c697379aca014bcbde62bc56ce002c0_page_0010,0560f63f5c697379aca014bcbde62bc56ce002c0.pdf#page=10,underscore_index,pending_review
0560f63f5c697379aca014bcbde62bc56ce002c0_11,0560f63f5c697379aca014bcbde62bc56ce002c0_page_0011,0560f63f5c697379aca014bcbde62bc56ce002c0.pdf#page=11,underscore_index,pending_review
0560f63f5c697379aca014bcbde62bc56ce002c0_12,0560f63f5c697379aca014bcbde62bc56ce002c0_page_0012,0560f63f5c697379aca014bcbde62bc56ce002c0.pdf#page=12,underscore_index,pending_review
0560f63f5c697379aca014bcbde62bc56ce002c0_13,0560f63f5c697379aca014bcbde62bc56ce002c0_page_0013,0560f63f5c697379aca014bcbde62bc56ce002c0.pdf#page=13,underscore_index,pending_review
0560f63f5c697379aca014bcbde62bc56ce002c0_14,0560f63f5c697379aca014bcbde62bc56ce002c0_page_0014,0560f63f5c697379aca014bcbde62bc56ce002c0.pdf#page=14,underscore_index,pending_review
0560f63f5c697379aca014bcbde62bc56ce002c0_15,0560f63f5c697379aca014bcbde62bc56ce002c0_page_0015,0560f63f5c697379aca014bcbde62bc56ce002c0.pdf#page=15,underscore_index,pending_review
0572af235532740f1d436a21d2272953b66b0611_1,0572af235532740f1d436a21d2272953b66b0611_page_0001,0572af235532740f1d436a21d2272953b66b0611.pdf#page=1,underscore_index,pending_review
0572af235532740f1d436a21d2272953b66b0611_2,0572af235532740f1d436a21d2272953b66b0611_page_0002,0572af235532740f1d436a21d2272953b66b0611.pdf#page=2,underscore_index,pending_review
0572af235532740f1d436a21d2272953b66b0611_3,0572af235532740f1d436a21d2272953b66b0611_page_0003,0572af235532740f1d436a21d2272953b66b0611.pdf#page=3,underscore_index,pending_review
0572af235532740f1d436a21d2272953b66b0611_4,0572af235532740f1d436a21d2272953b66b0611_page_0004,0572af235532740f1d436a21d2272953b66b0611.pdf#page=4,underscore_index,pending_review
0572af235532740f1d436a21d2272953b66b0611_5,0572af235532740f1d436a21d2272953b66b0611_page_0005,0572af235532740f1d436a21d2272953b66b0611.pdf#page=5,underscore_index,pending_review
0572af235532740f1d436a21d2272953b66b0611_6,0572af235532740f1d436a21d2272953b66b0611_page_0006,0572af235532740f1d436a21d2272953b66b0611.pdf#page=6,underscore_index,pending_review
0572af235532740f1d436a21d2272953b66b0611_7,0572af235532740f1d436a21d2272953b66b0611_page_0007,0572af235532740f1d436a21d2272953b66b0611.pdf#page=7,underscore_index,pending_review
0572af235532740f1d436a21d2272953b66b0611_8,0572af235532740f1d436a21d2272953b66b0611_page_0008,0572af235532740f1d436a21d2272953b66b0611.pdf#page=8,underscore_index,pending_review
057c100be0089a87c17842ca315792a97c357de3_1,057c100be0089a87c17842ca315792a97c357de3_page_0001,057c100be0089a87c17842ca315792a97c357de3.pdf#page=1,underscore_index,pending_review
057c100be0089a87c17842ca315792a97c357de3_2,057c100be0089a87c17842ca315792a97c357de3_page_0002,057c100be0089a87c17842ca315792a97c357de3.pdf#page=2,underscore_index,pending_review
057c100be0089a87c17842ca315792a97c357de3_3,057c100be0089a87c17842ca315792a97c357de3_page_0003,057c100be0089a87c17842ca315792a97c357de3.pdf#page=3,underscore_index,pending_review
057c100be0089a87c17842ca315792a97c357de3_4,057c100be0089a87c17842ca315792a97c357de3_page_0004,057c100be0089a87c17842ca315792a97c357de3.pdf#page=4,underscore_index,pending_review
057c100be0089a87c17842ca315792a97c357de3_5,057c100be0089a87c17842ca315792a97c357de3_page_0005,057c100be0089a87c17842ca315792a97c357de3.pdf#page=5,underscore_index,pending_review
057c100be0089a87c17842ca315792a97c357de3_6,057c100be0089a87c17842ca315792a97c357de3_page_0006,057c100be0089a87c17842ca315792a97c357de3.pdf#page=6,underscore_index,pending_review
057c100be0089a87c17842ca315792a97c357de3_7,057c100be0089a87c17842ca315792a97c357de3_page_0007,057c100be0089a87c17842ca315792a97c357de3.pdf#page=7,underscore_index,pending_review
057c100be0089a87c17842ca315792a97c357de3_8,057c100be0089a87c17842ca315792a97c357de3_page_0008,057c100be0089a87c17842ca315792a97c357de3.pdf#page=8,underscore_index,pending_review
057c100be0089a87c17842ca315792a97c357de3_9,057c100be0089a87c17842ca315792a97c357de3_page_0009,057c100be0089a87c17842ca315792a97c357de3.pdf#page=9,underscore_index,pending_review
057c100be0089a87c17842ca315792a97c357de3_10,057c100be0089a87c17842ca315792a97c357de3_page_0010,057c100be0089a87c17842ca315792a97c357de3.pdf#page=10,underscore_index,pending_review
057c100be0089a87c17842ca315792a97c357de3_11,057c100be0089a87c17842ca315792a97c357de3_page_0011,057c100be0089a87c17842ca315792a97c357de3.pdf#page=11,underscore_index,pending_review
057c100be0089a87c17842ca315792a97c357de3_12,057c100be0089a87c17842ca315792a97c357de3_page_0012,057c100be0089a87c17842ca315792a97c357de3.pdf#page=12,underscore_index,pending_review
057c100be0089a87c17842ca315792a97c357de3_13,057c100be0089a87c17842ca315792a97c357de3_page_0013,057c100be0089a87c17842ca315792a97c357de3.pdf#page=13,underscore_index,pending_review
057c100be0089a87c17842ca315792a97c357de3_14,057c100be0089a87c17842ca315792a97c357de3_page_0014,057c100be0089a87c17842ca315792a97c357de3.pdf#page=14,underscore_index,pending_review
057c100be0089a87c17842ca315792a97c357de3_15,057c100be0089a87c17842ca315792a97c357de3_page_0015,057c100be0089a87c17842ca315792a97c357de3.pdf#page=15,underscore_index,pending_review
057c100be0089a87c17842ca315792a97c357de3_16,057c100be0089a87c17842ca315792a97c357de3_page_0016,057c100be0089a87c17842ca315792a97c357de3.pdf#page=16,underscore_index,pending_review
057c100be0089a87c17842ca315792a97c357de3_17,057c100be0089a87c17842ca315792a97c357de3_page_0017,057c100be0089a87c17842ca315792a97c357de3.pdf#page=17,underscore_index,pending_review
057c100be0089a87c17842ca315792a97c357de3_18,057c100be0089a87c17842ca315792a97c357de3_page_0018,057c100be0089a87c17842ca315792a97c357de3.pdf#page=18,underscore_index,pending_review
057c100be0089a87c17842ca315792a97c357de3_19,057c100be0089a87c17842ca315792a97c357de3_page_0019,057c100be0089a87c17842ca315792a97c357de3.pdf#page=19,underscore_index,pending_review
057c100be0089a87c17842ca315792a97c357de3_20,057c100be0089a87c17842ca315792a97c357de3_page_0020,057c100be0089a87c17842ca315792a97c357de3.pdf#page=20,underscore_index,pending_review
057c100be0089a87c17842ca315792a97c357de3_21,057c100be0089a87c17842ca315792a97c357de3_page_0021,057c100be0089a87c17842ca315792a97c357de3.pdf#page=21,underscore_index,pending_review
057c100be0089a87c17842ca315792a97c357de3_22,057c100be0089a87c17842ca315792a97c357de3_page_0022,057c100be0089a87c17842ca315792a97c357de3.pdf#page=22,underscore_index,pending_review
057c100be0089a87c17842ca315792a97c357de3_23,057c100be0089a87c17842ca315792a97c357de3_page_0023,057c100be0089a87c17842ca315792a97c357de3.pdf#page=23,underscore_index,pending_review
058ae0c5cd32f780ae114720509f1ad12b45268c_1,058ae0c5cd32f780ae114720509f1ad12b45268c_page_0001,058ae0c5cd32f780ae114720509f1ad12b45268c.pdf#page=1,underscore_index,pending_review
058ae0c5cd32f780ae114720509f1ad12b45268c_2,058ae0c5cd32f780ae114720509f1ad12b45268c_page_0002,058ae0c5cd32f780ae114720509f1ad12b45268c.pdf#page=2,underscore_index,pending_review
058ae0c5cd32f780ae114720509f1ad12b45268c_3,058ae0c5cd32f780ae114720509f1ad12b45268c_page_0003,058ae0c5cd32f780ae114720509f1ad12b45268c.pdf#page=3,underscore_index,pending_review
058ae0c5cd32f780ae114720509f1ad12b45268c_4,058ae0c5cd32f780ae114720509f1ad12b45268c_page_0004,058ae0c5cd32f780ae114720509f1ad12b45268c.pdf#page=4,underscore_index,pending_review
058ae0c5cd32f780ae114720509f1ad12b45268c_5,058ae0c5cd32f780ae114720509f1ad12b45268c_page_0005,058ae0c5cd32f780ae114720509f1ad12b45268c.pdf#page=5,underscore_index,pending_review
058ae0c5cd32f780ae114720509f1ad12b45268c_6,058ae0c5cd32f780ae114720509f1ad12b45268c_page_0006,058ae0c5cd32f780ae114720509f1ad12b45268c.pdf#page=6,underscore_index,pending_review
058ae0c5cd32f780ae114720509f1ad12b45268c_7,058ae0c5cd32f780ae114720509f1ad12b45268c_page_0007,058ae0c5cd32f780ae114720509f1ad12b45268c.pdf#page=7,underscore_index,pending_review
058ae0c5cd32f780ae114720509f1ad12b45268c_8,058ae0c5cd32f780ae114720509f1ad12b45268c_page_0008,058ae0c5cd32f780ae114720509f1ad12b45268c.pdf#page=8,underscore_index,pending_review
058ae0c5cd32f780ae114720509f1ad12b45268c_9,058ae0c5cd32f780ae114720509f1ad12b45268c_page_0009,058ae0c5cd32f780ae114720509f1ad12b45268c.pdf#page=9,underscore_index,pending_review
058ae0c5cd32f780ae114720509f1ad12b45268c_10,058ae0c5cd32f780ae114720509f1ad12b45268c_page_0010,058ae0c5cd32f780ae114720509f1ad12b45268c.pdf#page=10,underscore_index,pending_review
058ae0c5cd32f780ae114720509f1ad12b45268c_11,058ae0c5cd32f780ae114720509f1ad12b45268c_page_0011,058ae0c5cd32f780ae114720509f1ad12b45268c.pdf#page=11,underscore_index,pending_review
058d35af18dd4adb3b8572e67eb2592f354b2d3e_1,058d35af18dd4adb3b8572e67eb2592f354b2d3e_page_0001,058d35af18dd4adb3b8572e67eb2592f354b2d3e.pdf#page=1,underscore_index,pending_review
058d35af18dd4adb3b8572e67eb2592f354b2d3e_2,058d35af18dd4adb3b8572e67eb2592f354b2d3e_page_0002,058d35af18dd4adb3b8572e67eb2592f354b2d3e.pdf#page=2,underscore_index,pending_review
058d35af18dd4adb3b8572e67eb2592f354b2d3e_3,058d35af18dd4adb3b8572e67eb2592f354b2d3e_page_0003,058d35af18dd4adb3b8572e67eb2592f354b2d3e.pdf#page=3,underscore_index,pending_review
058d35af18dd4adb3b8572e67eb2592f354b2d3e_4,058d35af18dd4adb3b8572e67eb2592f354b2d3e_page_0004,058d35af18dd4adb3b8572e67eb2592f354b2d3e.pdf#page=4,underscore_index,pending_review
058d35af18dd4adb3b8572e67eb2592f354b2d3e_5,058d35af18dd4adb3b8572e67eb2592f354b2d3e_page_0005,058d35af18dd4adb3b8572e67eb2592f354b2d3e.pdf#page=5,underscore_index,pending_review
058d35af18dd4adb3b8572e67eb2592f354b2d3e_6,058d35af18dd4adb3b8572e67eb2592f354b2d3e_page_0006,058d35af18dd4adb3b8572e67eb2592f354b2d3e.pdf#page=6,underscore_index,pending_review
058d35af18dd4adb3b8572e67eb2592f354b2d3e_7,058d35af18dd4adb3b8572e67eb2592f354b2d3e_page_0007,058d35af18dd4adb3b8572e67eb2592f354b2d3e.pdf#page=7,underscore_index,pending_review
058d35af18dd4adb3b8572e67eb2592f354b2d3e_8,058d35af18dd4adb3b8572e67eb2592f354b2d3e_page_0008,058d35af18dd4adb3b8572e67eb2592f354b2d3e.pdf#page=8,underscore_index,pending_review
058d35af18dd4adb3b8572e67eb2592f354b2d3e_9,058d35af18dd4adb3b8572e67eb2592f354b2d3e_page_0009,058d35af18dd4adb3b8572e67eb2592f354b2d3e.pdf#page=9,underscore_index,pending_review
058d35af18dd4adb3b8572e67eb2592f354b2d3e_10,058d35af18dd4adb3b8572e67eb2592f354b2d3e_page_0010,058d35af18dd4adb3b8572e67eb2592f354b2d3e.pdf#page=10,underscore_index,pending_review
058d35af18dd4adb3b8572e67eb2592f354b2d3e_11,058d35af18dd4adb3b8572e67eb2592f354b2d3e_page_0011,058d35af18dd4adb3b8572e67eb2592f354b2d3e.pdf#page=11,underscore_index,pending_review
058d35af18dd4adb3b8572e67eb2592f354b2d3e_12,058d35af18dd4adb3b8572e67eb2592f354b2d3e_page_0012,058d35af18dd4adb3b8572e67eb2592f354b2d3e.pdf#page=12,underscore_index,pending_review
058d35af18dd4adb3b8572e67eb2592f354b2d3e_13,058d35af18dd4adb3b8572e67eb2592f354b2d3e_page_0013,058d35af18dd4adb3b8572e67eb2592f354b2d3e.pdf#page=13,underscore_index,pending_review
058f6bca5179d3ca48d85a2c29dfd2c727518ac1_1,058f6bca5179d3ca48d85a2c29dfd2c727518ac1_page_0001,058f6bca5179d3ca48d85a2c29dfd2c727518ac1.pdf#page=1,underscore_index,pending_review
058f6bca5179d3ca48d85a2c29dfd2c727518ac1_2,058f6bca5179d3ca48d85a2c29dfd2c727518ac1_page_0002,058f6bca5179d3ca48d85a2c29dfd2c727518ac1.pdf#page=2,underscore_index,pending_review
058f6bca5179d3ca48d85a2c29dfd2c727518ac1_3,058f6bca5179d3ca48d85a2c29dfd2c727518ac1_page_0003,058f6bca5179d3ca48d85a2c29dfd2c727518ac1.pdf#page=3,underscore_index,pending_review
058f6bca5179d3ca48d85a2c29dfd2c727518ac1_4,058f6bca5179d3ca48d85a2c29dfd2c727518ac1_page_0004,058f6bca5179d3ca48d85a2c29dfd2c727518ac1.pdf#page=4,underscore_index,pending_review
058f6bca5179d3ca48d85a2c29dfd2c727518ac1_5,058f6bca5179d3ca48d85a2c29dfd2c727518ac1_page_0005,058f6bca5179d3ca48d85a2c29dfd2c727518ac1.pdf#page=5,underscore_index,pending_review
058f6bca5179d3ca48d85a2c29dfd2c727518ac1_6,058f6bca5179d3ca48d85a2c29dfd2c727518ac1_page_0006,058f6bca5179d3ca48d85a2c29dfd2c727518ac1.pdf#page=6,underscore_index,pending_review
058f6bca5179d3ca48d85a2c29dfd2c727518ac1_7,058f6bca5179d3ca48d85a2c29dfd2c727518ac1_page_0007,058f6bca5179d3ca48d85a2c29dfd2c727518ac1.pdf#page=7,underscore_index,pending_review
058f6bca5179d3ca48d85a2c29dfd2c727518ac1_8,058f6bca5179d3ca48d85a2c29dfd2c727518ac1_page_0008,058f6bca5179d3ca48d85a2c29dfd2c727518ac1.pdf#page=8,underscore_index,pending_review
058f6bca5179d3ca48d85a2c29dfd2c727518ac1_9,058f6bca5179d3ca48d85a2c29dfd2c727518ac1_page_0009,058f6bca5179d3ca48d85a2c29dfd2c727518ac1.pdf#page=9,underscore_index,pending_review
058f6bca5179d3ca48d85a2c29dfd2c727518ac1_10,058f6bca5179d3ca48d85a2c29dfd2c727518ac1_page_0010,058f6bca5179d3ca48d85a2c29dfd2c727518ac1.pdf#page=10,underscore_index,pending_review
058f6bca5179d3ca48d85a2c29dfd2c727518ac1_11,058f6bca5179d3ca48d85a2c29dfd2c727518ac1_page_0011,058f6bca5179d3ca48d85a2c29dfd2c727518ac1.pdf#page=11,underscore_index,pending_review
058f6bca5179d3ca48d85a2c29dfd2c727518ac1_12,058f6bca5179d3ca48d85a2c29dfd2c727518ac1_page_0012,058f6bca5179d3ca48d85a2c29dfd2c727518ac1.pdf#page=12,underscore_index,pending_review
058f6bca5179d3ca48d85a2c29dfd2c727518ac1_13,058f6bca5179d3ca48d85a2c29dfd2c727518ac1_page_0013,058f6bca5179d3ca48d85a2c29dfd2c727518ac1.pdf#page=13,underscore_index,pending_review
058f6bca5179d3ca48d85a2c29dfd2c727518ac1_14,058f6bca5179d3ca48d85a2c29dfd2c727518ac1_page_0014,058f6bca5179d3ca48d85a2c29dfd2c727518ac1.pdf#page=14,underscore_index,pending_review
058f6bca5179d3ca48d85a2c29dfd2c727518ac1_15,058f6bca5179d3ca48d85a2c29dfd2c727518ac1_page_0015,058f6bca5179d3ca48d85a2c29dfd2c727518ac1.pdf#page=15,underscore_index,pending_review
058f6bca5179d3ca48d85a2c29dfd2c727518ac1_16,058f6bca5179d3ca48d85a2c29dfd2c727518ac1_page_0016,058f6bca5179d3ca48d85a2c29dfd2c727518ac1.pdf#page=16,underscore_index,pending_review
059160027b51c68ce33c9323cf3f6068845bf4b0_1,059160027b51c68ce33c9323cf3f6068845bf4b0_page_0001,059160027b51c68ce33c9323cf3f6068845bf4b0.pdf#page=1,underscore_index,pending_review
059160027b51c68ce33c9323cf3f6068845bf4b0_2,059160027b51c68ce33c9323cf3f6068845bf4b0_page_0002,059160027b51c68ce33c9323cf3f6068845bf4b0.pdf#page=2,underscore_index,pending_review
059160027b51c68ce33c9323cf3f6068845bf4b0_3,059160027b51c68ce33c9323cf3f6068845bf4b0_page_0003,059160027b51c68ce33c9323cf3f6068845bf4b0.pdf#page=3,underscore_index,pending_review
059160027b51c68ce33c9323cf3f6068845bf4b0_4,059160027b51c68ce33c9323cf3f6068845bf4b0_page_0004,059160027b51c68ce33c9323cf3f6068845bf4b0.pdf#page=4,underscore_index,pending_review
059160027b51c68ce33c9323cf3f6068845bf4b0_5,059160027b51c68ce33c9323cf3f6068845bf4b0_page_0005,059160027b51c68ce33c9323cf3f6068845bf4b0.pdf#page=5,underscore_index,pending_review
059160027b51c68ce33c9323cf3f6068845bf4b0_6,059160027b51c68ce33c9323cf3f6068845bf4b0_page_0006,059160027b51c68ce33c9323cf3f6068845bf4b0.pdf#page=6,underscore_index,pending_review
059160027b51c68ce33c9323cf3f6068845bf4b0_7,059160027b51c68ce33c9323cf3f6068845bf4b0_page_0007,059160027b51c68ce33c9323cf3f6068845bf4b0.pdf#page=7,underscore_index,pending_review
059160027b51c68ce33c9323cf3f6068845bf4b0_8,059160027b51c68ce33c9323cf3f6068845bf4b0_page_0008,059160027b51c68ce33c9323cf3f6068845bf4b0.pdf#page=8,underscore_index,pending_review
059160027b51c68ce33c9323cf3f6068845bf4b0_9,059160027b51c68ce33c9323cf3f6068845bf4b0_page_0009,059160027b51c68ce33c9323cf3f6068845bf4b0.pdf#page=9,underscore_index,pending_review
059160027b51c68ce33c9323cf3f6068845bf4b0_10,059160027b51c68ce33c9323cf3f6068845bf4b0_page_0010,059160027b51c68ce33c9323cf3f6068845bf4b0.pdf#page=10,underscore_index,pending_review
059160027b51c68ce33c9323cf3f6068845bf4b0_11,059160027b51c68ce33c9323cf3f6068845bf4b0_page_0011,059160027b51c68ce33c9323cf3f6068845bf4b0.pdf#page=11,underscore_index,pending_review
059160027b51c68ce33c9323cf3f6068845bf4b0_12,059160027b51c68ce33c9323cf3f6068845bf4b0_page_0012,059160027b51c68ce33c9323cf3f6068845bf4b0.pdf#page=12,underscore_index,pending_review
059160027b51c68ce33c9323cf3f6068845bf4b0_13,059160027b51c68ce33c9323cf3f6068845bf4b0_page_0013,059160027b51c68ce33c9323cf3f6068845bf4b0.pdf#page=13,underscore_index,pending_review
059160027b51c68ce33c9323cf3f6068845bf4b0_14,059160027b51c68ce33c9323cf3f6068845bf4b0_page_0014,059160027b51c68ce33c9323cf3f6068845bf4b0.pdf#page=14,underscore_index,pending_review
059160027b51c68ce33c9323cf3f6068845bf4b0_15,059160027b51c68ce33c9323cf3f6068845bf4b0_page_0015,059160027b51c68ce33c9323cf3f6068845bf4b0.pdf#page=15,underscore_index,pending_review
059160027b51c68ce33c9323cf3f6068845bf4b0_16,059160027b51c68ce33c9323cf3f6068845bf4b0_page_0016,059160027b51c68ce33c9323cf3f6068845bf4b0.pdf#page=16,underscore_index,pending_review
059160027b51c68ce33c9323cf3f6068845bf4b0_17,059160027b51c68ce33c9323cf3f6068845bf4b0_page_0017,059160027b51c68ce33c9323cf3f6068845bf4b0.pdf#page=17,underscore_index,pending_review
059160027b51c68ce33c9323cf3f6068845bf4b0_18,059160027b51c68ce33c9323cf3f6068845bf4b0_page_0018,059160027b51c68ce33c9323cf3f6068845bf4b0.pdf#page=18,underscore_index,pending_review
059160027b51c68ce33c9323cf3f6068845bf4b0_19,059160027b51c68ce33c9323cf3f6068845bf4b0_page_0019,059160027b51c68ce33c9323cf3f6068845bf4b0.pdf#page=19,underscore_index,pending_review
0599c55a8d08459b832c7729c25e60d3fcf0fe34_1,0599c55a8d08459b832c7729c25e60d3fcf0fe34_page_0001,0599c55a8d08459b832c7729c25e60d3fcf0fe34.pdf#page=1,underscore_index,pending_review
0599c55a8d08459b832c7729c25e60d3fcf0fe34_2,0599c55a8d08459b832c7729c25e60d3fcf0fe34_page_0002,0599c55a8d08459b832c7729c25e60d3fcf0fe34.pdf#page=2,underscore_index,pending_review
0599c55a8d08459b832c7729c25e60d3fcf0fe34_3,0599c55a8d08459b832c7729c25e60d3fcf0fe34_page_0003,0599c55a8d08459b832c7729c25e60d3fcf0fe34.pdf#page=3,underscore_index,pending_review
0599c55a8d08459b832c7729c25e60d3fcf0fe34_4,0599c55a8d08459b832c7729c25e60d3fcf0fe34_page_0004,0599c55a8d08459b832c7729c25e60d3fcf0fe34.pdf#page=4,underscore_index,pending_review
0599c55a8d08459b832c7729c25e60d3fcf0fe34_5,0599c55a8d08459b832c7729c25e60d3fcf0fe34_page_0005,0599c55a8d08459b832c7729c25e60d3fcf0fe34.pdf#page=5,underscore_index,pending_review
0599c55a8d08459b832c7729c25e60d3fcf0fe34_6,0599c55a8d08459b832c7729c25e60d3fcf0fe34_page_0006,0599c55a8d08459b832c7729c25e60d3fcf0fe34.pdf#page=6,underscore_index,pending_review
0599c55a8d08459b832c7729c25e60d3fcf0fe34_7,0599c55a8d08459b832c7729c25e60d3fcf0fe34_page_0007,0599c55a8d08459b832c7729c25e60d3fcf0fe34.pdf#page=7,underscore_index,pending_review
0599c55a8d08459b832c7729c25e60d3fcf0fe34_8,0599c55a8d08459b832c7729c25e60d3fcf0fe34_page_0008,0599c55a8d08459b832c7729c25e60d3fcf0fe34.pdf#page=8,underscore_index,pending_review
0599c55a8d08459b832c7729c25e60d3fcf0fe34_9,0599c55a8d08459b832c7729c25e60d3fcf0fe34_page_0009,0599c55a8d08459b832c7729c25e60d3fcf0fe34.pdf#page=9,underscore_index,pending_review
0599c55a8d08459b832c7729c25e60d3fcf0fe34_10,0599c55a8d08459b832c7729c25e60d3fcf0fe34_page_0010,0599c55a8d08459b832c7729c25e60d3fcf0fe34.pdf#page=10,underscore_index,pending_review
0599c55a8d08459b832c7729c25e60d3fcf0fe34_11,0599c55a8d08459b832c7729c25e60d3fcf0fe34_page_0011,0599c55a8d08459b832c7729c25e60d3fcf0fe34.pdf#page=11,underscore_index,pending_review
0599c55a8d08459b832c7729c25e60d3fcf0fe34_12,0599c55a8d08459b832c7729c25e60d3fcf0fe34_page_0012,0599c55a8d08459b832c7729c25e60d3fcf0fe34.pdf#page=12,underscore_index,pending_review
0599c55a8d08459b832c7729c25e60d3fcf0fe34_13,0599c55a8d08459b832c7729c25e60d3fcf0fe34_page_0013,0599c55a8d08459b832c7729c25e60d3fcf0fe34.pdf#page=13,underscore_index,pending_review
0599c55a8d08459b832c7729c25e60d3fcf0fe34_14,0599c55a8d08459b832c7729c25e60d3fcf0fe34_page_0014,0599c55a8d08459b832c7729c25e60d3fcf0fe34.pdf#page=14,underscore_index,pending_review
0599c55a8d08459b832c7729c25e60d3fcf0fe34_15,0599c55a8d08459b832c7729c25e60d3fcf0fe34_page_0015,0599c55a8d08459b832c7729c25e60d3fcf0fe34.pdf#page=15,underscore_index,pending_review
0599c55a8d08459b832c7729c25e60d3fcf0fe34_16,0599c55a8d08459b832c7729c25e60d3fcf0fe34_page_0016,0599c55a8d08459b832c7729c25e60d3fcf0fe34.pdf#page=16,underscore_index,pending_review
0599c55a8d08459b832c7729c25e60d3fcf0fe34_17,0599c55a8d08459b832c7729c25e60d3fcf0fe34_page_0017,0599c55a8d08459b832c7729c25e60d3fcf0fe34.pdf#page=17,underscore_index,pending_review
0599c55a8d08459b832c7729c25e60d3fcf0fe34_18,0599c55a8d08459b832c7729c25e60d3fcf0fe34_page_0018,0599c55a8d08459b832c7729c25e60d3fcf0fe34.pdf#page=18,underscore_index,pending_review
0599c55a8d08459b832c7729c25e60d3fcf0fe34_19,0599c55a8d08459b832c7729c25e60d3fcf0fe34_page_0019,0599c55a8d08459b832c7729c25e60d3fcf0fe34.pdf#page=19,underscore_index,pending_review
0599c55a8d08459b832c7729c25e60d3fcf0fe34_20,0599c55a8d08459b832c7729c25e60d3fcf0fe34_page_0020,0599c55a8d08459b832c7729c25e60d3fcf0fe34.pdf#page=20,underscore_index,pending_review
059a0273c9cc2aaf4d9e1d9aad6eebcfa6625c45_1,059a0273c9cc2aaf4d9e1d9aad6eebcfa6625c45_page_0001,059a0273c9cc2aaf4d9e1d9aad6eebcfa6625c45.pdf#page=1,underscore_index,pending_review
059a0273c9cc2aaf4d9e1d9aad6eebcfa6625c45_2,059a0273c9cc2aaf4d9e1d9aad6eebcfa6625c45_page_0002,059a0273c9cc2aaf4d9e1d9aad6eebcfa6625c45.pdf#page=2,underscore_index,pending_review
059a0273c9cc2aaf4d9e1d9aad6eebcfa6625c45_3,059a0273c9cc2aaf4d9e1d9aad6eebcfa6625c45_page_0003,059a0273c9cc2aaf4d9e1d9aad6eebcfa6625c45.pdf#page=3,underscore_index,pending_review
059a0273c9cc2aaf4d9e1d9aad6eebcfa6625c45_4,059a0273c9cc2aaf4d9e1d9aad6eebcfa6625c45_page_0004,059a0273c9cc2aaf4d9e1d9aad6eebcfa6625c45.pdf#page=4,underscore_index,pending_review
059a0273c9cc2aaf4d9e1d9aad6eebcfa6625c45_5,059a0273c9cc2aaf4d9e1d9aad6eebcfa6625c45_page_0005,059a0273c9cc2aaf4d9e1d9aad6eebcfa6625c45.pdf#page=5,underscore_index,pending_review
059a0273c9cc2aaf4d9e1d9aad6eebcfa6625c45_6,059a0273c9cc2aaf4d9e1d9aad6eebcfa6625c45_page_0006,059a0273c9cc2aaf4d9e1d9aad6eebcfa6625c45.pdf#page=6,underscore_index,pending_review
059a0273c9cc2aaf4d9e1d9aad6eebcfa6625c45_7,059a0273c9cc2aaf4d9e1d9aad6eebcfa6625c45_page_0007,059a0273c9cc2aaf4d9e1d9aad6eebcfa6625c45.pdf#page=7,underscore_index,pending_review
059a0273c9cc2aaf4d9e1d9aad6eebcfa6625c45_8,059a0273c9cc2aaf4d9e1d9aad6eebcfa6625c45_page_0008,059a0273c9cc2aaf4d9e1d9aad6eebcfa6625c45.pdf#page=8,underscore_index,pending_review
059a0273c9cc2aaf4d9e1d9aad6eebcfa6625c45_9,059a0273c9cc2aaf4d9e1d9aad6eebcfa6625c45_page_0009,059a0273c9cc2aaf4d9e1d9aad6eebcfa6625c45.pdf#page=9,underscore_index,pending_review
059a0273c9cc2aaf4d9e1d9aad6eebcfa6625c45_10,059a0273c9cc2aaf4d9e1d9aad6eebcfa6625c45_page_0010,059a0273c9cc2aaf4d9e1d9aad6eebcfa6625c45.pdf#page=10,underscore_index,pending_review
059a0273c9cc2aaf4d9e1d9aad6eebcfa6625c45_11,059a0273c9cc2aaf4d9e1d9aad6eebcfa6625c45_page_0011,059a0273c9cc2aaf4d9e1d9aad6eebcfa6625c45.pdf#page=11,underscore_index,pending_review
059a0273c9cc2aaf4d9e1d9aad6eebcfa6625c45_12,059a0273c9cc2aaf4d9e1d9aad6eebcfa6625c45_page_0012,059a0273c9cc2aaf4d9e1d9aad6eebcfa6625c45.pdf#page=12,underscore_index,pending_review
059a0273c9cc2aaf4d9e1d9aad6eebcfa6625c45_13,059a0273c9cc2aaf4d9e1d9aad6eebcfa6625c45_page_0013,059a0273c9cc2aaf4d9e1d9aad6eebcfa6625c45.pdf#page=13,underscore_index,pending_review
059a0273c9cc2aaf4d9e1d9aad6eebcfa6625c45_14,059a0273c9cc2aaf4d9e1d9aad6eebcfa6625c45_page_0014,059a0273c9cc2aaf4d9e1d9aad6eebcfa6625c45.pdf#page=14,underscore_index,pending_review
059a0273c9cc2aaf4d9e1d9aad6eebcfa6625c45_15,059a0273c9cc2aaf4d9e1d9aad6eebcfa6625c45_page_0015,059a0273c9cc2aaf4d9e1d9aad6eebcfa6625c45.pdf#page=15,underscore_index,pending_review
059a0273c9cc2aaf4d9e1d9aad6eebcfa6625c45_16,059a0273c9cc2aaf4d9e1d9aad6eebcfa6625c45_page_0016,059a0273c9cc2aaf4d9e1d9aad6eebcfa6625c45.pdf#page=16,underscore_index,pending_review
059a0273c9cc2aaf4d9e1d9aad6eebcfa6625c45_17,059a0273c9cc2aaf4d9e1d9aad6eebcfa6625c45_page_0017,059a0273c9cc2aaf4d9e1d9aad6eebcfa6625c45.pdf#page=17,underscore_index,pending_review
059a0273c9cc2aaf4d9e1d9aad6eebcfa6625c45_18,059a0273c9cc2aaf4d9e1d9aad6eebcfa6625c45_page_0018,059a0273c9cc2aaf4d9e1d9aad6eebcfa6625c45.pdf#page=18,underscore_index,pending_review
059a0273c9cc2aaf4d9e1d9aad6eebcfa6625c45_19,059a0273c9cc2aaf4d9e1d9aad6eebcfa6625c45_page_0019,059a0273c9cc2aaf4d9e1d9aad6eebcfa6625c45.pdf#page=19,underscore_index,pending_review
059a0273c9cc2aaf4d9e1d9aad6eebcfa6625c45_20,059a0273c9cc2aaf4d9e1d9aad6eebcfa6625c45_page_0020,059a0273c9cc2aaf4d9e1d9aad6eebcfa6625c45.pdf#page=20,underscore_index,pending_review
059a0273c9cc2aaf4d9e1d9aad6eebcfa6625c45_21,059a0273c9cc2aaf4d9e1d9aad6eebcfa6625c45_page_0021,059a0273c9cc2aaf4d9e1d9aad6eebcfa6625c45.pdf#page=21,underscore_index,pending_review
059a0273c9cc2aaf4d9e1d9aad6eebcfa6625c45_22,059a0273c9cc2aaf4d9e1d9aad6eebcfa6625c45_page_0022,059a0273c9cc2aaf4d9e1d9aad6eebcfa6625c45.pdf#page=22,underscore_index,pending_review
059a0273c9cc2aaf4d9e1d9aad6eebcfa6625c45_23,059a0273c9cc2aaf4d9e1d9aad6eebcfa6625c45_page_0023,059a0273c9cc2aaf4d9e1d9aad6eebcfa6625c45.pdf#page=23,underscore_index,pending_review
05a312877bb2a2360f336e7a99bb52ec6f313339_1,05a312877bb2a2360f336e7a99bb52ec6f313339_page_0001,05a312877bb2a2360f336e7a99bb52ec6f313339.pdf#page=1,underscore_index,pending_review
05a312877bb2a2360f336e7a99bb52ec6f313339_2,05a312877bb2a2360f336e7a99bb52ec6f313339_page_0002,05a312877bb2a2360f336e7a99bb52ec6f313339.pdf#page=2,underscore_index,pending_review
05a312877bb2a2360f336e7a99bb52ec6f313339_3,05a312877bb2a2360f336e7a99bb52ec6f313339_page_0003,05a312877bb2a2360f336e7a99bb52ec6f313339.pdf#page=3,underscore_index,pending_review
05a312877bb2a2360f336e7a99bb52ec6f313339_4,05a312877bb2a2360f336e7a99bb52ec6f313339_page_0004,05a312877bb2a2360f336e7a99bb52ec6f313339.pdf#page=4,underscore_index,pending_review
05a312877bb2a2360f336e7a99bb52ec6f313339_5,05a312877bb2a2360f336e7a99bb52ec6f313339_page_0005,05a312877bb2a2360f336e7a99bb52ec6f313339.pdf#page=5,underscore_index,pending_review
05a312877bb2a2360f336e7a99bb52ec6f313339_6,05a312877bb2a2360f336e7a99bb52ec6f313339_page_0006,05a312877bb2a2360f336e7a99bb52ec6f313339.pdf#page=6,underscore_index,pending_review
05a312877bb2a2360f336e7a99bb52ec6f313339_7,05a312877bb2a2360f336e7a99bb52ec6f313339_page_0007,05a312877bb2a2360f336e7a99bb52ec6f313339.pdf#page=7,underscore_index,pending_review
05a312877bb2a2360f336e7a99bb52ec6f313339_8,05a312877bb2a2360f336e7a99bb52ec6f313339_page_0008,05a312877bb2a2360f336e7a99bb52ec6f313339.pdf#page=8,underscore_index,pending_review
05a312877bb2a2360f336e7a99bb52ec6f313339_9,05a312877bb2a2360f336e7a99bb52ec6f313339_page_0009,05a312877bb2a2360f336e7a99bb52ec6f313339.pdf#page=9,underscore_index,pending_review
05a312877bb2a2360f336e7a99bb52ec6f313339_10,05a312877bb2a2360f336e7a99bb52ec6f313339_page_0010,05a312877bb2a2360f336e7a99bb52ec6f313339.pdf#page=10,underscore_index,pending_review
05a312877bb2a2360f336e7a99bb52ec6f313339_11,05a312877bb2a2360f336e7a99bb52ec6f313339_page_0011,05a312877bb2a2360f336e7a99bb52ec6f313339.pdf#page=11,underscore_index,pending_review
05a312877bb2a2360f336e7a99bb52ec6f313339_12,05a312877bb2a2360f336e7a99bb52ec6f313339_page_0012,05a312877bb2a2360f336e7a99bb52ec6f313339.pdf#page=12,underscore_index,pending_review
05a312877bb2a2360f336e7a99bb52ec6f313339_13,05a312877bb2a2360f336e7a99bb52ec6f313339_page_0013,05a312877bb2a2360f336e7a99bb52ec6f313339.pdf#page=13,underscore_index,pending_review
05a312877bb2a2360f336e7a99bb52ec6f313339_14,05a312877bb2a2360f336e7a99bb52ec6f313339_page_0014,05a312877bb2a2360f336e7a99bb52ec6f313339.pdf#page=14,underscore_index,pending_review
05a312877bb2a2360f336e7a99bb52ec6f313339_15,05a312877bb2a2360f336e7a99bb52ec6f313339_page_0015,05a312877bb2a2360f336e7a99bb52ec6f313339.pdf#page=15,underscore_index,pending_review
05a312877bb2a2360f336e7a99bb52ec6f313339_16,05a312877bb2a2360f336e7a99bb52ec6f313339_page_0016,05a312877bb2a2360f336e7a99bb52ec6f313339.pdf#page=16,underscore_index,pending_review
05a312877bb2a2360f336e7a99bb52ec6f313339_17,05a312877bb2a2360f336e7a99bb52ec6f313339_page_0017,05a312877bb2a2360f336e7a99bb52ec6f313339.pdf#page=17,underscore_index,pending_review
05a312877bb2a2360f336e7a99bb52ec6f313339_18,05a312877bb2a2360f336e7a99bb52ec6f313339_page_0018,05a312877bb2a2360f336e7a99bb52ec6f313339.pdf#page=18,underscore_index,pending_review
05a312877bb2a2360f336e7a99bb52ec6f313339_19,05a312877bb2a2360f336e7a99bb52ec6f313339_page_0019,05a312877bb2a2360f336e7a99bb52ec6f313339.pdf#page=19,underscore_index,pending_review
05a312877bb2a2360f336e7a99bb52ec6f313339_20,05a312877bb2a2360f336e7a99bb52ec6f313339_page_0020,05a312877bb2a2360f336e7a99bb52ec6f313339.pdf#page=20,underscore_index,pending_review
05a312877bb2a2360f336e7a99bb52ec6f313339_21,05a312877bb2a2360f336e7a99bb52ec6f313339_page_0021,05a312877bb2a2360f336e7a99bb52ec6f313339.pdf#page=21,underscore_index,pending_review
05a312877bb2a2360f336e7a99bb52ec6f313339_22,05a312877bb2a2360f336e7a99bb52ec6f313339_page_0022,05a312877bb2a2360f336e7a99bb52ec6f313339.pdf#page=22,underscore_index,pending_review
05a312877bb2a2360f336e7a99bb52ec6f313339_23,05a312877bb2a2360f336e7a99bb52ec6f313339_page_0023,05a312877bb2a2360f336e7a99bb52ec6f313339.pdf#page=23,underscore_index,pending_review
05a312877bb2a2360f336e7a99bb52ec6f313339_24,05a312877bb2a2360f336e7a99bb52ec6f313339_page_0024,05a312877bb2a2360f336e7a99bb52ec6f313339.pdf#page=24,underscore_index,pending_review
05a312877bb2a2360f336e7a99bb52ec6f313339_25,05a312877bb2a2360f336e7a99bb52ec6f313339_page_0025,05a312877bb2a2360f336e7a99bb52ec6f313339.pdf#page=25,underscore_index,pending_review
05a3b8bbe4978f54c15901725d146b952aa36fc5_1,05a3b8bbe4978f54c15901725d146b952aa36fc5_page_0001,05a3b8bbe4978f54c15901725d146b952aa36fc5.pdf#page=1,underscore_index,pending_review
05a3b8bbe4978f54c15901725d146b952aa36fc5_2,05a3b8bbe4978f54c15901725d146b952aa36fc5_page_0002,05a3b8bbe4978f54c15901725d146b952aa36fc5.pdf#page=2,underscore_index,pending_review
05a3b8bbe4978f54c15901725d146b952aa36fc5_3,05a3b8bbe4978f54c15901725d146b952aa36fc5_page_0003,05a3b8bbe4978f54c15901725d146b952aa36fc5.pdf#page=3,underscore_index,pending_review
05a3b8bbe4978f54c15901725d146b952aa36fc5_4,05a3b8bbe4978f54c15901725d146b952aa36fc5_page_0004,05a3b8bbe4978f54c15901725d146b952aa36fc5.pdf#page=4,underscore_index,pending_review
05a3b8bbe4978f54c15901725d146b952aa36fc5_5,05a3b8bbe4978f54c15901725d146b952aa36fc5_page_0005,05a3b8bbe4978f54c15901725d146b952aa36fc5.pdf#page=5,underscore_index,pending_review
05a3b8bbe4978f54c15901725d146b952aa36fc5_6,05a3b8bbe4978f54c15901725d146b952aa36fc5_page_0006,05a3b8bbe4978f54c15901725d146b952aa36fc5.pdf#page=6,underscore_index,pending_review
05a3b8bbe4978f54c15901725d146b952aa36fc5_7,05a3b8bbe4978f54c15901725d146b952aa36fc5_page_0007,05a3b8bbe4978f54c15901725d146b952aa36fc5.pdf#page=7,underscore_index,pending_review
05a3b8bbe4978f54c15901725d146b952aa36fc5_8,05a3b8bbe4978f54c15901725d146b952aa36fc5_page_0008,05a3b8bbe4978f54c15901725d146b952aa36fc5.pdf#page=8,underscore_index,pending_review
05a3b8bbe4978f54c15901725d146b952aa36fc5_9,05a3b8bbe4978f54c15901725d146b952aa36fc5_page_0009,05a3b8bbe4978f54c15901725d146b952aa36fc5.pdf#page=9,underscore_index,pending_review
05a3b8bbe4978f54c15901725d146b952aa36fc5_10,05a3b8bbe4978f54c15901725d146b952aa36fc5_page_0010,05a3b8bbe4978f54c15901725d146b952aa36fc5.pdf#page=10,underscore_index,pending_review
05a3b8bbe4978f54c15901725d146b952aa36fc5_11,05a3b8bbe4978f54c15901725d146b952aa36fc5_page_0011,05a3b8bbe4978f54c15901725d146b952aa36fc5.pdf#page=11,underscore_index,pending_review
05a3b8bbe4978f54c15901725d146b952aa36fc5_12,05a3b8bbe4978f54c15901725d146b952aa36fc5_page_0012,05a3b8bbe4978f54c15901725d146b952aa36fc5.pdf#page=12,underscore_index,pending_review
05a3b8bbe4978f54c15901725d146b952aa36fc5_13,05a3b8bbe4978f54c15901725d146b952aa36fc5_page_0013,05a3b8bbe4978f54c15901725d146b952aa36fc5.pdf#page=13,underscore_index,pending_review
05a3b8bbe4978f54c15901725d146b952aa36fc5_14,05a3b8bbe4978f54c15901725d146b952aa36fc5_page_0014,05a3b8bbe4978f54c15901725d146b952aa36fc5.pdf#page=14,underscore_index,pending_review
05a3b8bbe4978f54c15901725d146b952aa36fc5_15,05a3b8bbe4978f54c15901725d146b952aa36fc5_page_0015,05a3b8bbe4978f54c15901725d146b952aa36fc5.pdf#page=15,underscore_index,pending_review
05a3b8bbe4978f54c15901725d146b952aa36fc5_16,05a3b8bbe4978f54c15901725d146b952aa36fc5_page_0016,05a3b8bbe4978f54c15901725d146b952aa36fc5.pdf#page=16,underscore_index,pending_review
05a3b8bbe4978f54c15901725d146b952aa36fc5_17,05a3b8bbe4978f54c15901725d146b952aa36fc5_page_0017,05a3b8bbe4978f54c15901725d146b952aa36fc5.pdf#page=17,underscore_index,pending_review
05a3b8bbe4978f54c15901725d146b952aa36fc5_18,05a3b8bbe4978f54c15901725d146b952aa36fc5_page_0018,05a3b8bbe4978f54c15901725d146b952aa36fc5.pdf#page=18,underscore_index,pending_review
05a3b8bbe4978f54c15901725d146b952aa36fc5_19,05a3b8bbe4978f54c15901725d146b952aa36fc5_page_0019,05a3b8bbe4978f54c15901725d146b952aa36fc5.pdf#page=19,underscore_index,pending_review
05b1e568abe5fffd0959b936848d24d0f52e9b8a_1,05b1e568abe5fffd0959b936848d24d0f52e9b8a_page_0001,05b1e568abe5fffd0959b936848d24d0f52e9b8a.pdf#page=1,underscore_index,pending_review
05b1e568abe5fffd0959b936848d24d0f52e9b8a_2,05b1e568abe5fffd0959b936848d24d0f52e9b8a_page_0002,05b1e568abe5fffd0959b936848d24d0f52e9b8a.pdf#page=2,underscore_index,pending_review
05b1e568abe5fffd0959b936848d24d0f52e9b8a_3,05b1e568abe5fffd0959b936848d24d0f52e9b8a_page_0003,05b1e568abe5fffd0959b936848d24d0f52e9b8a.pdf#page=3,underscore_index,pending_review
05b1e568abe5fffd0959b936848d24d0f52e9b8a_4,05b1e568abe5fffd0959b936848d24d0f52e9b8a_page_0004,05b1e568abe5fffd0959b936848d24d0f52e9b8a.pdf#page=4,underscore_index,pending_review
05b1e568abe5fffd0959b936848d24d0f52e9b8a_5,05b1e568abe5fffd0959b936848d24d0f52e9b8a_page_0005,05b1e568abe5fffd0959b936848d24d0f52e9b8a.pdf#page=5,underscore_index,pending_review
05b1e568abe5fffd0959b936848d24d0f52e9b8a_6,05b1e568abe5fffd0959b936848d24d0f52e9b8a_page_0006,05b1e568abe5fffd0959b936848d24d0f52e9b8a.pdf#page=6,underscore_index,pending_review
05b1e568abe5fffd0959b936848d24d0f52e9b8a_7,05b1e568abe5fffd0959b936848d24d0f52e9b8a_page_0007,05b1e568abe5fffd0959b936848d24d0f52e9b8a.pdf#page=7,underscore_index,pending_review
05b1e568abe5fffd0959b936848d24d0f52e9b8a_8,05b1e568abe5fffd0959b936848d24d0f52e9b8a_page_0008,05b1e568abe5fffd0959b936848d24d0f52e9b8a.pdf#page=8,underscore_index,pending_review
05b1e568abe5fffd0959b936848d24d0f52e9b8a_9,05b1e568abe5fffd0959b936848d24d0f52e9b8a_page_0009,05b1e568abe5fffd0959b936848d24d0f52e9b8a.pdf#page=9,underscore_index,pending_review
05b1e568abe5fffd0959b936848d24d0f52e9b8a_10,05b1e568abe5fffd0959b936848d24d0f52e9b8a_page_0010,05b1e568abe5fffd0959b936848d24d0f52e9b8a.pdf#page=10,underscore_index,pending_review
05b1e568abe5fffd0959b936848d24d0f52e9b8a_11,05b1e568abe5fffd0959b936848d24d0f52e9b8a_page_0011,05b1e568abe5fffd0959b936848d24d0f52e9b8a.pdf#page=11,underscore_index,pending_review
05b1e568abe5fffd0959b936848d24d0f52e9b8a_12,05b1e568abe5fffd0959b936848d24d0f52e9b8a_page_0012,05b1e568abe5fffd0959b936848d24d0f52e9b8a.pdf#page=12,underscore_index,pending_review
05b1e568abe5fffd0959b936848d24d0f52e9b8a_13,05b1e568abe5fffd0959b936848d24d0f52e9b8a_page_0013,05b1e568abe5fffd0959b936848d24d0f52e9b8a.pdf#page=13,underscore_index,pending_review
05b1e568abe5fffd0959b936848d24d0f52e9b8a_14,05b1e568abe5fffd0959b936848d24d0f52e9b8a_page_0014,05b1e568abe5fffd0959b936848d24d0f52e9b8a.pdf#page=14,underscore_index,pending_review
05b1e568abe5fffd0959b936848d24d0f52e9b8a_15,05b1e568abe5fffd0959b936848d24d0f52e9b8a_page_0015,05b1e568abe5fffd0959b936848d24d0f52e9b8a.pdf#page=15,underscore_index,pending_review
05b1e568abe5fffd0959b936848d24d0f52e9b8a_16,05b1e568abe5fffd0959b936848d24d0f52e9b8a_page_0016,05b1e568abe5fffd0959b936848d24d0f52e9b8a.pdf#page=16,underscore_index,pending_review
05b1e568abe5fffd0959b936848d24d0f52e9b8a_17,05b1e568abe5fffd0959b936848d24d0f52e9b8a_page_0017,05b1e568abe5fffd0959b936848d24d0f52e9b8a.pdf#page=17,underscore_index,pending_review
05b1e568abe5fffd0959b936848d24d0f52e9b8a_18,05b1e568abe5fffd0959b936848d24d0f52e9b8a_page_0018,05b1e568abe5fffd0959b936848d24d0f52e9b8a.pdf#page=18,underscore_index,pending_review
05b1e568abe5fffd0959b936848d24d0f52e9b8a_19,05b1e568abe5fffd0959b936848d24d0f52e9b8a_page_0019,05b1e568abe5fffd0959b936848d24d0f52e9b8a.pdf#page=19,underscore_index,pending_review
05b1e568abe5fffd0959b936848d24d0f52e9b8a_20,05b1e568abe5fffd0959b936848d24d0f52e9b8a_page_0020,05b1e568abe5fffd0959b936848d24d0f52e9b8a.pdf#page=20,underscore_index,pending_review
05b1e568abe5fffd0959b936848d24d0f52e9b8a_21,05b1e568abe5fffd0959b936848d24d0f52e9b8a_page_0021,05b1e568abe5fffd0959b936848d24d0f52e9b8a.pdf#page=21,underscore_index,pending_review
05b3364e2aa2aa8b644a335529979724b658414b_1,05b3364e2aa2aa8b644a335529979724b658414b_page_0001,05b3364e2aa2aa8b644a335529979724b658414b.pdf#page=1,underscore_index,pending_review
05b3364e2aa2aa8b644a335529979724b658414b_2,05b3364e2aa2aa8b644a335529979724b658414b_page_0002,05b3364e2aa2aa8b644a335529979724b658414b.pdf#page=2,underscore_index,pending_review
05b3364e2aa2aa8b644a335529979724b658414b_3,05b3364e2aa2aa8b644a335529979724b658414b_page_0003,05b3364e2aa2aa8b644a335529979724b658414b.pdf#page=3,underscore_index,pending_review
05b3364e2aa2aa8b644a335529979724b658414b_4,05b3364e2aa2aa8b644a335529979724b658414b_page_0004,05b3364e2aa2aa8b644a335529979724b658414b.pdf#page=4,underscore_index,pending_review
05b3364e2aa2aa8b644a335529979724b658414b_5,05b3364e2aa2aa8b644a335529979724b658414b_page_0005,05b3364e2aa2aa8b644a335529979724b658414b.pdf#page=5,underscore_index,pending_review
05b3364e2aa2aa8b644a335529979724b658414b_6,05b3364e2aa2aa8b644a335529979724b658414b_page_0006,05b3364e2aa2aa8b644a335529979724b658414b.pdf#page=6,underscore_index,pending_review
05b3364e2aa2aa8b644a335529979724b658414b_7,05b3364e2aa2aa8b644a335529979724b658414b_page_0007,05b3364e2aa2aa8b644a335529979724b658414b.pdf#page=7,underscore_index,pending_review
05b3364e2aa2aa8b644a335529979724b658414b_8,05b3364e2aa2aa8b644a335529979724b658414b_page_0008,05b3364e2aa2aa8b644a335529979724b658414b.pdf#page=8,underscore_index,pending_review
05b3364e2aa2aa8b644a335529979724b658414b_9,05b3364e2aa2aa8b644a335529979724b658414b_page_0009,05b3364e2aa2aa8b644a335529979724b658414b.pdf#page=9,underscore_index,pending_review
05b3364e2aa2aa8b644a335529979724b658414b_10,05b3364e2aa2aa8b644a335529979724b658414b_page_0010,05b3364e2aa2aa8b644a335529979724b658414b.pdf#page=10,underscore_index,pending_review
05b3364e2aa2aa8b644a335529979724b658414b_11,05b3364e2aa2aa8b644a335529979724b658414b_page_0011,05b3364e2aa2aa8b644a335529979724b658414b.pdf#page=11,underscore_index,pending_review
05b3364e2aa2aa8b644a335529979724b658414b_12,05b3364e2aa2aa8b644a335529979724b658414b_page_0012,05b3364e2aa2aa8b644a335529979724b658414b.pdf#page=12,underscore_index,pending_review
05b3364e2aa2aa8b644a335529979724b658414b_13,05b3364e2aa2aa8b644a335529979724b658414b_page_0013,05b3364e2aa2aa8b644a335529979724b658414b.pdf#page=13,underscore_index,pending_review
05b3364e2aa2aa8b644a335529979724b658414b_14,05b3364e2aa2aa8b644a335529979724b658414b_page_0014,05b3364e2aa2aa8b644a335529979724b658414b.pdf#page=14,underscore_index,pending_review
05b3364e2aa2aa8b644a335529979724b658414b_15,05b3364e2aa2aa8b644a335529979724b658414b_page_0015,05b3364e2aa2aa8b644a335529979724b658414b.pdf#page=15,underscore_index,pending_review
05b3364e2aa2aa8b644a335529979724b658414b_16,05b3364e2aa2aa8b644a335529979724b658414b_page_0016,05b3364e2aa2aa8b644a335529979724b658414b.pdf#page=16,underscore_index,pending_review
05b3364e2aa2aa8b644a335529979724b658414b_17,05b3364e2aa2aa8b644a335529979724b658414b_page_0017,05b3364e2aa2aa8b644a335529979724b658414b.pdf#page=17,underscore_index,pending_review
05b3364e2aa2aa8b644a335529979724b658414b_18,05b3364e2aa2aa8b644a335529979724b658414b_page_0018,05b3364e2aa2aa8b644a335529979724b658414b.pdf#page=18,underscore_index,pending_review
05b3364e2aa2aa8b644a335529979724b658414b_19,05b3364e2aa2aa8b644a335529979724b658414b_page_0019,05b3364e2aa2aa8b644a335529979724b658414b.pdf#page=19,underscore_index,pending_review
05b3364e2aa2aa8b644a335529979724b658414b_20,05b3364e2aa2aa8b644a335529979724b658414b_page_0020,05b3364e2aa2aa8b644a335529979724b658414b.pdf#page=20,underscore_index,pending_review
05b3364e2aa2aa8b644a335529979724b658414b_21,05b3364e2aa2aa8b644a335529979724b658414b_page_0021,05b3364e2aa2aa8b644a335529979724b658414b.pdf#page=21,underscore_index,pending_review
05b5634edde537fcd2a63b09ef4fe62cfe0440dd_1,05b5634edde537fcd2a63b09ef4fe62cfe0440dd_page_0001,05b5634edde537fcd2a63b09ef4fe62cfe0440dd.pdf#page=1,underscore_index,pending_review
05b5634edde537fcd2a63b09ef4fe62cfe0440dd_2,05b5634edde537fcd2a63b09ef4fe62cfe0440dd_page_0002,05b5634edde537fcd2a63b09ef4fe62cfe0440dd.pdf#page=2,underscore_index,pending_review
05b5634edde537fcd2a63b09ef4fe62cfe0440dd_3,05b5634edde537fcd2a63b09ef4fe62cfe0440dd_page_0003,05b5634edde537fcd2a63b09ef4fe62cfe0440dd.pdf#page=3,underscore_index,pending_review
05b5634edde537fcd2a63b09ef4fe62cfe0440dd_4,05b5634edde537fcd2a63b09ef4fe62cfe0440dd_page_0004,05b5634edde537fcd2a63b09ef4fe62cfe0440dd.pdf#page=4,underscore_index,pending_review
05b5634edde537fcd2a63b09ef4fe62cfe0440dd_5,05b5634edde537fcd2a63b09ef4fe62cfe0440dd_page_0005,05b5634edde537fcd2a63b09ef4fe62cfe0440dd.pdf#page=5,underscore_index,pending_review
05b5634edde537fcd2a63b09ef4fe62cfe0440dd_6,05b5634edde537fcd2a63b09ef4fe62cfe0440dd_page_0006,05b5634edde537fcd2a63b09ef4fe62cfe0440dd.pdf#page=6,underscore_index,pending_review
05b5634edde537fcd2a63b09ef4fe62cfe0440dd_7,05b5634edde537fcd2a63b09ef4fe62cfe0440dd_page_0007,05b5634edde537fcd2a63b09ef4fe62cfe0440dd.pdf#page=7,underscore_index,pending_review
05b5634edde537fcd2a63b09ef4fe62cfe0440dd_8,05b5634edde537fcd2a63b09ef4fe62cfe0440dd_page_0008,05b5634edde537fcd2a63b09ef4fe62cfe0440dd.pdf#page=8,underscore_index,pending_review
05b5634edde537fcd2a63b09ef4fe62cfe0440dd_9,05b5634edde537fcd2a63b09ef4fe62cfe0440dd_page_0009,05b5634edde537fcd2a63b09ef4fe62cfe0440dd.pdf#page=9,underscore_index,pending_review
05b5634edde537fcd2a63b09ef4fe62cfe0440dd_10,05b5634edde537fcd2a63b09ef4fe62cfe0440dd_page_0010,05b5634edde537fcd2a63b09ef4fe62cfe0440dd.pdf#page=10,underscore_index,pending_review
05b5634edde537fcd2a63b09ef4fe62cfe0440dd_11,05b5634edde537fcd2a63b09ef4fe62cfe0440dd_page_0011,05b5634edde537fcd2a63b09ef4fe62cfe0440dd.pdf#page=11,underscore_index,pending_review
05b5634edde537fcd2a63b09ef4fe62cfe0440dd_12,05b5634edde537fcd2a63b09ef4fe62cfe0440dd_page_0012,05b5634edde537fcd2a63b09ef4fe62cfe0440dd.pdf#page=12,underscore_index,pending_review
05b5634edde537fcd2a63b09ef4fe62cfe0440dd_13,05b5634edde537fcd2a63b09ef4fe62cfe0440dd_page_0013,05b5634edde537fcd2a63b09ef4fe62cfe0440dd.pdf#page=13,underscore_index,pending_review
05b5634edde537fcd2a63b09ef4fe62cfe0440dd_14,05b5634edde537fcd2a63b09ef4fe62cfe0440dd_page_0014,05b5634edde537fcd2a63b09ef4fe62cfe0440dd.pdf#page=14,underscore_index,pending_review
05b5634edde537fcd2a63b09ef4fe62cfe0440dd_15,05b5634edde537fcd2a63b09ef4fe62cfe0440dd_page_0015,05b5634edde537fcd2a63b09ef4fe62cfe0440dd.pdf#page=15,underscore_index,pending_review
05b5634edde537fcd2a63b09ef4fe62cfe0440dd_16,05b5634edde537fcd2a63b09ef4fe62cfe0440dd_page_0016,05b5634edde537fcd2a63b09ef4fe62cfe0440dd.pdf#page=16,underscore_index,pending_review
05b5634edde537fcd2a63b09ef4fe62cfe0440dd_17,05b5634edde537fcd2a63b09ef4fe62cfe0440dd_page_0017,05b5634edde537fcd2a63b09ef4fe62cfe0440dd.pdf#page=17,underscore_index,pending_review
05b5634edde537fcd2a63b09ef4fe62cfe0440dd_18,05b5634edde537fcd2a63b09ef4fe62cfe0440dd_page_0018,05b5634edde537fcd2a63b09ef4fe62cfe0440dd.pdf#page=18,underscore_index,pending_review
05b5634edde537fcd2a63b09ef4fe62cfe0440dd_19,05b5634edde537fcd2a63b09ef4fe62cfe0440dd_page_0019,05b5634edde537fcd2a63b09ef4fe62cfe0440dd.pdf#page=19,underscore_index,pending_review
05b5634edde537fcd2a63b09ef4fe62cfe0440dd_20,05b5634edde537fcd2a63b09ef4fe62cfe0440dd_page_0020,05b5634edde537fcd2a63b09ef4fe62cfe0440dd.pdf#page=20,underscore_index,pending_review
05b5634edde537fcd2a63b09ef4fe62cfe0440dd_21,05b5634edde537fcd2a63b09ef4fe62cfe0440dd_page_0021,05b5634edde537fcd2a63b09ef4fe62cfe0440dd.pdf#page=21,underscore_index,pending_review
05b9ceacc63e3172d16670189ec129499b77c7b1_1,05b9ceacc63e3172d16670189ec129499b77c7b1_page_0001,05b9ceacc63e3172d16670189ec129499b77c7b1.pdf#page=1,underscore_index,pending_review
05b9ceacc63e3172d16670189ec129499b77c7b1_2,05b9ceacc63e3172d16670189ec129499b77c7b1_page_0002,05b9ceacc63e3172d16670189ec129499b77c7b1.pdf#page=2,underscore_index,pending_review
05b9ceacc63e3172d16670189ec129499b77c7b1_3,05b9ceacc63e3172d16670189ec129499b77c7b1_page_0003,05b9ceacc63e3172d16670189ec129499b77c7b1.pdf#page=3,underscore_index,pending_review
05b9ceacc63e3172d16670189ec129499b77c7b1_4,05b9ceacc63e3172d16670189ec129499b77c7b1_page_0004,05b9ceacc63e3172d16670189ec129499b77c7b1.pdf#page=4,underscore_index,pending_review
05b9ceacc63e3172d16670189ec129499b77c7b1_5,05b9ceacc63e3172d16670189ec129499b77c7b1_page_0005,05b9ceacc63e3172d16670189ec129499b77c7b1.pdf#page=5,underscore_index,pending_review
05b9ceacc63e3172d16670189ec129499b77c7b1_6,05b9ceacc63e3172d16670189ec129499b77c7b1_page_0006,05b9ceacc63e3172d16670189ec129499b77c7b1.pdf#page=6,underscore_index,pending_review
05b9ceacc63e3172d16670189ec129499b77c7b1_7,05b9ceacc63e3172d16670189ec129499b77c7b1_page_0007,05b9ceacc63e3172d16670189ec129499b77c7b1.pdf#page=7,underscore_index,pending_review
05b9ceacc63e3172d16670189ec129499b77c7b1_8,05b9ceacc63e3172d16670189ec129499b77c7b1_page_0008,05b9ceacc63e3172d16670189ec129499b77c7b1.pdf#page=8,underscore_index,pending_review
05b9ceacc63e3172d16670189ec129499b77c7b1_9,05b9ceacc63e3172d16670189ec129499b77c7b1_page_0009,05b9ceacc63e3172d16670189ec129499b77c7b1.pdf#page=9,underscore_index,pending_review
05b9ceacc63e3172d16670189ec129499b77c7b1_10,05b9ceacc63e3172d16670189ec129499b77c7b1_page_0010,05b9ceacc63e3172d16670189ec129499b77c7b1.pdf#page=10,underscore_index,pending_review
05b9ceacc63e3172d16670189ec129499b77c7b1_11,05b9ceacc63e3172d16670189ec129499b77c7b1_page_0011,05b9ceacc63e3172d16670189ec129499b77c7b1.pdf#page=11,underscore_index,pending_review
05b9ceacc63e3172d16670189ec129499b77c7b1_12,05b9ceacc63e3172d16670189ec129499b77c7b1_page_0012,05b9ceacc63e3172d16670189ec129499b77c7b1.pdf#page=12,underscore_index,pending_review
05b9ceacc63e3172d16670189ec129499b77c7b1_13,05b9ceacc63e3172d16670189ec129499b77c7b1_page_0013,05b9ceacc63e3172d16670189ec129499b77c7b1.pdf#page=13,underscore_index,pending_review
05b9ceacc63e3172d16670189ec129499b77c7b1_14,05b9ceacc63e3172d16670189ec129499b77c7b1_page_0014,05b9ceacc63e3172d16670189ec129499b77c7b1.pdf#page=14,underscore_index,pending_review
05b9ceacc63e3172d16670189ec129499b77c7b1_15,05b9ceacc63e3172d16670189ec129499b77c7b1_page_0015,05b9ceacc63e3172d16670189ec129499b77c7b1.pdf#page=15,underscore_index,pending_review
05b9ceacc63e3172d16670189ec129499b77c7b1_16,05b9ceacc63e3172d16670189ec129499b77c7b1_page_0016,05b9ceacc63e3172d16670189ec129499b77c7b1.pdf#page=16,underscore_index,pending_review
05c24005dfa4117cda6a29a7bcbfc30d1d66b9e8_1,05c24005dfa4117cda6a29a7bcbfc30d1d66b9e8_page_0001,05c24005dfa4117cda6a29a7bcbfc30d1d66b9e8.pdf#page=1,underscore_index,pending_review
05c24005dfa4117cda6a29a7bcbfc30d1d66b9e8_2,05c24005dfa4117cda6a29a7bcbfc30d1d66b9e8_page_0002,05c24005dfa4117cda6a29a7bcbfc30d1d66b9e8.pdf#page=2,underscore_index,pending_review
05c24005dfa4117cda6a29a7bcbfc30d1d66b9e8_3,05c24005dfa4117cda6a29a7bcbfc30d1d66b9e8_page_0003,05c24005dfa4117cda6a29a7bcbfc30d1d66b9e8.pdf#page=3,underscore_index,pending_review
05c24005dfa4117cda6a29a7bcbfc30d1d66b9e8_4,05c24005dfa4117cda6a29a7bcbfc30d1d66b9e8_page_0004,05c24005dfa4117cda6a29a7bcbfc30d1d66b9e8.pdf#page=4,underscore_index,pending_review
05c24005dfa4117cda6a29a7bcbfc30d1d66b9e8_5,05c24005dfa4117cda6a29a7bcbfc30d1d66b9e8_page_0005,05c24005dfa4117cda6a29a7bcbfc30d1d66b9e8.pdf#page=5,underscore_index,pending_review
05c24005dfa4117cda6a29a7bcbfc30d1d66b9e8_6,05c24005dfa4117cda6a29a7bcbfc30d1d66b9e8_page_0006,05c24005dfa4117cda6a29a7bcbfc30d1d66b9e8.pdf#page=6,underscore_index,pending_review
05c24005dfa4117cda6a29a7bcbfc30d1d66b9e8_7,05c24005dfa4117cda6a29a7bcbfc30d1d66b9e8_page_0007,05c24005dfa4117cda6a29a7bcbfc30d1d66b9e8.pdf#page=7,underscore_index,pending_review
05c24005dfa4117cda6a29a7bcbfc30d1d66b9e8_8,05c24005dfa4117cda6a29a7bcbfc30d1d66b9e8_page_0008,05c24005dfa4117cda6a29a7bcbfc30d1d66b9e8.pdf#page=8,underscore_index,pending_review
05c24005dfa4117cda6a29a7bcbfc30d1d66b9e8_9,05c24005dfa4117cda6a29a7bcbfc30d1d66b9e8_page_0009,05c24005dfa4117cda6a29a7bcbfc30d1d66b9e8.pdf#page=9,underscore_index,pending_review
05c24005dfa4117cda6a29a7bcbfc30d1d66b9e8_10,05c24005dfa4117cda6a29a7bcbfc30d1d66b9e8_page_0010,05c24005dfa4117cda6a29a7bcbfc30d1d66b9e8.pdf#page=10,underscore_index,pending_review
05c24005dfa4117cda6a29a7bcbfc30d1d66b9e8_11,05c24005dfa4117cda6a29a7bcbfc30d1d66b9e8_page_0011,05c24005dfa4117cda6a29a7bcbfc30d1d66b9e8.pdf#page=11,underscore_index,pending_review
05c24005dfa4117cda6a29a7bcbfc30d1d66b9e8_12,05c24005dfa4117cda6a29a7bcbfc30d1d66b9e8_page_0012,05c24005dfa4117cda6a29a7bcbfc30d1d66b9e8.pdf#page=12,underscore_index,pending_review
05c24005dfa4117cda6a29a7bcbfc30d1d66b9e8_13,05c24005dfa4117cda6a29a7bcbfc30d1d66b9e8_page_0013,05c24005dfa4117cda6a29a7bcbfc30d1d66b9e8.pdf#page=13,underscore_index,pending_review
05c24005dfa4117cda6a29a7bcbfc30d1d66b9e8_14,05c24005dfa4117cda6a29a7bcbfc30d1d66b9e8_page_0014,05c24005dfa4117cda6a29a7bcbfc30d1d66b9e8.pdf#page=14,underscore_index,pending_review
05c24005dfa4117cda6a29a7bcbfc30d1d66b9e8_15,05c24005dfa4117cda6a29a7bcbfc30d1d66b9e8_page_0015,05c24005dfa4117cda6a29a7bcbfc30d1d66b9e8.pdf#page=15,underscore_index,pending_review
05c24005dfa4117cda6a29a7bcbfc30d1d66b9e8_16,05c24005dfa4117cda6a29a7bcbfc30d1d66b9e8_page_0016,05c24005dfa4117cda6a29a7bcbfc30d1d66b9e8.pdf#page=16,underscore_index,pending_review
05c24005dfa4117cda6a29a7bcbfc30d1d66b9e8_17,05c24005dfa4117cda6a29a7bcbfc30d1d66b9e8_page_0017,05c24005dfa4117cda6a29a7bcbfc30d1d66b9e8.pdf#page=17,underscore_index,pending_review
05c24005dfa4117cda6a29a7bcbfc30d1d66b9e8_18,05c24005dfa4117cda6a29a7bcbfc30d1d66b9e8_page_0018,05c24005dfa4117cda6a29a7bcbfc30d1d66b9e8.pdf#page=18,underscore_index,pending_review
05c24005dfa4117cda6a29a7bcbfc30d1d66b9e8_19,05c24005dfa4117cda6a29a7bcbfc30d1d66b9e8_page_0019,05c24005dfa4117cda6a29a7bcbfc30d1d66b9e8.pdf#page=19,underscore_index,pending_review
05c24005dfa4117cda6a29a7bcbfc30d1d66b9e8_20,05c24005dfa4117cda6a29a7bcbfc30d1d66b9e8_page_0020,05c24005dfa4117cda6a29a7bcbfc30d1d66b9e8.pdf#page=20,underscore_index,pending_review
05c24005dfa4117cda6a29a7bcbfc30d1d66b9e8_21,05c24005dfa4117cda6a29a7bcbfc30d1d66b9e8_page_0021,05c24005dfa4117cda6a29a7bcbfc30d1d66b9e8.pdf#page=21,underscore_index,pending_review
05c24005dfa4117cda6a29a7bcbfc30d1d66b9e8_22,05c24005dfa4117cda6a29a7bcbfc30d1d66b9e8_page_0022,05c24005dfa4117cda6a29a7bcbfc30d1d66b9e8.pdf#page=22,underscore_index,pending_review
05c7e75a95edb476e7b019fc8e8db82699c06e59_1,05c7e75a95edb476e7b019fc8e8db82699c06e59_page_0001,05c7e75a95edb476e7b019fc8e8db82699c06e59.pdf#page=1,underscore_index,pending_review
05c7e75a95edb476e7b019fc8e8db82699c06e59_2,05c7e75a95edb476e7b019fc8e8db82699c06e59_page_0002,05c7e75a95edb476e7b019fc8e8db82699c06e59.pdf#page=2,underscore_index,pending_review
05c7e75a95edb476e7b019fc8e8db82699c06e59_3,05c7e75a95edb476e7b019fc8e8db82699c06e59_page_0003,05c7e75a95edb476e7b019fc8e8db82699c06e59.pdf#page=3,underscore_index,pending_review
05c7e75a95edb476e7b019fc8e8db82699c06e59_4,05c7e75a95edb476e7b019fc8e8db82699c06e59_page_0004,05c7e75a95edb476e7b019fc8e8db82699c06e59.pdf#page=4,underscore_index,pending_review
05c7e75a95edb476e7b019fc8e8db82699c06e59_5,05c7e75a95edb476e7b019fc8e8db82699c06e59_page_0005,05c7e75a95edb476e7b019fc8e8db82699c06e59.pdf#page=5,underscore_index,pending_review
05c7e75a95edb476e7b019fc8e8db82699c06e59_6,05c7e75a95edb476e7b019fc8e8db82699c06e59_page_0006,05c7e75a95edb476e7b019fc8e8db82699c06e59.pdf#page=6,underscore_index,pending_review
05c7e75a95edb476e7b019fc8e8db82699c06e59_7,05c7e75a95edb476e7b019fc8e8db82699c06e59_page_0007,05c7e75a95edb476e7b019fc8e8db82699c06e59.pdf#page=7,underscore_index,pending_review
05c7e75a95edb476e7b019fc8e8db82699c06e59_8,05c7e75a95edb476e7b019fc8e8db82699c06e59_page_0008,05c7e75a95edb476e7b019fc8e8db82699c06e59.pdf#page=8,underscore_index,pending_review
05c7e75a95edb476e7b019fc8e8db82699c06e59_9,05c7e75a95edb476e7b019fc8e8db82699c06e59_page_0009,05c7e75a95edb476e7b019fc8e8db82699c06e59.pdf#page=9,underscore_index,pending_review
05c7e75a95edb476e7b019fc8e8db82699c06e59_10,05c7e75a95edb476e7b019fc8e8db82699c06e59_page_0010,05c7e75a95edb476e7b019fc8e8db82699c06e59.pdf#page=10,underscore_index,pending_review
05c7e75a95edb476e7b019fc8e8db82699c06e59_11,05c7e75a95edb476e7b019fc8e8db82699c06e59_page_0011,05c7e75a95edb476e7b019fc8e8db82699c06e59.pdf#page=11,underscore_index,pending_review
05c7e75a95edb476e7b019fc8e8db82699c06e59_12,05c7e75a95edb476e7b019fc8e8db82699c06e59_page_0012,05c7e75a95edb476e7b019fc8e8db82699c06e59.pdf#page=12,underscore_index,pending_review
05c7e75a95edb476e7b019fc8e8db82699c06e59_13,05c7e75a95edb476e7b019fc8e8db82699c06e59_page_0013,05c7e75a95edb476e7b019fc8e8db82699c06e59.pdf#page=13,underscore_index,pending_review
05c7e75a95edb476e7b019fc8e8db82699c06e59_14,05c7e75a95edb476e7b019fc8e8db82699c06e59_page_0014,05c7e75a95edb476e7b019fc8e8db82699c06e59.pdf#page=14,underscore_index,pending_review
05c7e75a95edb476e7b019fc8e8db82699c06e59_15,05c7e75a95edb476e7b019fc8e8db82699c06e59_page_0015,05c7e75a95edb476e7b019fc8e8db82699c06e59.pdf#page=15,underscore_index,pending_review
05c7e75a95edb476e7b019fc8e8db82699c06e59_16,05c7e75a95edb476e7b019fc8e8db82699c06e59_page_0016,05c7e75a95edb476e7b019fc8e8db82699c06e59.pdf#page=16,underscore_index,pending_review
05c7e75a95edb476e7b019fc8e8db82699c06e59_17,05c7e75a95edb476e7b019fc8e8db82699c06e59_page_0017,05c7e75a95edb476e7b019fc8e8db82699c06e59.pdf#page=17,underscore_index,pending_review
05c7e75a95edb476e7b019fc8e8db82699c06e59_18,05c7e75a95edb476e7b019fc8e8db82699c06e59_page_0018,05c7e75a95edb476e7b019fc8e8db82699c06e59.pdf#page=18,underscore_index,pending_review
05c7e75a95edb476e7b019fc8e8db82699c06e59_19,05c7e75a95edb476e7b019fc8e8db82699c06e59_page_0019,05c7e75a95edb476e7b019fc8e8db82699c06e59.pdf#page=19,underscore_index,pending_review
05c7e75a95edb476e7b019fc8e8db82699c06e59_20,05c7e75a95edb476e7b019fc8e8db82699c06e59_page_0020,05c7e75a95edb476e7b019fc8e8db82699c06e59.pdf#page=20,underscore_index,pending_review
05c7e75a95edb476e7b019fc8e8db82699c06e59_21,05c7e75a95edb476e7b019fc8e8db82699c06e59_page_0021,05c7e75a95edb476e7b019fc8e8db82699c06e59.pdf#page=21,underscore_index,pending_review
05c7e75a95edb476e7b019fc8e8db82699c06e59_22,05c7e75a95edb476e7b019fc8e8db82699c06e59_page_0022,05c7e75a95edb476e7b019fc8e8db82699c06e59.pdf#page=22,underscore_index,pending_review
05d7e37e61e059bcfecd412df67b06d66617bf0f_1,05d7e37e61e059bcfecd412df67b06d66617bf0f_page_0001,05d7e37e61e059bcfecd412df67b06d66617bf0f.pdf#page=1,underscore_index,pending_review
05d7e37e61e059bcfecd412df67b06d66617bf0f_2,05d7e37e61e059bcfecd412df67b06d66617bf0f_page_0002,05d7e37e61e059bcfecd412df67b06d66617bf0f.pdf#page=2,underscore_index,pending_review
05d7e37e61e059bcfecd412df67b06d66617bf0f_3,05d7e37e61e059bcfecd412df67b06d66617bf0f_page_0003,05d7e37e61e059bcfecd412df67b06d66617bf0f.pdf#page=3,underscore_index,pending_review
05d7e37e61e059bcfecd412df67b06d66617bf0f_4,05d7e37e61e059bcfecd412df67b06d66617bf0f_page_0004,05d7e37e61e059bcfecd412df67b06d66617bf0f.pdf#page=4,underscore_index,pending_review
05d7e37e61e059bcfecd412df67b06d66617bf0f_5,05d7e37e61e059bcfecd412df67b06d66617bf0f_page_0005,05d7e37e61e059bcfecd412df67b06d66617bf0f.pdf#page=5,underscore_index,pending_review
05d7e37e61e059bcfecd412df67b06d66617bf0f_6,05d7e37e61e059bcfecd412df67b06d66617bf0f_page_0006,05d7e37e61e059bcfecd412df67b06d66617bf0f.pdf#page=6,underscore_index,pending_review
05d7e37e61e059bcfecd412df67b06d66617bf0f_7,05d7e37e61e059bcfecd412df67b06d66617bf0f_page_0007,05d7e37e61e059bcfecd412df67b06d66617bf0f.pdf#page=7,underscore_index,pending_review
05d7e37e61e059bcfecd412df67b06d66617bf0f_8,05d7e37e61e059bcfecd412df67b06d66617bf0f_page_0008,05d7e37e61e059bcfecd412df67b06d66617bf0f.pdf#page=8,underscore_index,pending_review
05d7e37e61e059bcfecd412df67b06d66617bf0f_9,05d7e37e61e059bcfecd412df67b06d66617bf0f_page_0009,05d7e37e61e059bcfecd412df67b06d66617bf0f.pdf#page=9,underscore_index,pending_review
05d7e37e61e059bcfecd412df67b06d66617bf0f_10,05d7e37e61e059bcfecd412df67b06d66617bf0f_page_0010,05d7e37e61e059bcfecd412df67b06d66617bf0f.pdf#page=10,underscore_index,pending_review
05d7e37e61e059bcfecd412df67b06d66617bf0f_11,05d7e37e61e059bcfecd412df67b06d66617bf0f_page_0011,05d7e37e61e059bcfecd412df67b06d66617bf0f.pdf#page=11,underscore_index,pending_review
05d7e37e61e059bcfecd412df67b06d66617bf0f_12,05d7e37e61e059bcfecd412df67b06d66617bf0f_page_0012,05d7e37e61e059bcfecd412df67b06d66617bf0f.pdf#page=12,underscore_index,pending_review
05d7e37e61e059bcfecd412df67b06d66617bf0f_13,05d7e37e61e059bcfecd412df67b06d66617bf0f_page_0013,05d7e37e61e059bcfecd412df67b06d66617bf0f.pdf#page=13,underscore_index,pending_review
05d7e37e61e059bcfecd412df67b06d66617bf0f_14,05d7e37e61e059bcfecd412df67b06d66617bf0f_page_0014,05d7e37e61e059bcfecd412df67b06d66617bf0f.pdf#page=14,underscore_index,pending_review
05d7e37e61e059bcfecd412df67b06d66617bf0f_15,05d7e37e61e059bcfecd412df67b06d66617bf0f_page_0015,05d7e37e61e059bcfecd412df67b06d66617bf0f.pdf#page=15,underscore_index,pending_review
05d7e37e61e059bcfecd412df67b06d66617bf0f_16,05d7e37e61e059bcfecd412df67b06d66617bf0f_page_0016,05d7e37e61e059bcfecd412df67b06d66617bf0f.pdf#page=16,underscore_index,pending_review
05d7e37e61e059bcfecd412df67b06d66617bf0f_17,05d7e37e61e059bcfecd412df67b06d66617bf0f_page_0017,05d7e37e61e059bcfecd412df67b06d66617bf0f.pdf#page=17,underscore_index,pending_review
05dfc70fd754a46e3c32f9c43d75069ff473dcb0_1,05dfc70fd754a46e3c32f9c43d75069ff473dcb0_page_0001,05dfc70fd754a46e3c32f9c43d75069ff473dcb0.pdf#page=1,underscore_index,pending_review
05dfc70fd754a46e3c32f9c43d75069ff473dcb0_2,05dfc70fd754a46e3c32f9c43d75069ff473dcb0_page_0002,05dfc70fd754a46e3c32f9c43d75069ff473dcb0.pdf#page=2,underscore_index,pending_review
05dfc70fd754a46e3c32f9c43d75069ff473dcb0_3,05dfc70fd754a46e3c32f9c43d75069ff473dcb0_page_0003,05dfc70fd754a46e3c32f9c43d75069ff473dcb0.pdf#page=3,underscore_index,pending_review
05dfc70fd754a46e3c32f9c43d75069ff473dcb0_4,05dfc70fd754a46e3c32f9c43d75069ff473dcb0_page_0004,05dfc70fd754a46e3c32f9c43d75069ff473dcb0.pdf#page=4,underscore_index,pending_review
05dfc70fd754a46e3c32f9c43d75069ff473dcb0_5,05dfc70fd754a46e3c32f9c43d75069ff473dcb0_page_0005,05dfc70fd754a46e3c32f9c43d75069ff473dcb0.pdf#page=5,underscore_index,pending_review
05dfc70fd754a46e3c32f9c43d75069ff473dcb0_6,05dfc70fd754a46e3c32f9c43d75069ff473dcb0_page_0006,05dfc70fd754a46e3c32f9c43d75069ff473dcb0.pdf#page=6,underscore_index,pending_review
05dfc70fd754a46e3c32f9c43d75069ff473dcb0_7,05dfc70fd754a46e3c32f9c43d75069ff473dcb0_page_0007,05dfc70fd754a46e3c32f9c43d75069ff473dcb0.pdf#page=7,underscore_index,pending_review
05dfc70fd754a46e3c32f9c43d75069ff473dcb0_8,05dfc70fd754a46e3c32f9c43d75069ff473dcb0_page_0008,05dfc70fd754a46e3c32f9c43d75069ff473dcb0.pdf#page=8,underscore_index,pending_review
05dfc70fd754a46e3c32f9c43d75069ff473dcb0_9,05dfc70fd754a46e3c32f9c43d75069ff473dcb0_page_0009,05dfc70fd754a46e3c32f9c43d75069ff473dcb0.pdf#page=9,underscore_index,pending_review
05dfc70fd754a46e3c32f9c43d75069ff473dcb0_10,05dfc70fd754a46e3c32f9c43d75069ff473dcb0_page_0010,05dfc70fd754a46e3c32f9c43d75069ff473dcb0.pdf#page=10,underscore_index,pending_review
05dfc70fd754a46e3c32f9c43d75069ff473dcb0_11,05dfc70fd754a46e3c32f9c43d75069ff473dcb0_page_0011,05dfc70fd754a46e3c32f9c43d75069ff473dcb0.pdf#page=11,underscore_index,pending_review
05dfc70fd754a46e3c32f9c43d75069ff473dcb0_12,05dfc70fd754a46e3c32f9c43d75069ff473dcb0_page_0012,05dfc70fd754a46e3c32f9c43d75069ff473dcb0.pdf#page=12,underscore_index,pending_review
05dfc70fd754a46e3c32f9c43d75069ff473dcb0_13,05dfc70fd754a46e3c32f9c43d75069ff473dcb0_page_0013,05dfc70fd754a46e3c32f9c43d75069ff473dcb0.pdf#page=13,underscore_index,pending_review
05dfc70fd754a46e3c32f9c43d75069ff473dcb0_14,05dfc70fd754a46e3c32f9c43d75069ff473dcb0_page_0014,05dfc70fd754a46e3c32f9c43d75069ff473dcb0.pdf#page=14,underscore_index,pending_review
05dfc70fd754a46e3c32f9c43d75069ff473dcb0_15,05dfc70fd754a46e3c32f9c43d75069ff473dcb0_page_0015,05dfc70fd754a46e3c32f9c43d75069ff473dcb0.pdf#page=15,underscore_index,pending_review
05dfc70fd754a46e3c32f9c43d75069ff473dcb0_16,05dfc70fd754a46e3c32f9c43d75069ff473dcb0_page_0016,05dfc70fd754a46e3c32f9c43d75069ff473dcb0.pdf#page=16,underscore_index,pending_review
05dfc70fd754a46e3c32f9c43d75069ff473dcb0_17,05dfc70fd754a46e3c32f9c43d75069ff473dcb0_page_0017,05dfc70fd754a46e3c32f9c43d75069ff473dcb0.pdf#page=17,underscore_index,pending_review
05dfc70fd754a46e3c32f9c43d75069ff473dcb0_18,05dfc70fd754a46e3c32f9c43d75069ff473dcb0_page_0018,05dfc70fd754a46e3c32f9c43d75069ff473dcb0.pdf#page=18,underscore_index,pending_review
05dfc70fd754a46e3c32f9c43d75069ff473dcb0_19,05dfc70fd754a46e3c32f9c43d75069ff473dcb0_page_0019,05dfc70fd754a46e3c32f9c43d75069ff473dcb0.pdf#page=19,underscore_index,pending_review
05dfc70fd754a46e3c32f9c43d75069ff473dcb0_20,05dfc70fd754a46e3c32f9c43d75069ff473dcb0_page_0020,05dfc70fd754a46e3c32f9c43d75069ff473dcb0.pdf#page=20,underscore_index,pending_review
05dfdb35c72d6b037174c63608f429d8405a020a_1,05dfdb35c72d6b037174c63608f429d8405a020a_page_0001,05dfdb35c72d6b037174c63608f429d8405a020a.pdf#page=1,underscore_index,pending_review
05dfdb35c72d6b037174c63608f429d8405a020a_2,05dfdb35c72d6b037174c63608f429d8405a020a_page_0002,05dfdb35c72d6b037174c63608f429d8405a020a.pdf#page=2,underscore_index,pending_review
05dfdb35c72d6b037174c63608f429d8405a020a_3,05dfdb35c72d6b037174c63608f429d8405a020a_page_0003,05dfdb35c72d6b037174c63608f429d8405a020a.pdf#page=3,underscore_index,pending_review
05dfdb35c72d6b037174c63608f429d8405a020a_4,05dfdb35c72d6b037174c63608f429d8405a020a_page_0004,05dfdb35c72d6b037174c63608f429d8405a020a.pdf#page=4,underscore_index,pending_review
05dfdb35c72d6b037174c63608f429d8405a020a_5,05dfdb35c72d6b037174c63608f429d8405a020a_page_0005,05dfdb35c72d6b037174c63608f429d8405a020a.pdf#page=5,underscore_index,pending_review
05dfdb35c72d6b037174c63608f429d8405a020a_6,05dfdb35c72d6b037174c63608f429d8405a020a_page_0006,05dfdb35c72d6b037174c63608f429d8405a020a.pdf#page=6,underscore_index,pending_review
05dfdb35c72d6b037174c63608f429d8405a020a_7,05dfdb35c72d6b037174c63608f429d8405a020a_page_0007,05dfdb35c72d6b037174c63608f429d8405a020a.pdf#page=7,underscore_index,pending_review
05dfdb35c72d6b037174c63608f429d8405a020a_8,05dfdb35c72d6b037174c63608f429d8405a020a_page_0008,05dfdb35c72d6b037174c63608f429d8405a020a.pdf#page=8,underscore_index,pending_review
05dfdb35c72d6b037174c63608f429d8405a020a_9,05dfdb35c72d6b037174c63608f429d8405a020a_page_0009,05dfdb35c72d6b037174c63608f429d8405a020a.pdf#page=9,underscore_index,pending_review
05dfdb35c72d6b037174c63608f429d8405a020a_10,05dfdb35c72d6b037174c63608f429d8405a020a_page_0010,05dfdb35c72d6b037174c63608f429d8405a020a.pdf#page=10,underscore_index,pending_review
05dfdb35c72d6b037174c63608f429d8405a020a_11,05dfdb35c72d6b037174c63608f429d8405a020a_page_0011,05dfdb35c72d6b037174c63608f429d8405a020a.pdf#page=11,underscore_index,pending_review
05dfdb35c72d6b037174c63608f429d8405a020a_12,05dfdb35c72d6b037174c63608f429d8405a020a_page_0012,05dfdb35c72d6b037174c63608f429d8405a020a.pdf#page=12,underscore_index,pending_review
05dfdb35c72d6b037174c63608f429d8405a020a_13,05dfdb35c72d6b037174c63608f429d8405a020a_page_0013,05dfdb35c72d6b037174c63608f429d8405a020a.pdf#page=13,underscore_index,pending_review
05dfdb35c72d6b037174c63608f429d8405a020a_14,05dfdb35c72d6b037174c63608f429d8405a020a_page_0014,05dfdb35c72d6b037174c63608f429d8405a020a.pdf#page=14,underscore_index,pending_review
05dfdb35c72d6b037174c63608f429d8405a020a_15,05dfdb35c72d6b037174c63608f429d8405a020a_page_0015,05dfdb35c72d6b037174c63608f429d8405a020a.pdf#page=15,underscore_index,pending_review
05dfdb35c72d6b037174c63608f429d8405a020a_16,05dfdb35c72d6b037174c63608f429d8405a020a_page_0016,05dfdb35c72d6b037174c63608f429d8405a020a.pdf#page=16,underscore_index,pending_review
05dfdb35c72d6b037174c63608f429d8405a020a_17,05dfdb35c72d6b037174c63608f429d8405a020a_page_0017,05dfdb35c72d6b037174c63608f429d8405a020a.pdf#page=17,underscore_index,pending_review
05dfdb35c72d6b037174c63608f429d8405a020a_18,05dfdb35c72d6b037174c63608f429d8405a020a_page_0018,05dfdb35c72d6b037174c63608f429d8405a020a.pdf#page=18,underscore_index,pending_review
05dfdb35c72d6b037174c63608f429d8405a020a_19,05dfdb35c72d6b037174c63608f429d8405a020a_page_0019,05dfdb35c72d6b037174c63608f429d8405a020a.pdf#page=19,underscore_index,pending_review
05dfdb35c72d6b037174c63608f429d8405a020a_20,05dfdb35c72d6b037174c63608f429d8405a020a_page_0020,05dfdb35c72d6b037174c63608f429d8405a020a.pdf#page=20,underscore_index,pending_review
05dfdb35c72d6b037174c63608f429d8405a020a_21,05dfdb35c72d6b037174c63608f429d8405a020a_page_0021,05dfdb35c72d6b037174c63608f429d8405a020a.pdf#page=21,underscore_index,pending_review
05dfdb35c72d6b037174c63608f429d8405a020a_22,05dfdb35c72d6b037174c63608f429d8405a020a_page_0022,05dfdb35c72d6b037174c63608f429d8405a020a.pdf#page=22,underscore_index,pending_review
05dfdb35c72d6b037174c63608f429d8405a020a_23,05dfdb35c72d6b037174c63608f429d8405a020a_page_0023,05dfdb35c72d6b037174c63608f429d8405a020a.pdf#page=23,underscore_index,pending_review
05dfdb35c72d6b037174c63608f429d8405a020a_24,05dfdb35c72d6b037174c63608f429d8405a020a_page_0024,05dfdb35c72d6b037174c63608f429d8405a020a.pdf#page=24,underscore_index,pending_review
05e2b84a57f2dc58f779abed69a889cf801fc6d0_1,05e2b84a57f2dc58f779abed69a889cf801fc6d0_page_0001,05e2b84a57f2dc58f779abed69a889cf801fc6d0.pdf#page=1,underscore_index,pending_review
05e2b84a57f2dc58f779abed69a889cf801fc6d0_2,05e2b84a57f2dc58f779abed69a889cf801fc6d0_page_0002,05e2b84a57f2dc58f779abed69a889cf801fc6d0.pdf#page=2,underscore_index,pending_review
05e2b84a57f2dc58f779abed69a889cf801fc6d0_3,05e2b84a57f2dc58f779abed69a889cf801fc6d0_page_0003,05e2b84a57f2dc58f779abed69a889cf801fc6d0.pdf#page=3,underscore_index,pending_review
05e2b84a57f2dc58f779abed69a889cf801fc6d0_4,05e2b84a57f2dc58f779abed69a889cf801fc6d0_page_0004,05e2b84a57f2dc58f779abed69a889cf801fc6d0.pdf#page=4,underscore_index,pending_review
05e2b84a57f2dc58f779abed69a889cf801fc6d0_5,05e2b84a57f2dc58f779abed69a889cf801fc6d0_page_0005,05e2b84a57f2dc58f779abed69a889cf801fc6d0.pdf#page=5,underscore_index,pending_review
05e2b84a57f2dc58f779abed69a889cf801fc6d0_6,05e2b84a57f2dc58f779abed69a889cf801fc6d0_page_0006,05e2b84a57f2dc58f779abed69a889cf801fc6d0.pdf#page=6,underscore_index,pending_review
05e2b84a57f2dc58f779abed69a889cf801fc6d0_7,05e2b84a57f2dc58f779abed69a889cf801fc6d0_page_0007,05e2b84a57f2dc58f779abed69a889cf801fc6d0.pdf#page=7,underscore_index,pending_review
05e2b84a57f2dc58f779abed69a889cf801fc6d0_8,05e2b84a57f2dc58f779abed69a889cf801fc6d0_page_0008,05e2b84a57f2dc58f779abed69a889cf801fc6d0.pdf#page=8,underscore_index,pending_review
05e2b84a57f2dc58f779abed69a889cf801fc6d0_9,05e2b84a57f2dc58f779abed69a889cf801fc6d0_page_0009,05e2b84a57f2dc58f779abed69a889cf801fc6d0.pdf#page=9,underscore_index,pending_review
05e2b84a57f2dc58f779abed69a889cf801fc6d0_10,05e2b84a57f2dc58f779abed69a889cf801fc6d0_page_0010,05e2b84a57f2dc58f779abed69a889cf801fc6d0.pdf#page=10,underscore_index,pending_review
05e2b84a57f2dc58f779abed69a889cf801fc6d0_11,05e2b84a57f2dc58f779abed69a889cf801fc6d0_page_0011,05e2b84a57f2dc58f779abed69a889cf801fc6d0.pdf#page=11,underscore_index,pending_review
05e2b84a57f2dc58f779abed69a889cf801fc6d0_12,05e2b84a57f2dc58f779abed69a889cf801fc6d0_page_0012,05e2b84a57f2dc58f779abed69a889cf801fc6d0.pdf#page=12,underscore_index,pending_review
05e2b84a57f2dc58f779abed69a889cf801fc6d0_13,05e2b84a57f2dc58f779abed69a889cf801fc6d0_page_0013,05e2b84a57f2dc58f779abed69a889cf801fc6d0.pdf#page=13,underscore_index,pending_review
05e2b84a57f2dc58f779abed69a889cf801fc6d0_14,05e2b84a57f2dc58f779abed69a889cf801fc6d0_page_0014,05e2b84a57f2dc58f779abed69a889cf801fc6d0.pdf#page=14,underscore_index,pending_review
05e2b84a57f2dc58f779abed69a889cf801fc6d0_15,05e2b84a57f2dc58f779abed69a889cf801fc6d0_page_0015,05e2b84a57f2dc58f779abed69a889cf801fc6d0.pdf#page=15,underscore_index,pending_review
05e2dbaf2d299e33a0e7bf92a434214c84381bf1_1,05e2dbaf2d299e33a0e7bf92a434214c84381bf1_page_0001,05e2dbaf2d299e33a0e7bf92a434214c84381bf1.pdf#page=1,underscore_index,pending_review
05e2dbaf2d299e33a0e7bf92a434214c84381bf1_2,05e2dbaf2d299e33a0e7bf92a434214c84381bf1_page_0002,05e2dbaf2d299e33a0e7bf92a434214c84381bf1.pdf#page=2,underscore_index,pending_review
05e2dbaf2d299e33a0e7bf92a434214c84381bf1_3,05e2dbaf2d299e33a0e7bf92a434214c84381bf1_page_0003,05e2dbaf2d299e33a0e7bf92a434214c84381bf1.pdf#page=3,underscore_index,pending_review
05e2dbaf2d299e33a0e7bf92a434214c84381bf1_4,05e2dbaf2d299e33a0e7bf92a434214c84381bf1_page_0004,05e2dbaf2d299e33a0e7bf92a434214c84381bf1.pdf#page=4,underscore_index,pending_review
05e2dbaf2d299e33a0e7bf92a434214c84381bf1_5,05e2dbaf2d299e33a0e7bf92a434214c84381bf1_page_0005,05e2dbaf2d299e33a0e7bf92a434214c84381bf1.pdf#page=5,underscore_index,pending_review
05e2dbaf2d299e33a0e7bf92a434214c84381bf1_6,05e2dbaf2d299e33a0e7bf92a434214c84381bf1_page_0006,05e2dbaf2d299e33a0e7bf92a434214c84381bf1.pdf#page=6,underscore_index,pending_review
05e2dbaf2d299e33a0e7bf92a434214c84381bf1_7,05e2dbaf2d299e33a0e7bf92a434214c84381bf1_page_0007,05e2dbaf2d299e33a0e7bf92a434214c84381bf1.pdf#page=7,underscore_index,pending_review
05e2dbaf2d299e33a0e7bf92a434214c84381bf1_8,05e2dbaf2d299e33a0e7bf92a434214c84381bf1_page_0008,05e2dbaf2d299e33a0e7bf92a434214c84381bf1.pdf#page=8,underscore_index,pending_review
05e2dbaf2d299e33a0e7bf92a434214c84381bf1_9,05e2dbaf2d299e33a0e7bf92a434214c84381bf1_page_0009,05e2dbaf2d299e33a0e7bf92a434214c84381bf1.pdf#page=9,underscore_index,pending_review
05e2dbaf2d299e33a0e7bf92a434214c84381bf1_10,05e2dbaf2d299e33a0e7bf92a434214c84381bf1_page_0010,05e2dbaf2d299e33a0e7bf92a434214c84381bf1.pdf#page=10,underscore_index,pending_review
05e2dbaf2d299e33a0e7bf92a434214c84381bf1_11,05e2dbaf2d299e33a0e7bf92a434214c84381bf1_page_0011,05e2dbaf2d299e33a0e7bf92a434214c84381bf1.pdf#page=11,underscore_index,pending_review
05e2dbaf2d299e33a0e7bf92a434214c84381bf1_12,05e2dbaf2d299e33a0e7bf92a434214c84381bf1_page_0012,05e2dbaf2d299e33a0e7bf92a434214c84381bf1.pdf#page=12,underscore_index,pending_review
05e2dbaf2d299e33a0e7bf92a434214c84381bf1_13,05e2dbaf2d299e33a0e7bf92a434214c84381bf1_page_0013,05e2dbaf2d299e33a0e7bf92a434214c84381bf1.pdf#page=13,underscore_index,pending_review
05e2dbaf2d299e33a0e7bf92a434214c84381bf1_14,05e2dbaf2d299e33a0e7bf92a434214c84381bf1_page_0014,05e2dbaf2d299e33a0e7bf92a434214c84381bf1.pdf#page=14,underscore_index,pending_review
05e2dbaf2d299e33a0e7bf92a434214c84381bf1_15,05e2dbaf2d299e33a0e7bf92a434214c84381bf1_page_0015,05e2dbaf2d299e33a0e7bf92a434214c84381bf1.pdf#page=15,underscore_index,pending_review
05e2dbaf2d299e33a0e7bf92a434214c84381bf1_16,05e2dbaf2d299e33a0e7bf92a434214c84381bf1_page_0016,05e2dbaf2d299e33a0e7bf92a434214c84381bf1.pdf#page=16,underscore_index,pending_review
05e2dbaf2d299e33a0e7bf92a434214c84381bf1_17,05e2dbaf2d299e33a0e7bf92a434214c84381bf1_page_0017,05e2dbaf2d299e33a0e7bf92a434214c84381bf1.pdf#page=17,underscore_index,pending_review
05e6bd48bfcd3bc62a8b338e09ec5a066779910c_1,05e6bd48bfcd3bc62a8b338e09ec5a066779910c_page_0001,05e6bd48bfcd3bc62a8b338e09ec5a066779910c.pdf#page=1,underscore_index,pending_review
05e6bd48bfcd3bc62a8b338e09ec5a066779910c_2,05e6bd48bfcd3bc62a8b338e09ec5a066779910c_page_0002,05e6bd48bfcd3bc62a8b338e09ec5a066779910c.pdf#page=2,underscore_index,pending_review
05e6bd48bfcd3bc62a8b338e09ec5a066779910c_3,05e6bd48bfcd3bc62a8b338e09ec5a066779910c_page_0003,05e6bd48bfcd3bc62a8b338e09ec5a066779910c.pdf#page=3,underscore_index,pending_review
05e6bd48bfcd3bc62a8b338e09ec5a066779910c_4,05e6bd48bfcd3bc62a8b338e09ec5a066779910c_page_0004,05e6bd48bfcd3bc62a8b338e09ec5a066779910c.pdf#page=4,underscore_index,pending_review
05e6bd48bfcd3bc62a8b338e09ec5a066779910c_5,05e6bd48bfcd3bc62a8b338e09ec5a066779910c_page_0005,05e6bd48bfcd3bc62a8b338e09ec5a066779910c.pdf#page=5,underscore_index,pending_review
05e6bd48bfcd3bc62a8b338e09ec5a066779910c_6,05e6bd48bfcd3bc62a8b338e09ec5a066779910c_page_0006,05e6bd48bfcd3bc62a8b338e09ec5a066779910c.pdf#page=6,underscore_index,pending_review
05e6bd48bfcd3bc62a8b338e09ec5a066779910c_7,05e6bd48bfcd3bc62a8b338e09ec5a066779910c_page_0007,05e6bd48bfcd3bc62a8b338e09ec5a066779910c.pdf#page=7,underscore_index,pending_review
05e6bd48bfcd3bc62a8b338e09ec5a066779910c_8,05e6bd48bfcd3bc62a8b338e09ec5a066779910c_page_0008,05e6bd48bfcd3bc62a8b338e09ec5a066779910c.pdf#page=8,underscore_index,pending_review
05e6bd48bfcd3bc62a8b338e09ec5a066779910c_9,05e6bd48bfcd3bc62a8b338e09ec5a066779910c_page_0009,05e6bd48bfcd3bc62a8b338e09ec5a066779910c.pdf#page=9,underscore_index,pending_review
05e6bd48bfcd3bc62a8b338e09ec5a066779910c_10,05e6bd48bfcd3bc62a8b338e09ec5a066779910c_page_0010,05e6bd48bfcd3bc62a8b338e09ec5a066779910c.pdf#page=10,underscore_index,pending_review
05e6bd48bfcd3bc62a8b338e09ec5a066779910c_11,05e6bd48bfcd3bc62a8b338e09ec5a066779910c_page_0011,05e6bd48bfcd3bc62a8b338e09ec5a066779910c.pdf#page=11,underscore_index,pending_review
05e6bd48bfcd3bc62a8b338e09ec5a066779910c_12,05e6bd48bfcd3bc62a8b338e09ec5a066779910c_page_0012,05e6bd48bfcd3bc62a8b338e09ec5a066779910c.pdf#page=12,underscore_index,pending_review
05e6bd48bfcd3bc62a8b338e09ec5a066779910c_13,05e6bd48bfcd3bc62a8b338e09ec5a066779910c_page_0013,05e6bd48bfcd3bc62a8b338e09ec5a066779910c.pdf#page=13,underscore_index,pending_review
05e6bd48bfcd3bc62a8b338e09ec5a066779910c_14,05e6bd48bfcd3bc62a8b338e09ec5a066779910c_page_0014,05e6bd48bfcd3bc62a8b338e09ec5a066779910c.pdf#page=14,underscore_index,pending_review
05e6bd48bfcd3bc62a8b338e09ec5a066779910c_15,05e6bd48bfcd3bc62a8b338e09ec5a066779910c_page_0015,05e6bd48bfcd3bc62a8b338e09ec5a066779910c.pdf#page=15,underscore_index,pending_review
05e6bd48bfcd3bc62a8b338e09ec5a066779910c_16,05e6bd48bfcd3bc62a8b338e09ec5a066779910c_page_0016,05e6bd48bfcd3bc62a8b338e09ec5a066779910c.pdf#page=16,underscore_index,pending_review
05ee4c3bb7067b0b8b5472f18affcd34417266ef_1,05ee4c3bb7067b0b8b5472f18affcd34417266ef_page_0001,05ee4c3bb7067b0b8b5472f18affcd34417266ef.pdf#page=1,underscore_index,pending_review
05ee4c3bb7067b0b8b5472f18affcd34417266ef_2,05ee4c3bb7067b0b8b5472f18affcd34417266ef_page_0002,05ee4c3bb7067b0b8b5472f18affcd34417266ef.pdf#page=2,underscore_index,pending_review
05ee4c3bb7067b0b8b5472f18affcd34417266ef_3,05ee4c3bb7067b0b8b5472f18affcd34417266ef_page_0003,05ee4c3bb7067b0b8b5472f18affcd34417266ef.pdf#page=3,underscore_index,pending_review
05ee4c3bb7067b0b8b5472f18affcd34417266ef_4,05ee4c3bb7067b0b8b5472f18affcd34417266ef_page_0004,05ee4c3bb7067b0b8b5472f18affcd34417266ef.pdf#page=4,underscore_index,pending_review
05ee4c3bb7067b0b8b5472f18affcd34417266ef_5,05ee4c3bb7067b0b8b5472f18affcd34417266ef_page_0005,05ee4c3bb7067b0b8b5472f18affcd34417266ef.pdf#page=5,underscore_index,pending_review
05ee4c3bb7067b0b8b5472f18affcd34417266ef_6,05ee4c3bb7067b0b8b5472f18affcd34417266ef_page_0006,05ee4c3bb7067b0b8b5472f18affcd34417266ef.pdf#page=6,underscore_index,pending_review
05ee4c3bb7067b0b8b5472f18affcd34417266ef_7,05ee4c3bb7067b0b8b5472f18affcd34417266ef_page_0007,05ee4c3bb7067b0b8b5472f18affcd34417266ef.pdf#page=7,underscore_index,pending_review
05ee4c3bb7067b0b8b5472f18affcd34417266ef_8,05ee4c3bb7067b0b8b5472f18affcd34417266ef_page_0008,05ee4c3bb7067b0b8b5472f18affcd34417266ef.pdf#page=8,underscore_index,pending_review
05ee4c3bb7067b0b8b5472f18affcd34417266ef_9,05ee4c3bb7067b0b8b5472f18affcd34417266ef_page_0009,05ee4c3bb7067b0b8b5472f18affcd34417266ef.pdf#page=9,underscore_index,pending_review
05ee4c3bb7067b0b8b5472f18affcd34417266ef_10,05ee4c3bb7067b0b8b5472f18affcd34417266ef_page_0010,05ee4c3bb7067b0b8b5472f18affcd34417266ef.pdf#page=10,underscore_index,pending_review
05ee4c3bb7067b0b8b5472f18affcd34417266ef_11,05ee4c3bb7067b0b8b5472f18affcd34417266ef_page_0011,05ee4c3bb7067b0b8b5472f18affcd34417266ef.pdf#page=11,underscore_index,pending_review
05ee4c3bb7067b0b8b5472f18affcd34417266ef_12,05ee4c3bb7067b0b8b5472f18affcd34417266ef_page_0012,05ee4c3bb7067b0b8b5472f18affcd34417266ef.pdf#page=12,underscore_index,pending_review
05efd4c41b7d1b72b0e3e48b4c915acf83bbae2f_1,05efd4c41b7d1b72b0e3e48b4c915acf83bbae2f_page_0001,05efd4c41b7d1b72b0e3e48b4c915acf83bbae2f.pdf#page=1,underscore_index,pending_review
05efd4c41b7d1b72b0e3e48b4c915acf83bbae2f_2,05efd4c41b7d1b72b0e3e48b4c915acf83bbae2f_page_0002,05efd4c41b7d1b72b0e3e48b4c915acf83bbae2f.pdf#page=2,underscore_index,pending_review
05efd4c41b7d1b72b0e3e48b4c915acf83bbae2f_3,05efd4c41b7d1b72b0e3e48b4c915acf83bbae2f_page_0003,05efd4c41b7d1b72b0e3e48b4c915acf83bbae2f.pdf#page=3,underscore_index,pending_review
05efd4c41b7d1b72b0e3e48b4c915acf83bbae2f_4,05efd4c41b7d1b72b0e3e48b4c915acf83bbae2f_page_0004,05efd4c41b7d1b72b0e3e48b4c915acf83bbae2f.pdf#page=4,underscore_index,pending_review
05efd4c41b7d1b72b0e3e48b4c915acf83bbae2f_5,05efd4c41b7d1b72b0e3e48b4c915acf83bbae2f_page_0005,05efd4c41b7d1b72b0e3e48b4c915acf83bbae2f.pdf#page=5,underscore_index,pending_review
05efd4c41b7d1b72b0e3e48b4c915acf83bbae2f_6,05efd4c41b7d1b72b0e3e48b4c915acf83bbae2f_page_0006,05efd4c41b7d1b72b0e3e48b4c915acf83bbae2f.pdf#page=6,underscore_index,pending_review
05efd4c41b7d1b72b0e3e48b4c915acf83bbae2f_7,05efd4c41b7d1b72b0e3e48b4c915acf83bbae2f_page_0007,05efd4c41b7d1b72b0e3e48b4c915acf83bbae2f.pdf#page=7,underscore_index,pending_review
05efd4c41b7d1b72b0e3e48b4c915acf83bbae2f_8,05efd4c41b7d1b72b0e3e48b4c915acf83bbae2f_page_0008,05efd4c41b7d1b72b0e3e48b4c915acf83bbae2f.pdf#page=8,underscore_index,pending_review
05efd4c41b7d1b72b0e3e48b4c915acf83bbae2f_9,05efd4c41b7d1b72b0e3e48b4c915acf83bbae2f_page_0009,05efd4c41b7d1b72b0e3e48b4c915acf83bbae2f.pdf#page=9,underscore_index,pending_review
05efd4c41b7d1b72b0e3e48b4c915acf83bbae2f_10,05efd4c41b7d1b72b0e3e48b4c915acf83bbae2f_page_0010,05efd4c41b7d1b72b0e3e48b4c915acf83bbae2f.pdf#page=10,underscore_index,pending_review
05efd4c41b7d1b72b0e3e48b4c915acf83bbae2f_11,05efd4c41b7d1b72b0e3e48b4c915acf83bbae2f_page_0011,05efd4c41b7d1b72b0e3e48b4c915acf83bbae2f.pdf#page=11,underscore_index,pending_review
05efd4c41b7d1b72b0e3e48b4c915acf83bbae2f_12,05efd4c41b7d1b72b0e3e48b4c915acf83bbae2f_page_0012,05efd4c41b7d1b72b0e3e48b4c915acf83bbae2f.pdf#page=12,underscore_index,pending_review
05efd4c41b7d1b72b0e3e48b4c915acf83bbae2f_13,05efd4c41b7d1b72b0e3e48b4c915acf83bbae2f_page_0013,05efd4c41b7d1b72b0e3e48b4c915acf83bbae2f.pdf#page=13,underscore_index,pending_review
05efd4c41b7d1b72b0e3e48b4c915acf83bbae2f_14,05efd4c41b7d1b72b0e3e48b4c915acf83bbae2f_page_0014,05efd4c41b7d1b72b0e3e48b4c915acf83bbae2f.pdf#page=14,underscore_index,pending_review
