query_index,query_id,source,global_ndcg10,qarf_ndcg10,fixed_profile_gain,qpaf_gain_upper_bound,qarf_profile_index
0,0003504fb992941d93dee794e4d017b76bc5e5f8_0,source_type=table|query_type=single_hop,1.0,1.0,0.0,0.0,2
1,0003504fb992941d93dee794e4d017b76bc5e5f8_1,source_type=2d_layout|query_type=single_hop,1.0,1.0,0.0,0.0,0
2,0003504fb992941d93dee794e4d017b76bc5e5f8_2,source_type=2d_layout|query_type=single_hop,1.0,1.0,0.0,0.0,2
3,0003504fb992941d93dee794e4d017b76bc5e5f8_3,source_type=table|query_type=single_hop,0.5,1.0,0.5,0.0,1
4,0003504fb992941d93dee794e4d017b76bc5e5f8_4,source_type=table|query_type=multi_hop,1.0,1.0,0.0,0.0,2
5,0004b995666f8846b92ffc3d741a930bba0638e3_0,source_type=2d_layout|query_type=single_hop,1.0,1.0,0.0,0.0,0
6,0004b995666f8846b92ffc3d741a930bba0638e3_1,source_type=2d_layout|query_type=single_hop,1.0,1.0,0.0,0.0,0
7,0004b995666f8846b92ffc3d741a930bba0638e3_2,source_type=2d_layout|query_type=single_hop,0.6309297535714575,1.0,0.36907024642854247,0.0,0
8,0004b995666f8846b92ffc3d741a930bba0638e3_3,source_type=2d_layout|query_type=single_hop,1.0,1.0,0.0,0.0,0
9,000787f166f057643ae6a2c248fe104742fade2b_0,source_type=table|query_type=multi_hop,1.0,1.0,0.0,0.0,0
10,000787f166f057643ae6a2c248fe104742fade2b_1,source_type=table|query_type=multi_hop,1.0,1.0,0.0,0.0,0
11,000787f166f057643ae6a2c248fe104742fade2b_2,source_type=2d_layout|query_type=single_hop,0.6309297535714575,0.6309297535714575,0.0,0.36907024642854247,0
12,000787f166f057643ae6a2c248fe104742fade2b_3,source_type=2d_layout|query_type=single_hop,1.0,1.0,0.0,0.0,2
13,00136f54532dfe44863f718dea07afadc9d9b1bd_0,source_type=2d_layout|query_type=single_hop,1.0,1.0,0.0,0.0,0
14,00136f54532dfe44863f718dea07afadc9d9b1bd_1,source_type=2d_layout|query_type=single_hop,1.0,1.0,0.0,0.0,0
15,00136f54532dfe44863f718dea07afadc9d9b1bd_2,source_type=2d_layout|query_type=multi_hop,0.6309297535714575,1.0,0.36907024642854247,0.0,0
16,00136f54532dfe44863f718dea07afadc9d9b1bd_3,source_type=chart|query_type=multi_hop,1.0,1.0,0.0,0.0,0
17,00171a1b5e1078fd6fa76e72d361d1c647d77eb5_0,source_type=2d_layout|query_type=single_hop,0.6309297535714575,0.6309297535714575,0.0,0.36907024642854247,0
18,00171a1b5e1078fd6fa76e72d361d1c647d77eb5_1,source_type=2d_layout|query_type=single_hop,1.0,1.0,0.0,0.0,0
19,00171a1b5e1078fd6fa76e72d361d1c647d77eb5_2,source_type=2d_layout|query_type=single_hop,1.0,1.0,0.0,0.0,2
20,001c68b131356935e1ed82a77300a0d40250cfbb_0,source_type=text|query_type=single_hop,1.0,1.0,0.0,0.0,0
21,001d373f0f9c22ae1a7a3a086f7859aa74c140a8_0,source_type=2d_layout|query_type=single_hop,0.3010299956639812,0.6309297535714575,0.32989975790747633,0.36907024642854247,1
22,001d373f0f9c22ae1a7a3a086f7859aa74c140a8_1,source_type=2d_layout|query_type=single_hop,0.2890648263178879,0.38685280723454163,0.09778798091665375,0.6131471927654584,1
23,001d373f0f9c22ae1a7a3a086f7859aa74c140a8_2,source_type=2d_layout|query_type=single_hop,0.5,1.0,0.5,0.0,0
24,001d373f0f9c22ae1a7a3a086f7859aa74c140a8_3,source_type=table|query_type=multi_hop,1.0,1.0,0.0,0.0,0
25,00222bf4bff30ff446c45fee544767a33532ee56_0,source_type=2d_layout|query_type=single_hop,1.0,1.0,0.0,0.0,0
26,00222bf4bff30ff446c45fee544767a33532ee56_1,source_type=2d_layout|query_type=single_hop,1.0,1.0,0.0,0.0,0
27,00222bf4bff30ff446c45fee544767a33532ee56_2,source_type=2d_layout|query_type=single_hop,1.0,1.0,0.0,0.0,0
28,00222bf4bff30ff446c45fee544767a33532ee56_3,source_type=table|query_type=multi_hop,0.43067655807339306,0.5,0.06932344192660694,0.5,3
29,0022f971d841560d6ab3eee650475ad2218692c2_0,source_type=2d_layout|query_type=multi_hop,1.0,1.0,0.0,0.0,1
30,0022f971d841560d6ab3eee650475ad2218692c2_1,source_type=2d_layout|query_type=multi_hop,0.6309297535714575,0.6309297535714575,0.0,0.36907024642854247,0
31,0022f971d841560d6ab3eee650475ad2218692c2_2,source_type=2d_layout|query_type=single_hop,0.6309297535714575,0.6309297535714575,0.0,0.36907024642854247,0
32,0022f971d841560d6ab3eee650475ad2218692c2_3,source_type=2d_layout|query_type=single_hop,0.5,0.5,0.0,0.5,2
33,00291389a275d8392d91e1e9f5b462afa26f3732_0,source_type=text|query_type=multi_hop,1.0,1.0,0.0,0.0,2
34,00291389a275d8392d91e1e9f5b462afa26f3732_1,source_type=2d_layout|query_type=single_hop,1.0,1.0,0.0,0.0,0
35,00291389a275d8392d91e1e9f5b462afa26f3732_2,source_type=2d_layout|query_type=single_hop,1.0,1.0,0.0,0.0,2
36,00291389a275d8392d91e1e9f5b462afa26f3732_3,source_type=2d_layout|query_type=single_hop,1.0,1.0,0.0,0.0,0
37,00362e0c00ff5aaff038a11f970f2c0c35addd1e_0,source_type=chart|query_type=multi_hop,1.0,1.0,0.0,0.0,2
38,00362e0c00ff5aaff038a11f970f2c0c35addd1e_1,source_type=chart|query_type=multi_hop,1.0,1.0,0.0,0.0,0
39,00362e0c00ff5aaff038a11f970f2c0c35addd1e_2,source_type=chart|query_type=multi_hop,0.5,0.5,0.0,0.5,2
40,00362e0c00ff5aaff038a11f970f2c0c35addd1e_3,source_type=chart|query_type=multi_hop,1.0,1.0,0.0,0.0,0
41,00362e0c00ff5aaff038a11f970f2c0c35addd1e_4,source_type=chart|query_type=multi_hop,1.0,1.0,0.0,0.0,2
42,0036ac776bf7d6a0e1c550e132d99ba4ea07cada_0,source_type=2d_layout|query_type=single_hop,1.0,1.0,0.0,0.0,0
43,0036ac776bf7d6a0e1c550e132d99ba4ea07cada_1,source_type=2d_layout|query_type=single_hop,0.43067655807339306,0.43067655807339306,0.0,0.5693234419266069,2
44,0036ac776bf7d6a0e1c550e132d99ba4ea07cada_2,source_type=2d_layout|query_type=multi_hop,1.0,1.0,0.0,0.0,0
45,0036ac776bf7d6a0e1c550e132d99ba4ea07cada_3,source_type=2d_layout|query_type=multi_hop,1.0,1.0,0.0,0.0,0
46,0037474fa0400321fa39f174b2e463c6e1a2c263_0,source_type=chart|query_type=multi_hop,1.0,1.0,0.0,0.0,1
47,0037474fa0400321fa39f174b2e463c6e1a2c263_1,source_type=chart|query_type=multi_hop,1.0,1.0,0.0,0.0,2
48,0037474fa0400321fa39f174b2e463c6e1a2c263_2,source_type=chart|query_type=multi_hop,0.6309297535714575,0.6309297535714575,0.0,0.36907024642854247,2
49,0039d8dff6883e560db3de8ce33e756124864c72_0,source_type=2d_layout|query_type=single_hop,0.43067655807339306,0.5,0.06932344192660694,0.5,0
50,0039d8dff6883e560db3de8ce33e756124864c72_1,source_type=2d_layout|query_type=multi_hop,1.0,1.0,0.0,0.0,0
51,0039d8dff6883e560db3de8ce33e756124864c72_2,source_type=2d_layout|query_type=multi_hop,0.43067655807339306,0.43067655807339306,0.0,0.5693234419266069,2
52,0039d8dff6883e560db3de8ce33e756124864c72_3,source_type=2d_layout|query_type=multi_hop,0.5,0.5,0.0,0.5,2
53,0046a62271522f82bccb449a6da2a2c3b3438d6f_0,source_type=table|query_type=single_hop,1.0,1.0,0.0,0.0,2
54,0046a62271522f82bccb449a6da2a2c3b3438d6f_1,source_type=table|query_type=single_hop,1.0,1.0,0.0,0.0,2
55,0046a62271522f82bccb449a6da2a2c3b3438d6f_2,source_type=2d_layout|query_type=single_hop,0.6309297535714575,0.6309297535714575,0.0,0.36907024642854247,2
56,0046a62271522f82bccb449a6da2a2c3b3438d6f_3,source_type=text|query_type=multi_hop,1.0,1.0,0.0,0.0,0
57,00476779215f7c5dfc33c26f82359defa7fb09a4_0,source_type=2d_layout|query_type=single_hop,1.0,1.0,0.0,0.0,0
58,00476779215f7c5dfc33c26f82359defa7fb09a4_1,source_type=2d_layout|query_type=multi_hop,1.0,1.0,0.0,0.0,0
59,00476779215f7c5dfc33c26f82359defa7fb09a4_2,source_type=2d_layout|query_type=multi_hop,1.0,1.0,0.0,0.0,0
60,00476779215f7c5dfc33c26f82359defa7fb09a4_3,source_type=2d_layout|query_type=multi_hop,1.0,1.0,0.0,0.0,0
61,004fa5b659d542cc041ca010cd7d7ee62c6cad65_0,source_type=2d_layout|query_type=multi_hop,1.0,1.0,0.0,0.0,0
62,004fa5b659d542cc041ca010cd7d7ee62c6cad65_1,source_type=2d_layout|query_type=single_hop,0.43067655807339306,0.6309297535714575,0.20025319549806447,0.36907024642854247,1
63,004fa5b659d542cc041ca010cd7d7ee62c6cad65_2,source_type=2d_layout|query_type=multi_hop,1.0,1.0,0.0,0.0,1
64,004fa5b659d542cc041ca010cd7d7ee62c6cad65_3,source_type=table|query_type=single_hop,1.0,1.0,0.0,0.0,2
65,00514494eaa8512bfe56d31e5ecb4e5f14e3cd3a_0,source_type=2d_layout|query_type=single_hop,1.0,1.0,0.0,0.0,0
66,00514494eaa8512bfe56d31e5ecb4e5f14e3cd3a_1,source_type=2d_layout|query_type=single_hop,1.0,1.0,0.0,0.0,0
67,00514494eaa8512bfe56d31e5ecb4e5f14e3cd3a_2,source_type=2d_layout|query_type=single_hop,0.6309297535714575,0.6309297535714575,0.0,0.36907024642854247,2
68,00514494eaa8512bfe56d31e5ecb4e5f14e3cd3a_3,source_type=chart|query_type=multi_hop,1.0,1.0,0.0,0.0,2
69,005d1214a22febf782a7f1cc41ff046d6e7c8bc5_0,source_type=2d_layout|query_type=single_hop,1.0,1.0,0.0,0.0,0
70,005d1214a22febf782a7f1cc41ff046d6e7c8bc5_1,source_type=2d_layout|query_type=single_hop,1.0,1.0,0.0,0.0,0
71,005d1214a22febf782a7f1cc41ff046d6e7c8bc5_2,source_type=2d_layout|query_type=single_hop,1.0,1.0,0.0,0.0,2
72,005d1214a22febf782a7f1cc41ff046d6e7c8bc5_3,source_type=2d_layout|query_type=single_hop,1.0,1.0,0.0,0.0,0
73,005d1214a22febf782a7f1cc41ff046d6e7c8bc5_4,source_type=2d_layout|query_type=single_hop,1.0,1.0,0.0,0.0,0
74,0060ecefdf2940beb2bb815c0fac9f0dc8879223_0,source_type=2d_layout|query_type=single_hop,1.0,1.0,0.0,0.0,0
75,0060ecefdf2940beb2bb815c0fac9f0dc8879223_1,source_type=2d_layout|query_type=single_hop,1.0,1.0,0.0,0.0,0
76,0060ecefdf2940beb2bb815c0fac9f0dc8879223_2,source_type=table|query_type=single_hop,1.0,1.0,0.0,0.0,1
77,0060ecefdf2940beb2bb815c0fac9f0dc8879223_3,source_type=2d_layout|query_type=single_hop,1.0,1.0,0.0,0.0,0
78,00635dc8c9b99e2c839ade4ee486b54a1bf70a67_0,source_type=2d_layout|query_type=multi_hop,1.0,1.0,0.0,0.0,0
79,00635dc8c9b99e2c839ade4ee486b54a1bf70a67_1,source_type=chart|query_type=multi_hop,1.0,1.0,0.0,0.0,1
80,00635dc8c9b99e2c839ade4ee486b54a1bf70a67_2,source_type=2d_layout|query_type=multi_hop,1.0,1.0,0.0,0.0,2
81,00635dc8c9b99e2c839ade4ee486b54a1bf70a67_3,source_type=2d_layout|query_type=single_hop,1.0,1.0,0.0,0.0,2
82,00635dc8c9b99e2c839ade4ee486b54a1bf70a67_4,source_type=table|query_type=multi_hop,1.0,1.0,0.0,0.0,0
83,00635dc8c9b99e2c839ade4ee486b54a1bf70a67_5,source_type=table|query_type=multi_hop,1.0,1.0,0.0,0.0,2
84,0065038b9255be3283bedc7bbe75ef5c2660d3a8_0,source_type=2d_layout|query_type=single_hop,0.6309297535714575,0.6309297535714575,0.0,0.36907024642854247,0
85,0065038b9255be3283bedc7bbe75ef5c2660d3a8_1,source_type=2d_layout|query_type=single_hop,0.6309297535714575,0.6309297535714575,0.0,0.36907024642854247,0
86,0065038b9255be3283bedc7bbe75ef5c2660d3a8_2,source_type=2d_layout|query_type=single_hop,0.6309297535714575,0.6309297535714575,0.0,0.36907024642854247,0
87,0065038b9255be3283bedc7bbe75ef5c2660d3a8_3,source_type=2d_layout|query_type=single_hop,0.6309297535714575,0.6309297535714575,0.0,0.36907024642854247,1
88,006708446f8b5d7e63ece4e8794811b0c377b8d5_0,source_type=2d_layout|query_type=single_hop,0.0,0.3333333333333333,0.3333333333333333,0.6666666666666667,0
89,007190056808dc4305bf7199977e4d9c296df88c_0,source_type=table|query_type=multi_hop,1.0,1.0,0.0,0.0,1
90,007190056808dc4305bf7199977e4d9c296df88c_1,source_type=table|query_type=multi_hop,1.0,1.0,0.0,0.0,2
91,007190056808dc4305bf7199977e4d9c296df88c_3,source_type=table|query_type=multi_hop,1.0,1.0,0.0,0.0,2
92,0073d1c9d37a124a69560a42acf492e6fae6fb55_0,source_type=2d_layout|query_type=multi_hop,1.0,1.0,0.0,0.0,0
93,0073d1c9d37a124a69560a42acf492e6fae6fb55_1,source_type=2d_layout|query_type=multi_hop,1.0,1.0,0.0,0.0,0
94,0073d1c9d37a124a69560a42acf492e6fae6fb55_2,source_type=2d_layout|query_type=single_hop,0.2890648263178879,0.38685280723454163,0.09778798091665375,0.6131471927654584,1
95,0073d1c9d37a124a69560a42acf492e6fae6fb55_3,source_type=2d_layout|query_type=single_hop,1.0,1.0,0.0,0.0,1
96,0073e9e4899d0c973eab31589057ddbba328be0c_0,source_type=2d_layout|query_type=single_hop,1.0,1.0,0.0,0.0,2
97,0073e9e4899d0c973eab31589057ddbba328be0c_1,source_type=2d_layout|query_type=single_hop,1.0,1.0,0.0,0.0,2
98,0073e9e4899d0c973eab31589057ddbba328be0c_2,source_type=2d_layout|query_type=single_hop,1.0,1.0,0.0,0.0,0
99,0073e9e4899d0c973eab31589057ddbba328be0c_3,source_type=text|query_type=single_hop,1.0,1.0,0.0,0.0,0
100,00745bf47a154bf4cbc93be8abc0ec86d502e42a_0,source_type=2d_layout|query_type=single_hop,0.6309297535714575,1.0,0.36907024642854247,0.0,0
101,00745bf47a154bf4cbc93be8abc0ec86d502e42a_1,source_type=2d_layout|query_type=single_hop,0.38685280723454163,0.6309297535714575,0.2440769463369159,0.36907024642854247,0
102,00745bf47a154bf4cbc93be8abc0ec86d502e42a_2,source_type=2d_layout|query_type=single_hop,0.5,0.6309297535714575,0.13092975357145753,0.36907024642854247,1
103,00766a8de5a8bc7c777662b534d8014737dcf248_0,source_type=2d_layout|query_type=single_hop,0.6309297535714575,0.6309297535714575,0.0,0.36907024642854247,1
104,00766a8de5a8bc7c777662b534d8014737dcf248_1,source_type=2d_layout|query_type=single_hop,0.31546487678572877,1.0,0.6845351232142712,0.0,0
105,00766a8de5a8bc7c777662b534d8014737dcf248_2,source_type=2d_layout|query_type=multi_hop,1.0,1.0,0.0,0.0,1
106,00766a8de5a8bc7c777662b534d8014737dcf248_3,source_type=chart|query_type=multi_hop,1.0,1.0,0.0,0.0,1
107,007758e589ec783581801f488c13ac03ad616803_0,source_type=2d_layout|query_type=multi_hop,1.0,1.0,0.0,0.0,0
108,007758e589ec783581801f488c13ac03ad616803_1,source_type=2d_layout|query_type=multi_hop,1.0,1.0,0.0,0.0,0
109,007758e589ec783581801f488c13ac03ad616803_2,source_type=table|query_type=multi_hop,1.0,1.0,0.0,0.0,0
110,007758e589ec783581801f488c13ac03ad616803_3,source_type=2d_layout|query_type=single_hop,0.5,0.5,0.0,0.5,1
111,007b9c939a070ebea56e27391ecb1cf9550909df_0,source_type=2d_layout|query_type=single_hop,1.0,1.0,0.0,0.0,0
112,007b9c939a070ebea56e27391ecb1cf9550909df_1,source_type=2d_layout|query_type=single_hop,1.0,1.0,0.0,0.0,2
113,007b9c939a070ebea56e27391ecb1cf9550909df_2,source_type=2d_layout|query_type=single_hop,1.0,1.0,0.0,0.0,0
114,007b9c939a070ebea56e27391ecb1cf9550909df_3,source_type=2d_layout|query_type=single_hop,1.0,1.0,0.0,0.0,0
115,007ee14d7991c3debc7ebc7558a8a5e38dfb1109_0,source_type=table|query_type=multi_hop,1.0,1.0,0.0,0.0,0
116,007ee14d7991c3debc7ebc7558a8a5e38dfb1109_1,source_type=table|query_type=multi_hop,0.3562071871080222,0.3562071871080222,0.0,0.6437928128919779,1
117,007ee14d7991c3debc7ebc7558a8a5e38dfb1109_2,source_type=2d_layout|query_type=single_hop,1.0,1.0,0.0,0.0,0
118,007ee14d7991c3debc7ebc7558a8a5e38dfb1109_3,source_type=table|query_type=multi_hop,1.0,1.0,0.0,0.0,0
119,008179ae43fe6605078e2dfbc1e02a2bfb1f3f48_0,source_type=2d_layout|query_type=single_hop,0.5,1.0,0.5,0.0,0
120,008179ae43fe6605078e2dfbc1e02a2bfb1f3f48_1,source_type=2d_layout|query_type=single_hop,0.6309297535714575,0.6309297535714575,0.0,0.36907024642854247,1
121,008179ae43fe6605078e2dfbc1e02a2bfb1f3f48_2,source_type=2d_layout|query_type=single_hop,0.6309297535714575,0.6309297535714575,0.0,0.36907024642854247,0
122,008179ae43fe6605078e2dfbc1e02a2bfb1f3f48_3,source_type=chart|query_type=single_hop,1.0,1.0,0.0,0.0,1
123,008179ae43fe6605078e2dfbc1e02a2bfb1f3f48_4,source_type=chart|query_type=single_hop,0.3562071871080222,0.3562071871080222,0.0,0.6437928128919779,2
124,008179ae43fe6605078e2dfbc1e02a2bfb1f3f48_5,source_type=chart|query_type=single_hop,0.5,0.5,0.0,0.5,2
125,008179ae43fe6605078e2dfbc1e02a2bfb1f3f48_6,source_type=chart|query_type=multi_hop,1.0,1.0,0.0,0.0,0
126,008363273c77bfd99cc0bbe473189616006e7c72_0,source_type=2d_layout|query_type=single_hop,1.0,1.0,0.0,0.0,2
127,008363273c77bfd99cc0bbe473189616006e7c72_1,source_type=2d_layout|query_type=single_hop,1.0,1.0,0.0,0.0,0
128,008363273c77bfd99cc0bbe473189616006e7c72_2,source_type=2d_layout|query_type=multi_hop,1.0,1.0,0.0,0.0,0
129,008363273c77bfd99cc0bbe473189616006e7c72_3,source_type=2d_layout|query_type=multi_hop,1.0,1.0,0.0,0.0,1
130,0085b42536c3a3a4806ab799a56df25c6f183dc2_0,source_type=2d_layout|query_type=single_hop,0.5,0.6309297535714575,0.13092975357145753,0.36907024642854247,0
131,0085b42536c3a3a4806ab799a56df25c6f183dc2_1,source_type=2d_layout|query_type=single_hop,0.6309297535714575,1.0,0.36907024642854247,0.0,1
132,0085b42536c3a3a4806ab799a56df25c6f183dc2_2,source_type=table|query_type=single_hop,0.6309297535714575,0.6309297535714575,0.0,0.36907024642854247,2
133,0085b42536c3a3a4806ab799a56df25c6f183dc2_3,source_type=table|query_type=single_hop,1.0,1.0,0.0,0.0,0
134,0092c881cffe1c685ec3bc0fd5d5110c0939c081_0,source_type=2d_layout|query_type=multi_hop,1.0,1.0,0.0,0.0,0
135,0092c881cffe1c685ec3bc0fd5d5110c0939c081_1,source_type=2d_layout|query_type=multi_hop,1.0,1.0,0.0,0.0,0
136,0092c881cffe1c685ec3bc0fd5d5110c0939c081_2,source_type=2d_layout|query_type=single_hop,1.0,1.0,0.0,0.0,0
137,0092c881cffe1c685ec3bc0fd5d5110c0939c081_3,source_type=chart|query_type=multi_hop,1.0,1.0,0.0,0.0,0
138,009856a0cdcc230d983c3a3e460a0c1b83cb09d4_0,source_type=2d_layout|query_type=multi_hop,0.6309297535714575,1.0,0.36907024642854247,0.0,5
139,009856a0cdcc230d983c3a3e460a0c1b83cb09d4_1,source_type=chart|query_type=multi_hop,1.0,1.0,0.0,0.0,0
140,009856a0cdcc230d983c3a3e460a0c1b83cb09d4_2,source_type=chart|query_type=multi_hop,1.0,1.0,0.0,0.0,1
141,009856a0cdcc230d983c3a3e460a0c1b83cb09d4_3,source_type=2d_layout|query_type=single_hop,1.0,1.0,0.0,0.0,2
142,009ab62111533e1608fd1d36c955d7d5a85aa77a_0,source_type=2d_layout|query_type=single_hop,1.0,1.0,0.0,0.0,2
143,009ab62111533e1608fd1d36c955d7d5a85aa77a_1,source_type=2d_layout|query_type=single_hop,1.0,1.0,0.0,0.0,2
144,009ab62111533e1608fd1d36c955d7d5a85aa77a_3,source_type=text|query_type=single_hop,1.0,1.0,0.0,0.0,2
145,009e328fc7136f2a006b114ff3154d3eafd04ecb_0,source_type=text|query_type=single_hop,0.6309297535714575,1.0,0.36907024642854247,0.0,1
146,009e328fc7136f2a006b114ff3154d3eafd04ecb_1,source_type=text|query_type=single_hop,1.0,1.0,0.0,0.0,2
147,009e328fc7136f2a006b114ff3154d3eafd04ecb_2,source_type=text|query_type=single_hop,1.0,1.0,0.0,0.0,1
148,009e328fc7136f2a006b114ff3154d3eafd04ecb_3,source_type=2d_layout|query_type=multi_hop,1.0,1.0,0.0,0.0,2
149,009e328fc7136f2a006b114ff3154d3eafd04ecb_4,source_type=2d_layout|query_type=single_hop,1.0,1.0,0.0,0.0,1
150,009fba61d172d2e380aa6271996751b3433cfdf6_0,source_type=table|query_type=multi_hop,1.0,1.0,0.0,0.0,0
151,009fba61d172d2e380aa6271996751b3433cfdf6_1,source_type=2d_layout|query_type=single_hop,1.0,1.0,0.0,0.0,0
152,009fba61d172d2e380aa6271996751b3433cfdf6_2,source_type=table|query_type=multi_hop,1.0,1.0,0.0,0.0,0
153,00a1765f5fa2e5453d308132b37142e8f84ddd23_0,source_type=2d_layout|query_type=single_hop,1.0,1.0,0.0,0.0,2
154,00a1765f5fa2e5453d308132b37142e8f84ddd23_1,source_type=table|query_type=multi_hop,0.5,1.0,0.5,0.0,0
155,00a1765f5fa2e5453d308132b37142e8f84ddd23_2,source_type=table|query_type=multi_hop,1.0,1.0,0.0,0.0,0
156,00a76e3a9a36255616e2dc14a6eb5dde598b321f_0,source_type=2d_layout|query_type=single_hop,0.43067655807339306,0.6309297535714575,0.20025319549806447,0.36907024642854247,0
157,00a76e3a9a36255616e2dc14a6eb5dde598b321f_1,source_type=2d_layout|query_type=single_hop,1.0,1.0,0.0,0.0,0
158,00a76e3a9a36255616e2dc14a6eb5dde598b321f_2,source_type=2d_layout|query_type=single_hop,1.0,1.0,0.0,0.0,2
159,00a76e3a9a36255616e2dc14a6eb5dde598b321f_3,source_type=text|query_type=single_hop,0.43067655807339306,0.43067655807339306,0.0,0.5693234419266069,2
160,00b713b0c29bb3c2332acc9720ee82084e6d2223_0,source_type=2d_layout|query_type=single_hop,1.0,1.0,0.0,0.0,2
161,00b713b0c29bb3c2332acc9720ee82084e6d2223_1,source_type=2d_layout|query_type=single_hop,0.6309297535714575,0.6309297535714575,0.0,0.36907024642854247,2
162,00c9161083ca956372a7548e69650556a8c7f358_0,source_type=2d_layout|query_type=multi_hop,1.0,1.0,0.0,0.0,0
163,00c9161083ca956372a7548e69650556a8c7f358_1,source_type=2d_layout|query_type=single_hop,0.0,0.31546487678572877,0.31546487678572877,0.6845351232142712,0
164,00c9161083ca956372a7548e69650556a8c7f358_2,source_type=2d_layout|query_type=multi_hop,0.38685280723454163,0.38685280723454163,0.0,0.6131471927654584,2
165,00c9161083ca956372a7548e69650556a8c7f358_3,source_type=2d_layout|query_type=multi_hop,0.2890648263178879,0.2890648263178879,0.0,0.7109351736821121,2
166,00d3101e767726159003a7e4aa9e34ed7811ac4d_0,source_type=2d_layout|query_type=multi_hop,1.0,1.0,0.0,0.0,1
167,00d3101e767726159003a7e4aa9e34ed7811ac4d_1,source_type=2d_layout|query_type=single_hop,1.0,1.0,0.0,0.0,2
168,00d3101e767726159003a7e4aa9e34ed7811ac4d_3,source_type=2d_layout|query_type=single_hop,0.6309297535714575,0.6309297535714575,0.0,0.36907024642854247,2
169,00d651c402c11a65c94ff362c3cc6f116e1408d0_0,source_type=2d_layout|query_type=multi_hop,1.0,1.0,0.0,0.0,0
170,00d651c402c11a65c94ff362c3cc6f116e1408d0_1,source_type=2d_layout|query_type=multi_hop,1.0,1.0,0.0,0.0,0
171,00d651c402c11a65c94ff362c3cc6f116e1408d0_2,source_type=2d_layout|query_type=multi_hop,0.6309297535714575,0.6309297535714575,0.0,0.36907024642854247,2
172,00d651c402c11a65c94ff362c3cc6f116e1408d0_3,source_type=2d_layout|query_type=single_hop,1.0,1.0,0.0,0.0,1
173,00d8d22ded241c20c75d49578359057cd25739d1_0,source_type=2d_layout|query_type=multi_hop,0.6309297535714575,0.6309297535714575,0.0,0.36907024642854247,2
174,00d8d22ded241c20c75d49578359057cd25739d1_1,source_type=chart|query_type=multi_hop,0.0,0.0,0.0,1.0,0
175,00d8d22ded241c20c75d49578359057cd25739d1_2,source_type=chart|query_type=multi_hop,0.3333333333333333,0.3562071871080222,0.022873853774688868,0.6437928128919779,1
176,00d8d22ded241c20c75d49578359057cd25739d1_3,source_type=table|query_type=multi_hop,0.6309297535714575,0.6309297535714575,0.0,0.36907024642854247,2
177,00d8d22ded241c20c75d49578359057cd25739d1_4,source_type=table|query_type=multi_hop,0.3010299956639812,0.38685280723454163,0.08582281157056043,0.6131471927654584,1
178,00e3465b452fe1a062568e4c6df56d4b25091e4a_0,source_type=2d_layout|query_type=single_hop,1.0,1.0,0.0,0.0,0
179,00e3465b452fe1a062568e4c6df56d4b25091e4a_1,source_type=2d_layout|query_type=single_hop,1.0,1.0,0.0,0.0,0
180,00e3465b452fe1a062568e4c6df56d4b25091e4a_2,source_type=2d_layout|query_type=multi_hop,1.0,1.0,0.0,0.0,0
181,00e3465b452fe1a062568e4c6df56d4b25091e4a_3,source_type=2d_layout|query_type=single_hop,1.0,1.0,0.0,0.0,0
182,00e957f8d92df41cce41fa6f0860beeb63a2bc0d_0,source_type=2d_layout|query_type=single_hop,1.0,1.0,0.0,0.0,2
183,00e957f8d92df41cce41fa6f0860beeb63a2bc0d_1,source_type=2d_layout|query_type=single_hop,0.6309297535714575,0.6309297535714575,0.0,0.36907024642854247,2
184,00e957f8d92df41cce41fa6f0860beeb63a2bc0d_2,source_type=2d_layout|query_type=single_hop,1.0,1.0,0.0,0.0,0
185,00e957f8d92df41cce41fa6f0860beeb63a2bc0d_3,source_type=2d_layout|query_type=single_hop,1.0,1.0,0.0,0.0,0
186,00eaa8398ef80dca6f36488467acf600d01f8a98_0,source_type=2d_layout|query_type=multi_hop,1.0,1.0,0.0,0.0,0
187,00eaa8398ef80dca6f36488467acf600d01f8a98_1,source_type=2d_layout|query_type=multi_hop,1.0,1.0,0.0,0.0,1
188,00eaa8398ef80dca6f36488467acf600d01f8a98_2,source_type=2d_layout|query_type=single_hop,0.0,0.43067655807339306,0.43067655807339306,0.5693234419266069,0
189,00f09f97f9d5b77133891f15abdf622f1021c828_0,source_type=2d_layout|query_type=single_hop,1.0,1.0,0.0,0.0,1
190,00f09f97f9d5b77133891f15abdf622f1021c828_1,source_type=table|query_type=single_hop,0.6309297535714575,0.6309297535714575,0.0,0.36907024642854247,2
191,00f09f97f9d5b77133891f15abdf622f1021c828_2,source_type=2d_layout|query_type=multi_hop,1.0,1.0,0.0,0.0,0
192,00f09f97f9d5b77133891f15abdf622f1021c828_3,source_type=table|query_type=single_hop,1.0,1.0,0.0,0.0,2
193,00f9525a2659bdcd3f43e08ef8403a11284d1879_0,source_type=2d_layout|query_type=multi_hop,1.0,1.0,0.0,0.0,2
194,00f9525a2659bdcd3f43e08ef8403a11284d1879_1,source_type=2d_layout|query_type=single_hop,1.0,1.0,0.0,0.0,0
195,00f9525a2659bdcd3f43e08ef8403a11284d1879_2,source_type=table|query_type=multi_hop,0.5,0.5,0.0,0.5,2
196,00f9525a2659bdcd3f43e08ef8403a11284d1879_3,source_type=table|query_type=multi_hop,0.5,1.0,0.5,0.0,3
197,01008ed4462f4cd8ca21bb3f0ba2c9f42adf31e0_0,source_type=2d_layout|query_type=multi_hop,1.0,1.0,0.0,0.0,2
198,01008ed4462f4cd8ca21bb3f0ba2c9f42adf31e0_1,source_type=chart|query_type=multi_hop,1.0,1.0,0.0,0.0,0
199,01008ed4462f4cd8ca21bb3f0ba2c9f42adf31e0_2,source_type=chart|query_type=multi_hop,1.0,1.0,0.0,0.0,2
200,01008ed4462f4cd8ca21bb3f0ba2c9f42adf31e0_3,source_type=chart|query_type=multi_hop,0.5,0.5,0.0,0.5,2
201,01008ed4462f4cd8ca21bb3f0ba2c9f42adf31e0_5,source_type=2d_layout|query_type=single_hop,0.38685280723454163,0.43067655807339306,0.04382375083885143,0.5693234419266069,4
202,0102d1ef93ef13b1164524c4f5386ce4208e05c6_0,source_type=chart|query_type=single_hop,0.6309297535714575,1.0,0.36907024642854247,0.0,0
203,0102d1ef93ef13b1164524c4f5386ce4208e05c6_1,source_type=chart|query_type=multi_hop,1.0,1.0,0.0,0.0,0
204,0102d1ef93ef13b1164524c4f5386ce4208e05c6_2,source_type=text|query_type=single_hop,1.0,1.0,0.0,0.0,0
205,0102d1ef93ef13b1164524c4f5386ce4208e05c6_3,source_type=text|query_type=multi_hop,1.0,1.0,0.0,0.0,0
206,01044e66f7113aacd8a9b011f7cc6251a66715cd_0,source_type=2d_layout|query_type=single_hop,1.0,1.0,0.0,0.0,0
207,01044e66f7113aacd8a9b011f7cc6251a66715cd_1,source_type=2d_layout|query_type=single_hop,1.0,1.0,0.0,0.0,1
208,01044e66f7113aacd8a9b011f7cc6251a66715cd_2,source_type=2d_layout|query_type=single_hop,0.6309297535714575,1.0,0.36907024642854247,0.0,5
209,01044e66f7113aacd8a9b011f7cc6251a66715cd_3,source_type=2d_layout|query_type=single_hop,0.6309297535714575,1.0,0.36907024642854247,0.0,1
210,01054a87c831f60e8cfaead13508fb385ef34f44_0,source_type=2d_layout|query_type=single_hop,1.0,1.0,0.0,0.0,2
211,01054a87c831f60e8cfaead13508fb385ef34f44_1,source_type=2d_layout|query_type=single_hop,1.0,1.0,0.0,0.0,0
212,01056efdbb585d355a073b6aba9a906611fc1cc4_0,source_type=chart|query_type=multi_hop,1.0,1.0,0.0,0.0,0
213,01056efdbb585d355a073b6aba9a906611fc1cc4_1,source_type=chart|query_type=multi_hop,1.0,1.0,0.0,0.0,0
214,01056efdbb585d355a073b6aba9a906611fc1cc4_2,source_type=2d_layout|query_type=single_hop,1.0,1.0,0.0,0.0,2
215,01056efdbb585d355a073b6aba9a906611fc1cc4_3,source_type=2d_layout|query_type=multi_hop,1.0,1.0,0.0,0.0,0
216,01056efdbb585d355a073b6aba9a906611fc1cc4_4,source_type=2d_layout|query_type=multi_hop,1.0,1.0,0.0,0.0,0
217,010590d6cf97f7ade2020f7d8a19467c75998833_0,source_type=table|query_type=multi_hop,1.0,1.0,0.0,0.0,0
218,010590d6cf97f7ade2020f7d8a19467c75998833_1,source_type=table|query_type=single_hop,1.0,1.0,0.0,0.0,1
219,010590d6cf97f7ade2020f7d8a19467c75998833_2,source_type=table|query_type=multi_hop,1.0,1.0,0.0,0.0,2
220,010590d6cf97f7ade2020f7d8a19467c75998833_3,source_type=table|query_type=single_hop,0.5,0.5,0.0,0.5,2
221,010590d6cf97f7ade2020f7d8a19467c75998833_4,source_type=table|query_type=multi_hop,1.0,1.0,0.0,0.0,0
222,010590d6cf97f7ade2020f7d8a19467c75998833_5,source_type=table|query_type=single_hop,1.0,1.0,0.0,0.0,1
223,010590d6cf97f7ade2020f7d8a19467c75998833_6,source_type=table|query_type=multi_hop,1.0,1.0,0.0,0.0,0
224,010590d6cf97f7ade2020f7d8a19467c75998833_7,source_type=table|query_type=multi_hop,1.0,1.0,0.0,0.0,0
225,010590d6cf97f7ade2020f7d8a19467c75998833_8,source_type=table|query_type=single_hop,0.3010299956639812,0.3333333333333333,0.03230333766935212,0.6666666666666667,5
226,010a416cae90d4bb404900188fa5b3b588cf4ee6_0,source_type=table|query_type=multi_hop,1.0,1.0,0.0,0.0,1
227,010a416cae90d4bb404900188fa5b3b588cf4ee6_1,source_type=table|query_type=multi_hop,1.0,1.0,0.0,0.0,0
228,010a416cae90d4bb404900188fa5b3b588cf4ee6_2,source_type=table|query_type=multi_hop,1.0,1.0,0.0,0.0,0
229,010a416cae90d4bb404900188fa5b3b588cf4ee6_3,source_type=text|query_type=single_hop,1.0,1.0,0.0,0.0,0
230,010aa2ce76c2512f680fb811dfb2b345a728d207_0,source_type=2d_layout|query_type=single_hop,1.0,1.0,0.0,0.0,0
231,010aa2ce76c2512f680fb811dfb2b345a728d207_1,source_type=2d_layout|query_type=single_hop,1.0,1.0,0.0,0.0,0
232,010aa2ce76c2512f680fb811dfb2b345a728d207_2,source_type=2d_layout|query_type=single_hop,1.0,1.0,0.0,0.0,0
233,010b32101467eec8ee7547ff0b4273c6570d1a3e_0,source_type=2d_layout|query_type=multi_hop,1.0,1.0,0.0,0.0,0
234,010b32101467eec8ee7547ff0b4273c6570d1a3e_1,source_type=2d_layout|query_type=multi_hop,1.0,1.0,0.0,0.0,0
235,010b32101467eec8ee7547ff0b4273c6570d1a3e_2,source_type=2d_layout|query_type=multi_hop,1.0,1.0,0.0,0.0,0
236,010b32101467eec8ee7547ff0b4273c6570d1a3e_3,source_type=2d_layout|query_type=multi_hop,1.0,1.0,0.0,0.0,0
237,010b954baee991271716f3cf02078768ce291cad_0,source_type=2d_layout|query_type=multi_hop,0.5,0.6309297535714575,0.13092975357145753,0.36907024642854247,1
238,010b954baee991271716f3cf02078768ce291cad_1,source_type=2d_layout|query_type=single_hop,1.0,1.0,0.0,0.0,0
239,010b954baee991271716f3cf02078768ce291cad_2,source_type=2d_layout|query_type=single_hop,0.6309297535714575,1.0,0.36907024642854247,0.0,0
240,010b954baee991271716f3cf02078768ce291cad_3,source_type=2d_layout|query_type=multi_hop,1.0,1.0,0.0,0.0,0
241,0110a283b16e9eb0d864336a69f474f16bc246fc_0,source_type=text|query_type=multi_hop,1.0,1.0,0.0,0.0,0
242,0110a283b16e9eb0d864336a69f474f16bc246fc_1,source_type=text|query_type=multi_hop,1.0,1.0,0.0,0.0,0
243,0110a283b16e9eb0d864336a69f474f16bc246fc_2,source_type=2d_layout|query_type=single_hop,1.0,1.0,0.0,0.0,0
244,0110a283b16e9eb0d864336a69f474f16bc246fc_3,source_type=text|query_type=single_hop,1.0,1.0,0.0,0.0,2
245,0110a283b16e9eb0d864336a69f474f16bc246fc_4,source_type=table|query_type=multi_hop,1.0,1.0,0.0,0.0,0
246,0110a283b16e9eb0d864336a69f474f16bc246fc_5,source_type=chart|query_type=multi_hop,1.0,1.0,0.0,0.0,0
247,0110a283b16e9eb0d864336a69f474f16bc246fc_6,source_type=table|query_type=multi_hop,1.0,1.0,0.0,0.0,0
248,0110a283b16e9eb0d864336a69f474f16bc246fc_7,source_type=chart|query_type=multi_hop,1.0,1.0,0.0,0.0,0
249,0110a283b16e9eb0d864336a69f474f16bc246fc_8,source_type=chart|query_type=multi_hop,1.0,1.0,0.0,0.0,0
250,0112ca2699d66e29e4030467d283e111e8460785_0,source_type=2d_layout|query_type=single_hop,1.0,1.0,0.0,0.0,0
251,0112ca2699d66e29e4030467d283e111e8460785_1,source_type=2d_layout|query_type=single_hop,1.0,1.0,0.0,0.0,2
252,0112ca2699d66e29e4030467d283e111e8460785_2,source_type=2d_layout|query_type=single_hop,1.0,1.0,0.0,0.0,0
253,0112ca2699d66e29e4030467d283e111e8460785_3,source_type=2d_layout|query_type=single_hop,1.0,1.0,0.0,0.0,1
254,0113e646ae1bfb91d3b7e0c7461ef216d49364ec_0,source_type=2d_layout|query_type=single_hop,1.0,1.0,0.0,0.0,0
255,0113e646ae1bfb91d3b7e0c7461ef216d49364ec_1,source_type=2d_layout|query_type=single_hop,1.0,1.0,0.0,0.0,0
256,0113e646ae1bfb91d3b7e0c7461ef216d49364ec_2,source_type=2d_layout|query_type=multi_hop,1.0,1.0,0.0,0.0,0
257,0113e646ae1bfb91d3b7e0c7461ef216d49364ec_3,source_type=table|query_type=multi_hop,1.0,1.0,0.0,0.0,1
258,011a2465874f6d9a254213a736098a0a2bb02008_0,source_type=2d_layout|query_type=multi_hop,1.0,1.0,0.0,0.0,1
259,011a2465874f6d9a254213a736098a0a2bb02008_1,source_type=chart|query_type=multi_hop,1.0,1.0,0.0,0.0,0
260,011a2465874f6d9a254213a736098a0a2bb02008_2,source_type=2d_layout|query_type=multi_hop,1.0,1.0,0.0,0.0,2
261,011a2465874f6d9a254213a736098a0a2bb02008_3,source_type=table|query_type=multi_hop,1.0,1.0,0.0,0.0,0
262,011d63ccb0a9d4bf4acb930130cab628f8257a80_0,source_type=2d_layout|query_type=single_hop,1.0,1.0,0.0,0.0,0
263,011d63ccb0a9d4bf4acb930130cab628f8257a80_1,source_type=2d_layout|query_type=multi_hop,1.0,1.0,0.0,0.0,0
264,011d63ccb0a9d4bf4acb930130cab628f8257a80_2,source_type=2d_layout|query_type=single_hop,1.0,1.0,0.0,0.0,0
265,011e012b28d60278c243b200eaf19952a725370c_0,source_type=2d_layout|query_type=single_hop,1.0,1.0,0.0,0.0,0
266,011e012b28d60278c243b200eaf19952a725370c_1,source_type=2d_layout|query_type=multi_hop,1.0,1.0,0.0,0.0,0
267,011e012b28d60278c243b200eaf19952a725370c_2,source_type=2d_layout|query_type=single_hop,1.0,1.0,0.0,0.0,0
268,011e012b28d60278c243b200eaf19952a725370c_3,source_type=2d_layout|query_type=single_hop,1.0,1.0,0.0,0.0,0
269,01205fc33e82bddd5ac1382b8b99368f54bec83f_0,source_type=2d_layout|query_type=single_hop,0.6309297535714575,0.6309297535714575,0.0,0.36907024642854247,0
270,01205fc33e82bddd5ac1382b8b99368f54bec83f_1,source_type=2d_layout|query_type=single_hop,0.6309297535714575,1.0,0.36907024642854247,0.0,1
271,01205fc33e82bddd5ac1382b8b99368f54bec83f_2,source_type=2d_layout|query_type=single_hop,1.0,1.0,0.0,0.0,0
272,01205fc33e82bddd5ac1382b8b99368f54bec83f_3,source_type=2d_layout|query_type=single_hop,1.0,1.0,0.0,0.0,0
273,0123e4fee5e59cc7a1476402986a2b9fb41162c2_0,source_type=2d_layout|query_type=single_hop,1.0,1.0,0.0,0.0,1
274,0123e4fee5e59cc7a1476402986a2b9fb41162c2_1,source_type=2d_layout|query_type=single_hop,0.5,0.6309297535714575,0.13092975357145753,0.36907024642854247,0
275,0123e4fee5e59cc7a1476402986a2b9fb41162c2_2,source_type=2d_layout|query_type=multi_hop,0.6309297535714575,0.6309297535714575,0.0,0.36907024642854247,0
276,0123e4fee5e59cc7a1476402986a2b9fb41162c2_3,source_type=2d_layout|query_type=single_hop,0.43067655807339306,0.6309297535714575,0.20025319549806447,0.36907024642854247,0
277,0123e4fee5e59cc7a1476402986a2b9fb41162c2_4,source_type=2d_layout|query_type=single_hop,1.0,1.0,0.0,0.0,0
278,0123e4fee5e59cc7a1476402986a2b9fb41162c2_5,source_type=2d_layout|query_type=single_hop,1.0,1.0,0.0,0.0,1
279,0123e4fee5e59cc7a1476402986a2b9fb41162c2_6,source_type=2d_layout|query_type=single_hop,0.5,0.6309297535714575,0.13092975357145753,0.36907024642854247,0
280,012cc40cf7002584e28a0bb878bcee275f0709c3_0,source_type=2d_layout|query_type=multi_hop,0.6309297535714575,0.6309297535714575,0.0,0.36907024642854247,2
281,012cc40cf7002584e28a0bb878bcee275f0709c3_1,source_type=2d_layout|query_type=multi_hop,0.6309297535714575,0.6309297535714575,0.0,0.36907024642854247,2
282,012cc40cf7002584e28a0bb878bcee275f0709c3_2,source_type=2d_layout|query_type=multi_hop,1.0,1.0,0.0,0.0,1
283,012cc40cf7002584e28a0bb878bcee275f0709c3_3,source_type=2d_layout|query_type=single_hop,0.5,0.6309297535714575,0.13092975357145753,0.36907024642854247,0
284,01308bf277aae0458648b3e45465b72b296bec79_0,source_type=2d_layout|query_type=single_hop,0.38685280723454163,0.5,0.11314719276545837,0.5,0
285,01308bf277aae0458648b3e45465b72b296bec79_1,source_type=2d_layout|query_type=single_hop,1.0,1.0,0.0,0.0,2
286,01308bf277aae0458648b3e45465b72b296bec79_2,source_type=2d_layout|query_type=multi_hop,1.0,1.0,0.0,0.0,0
287,01366bd3d0d29464d17b4b237c57f9212335e065_0,source_type=2d_layout|query_type=multi_hop,0.6309297535714575,0.6309297535714575,0.0,0.36907024642854247,1
288,01366bd3d0d29464d17b4b237c57f9212335e065_1,source_type=2d_layout|query_type=multi_hop,1.0,1.0,0.0,0.0,1
289,01366bd3d0d29464d17b4b237c57f9212335e065_2,source_type=2d_layout|query_type=single_hop,0.5,0.5,0.0,0.5,2
290,01366bd3d0d29464d17b4b237c57f9212335e065_3,source_type=table|query_type=multi_hop,0.6309297535714575,0.6309297535714575,0.0,0.36907024642854247,2
291,013a76b7d4fff54f05699693f7bcdf0a146db252_0,source_type=2d_layout|query_type=multi_hop,1.0,1.0,0.0,0.0,0
292,013a76b7d4fff54f05699693f7bcdf0a146db252_1,source_type=2d_layout|query_type=multi_hop,1.0,1.0,0.0,0.0,1
293,013a76b7d4fff54f05699693f7bcdf0a146db252_2,source_type=2d_layout|query_type=multi_hop,0.6309297535714575,1.0,0.36907024642854247,0.0,1
294,013a76b7d4fff54f05699693f7bcdf0a146db252_3,source_type=2d_layout|query_type=multi_hop,1.0,1.0,0.0,0.0,0
295,0141423d1458ba94137419fea5eaaa76ff9e66f5_0,source_type=2d_layout|query_type=single_hop,1.0,1.0,0.0,0.0,0
296,0141423d1458ba94137419fea5eaaa76ff9e66f5_1,source_type=chart|query_type=multi_hop,1.0,1.0,0.0,0.0,0
297,0141423d1458ba94137419fea5eaaa76ff9e66f5_2,source_type=chart|query_type=multi_hop,1.0,1.0,0.0,0.0,0
298,0141423d1458ba94137419fea5eaaa76ff9e66f5_3,source_type=chart|query_type=multi_hop,1.0,1.0,0.0,0.0,0
299,0141423d1458ba94137419fea5eaaa76ff9e66f5_5,source_type=table|query_type=single_hop,1.0,1.0,0.0,0.0,0
300,014a0f670eefb10fb9b8c82f29e8ec877dd7b2ae_1,source_type=2d_layout|query_type=single_hop,1.0,1.0,0.0,0.0,2
301,014a0f670eefb10fb9b8c82f29e8ec877dd7b2ae_2,source_type=table|query_type=multi_hop,1.0,1.0,0.0,0.0,2
302,014b7b21bdb3febc039b65199de37a0e67c7b970_0,source_type=chart|query_type=multi_hop,1.0,1.0,0.0,0.0,0
303,014b7b21bdb3febc039b65199de37a0e67c7b970_1,source_type=2d_layout|query_type=single_hop,1.0,1.0,0.0,0.0,0
304,014b7b21bdb3febc039b65199de37a0e67c7b970_2,source_type=table|query_type=single_hop,1.0,1.0,0.0,0.0,0
305,014b7b21bdb3febc039b65199de37a0e67c7b970_3,source_type=2d_layout|query_type=single_hop,1.0,1.0,0.0,0.0,0
306,014da9165faa5601e43d0579cbc08e102729bc2f_0,source_type=2d_layout|query_type=single_hop,0.6309297535714575,0.6309297535714575,0.0,0.36907024642854247,2
307,014da9165faa5601e43d0579cbc08e102729bc2f_1,source_type=2d_layout|query_type=multi_hop,0.6309297535714575,0.6309297535714575,0.0,0.36907024642854247,2
308,014e06ff15aa70dca51689af416805faa0a4584a_0,source_type=2d_layout|query_type=single_hop,1.0,1.0,0.0,0.0,0
309,014e06ff15aa70dca51689af416805faa0a4584a_1,source_type=2d_layout|query_type=single_hop,1.0,1.0,0.0,0.0,0
310,014e06ff15aa70dca51689af416805faa0a4584a_2,source_type=2d_layout|query_type=single_hop,0.5,0.6309297535714575,0.13092975357145753,0.36907024642854247,0
311,014e06ff15aa70dca51689af416805faa0a4584a_3,source_type=2d_layout|query_type=single_hop,0.6309297535714575,0.6309297535714575,0.0,0.36907024642854247,0
312,014fd451d352ca6afa4520bc065d9223a77220fd_0,source_type=text|query_type=single_hop,1.0,1.0,0.0,0.0,0
313,015080023c12881bbdaba9a10869fe1b7abb392b_0,source_type=2d_layout|query_type=single_hop,0.43067655807339306,0.43067655807339306,0.0,0.5693234419266069,2
314,015080023c12881bbdaba9a10869fe1b7abb392b_1,source_type=2d_layout|query_type=single_hop,0.6309297535714575,1.0,0.36907024642854247,0.0,1
315,015080023c12881bbdaba9a10869fe1b7abb392b_2,source_type=2d_layout|query_type=single_hop,1.0,1.0,0.0,0.0,0
316,015080023c12881bbdaba9a10869fe1b7abb392b_3,source_type=2d_layout|query_type=single_hop,1.0,1.0,0.0,0.0,2
317,015629bf22e394df0ea1e3e162e3d5bef341415f_0,source_type=2d_layout|query_type=single_hop,1.0,1.0,0.0,0.0,2
318,015629bf22e394df0ea1e3e162e3d5bef341415f_1,source_type=2d_layout|query_type=single_hop,1.0,1.0,0.0,0.0,0
319,015629bf22e394df0ea1e3e162e3d5bef341415f_2,source_type=2d_layout|query_type=single_hop,0.31546487678572877,0.5,0.18453512321427123,0.5,0
320,015629bf22e394df0ea1e3e162e3d5bef341415f_3,source_type=table|query_type=multi_hop,1.0,1.0,0.0,0.0,0
321,015834912780c3a83a8c27aa66c52252994a8b16_0,source_type=table|query_type=multi_hop,1.0,1.0,0.0,0.0,0
322,015834912780c3a83a8c27aa66c52252994a8b16_1,source_type=table|query_type=multi_hop,1.0,1.0,0.0,0.0,0
323,015834912780c3a83a8c27aa66c52252994a8b16_2,source_type=chart|query_type=multi_hop,1.0,1.0,0.0,0.0,2
324,015834912780c3a83a8c27aa66c52252994a8b16_3,source_type=2d_layout|query_type=single_hop,1.0,1.0,0.0,0.0,0
325,016c6142ccc35a54402cf0838e2c9bd00d0cfe26_0,source_type=2d_layout|query_type=single_hop,0.5,0.6309297535714575,0.13092975357145753,0.36907024642854247,0
326,016c6142ccc35a54402cf0838e2c9bd00d0cfe26_1,source_type=2d_layout|query_type=single_hop,0.5,0.6309297535714575,0.13092975357145753,0.36907024642854247,0
327,016c6142ccc35a54402cf0838e2c9bd00d0cfe26_2,source_type=2d_layout|query_type=single_hop,1.0,1.0,0.0,0.0,0
328,016c6142ccc35a54402cf0838e2c9bd00d0cfe26_3,source_type=2d_layout|query_type=single_hop,1.0,1.0,0.0,0.0,2
329,016d380720964134f37e5803bc182f7bcb0af024_0,source_type=2d_layout|query_type=single_hop,0.6309297535714575,0.6309297535714575,0.0,0.36907024642854247,2
330,016d380720964134f37e5803bc182f7bcb0af024_1,source_type=2d_layout|query_type=single_hop,0.5,0.6309297535714575,0.13092975357145753,0.36907024642854247,3
331,016d380720964134f37e5803bc182f7bcb0af024_2,source_type=2d_layout|query_type=single_hop,1.0,1.0,0.0,0.0,0
332,016d380720964134f37e5803bc182f7bcb0af024_3,source_type=2d_layout|query_type=single_hop,0.6309297535714575,0.6309297535714575,0.0,0.36907024642854247,0
333,01710452190c12c400325a76e75776f660935e6d_0,source_type=2d_layout|query_type=single_hop,1.0,1.0,0.0,0.0,0
334,01710452190c12c400325a76e75776f660935e6d_1,source_type=table|query_type=single_hop,0.38685280723454163,0.43067655807339306,0.04382375083885143,0.5693234419266069,1
335,01710452190c12c400325a76e75776f660935e6d_2,source_type=table|query_type=multi_hop,1.0,1.0,0.0,0.0,0
336,01710452190c12c400325a76e75776f660935e6d_3,source_type=table|query_type=multi_hop,1.0,1.0,0.0,0.0,1
337,017a22d5906315fd57b67970a5c6829b1de1de5d_0,source_type=2d_layout|query_type=single_hop,1.0,1.0,0.0,0.0,0
338,017a22d5906315fd57b67970a5c6829b1de1de5d_1,source_type=2d_layout|query_type=single_hop,1.0,1.0,0.0,0.0,1
339,017a22d5906315fd57b67970a5c6829b1de1de5d_2,source_type=text|query_type=single_hop,0.6309297535714575,0.6309297535714575,0.0,0.36907024642854247,1
340,017af5182e83e83177be247bf4f05adeddd6105b_0,source_type=table|query_type=multi_hop,1.0,1.0,0.0,0.0,2
341,017af5182e83e83177be247bf4f05adeddd6105b_1,source_type=2d_layout|query_type=single_hop,0.38685280723454163,0.5,0.11314719276545837,0.5,1
342,017af5182e83e83177be247bf4f05adeddd6105b_2,source_type=2d_layout|query_type=single_hop,1.0,1.0,0.0,0.0,1
343,017b534723c463c51f4031ccbba8ce156a502b42_0,source_type=text|query_type=single_hop,1.0,1.0,0.0,0.0,0
344,017b534723c463c51f4031ccbba8ce156a502b42_1,source_type=text|query_type=multi_hop,1.0,1.0,0.0,0.0,2
345,017b534723c463c51f4031ccbba8ce156a502b42_2,source_type=2d_layout|query_type=single_hop,1.0,1.0,0.0,0.0,0
346,017b6f58539aba1651e897c39a8104381e627794_0,source_type=2d_layout|query_type=single_hop,0.0,0.0,0.0,1.0,0
347,017b6f58539aba1651e897c39a8104381e627794_1,source_type=2d_layout|query_type=single_hop,0.0,0.5,0.5,0.5,1
348,017b6f58539aba1651e897c39a8104381e627794_2,source_type=2d_layout|query_type=multi_hop,0.5,0.6309297535714575,0.13092975357145753,0.36907024642854247,1
349,017b6f58539aba1651e897c39a8104381e627794_3,source_type=2d_layout|query_type=single_hop,0.38685280723454163,1.0,0.6131471927654584,0.0,0
350,017b6f58539aba1651e897c39a8104381e627794_4,source_type=2d_layout|query_type=single_hop,0.0,0.0,0.0,1.0,0
351,01867e3e7f633451b5d59291fb4ff2bce1d23d4f_0,source_type=2d_layout|query_type=single_hop,0.3562071871080222,0.3562071871080222,0.0,0.6437928128919779,2
352,01867e3e7f633451b5d59291fb4ff2bce1d23d4f_1,source_type=2d_layout|query_type=multi_hop,1.0,1.0,0.0,0.0,0
353,01867e3e7f633451b5d59291fb4ff2bce1d23d4f_2,source_type=2d_layout|query_type=single_hop,1.0,1.0,0.0,0.0,0
354,018c1bacd62f681697487fa8f033c0f332e849a0_0,source_type=2d_layout|query_type=single_hop,1.0,1.0,0.0,0.0,2
355,018c1bacd62f681697487fa8f033c0f332e849a0_1,source_type=2d_layout|query_type=single_hop,0.6309297535714575,0.6309297535714575,0.0,0.36907024642854247,0
356,018c1bacd62f681697487fa8f033c0f332e849a0_2,source_type=2d_layout|query_type=multi_hop,1.0,1.0,0.0,0.0,2
357,018c1bacd62f681697487fa8f033c0f332e849a0_3,source_type=table|query_type=single_hop,1.0,1.0,0.0,0.0,0
358,019628e5cf93e750e1ba161b17b970acaeaaf5bb_0,source_type=2d_layout|query_type=multi_hop,1.0,1.0,0.0,0.0,0
359,019628e5cf93e750e1ba161b17b970acaeaaf5bb_1,source_type=2d_layout|query_type=multi_hop,1.0,1.0,0.0,0.0,0
360,019628e5cf93e750e1ba161b17b970acaeaaf5bb_2,source_type=text|query_type=single_hop,1.0,1.0,0.0,0.0,0
361,01972440b42f5700a79723eb27cf8f86fb9ca967_0,source_type=2d_layout|query_type=single_hop,1.0,1.0,0.0,0.0,1
362,01972440b42f5700a79723eb27cf8f86fb9ca967_1,source_type=text|query_type=single_hop,0.38685280723454163,0.38685280723454163,0.0,0.6131471927654584,2
363,01972440b42f5700a79723eb27cf8f86fb9ca967_2,source_type=table|query_type=single_hop,1.0,1.0,0.0,0.0,0
364,01972440b42f5700a79723eb27cf8f86fb9ca967_3,source_type=2d_layout|query_type=single_hop,1.0,1.0,0.0,0.0,0
365,01ada48daaf576de7e173f212b032ab06b742e24_0,source_type=2d_layout|query_type=single_hop,1.0,1.0,0.0,0.0,1
366,01ada48daaf576de7e173f212b032ab06b742e24_1,source_type=2d_layout|query_type=single_hop,1.0,1.0,0.0,0.0,1
367,01ada48daaf576de7e173f212b032ab06b742e24_2,source_type=2d_layout|query_type=multi_hop,1.0,1.0,0.0,0.0,1
368,01ada48daaf576de7e173f212b032ab06b742e24_3,source_type=2d_layout|query_type=single_hop,1.0,1.0,0.0,0.0,0
369,01adef9a43d47eb468db708906f53c182e01c156_0,source_type=2d_layout|query_type=single_hop,1.0,1.0,0.0,0.0,1
370,01adef9a43d47eb468db708906f53c182e01c156_1,source_type=2d_layout|query_type=multi_hop,0.5,0.6309297535714575,0.13092975357145753,0.36907024642854247,0
371,01adef9a43d47eb468db708906f53c182e01c156_2,source_type=chart|query_type=multi_hop,1.0,1.0,0.0,0.0,2
372,01adef9a43d47eb468db708906f53c182e01c156_3,source_type=chart|query_type=multi_hop,0.6309297535714575,1.0,0.36907024642854247,0.0,5
373,01b0562bad7dae455fb107d2ab7cc9bf85dc28d1_0,source_type=2d_layout|query_type=single_hop,1.0,1.0,0.0,0.0,0
374,01b0562bad7dae455fb107d2ab7cc9bf85dc28d1_1,source_type=2d_layout|query_type=single_hop,1.0,1.0,0.0,0.0,1
375,01b0562bad7dae455fb107d2ab7cc9bf85dc28d1_2,source_type=2d_layout|query_type=single_hop,0.6309297535714575,1.0,0.36907024642854247,0.0,3
376,01b45067b00e9d6a633241ded31d8359ffecfab3_0,source_type=2d_layout|query_type=single_hop,0.3333333333333333,0.5,0.16666666666666669,0.5,5
377,01b45067b00e9d6a633241ded31d8359ffecfab3_1,source_type=text|query_type=single_hop,1.0,1.0,0.0,0.0,0
378,01b45067b00e9d6a633241ded31d8359ffecfab3_2,source_type=2d_layout|query_type=single_hop,0.3333333333333333,0.3562071871080222,0.022873853774688868,0.6437928128919779,0
379,01d19e89beeb2a6dc209a3d38a8a0b5d1289e1d9_0,source_type=2d_layout|query_type=single_hop,0.3010299956639812,0.3333333333333333,0.03230333766935212,0.6666666666666667,4
380,01d19e89beeb2a6dc209a3d38a8a0b5d1289e1d9_1,source_type=table|query_type=multi_hop,0.6309297535714575,1.0,0.36907024642854247,0.0,5
381,01d2cbe048456cbecc7d3049ddb16145b22eeaee_0,source_type=table|query_type=single_hop,0.6309297535714575,1.0,0.36907024642854247,0.0,0
382,01d2cbe048456cbecc7d3049ddb16145b22eeaee_1,source_type=table|query_type=single_hop,1.0,1.0,0.0,0.0,0
383,01d2cbe048456cbecc7d3049ddb16145b22eeaee_2,source_type=2d_layout|query_type=single_hop,1.0,1.0,0.0,0.0,0
384,01d4e74b70ac525e54c217dc5a380950b5c1d8e3_0,source_type=chart|query_type=multi_hop,0.0,0.31546487678572877,0.31546487678572877,0.6845351232142712,0
385,01d4e74b70ac525e54c217dc5a380950b5c1d8e3_2,source_type=table|query_type=multi_hop,1.0,1.0,0.0,0.0,2
386,01d73640c391613eb67e4d6853ebe1b72a334bd8_0,source_type=2d_layout|query_type=multi_hop,1.0,1.0,0.0,0.0,0
387,01d73640c391613eb67e4d6853ebe1b72a334bd8_1,source_type=2d_layout|query_type=single_hop,1.0,1.0,0.0,0.0,1
388,01d73640c391613eb67e4d6853ebe1b72a334bd8_2,source_type=2d_layout|query_type=single_hop,0.3562071871080222,1.0,0.6437928128919779,0.0,1
389,01d73640c391613eb67e4d6853ebe1b72a334bd8_3,source_type=2d_layout|query_type=single_hop,1.0,1.0,0.0,0.0,0
390,01db33037495b43a964c0527bc3a54bf80f2d7ed_0,source_type=2d_layout|query_type=multi_hop,0.0,0.3562071871080222,0.3562071871080222,0.6437928128919779,0
391,01db33037495b43a964c0527bc3a54bf80f2d7ed_1,source_type=2d_layout|query_type=multi_hop,1.0,1.0,0.0,0.0,0
392,01db33037495b43a964c0527bc3a54bf80f2d7ed_2,source_type=2d_layout|query_type=single_hop,0.0,0.38685280723454163,0.38685280723454163,0.6131471927654584,0
393,01db33037495b43a964c0527bc3a54bf80f2d7ed_3,source_type=2d_layout|query_type=single_hop,0.6309297535714575,1.0,0.36907024642854247,0.0,0
394,01db33037495b43a964c0527bc3a54bf80f2d7ed_4,source_type=2d_layout|query_type=multi_hop,1.0,1.0,0.0,0.0,0
395,01db33037495b43a964c0527bc3a54bf80f2d7ed_5,source_type=2d_layout|query_type=multi_hop,1.0,1.0,0.0,0.0,0
396,01dc52ed80b475c6ac81bc9def3e03dad93e33de_0,source_type=2d_layout|query_type=single_hop,1.0,1.0,0.0,0.0,0
397,01dc52ed80b475c6ac81bc9def3e03dad93e33de_1,source_type=2d_layout|query_type=multi_hop,1.0,1.0,0.0,0.0,2
398,01dc52ed80b475c6ac81bc9def3e03dad93e33de_2,source_type=2d_layout|query_type=multi_hop,0.43067655807339306,0.43067655807339306,0.0,0.5693234419266069,2
399,01dc52ed80b475c6ac81bc9def3e03dad93e33de_3,source_type=chart|query_type=multi_hop,1.0,1.0,0.0,0.0,0
400,01e5c3da08fc4a64af814dd982ef7f786d59b197_0,source_type=chart|query_type=multi_hop,1.0,1.0,0.0,0.0,0
401,01e5c3da08fc4a64af814dd982ef7f786d59b197_1,source_type=2d_layout|query_type=single_hop,1.0,1.0,0.0,0.0,0
402,01e5c3da08fc4a64af814dd982ef7f786d59b197_2,source_type=2d_layout|query_type=single_hop,0.6309297535714575,0.6309297535714575,0.0,0.36907024642854247,2
403,01e5c3da08fc4a64af814dd982ef7f786d59b197_3,source_type=2d_layout|query_type=single_hop,0.6309297535714575,0.6309297535714575,0.0,0.36907024642854247,0
404,01ee87da11c9a8aa43f24e6e50814e11410afe71_0,source_type=2d_layout|query_type=multi_hop,0.6309297535714575,0.6309297535714575,0.0,0.36907024642854247,2
405,01ee87da11c9a8aa43f24e6e50814e11410afe71_1,source_type=2d_layout|query_type=multi_hop,1.0,1.0,0.0,0.0,2
406,01ee87da11c9a8aa43f24e6e50814e11410afe71_2,source_type=2d_layout|query_type=multi_hop,1.0,1.0,0.0,0.0,1
407,01ee87da11c9a8aa43f24e6e50814e11410afe71_3,source_type=2d_layout|query_type=multi_hop,1.0,1.0,0.0,0.0,2
408,01f51049a9822b8a31158202a65751407a23cd29_0,source_type=table|query_type=multi_hop,1.0,1.0,0.0,0.0,0
409,01f51049a9822b8a31158202a65751407a23cd29_1,source_type=table|query_type=multi_hop,1.0,1.0,0.0,0.0,0
410,01f51049a9822b8a31158202a65751407a23cd29_2,source_type=chart|query_type=multi_hop,1.0,1.0,0.0,0.0,1
411,01f51049a9822b8a31158202a65751407a23cd29_3,source_type=chart|query_type=multi_hop,1.0,1.0,0.0,0.0,0
412,020a45a6a26dd2e033a104b5e827d9f5b48482b7_0,source_type=2d_layout|query_type=single_hop,1.0,1.0,0.0,0.0,2
413,020a45a6a26dd2e033a104b5e827d9f5b48482b7_1,source_type=2d_layout|query_type=single_hop,1.0,1.0,0.0,0.0,0
414,020a45a6a26dd2e033a104b5e827d9f5b48482b7_2,source_type=2d_layout|query_type=multi_hop,1.0,1.0,0.0,0.0,0
415,020a45a6a26dd2e033a104b5e827d9f5b48482b7_3,source_type=2d_layout|query_type=single_hop,1.0,1.0,0.0,0.0,1
416,020b7cd1af551afa9f91a0c82ebeca65ce2b70a9_0,source_type=chart|query_type=single_hop,1.0,1.0,0.0,0.0,0
417,020b7cd1af551afa9f91a0c82ebeca65ce2b70a9_1,source_type=chart|query_type=single_hop,1.0,1.0,0.0,0.0,2
418,020b7cd1af551afa9f91a0c82ebeca65ce2b70a9_2,source_type=chart|query_type=single_hop,1.0,1.0,0.0,0.0,1
419,020b7cd1af551afa9f91a0c82ebeca65ce2b70a9_3,source_type=2d_layout|query_type=single_hop,1.0,1.0,0.0,0.0,2
420,020bcb3e110f77717003542c1d705ccb7f551ea0_0,source_type=table|query_type=single_hop,1.0,1.0,0.0,0.0,0
421,020bcb3e110f77717003542c1d705ccb7f551ea0_1,source_type=table|query_type=multi_hop,1.0,1.0,0.0,0.0,0
422,020bcb3e110f77717003542c1d705ccb7f551ea0_2,source_type=table|query_type=multi_hop,1.0,1.0,0.0,0.0,0
423,020bcb3e110f77717003542c1d705ccb7f551ea0_3,source_type=text|query_type=single_hop,1.0,1.0,0.0,0.0,2
424,020bcb3e110f77717003542c1d705ccb7f551ea0_4,source_type=text|query_type=multi_hop,1.0,1.0,0.0,0.0,2
425,020bcb3e110f77717003542c1d705ccb7f551ea0_5,source_type=text|query_type=single_hop,1.0,1.0,0.0,0.0,2
426,0210a4d56ca2323da785eebec3a8132ba92889eb_0,source_type=2d_layout|query_type=multi_hop,1.0,1.0,0.0,0.0,0
427,0210a4d56ca2323da785eebec3a8132ba92889eb_1,source_type=2d_layout|query_type=single_hop,1.0,1.0,0.0,0.0,0
428,0210a4d56ca2323da785eebec3a8132ba92889eb_2,source_type=2d_layout|query_type=multi_hop,1.0,1.0,0.0,0.0,1
429,0210a4d56ca2323da785eebec3a8132ba92889eb_3,source_type=2d_layout|query_type=multi_hop,1.0,1.0,0.0,0.0,0
430,02194db1476749b2fd3a5b7004b16bc63f071ffb_0,source_type=2d_layout|query_type=single_hop,1.0,1.0,0.0,0.0,0
431,02194db1476749b2fd3a5b7004b16bc63f071ffb_1,source_type=2d_layout|query_type=single_hop,0.6309297535714575,1.0,0.36907024642854247,0.0,0
432,02194db1476749b2fd3a5b7004b16bc63f071ffb_2,source_type=2d_layout|query_type=single_hop,0.0,0.6309297535714575,0.6309297535714575,0.36907024642854247,3
433,0219b006cf0a2d4116f8163f9faa75108baa3292_0,source_type=2d_layout|query_type=single_hop,1.0,1.0,0.0,0.0,0
434,0219b006cf0a2d4116f8163f9faa75108baa3292_1,source_type=2d_layout|query_type=single_hop,1.0,1.0,0.0,0.0,0
435,0219b006cf0a2d4116f8163f9faa75108baa3292_2,source_type=2d_layout|query_type=multi_hop,1.0,1.0,0.0,0.0,0
436,0219b006cf0a2d4116f8163f9faa75108baa3292_3,source_type=2d_layout|query_type=multi_hop,1.0,1.0,0.0,0.0,0
437,022f9e5d533ac8ccc613bfb3a0797a09f38ce256_0,source_type=2d_layout|query_type=multi_hop,1.0,1.0,0.0,0.0,0
438,022f9e5d533ac8ccc613bfb3a0797a09f38ce256_1,source_type=2d_layout|query_type=multi_hop,1.0,1.0,0.0,0.0,0
439,022f9e5d533ac8ccc613bfb3a0797a09f38ce256_2,source_type=2d_layout|query_type=multi_hop,0.6309297535714575,0.6309297535714575,0.0,0.36907024642854247,1
440,022f9e5d533ac8ccc613bfb3a0797a09f38ce256_3,source_type=2d_layout|query_type=multi_hop,0.6309297535714575,0.6309297535714575,0.0,0.36907024642854247,2
441,0234bac525e1d4114cdf7c833a6682a406d038c2_0,source_type=2d_layout|query_type=multi_hop,1.0,1.0,0.0,0.0,0
442,0234bac525e1d4114cdf7c833a6682a406d038c2_1,source_type=2d_layout|query_type=single_hop,0.6309297535714575,0.6309297535714575,0.0,0.36907024642854247,0
443,0234bac525e1d4114cdf7c833a6682a406d038c2_2,source_type=2d_layout|query_type=single_hop,1.0,1.0,0.0,0.0,0
444,0234bac525e1d4114cdf7c833a6682a406d038c2_3,source_type=text|query_type=single_hop,0.6309297535714575,0.6309297535714575,0.0,0.36907024642854247,0
445,023ac0d5e5bb44d48aae7eeddbf102ec6a8064aa_0,source_type=2d_layout|query_type=single_hop,1.0,1.0,0.0,0.0,0
446,023ac0d5e5bb44d48aae7eeddbf102ec6a8064aa_1,source_type=2d_layout|query_type=single_hop,0.5,0.5,0.0,0.5,2
447,023ac0d5e5bb44d48aae7eeddbf102ec6a8064aa_2,source_type=2d_layout|query_type=single_hop,0.0,0.0,0.0,1.0,0
448,023ac0d5e5bb44d48aae7eeddbf102ec6a8064aa_3,source_type=2d_layout|query_type=single_hop,0.0,0.0,0.0,1.0,0
449,023d52557a93b35d8c8f4d409acc3c699b5afc4a_0,source_type=2d_layout|query_type=multi_hop,1.0,1.0,0.0,0.0,2
450,023d52557a93b35d8c8f4d409acc3c699b5afc4a_1,source_type=2d_layout|query_type=single_hop,0.43067655807339306,0.43067655807339306,0.0,0.5693234419266069,2
451,023d52557a93b35d8c8f4d409acc3c699b5afc4a_2,source_type=2d_layout|query_type=single_hop,1.0,1.0,0.0,0.0,1
452,023d52557a93b35d8c8f4d409acc3c699b5afc4a_3,source_type=2d_layout|query_type=single_hop,1.0,1.0,0.0,0.0,2
453,0258acc3a8560dbfd515a78c429125106f29abf3_0,source_type=2d_layout|query_type=single_hop,0.6309297535714575,1.0,0.36907024642854247,0.0,1
454,0258acc3a8560dbfd515a78c429125106f29abf3_1,source_type=chart|query_type=single_hop,1.0,1.0,0.0,0.0,0
455,0258acc3a8560dbfd515a78c429125106f29abf3_2,source_type=chart|query_type=multi_hop,1.0,1.0,0.0,0.0,1
456,025d01d4a3c6f6f9930d7188dc1dd779773c109d_1,source_type=table|query_type=multi_hop,1.0,1.0,0.0,0.0,1
457,025d01d4a3c6f6f9930d7188dc1dd779773c109d_2,source_type=table|query_type=multi_hop,0.6309297535714575,1.0,0.36907024642854247,0.0,0
458,025d29820e87212c70835c906ec824ed69687b11_0,source_type=2d_layout|query_type=multi_hop,1.0,1.0,0.0,0.0,2
459,025d29820e87212c70835c906ec824ed69687b11_1,source_type=2d_layout|query_type=multi_hop,1.0,1.0,0.0,0.0,0
460,025d29820e87212c70835c906ec824ed69687b11_2,source_type=2d_layout|query_type=multi_hop,0.6309297535714575,1.0,0.36907024642854247,0.0,1
461,025d29820e87212c70835c906ec824ed69687b11_3,source_type=2d_layout|query_type=multi_hop,1.0,1.0,0.0,0.0,1
462,02702d83f1a8d89b600baac8da0a8076e862f3b0_0,source_type=2d_layout|query_type=single_hop,1.0,1.0,0.0,0.0,0
463,02702d83f1a8d89b600baac8da0a8076e862f3b0_1,source_type=2d_layout|query_type=single_hop,1.0,1.0,0.0,0.0,0
464,02702d83f1a8d89b600baac8da0a8076e862f3b0_2,source_type=chart|query_type=multi_hop,1.0,1.0,0.0,0.0,0
465,02702d83f1a8d89b600baac8da0a8076e862f3b0_3,source_type=chart|query_type=multi_hop,1.0,1.0,0.0,0.0,0
466,027dee01b7aced677eb5093c754ebad82a89015d_0,source_type=chart|query_type=single_hop,0.0,0.0,0.0,1.0,0
467,027dee01b7aced677eb5093c754ebad82a89015d_1,source_type=chart|query_type=single_hop,0.0,0.0,0.0,1.0,0
468,027fc5feacb59ded7d660a1aaccc343994d349cb_0,source_type=2d_layout|query_type=single_hop,0.6309297535714575,0.6309297535714575,0.0,0.36907024642854247,0
469,027fc5feacb59ded7d660a1aaccc343994d349cb_1,source_type=2d_layout|query_type=single_hop,1.0,1.0,0.0,0.0,2
470,027fc5feacb59ded7d660a1aaccc343994d349cb_2,source_type=text|query_type=single_hop,0.5,0.6309297535714575,0.13092975357145753,0.36907024642854247,1
471,02862397eb1a6a6a9011506457d8f88d48654cab_0,source_type=2d_layout|query_type=single_hop,1.0,1.0,0.0,0.0,2
472,02862397eb1a6a6a9011506457d8f88d48654cab_1,source_type=2d_layout|query_type=single_hop,1.0,1.0,0.0,0.0,2
473,02862397eb1a6a6a9011506457d8f88d48654cab_2,source_type=2d_layout|query_type=single_hop,1.0,1.0,0.0,0.0,2
474,02862397eb1a6a6a9011506457d8f88d48654cab_3,source_type=2d_layout|query_type=single_hop,1.0,1.0,0.0,0.0,2
475,02862397eb1a6a6a9011506457d8f88d48654cab_4,source_type=2d_layout|query_type=single_hop,1.0,1.0,0.0,0.0,2
476,02901905b0dca6b415e8c505be07cb53224d619a_0,source_type=2d_layout|query_type=multi_hop,0.6309297535714575,1.0,0.36907024642854247,0.0,1
477,02901905b0dca6b415e8c505be07cb53224d619a_1,source_type=2d_layout|query_type=multi_hop,1.0,1.0,0.0,0.0,0
478,02901905b0dca6b415e8c505be07cb53224d619a_2,source_type=chart|query_type=single_hop,0.3333333333333333,0.3333333333333333,0.0,0.6666666666666667,0
479,02901905b0dca6b415e8c505be07cb53224d619a_3,source_type=chart|query_type=multi_hop,1.0,1.0,0.0,0.0,0
480,02930e06acb93ef2bb4e11c0e1f4677ee25e1aa9_0,source_type=2d_layout|query_type=single_hop,1.0,1.0,0.0,0.0,0
481,02930e06acb93ef2bb4e11c0e1f4677ee25e1aa9_1,source_type=2d_layout|query_type=multi_hop,1.0,1.0,0.0,0.0,0
482,02930e06acb93ef2bb4e11c0e1f4677ee25e1aa9_2,source_type=2d_layout|query_type=multi_hop,1.0,1.0,0.0,0.0,0
483,02930e06acb93ef2bb4e11c0e1f4677ee25e1aa9_3,source_type=2d_layout|query_type=single_hop,0.6309297535714575,0.6309297535714575,0.0,0.36907024642854247,0
484,0295f1ca960d29e2327e90a848235693d965d308_0,source_type=2d_layout|query_type=single_hop,1.0,1.0,0.0,0.0,0
485,0295f1ca960d29e2327e90a848235693d965d308_1,source_type=table|query_type=multi_hop,1.0,1.0,0.0,0.0,2
486,0295f1ca960d29e2327e90a848235693d965d308_2,source_type=2d_layout|query_type=single_hop,1.0,1.0,0.0,0.0,0
487,029a9ea8732b9dbbba9057e52120245f00770c1b_0,source_type=table|query_type=multi_hop,1.0,1.0,0.0,0.0,0
488,029a9ea8732b9dbbba9057e52120245f00770c1b_1,source_type=2d_layout|query_type=multi_hop,1.0,1.0,0.0,0.0,0
489,029bee9c16e36444109f4e8e4eedf938e6b1c170_0,source_type=2d_layout|query_type=single_hop,1.0,1.0,0.0,0.0,2
490,029bee9c16e36444109f4e8e4eedf938e6b1c170_1,source_type=2d_layout|query_type=single_hop,1.0,1.0,0.0,0.0,0
491,029bee9c16e36444109f4e8e4eedf938e6b1c170_2,source_type=text|query_type=single_hop,1.0,1.0,0.0,0.0,2
492,029c4114f7ca1441b6c2ece43413d9dbbdba61b2_0,source_type=2d_layout|query_type=single_hop,0.5,0.5,0.0,0.5,1
493,029c4114f7ca1441b6c2ece43413d9dbbdba61b2_1,source_type=2d_layout|query_type=single_hop,0.6309297535714575,0.6309297535714575,0.0,0.36907024642854247,2
494,029c4114f7ca1441b6c2ece43413d9dbbdba61b2_2,source_type=text|query_type=multi_hop,1.0,1.0,0.0,0.0,0
495,02a5b57a4c7a9cab3f280da70bf789ac74dfdc23_0,source_type=table|query_type=multi_hop,1.0,1.0,0.0,0.0,0
496,02a5b57a4c7a9cab3f280da70bf789ac74dfdc23_1,source_type=table|query_type=multi_hop,1.0,1.0,0.0,0.0,0
497,02a5b57a4c7a9cab3f280da70bf789ac74dfdc23_2,source_type=table|query_type=multi_hop,1.0,1.0,0.0,0.0,0
498,02a5b57a4c7a9cab3f280da70bf789ac74dfdc23_3,source_type=table|query_type=multi_hop,1.0,1.0,0.0,0.0,0
499,02c05ed2ea23546d0df9449c70dcaa41103a240c_0,source_type=2d_layout|query_type=multi_hop,0.31546487678572877,0.31546487678572877,0.0,0.6845351232142712,1
500,02c05ed2ea23546d0df9449c70dcaa41103a240c_1,source_type=2d_layout|query_type=multi_hop,1.0,1.0,0.0,0.0,1
501,02c05ed2ea23546d0df9449c70dcaa41103a240c_2,source_type=chart|query_type=multi_hop,1.0,1.0,0.0,0.0,0
502,02c05ed2ea23546d0df9449c70dcaa41103a240c_3,source_type=chart|query_type=multi_hop,1.0,1.0,0.0,0.0,1
503,02d59c632786097daf539c0e1c249dece29d678c_0,source_type=2d_layout|query_type=single_hop,0.6309297535714575,1.0,0.36907024642854247,0.0,5
504,02d59c632786097daf539c0e1c249dece29d678c_1,source_type=2d_layout|query_type=single_hop,1.0,1.0,0.0,0.0,0
505,02d59c632786097daf539c0e1c249dece29d678c_2,source_type=2d_layout|query_type=single_hop,1.0,1.0,0.0,0.0,0
506,02d59c632786097daf539c0e1c249dece29d678c_3,source_type=2d_layout|query_type=single_hop,1.0,1.0,0.0,0.0,2
507,02d9d6c3d872469119ce9ff49442967c9209d1cd_0,source_type=2d_layout|query_type=multi_hop,1.0,1.0,0.0,0.0,0
508,02d9d6c3d872469119ce9ff49442967c9209d1cd_1,source_type=2d_layout|query_type=single_hop,1.0,1.0,0.0,0.0,0
509,02d9d6c3d872469119ce9ff49442967c9209d1cd_2,source_type=2d_layout|query_type=single_hop,1.0,1.0,0.0,0.0,0
510,02d9d6c3d872469119ce9ff49442967c9209d1cd_3,source_type=2d_layout|query_type=single_hop,1.0,1.0,0.0,0.0,0
511,02e22d6e970bef1b48efd32bf2a524c6bd3263c7_0,source_type=chart|query_type=multi_hop,1.0,1.0,0.0,0.0,0
512,02e22d6e970bef1b48efd32bf2a524c6bd3263c7_1,source_type=chart|query_type=multi_hop,1.0,1.0,0.0,0.0,0
513,02e22d6e970bef1b48efd32bf2a524c6bd3263c7_2,source_type=chart|query_type=multi_hop,1.0,1.0,0.0,0.0,0
514,02e22d6e970bef1b48efd32bf2a524c6bd3263c7_3,source_type=chart|query_type=multi_hop,1.0,1.0,0.0,0.0,0
515,02ea7667e98ee1f63c04b3e0ebbd765a4b14d3d6_0,source_type=2d_layout|query_type=single_hop,1.0,1.0,0.0,0.0,0
516,02ea7667e98ee1f63c04b3e0ebbd765a4b14d3d6_1,source_type=2d_layout|query_type=single_hop,1.0,1.0,0.0,0.0,2
517,02ea7667e98ee1f63c04b3e0ebbd765a4b14d3d6_2,source_type=2d_layout|query_type=single_hop,1.0,1.0,0.0,0.0,2
518,02ea7667e98ee1f63c04b3e0ebbd765a4b14d3d6_3,source_type=2d_layout|query_type=single_hop,1.0,1.0,0.0,0.0,0
519,02ec82b1931eb6533f83776d2f7adfb8c8054f3e_0,source_type=chart|query_type=multi_hop,1.0,1.0,0.0,0.0,0
520,02ec82b1931eb6533f83776d2f7adfb8c8054f3e_1,source_type=chart|query_type=multi_hop,1.0,1.0,0.0,0.0,0
521,02ec82b1931eb6533f83776d2f7adfb8c8054f3e_2,source_type=chart|query_type=multi_hop,1.0,1.0,0.0,0.0,0
522,02ec82b1931eb6533f83776d2f7adfb8c8054f3e_3,source_type=chart|query_type=multi_hop,1.0,1.0,0.0,0.0,0
523,02ec82b1931eb6533f83776d2f7adfb8c8054f3e_4,source_type=chart|query_type=single_hop,1.0,1.0,0.0,0.0,0
524,02ec82b1931eb6533f83776d2f7adfb8c8054f3e_5,source_type=2d_layout|query_type=single_hop,0.6309297535714575,1.0,0.36907024642854247,0.0,0
525,02f4660e0eab879402f28af77849e932758894d4_0,source_type=2d_layout|query_type=multi_hop,1.0,1.0,0.0,0.0,0
526,02f4660e0eab879402f28af77849e932758894d4_1,source_type=2d_layout|query_type=single_hop,1.0,1.0,0.0,0.0,0
527,02f4660e0eab879402f28af77849e932758894d4_2,source_type=2d_layout|query_type=multi_hop,1.0,1.0,0.0,0.0,0
528,02f4660e0eab879402f28af77849e932758894d4_3,source_type=2d_layout|query_type=multi_hop,1.0,1.0,0.0,0.0,2
529,02fad63af9e5d225ca97805a30691ac4da45871d_0,source_type=2d_layout|query_type=single_hop,1.0,1.0,0.0,0.0,0
530,02fad63af9e5d225ca97805a30691ac4da45871d_1,source_type=2d_layout|query_type=multi_hop,1.0,1.0,0.0,0.0,1
531,02fad63af9e5d225ca97805a30691ac4da45871d_2,source_type=table|query_type=multi_hop,1.0,1.0,0.0,0.0,1
532,02fad63af9e5d225ca97805a30691ac4da45871d_3,source_type=2d_layout|query_type=multi_hop,1.0,1.0,0.0,0.0,0
533,0309cdc068e3874daff521ef28a4cb8c4246eac0_0,source_type=2d_layout|query_type=single_hop,1.0,1.0,0.0,0.0,2
534,0309cdc068e3874daff521ef28a4cb8c4246eac0_1,source_type=2d_layout|query_type=single_hop,1.0,1.0,0.0,0.0,1
535,0309cdc068e3874daff521ef28a4cb8c4246eac0_2,source_type=2d_layout|query_type=multi_hop,1.0,1.0,0.0,0.0,0
536,0309cdc068e3874daff521ef28a4cb8c4246eac0_3,source_type=2d_layout|query_type=multi_hop,1.0,1.0,0.0,0.0,0
537,030dfed8672b1e949201e193e0fb7f1b909b620f_0,source_type=2d_layout|query_type=single_hop,1.0,1.0,0.0,0.0,0
538,030dfed8672b1e949201e193e0fb7f1b909b620f_1,source_type=2d_layout|query_type=multi_hop,1.0,1.0,0.0,0.0,0
539,030dfed8672b1e949201e193e0fb7f1b909b620f_2,source_type=2d_layout|query_type=single_hop,1.0,1.0,0.0,0.0,0
540,030dfed8672b1e949201e193e0fb7f1b909b620f_3,source_type=2d_layout|query_type=single_hop,0.38685280723454163,0.38685280723454163,0.0,0.6131471927654584,2
541,030f9aadf5213406f5bbb4ff47e0d1b2202ac3a4_0,source_type=chart|query_type=multi_hop,1.0,1.0,0.0,0.0,0
542,030f9aadf5213406f5bbb4ff47e0d1b2202ac3a4_1,source_type=chart|query_type=multi_hop,1.0,1.0,0.0,0.0,0
543,030f9aadf5213406f5bbb4ff47e0d1b2202ac3a4_2,source_type=table|query_type=multi_hop,1.0,1.0,0.0,0.0,0
544,030f9aadf5213406f5bbb4ff47e0d1b2202ac3a4_3,source_type=table|query_type=multi_hop,1.0,1.0,0.0,0.0,0
545,031271a581b8802789a540ffaeca23b68166195b_0,source_type=2d_layout|query_type=single_hop,1.0,1.0,0.0,0.0,2
546,031271a581b8802789a540ffaeca23b68166195b_1,source_type=chart|query_type=multi_hop,1.0,1.0,0.0,0.0,2
547,031271a581b8802789a540ffaeca23b68166195b_2,source_type=2d_layout|query_type=multi_hop,1.0,1.0,0.0,0.0,0
548,031271a581b8802789a540ffaeca23b68166195b_3,source_type=2d_layout|query_type=single_hop,1.0,1.0,0.0,0.0,0
549,031271a581b8802789a540ffaeca23b68166195b_4,source_type=2d_layout|query_type=multi_hop,1.0,1.0,0.0,0.0,0
550,031271a581b8802789a540ffaeca23b68166195b_5,source_type=table|query_type=single_hop,1.0,1.0,0.0,0.0,0
551,0315a7e099d0e42580d92d213ab9d201603934a8_0,source_type=2d_layout|query_type=single_hop,0.0,0.6309297535714575,0.6309297535714575,0.36907024642854247,0
552,0315a7e099d0e42580d92d213ab9d201603934a8_1,source_type=2d_layout|query_type=single_hop,0.6309297535714575,0.6309297535714575,0.0,0.36907024642854247,2
553,0315a7e099d0e42580d92d213ab9d201603934a8_2,source_type=2d_layout|query_type=single_hop,0.3010299956639812,0.6309297535714575,0.32989975790747633,0.36907024642854247,0
554,0315a7e099d0e42580d92d213ab9d201603934a8_3,source_type=chart|query_type=single_hop,1.0,1.0,0.0,0.0,2
555,03181f25690efd8f9d1f241a4cb9837db4ab9e20_0,source_type=2d_layout|query_type=multi_hop,1.0,1.0,0.0,0.0,1
556,03181f25690efd8f9d1f241a4cb9837db4ab9e20_2,source_type=2d_layout|query_type=single_hop,1.0,1.0,0.0,0.0,0
557,03181f25690efd8f9d1f241a4cb9837db4ab9e20_3,source_type=2d_layout|query_type=single_hop,0.6309297535714575,0.6309297535714575,0.0,0.36907024642854247,0
558,031acfd29ec690ea84000b928b3da3b67e973a56_0,source_type=2d_layout|query_type=multi_hop,1.0,1.0,0.0,0.0,0
559,031acfd29ec690ea84000b928b3da3b67e973a56_1,source_type=2d_layout|query_type=single_hop,1.0,1.0,0.0,0.0,0
560,031acfd29ec690ea84000b928b3da3b67e973a56_2,source_type=chart|query_type=multi_hop,1.0,1.0,0.0,0.0,0
561,031acfd29ec690ea84000b928b3da3b67e973a56_3,source_type=2d_layout|query_type=single_hop,1.0,1.0,0.0,0.0,0
562,031b2c2942ecd6ac2726e23505aeddb4314b7392_0,source_type=2d_layout|query_type=single_hop,0.43067655807339306,1.0,0.5693234419266069,0.0,0
563,031b2c2942ecd6ac2726e23505aeddb4314b7392_1,source_type=2d_layout|query_type=single_hop,1.0,1.0,0.0,0.0,0
564,031b2c2942ecd6ac2726e23505aeddb4314b7392_2,source_type=chart|query_type=single_hop,1.0,1.0,0.0,0.0,2
565,031b2c2942ecd6ac2726e23505aeddb4314b7392_3,source_type=table|query_type=multi_hop,1.0,1.0,0.0,0.0,0
566,031b2c2942ecd6ac2726e23505aeddb4314b7392_4,source_type=chart|query_type=multi_hop,1.0,1.0,0.0,0.0,0
567,031b2c2942ecd6ac2726e23505aeddb4314b7392_5,source_type=2d_layout|query_type=single_hop,0.6309297535714575,0.6309297535714575,0.0,0.36907024642854247,0
568,031b7b7d18c37c9bc134212f6ccf7bac1f06e606_0,source_type=2d_layout|query_type=multi_hop,1.0,1.0,0.0,0.0,0
569,031b7b7d18c37c9bc134212f6ccf7bac1f06e606_1,source_type=2d_layout|query_type=multi_hop,1.0,1.0,0.0,0.0,0
570,031b7b7d18c37c9bc134212f6ccf7bac1f06e606_2,source_type=chart|query_type=multi_hop,1.0,1.0,0.0,0.0,0
571,031b7b7d18c37c9bc134212f6ccf7bac1f06e606_3,source_type=2d_layout|query_type=single_hop,1.0,1.0,0.0,0.0,1
572,031b7b7d18c37c9bc134212f6ccf7bac1f06e606_4,source_type=chart|query_type=multi_hop,1.0,1.0,0.0,0.0,1
573,031c0c13ba27809088357fd6cc8dfd5f79d5d5c5_0,source_type=2d_layout|query_type=single_hop,0.6309297535714575,0.6309297535714575,0.0,0.36907024642854247,0
574,031c0c13ba27809088357fd6cc8dfd5f79d5d5c5_1,source_type=2d_layout|query_type=single_hop,0.6309297535714575,0.6309297535714575,0.0,0.36907024642854247,0
575,031c0c13ba27809088357fd6cc8dfd5f79d5d5c5_2,source_type=text|query_type=single_hop,1.0,1.0,0.0,0.0,1
576,031c0c13ba27809088357fd6cc8dfd5f79d5d5c5_3,source_type=2d_layout|query_type=single_hop,1.0,1.0,0.0,0.0,0
577,031e852a852b2ca2fd7f646ece8d87d8d552ac94_0,source_type=2d_layout|query_type=single_hop,1.0,1.0,0.0,0.0,0
578,031e852a852b2ca2fd7f646ece8d87d8d552ac94_1,source_type=text|query_type=single_hop,0.3562071871080222,0.43067655807339306,0.07446937096537087,0.5693234419266069,0
579,031e852a852b2ca2fd7f646ece8d87d8d552ac94_2,source_type=2d_layout|query_type=multi_hop,1.0,1.0,0.0,0.0,2
580,031fea85e1f8e5802aa7e0eb796ee3df76837872_0,source_type=2d_layout|query_type=multi_hop,0.6309297535714575,1.0,0.36907024642854247,0.0,1
581,031fea85e1f8e5802aa7e0eb796ee3df76837872_1,source_type=2d_layout|query_type=multi_hop,0.6309297535714575,1.0,0.36907024642854247,0.0,0
582,031fea85e1f8e5802aa7e0eb796ee3df76837872_2,source_type=2d_layout|query_type=multi_hop,1.0,1.0,0.0,0.0,0
583,03244446f5499b38d84fb09e3ba09f995eb0692a_0,source_type=2d_layout|query_type=single_hop,1.0,1.0,0.0,0.0,0
584,03244446f5499b38d84fb09e3ba09f995eb0692a_1,source_type=chart|query_type=multi_hop,1.0,1.0,0.0,0.0,0
585,03244446f5499b38d84fb09e3ba09f995eb0692a_2,source_type=chart|query_type=multi_hop,1.0,1.0,0.0,0.0,0
586,03244446f5499b38d84fb09e3ba09f995eb0692a_3,source_type=chart|query_type=multi_hop,1.0,1.0,0.0,0.0,0
587,032581d016eb696657d7cbc94adeb2d1451e3f3a_0,source_type=2d_layout|query_type=single_hop,0.38685280723454163,0.38685280723454163,0.0,0.6131471927654584,1
588,032581d016eb696657d7cbc94adeb2d1451e3f3a_1,source_type=2d_layout|query_type=single_hop,0.6309297535714575,0.6309297535714575,0.0,0.36907024642854247,2
589,032581d016eb696657d7cbc94adeb2d1451e3f3a_2,source_type=table|query_type=multi_hop,1.0,1.0,0.0,0.0,0
590,032581d016eb696657d7cbc94adeb2d1451e3f3a_3,source_type=table|query_type=multi_hop,1.0,1.0,0.0,0.0,0
591,0325f2543fd5aa5598d96e475cebc6135842f554_0,source_type=2d_layout|query_type=single_hop,1.0,1.0,0.0,0.0,0
592,0325f2543fd5aa5598d96e475cebc6135842f554_1,source_type=text|query_type=single_hop,0.43067655807339306,1.0,0.5693234419266069,0.0,0
593,0325f2543fd5aa5598d96e475cebc6135842f554_2,source_type=2d_layout|query_type=single_hop,1.0,1.0,0.0,0.0,0
594,0325f2543fd5aa5598d96e475cebc6135842f554_3,source_type=2d_layout|query_type=single_hop,1.0,1.0,0.0,0.0,0
595,0326d17c46b12ae5a6621ac965080b97824083dc_0,source_type=text|query_type=multi_hop,1.0,1.0,0.0,0.0,2
596,0326d17c46b12ae5a6621ac965080b97824083dc_1,source_type=2d_layout|query_type=single_hop,1.0,1.0,0.0,0.0,0
597,0326d17c46b12ae5a6621ac965080b97824083dc_2,source_type=2d_layout|query_type=single_hop,1.0,1.0,0.0,0.0,0
598,0326d17c46b12ae5a6621ac965080b97824083dc_3,source_type=2d_layout|query_type=multi_hop,1.0,1.0,0.0,0.0,1
599,032c88c2530df468cd1180a3313ebf4707f9b2f1_0,source_type=chart|query_type=multi_hop,1.0,1.0,0.0,0.0,0
600,032c88c2530df468cd1180a3313ebf4707f9b2f1_1,source_type=2d_layout|query_type=multi_hop,1.0,1.0,0.0,0.0,0
601,032c88c2530df468cd1180a3313ebf4707f9b2f1_2,source_type=2d_layout|query_type=single_hop,1.0,1.0,0.0,0.0,2
602,032c88c2530df468cd1180a3313ebf4707f9b2f1_3,source_type=2d_layout|query_type=single_hop,0.6309297535714575,0.6309297535714575,0.0,0.36907024642854247,2
603,032c88c2530df468cd1180a3313ebf4707f9b2f1_4,source_type=2d_layout|query_type=multi_hop,1.0,1.0,0.0,0.0,1
604,0330f7d99a9decfb3453a864ae658b4e8185a992_0,source_type=2d_layout|query_type=single_hop,0.6309297535714575,0.6309297535714575,0.0,0.36907024642854247,0
605,0330f7d99a9decfb3453a864ae658b4e8185a992_1,source_type=2d_layout|query_type=single_hop,0.6309297535714575,0.6309297535714575,0.0,0.36907024642854247,0
606,0330f7d99a9decfb3453a864ae658b4e8185a992_2,source_type=2d_layout|query_type=single_hop,1.0,1.0,0.0,0.0,0
607,0330f7d99a9decfb3453a864ae658b4e8185a992_3,source_type=2d_layout|query_type=single_hop,1.0,1.0,0.0,0.0,2
608,0333acd34369002c5edea3756ab6564959a4501e_0,source_type=chart|query_type=multi_hop,1.0,1.0,0.0,0.0,0
609,0333acd34369002c5edea3756ab6564959a4501e_1,source_type=chart|query_type=multi_hop,1.0,1.0,0.0,0.0,0
610,0333acd34369002c5edea3756ab6564959a4501e_2,source_type=2d_layout|query_type=single_hop,0.43067655807339306,1.0,0.5693234419266069,0.0,1
611,0333acd34369002c5edea3756ab6564959a4501e_3,source_type=2d_layout|query_type=single_hop,1.0,1.0,0.0,0.0,0
612,03342a0175f5314185dece3b8f2777f36759bf4c_0,source_type=text|query_type=single_hop,0.43067655807339306,0.6309297535714575,0.20025319549806447,0.36907024642854247,1
613,03342a0175f5314185dece3b8f2777f36759bf4c_1,source_type=2d_layout|query_type=single_hop,1.0,1.0,0.0,0.0,0
614,03377aa7680d54b29304cb427153ab26facda5ec_0,source_type=2d_layout|query_type=single_hop,1.0,1.0,0.0,0.0,2
615,03377aa7680d54b29304cb427153ab26facda5ec_1,source_type=2d_layout|query_type=single_hop,0.5,0.5,0.0,0.5,2
616,03377aa7680d54b29304cb427153ab26facda5ec_2,source_type=2d_layout|query_type=multi_hop,1.0,1.0,0.0,0.0,0
617,03377aa7680d54b29304cb427153ab26facda5ec_3,source_type=2d_layout|query_type=single_hop,0.0,0.0,0.0,1.0,0
618,03379bd7e36465b4632439f8dad4beae1459b9fe_0,source_type=2d_layout|query_type=single_hop,1.0,1.0,0.0,0.0,2
619,03379bd7e36465b4632439f8dad4beae1459b9fe_1,source_type=2d_layout|query_type=single_hop,1.0,1.0,0.0,0.0,2
620,03379bd7e36465b4632439f8dad4beae1459b9fe_2,source_type=table|query_type=multi_hop,1.0,1.0,0.0,0.0,2
621,03379bd7e36465b4632439f8dad4beae1459b9fe_3,source_type=table|query_type=multi_hop,1.0,1.0,0.0,0.0,2
622,033ca8a1636d5112160d47897b766462c4993823_0,source_type=2d_layout|query_type=single_hop,0.38685280723454163,0.5,0.11314719276545837,0.5,0
623,033ca8a1636d5112160d47897b766462c4993823_1,source_type=2d_layout|query_type=single_hop,1.0,1.0,0.0,0.0,0
624,033ca8a1636d5112160d47897b766462c4993823_2,source_type=2d_layout|query_type=single_hop,1.0,1.0,0.0,0.0,0
625,033ca8a1636d5112160d47897b766462c4993823_3,source_type=2d_layout|query_type=single_hop,1.0,1.0,0.0,0.0,0
626,033e2499e1186982a8c8e06254bf19c2005e89c9_0,source_type=2d_layout|query_type=single_hop,1.0,1.0,0.0,0.0,2
627,033e2499e1186982a8c8e06254bf19c2005e89c9_1,source_type=2d_layout|query_type=single_hop,1.0,1.0,0.0,0.0,0
628,033e2499e1186982a8c8e06254bf19c2005e89c9_2,source_type=2d_layout|query_type=single_hop,0.6309297535714575,1.0,0.36907024642854247,0.0,4
629,033e2499e1186982a8c8e06254bf19c2005e89c9_4,source_type=table|query_type=multi_hop,1.0,1.0,0.0,0.0,0
630,0340dd45e8c17379a5bddf87dd535c18ec0d6993_0,source_type=2d_layout|query_type=single_hop,0.5,0.6309297535714575,0.13092975357145753,0.36907024642854247,5
631,0340dd45e8c17379a5bddf87dd535c18ec0d6993_1,source_type=2d_layout|query_type=single_hop,1.0,1.0,0.0,0.0,1
632,0340dd45e8c17379a5bddf87dd535c18ec0d6993_2,source_type=table|query_type=multi_hop,1.0,1.0,0.0,0.0,2
633,0340dd45e8c17379a5bddf87dd535c18ec0d6993_3,source_type=table|query_type=multi_hop,0.43067655807339306,0.5,0.06932344192660694,0.5,5
634,0345fadb95b0749d09c43c09cd2867fdaa8914e4_0,source_type=2d_layout|query_type=multi_hop,1.0,1.0,0.0,0.0,0
635,0345fadb95b0749d09c43c09cd2867fdaa8914e4_1,source_type=chart|query_type=multi_hop,1.0,1.0,0.0,0.0,2
636,0345fadb95b0749d09c43c09cd2867fdaa8914e4_2,source_type=text|query_type=single_hop,1.0,1.0,0.0,0.0,2
637,034a1a1dd2c6d0d58c3c9c95754f33fd786527a1_0,source_type=2d_layout|query_type=single_hop,1.0,1.0,0.0,0.0,2
638,034a1a1dd2c6d0d58c3c9c95754f33fd786527a1_1,source_type=2d_layout|query_type=single_hop,1.0,1.0,0.0,0.0,0
639,034a1a1dd2c6d0d58c3c9c95754f33fd786527a1_2,source_type=2d_layout|query_type=single_hop,1.0,1.0,0.0,0.0,0
640,034a1a1dd2c6d0d58c3c9c95754f33fd786527a1_3,source_type=2d_layout|query_type=single_hop,1.0,1.0,0.0,0.0,0
641,03500be8791067ef26bfcd24c65d3cee9c9eb741_0,source_type=2d_layout|query_type=single_hop,1.0,1.0,0.0,0.0,0
642,03500be8791067ef26bfcd24c65d3cee9c9eb741_1,source_type=table|query_type=multi_hop,1.0,1.0,0.0,0.0,0
643,03500be8791067ef26bfcd24c65d3cee9c9eb741_2,source_type=2d_layout|query_type=single_hop,1.0,1.0,0.0,0.0,2
644,03500be8791067ef26bfcd24c65d3cee9c9eb741_3,source_type=2d_layout|query_type=single_hop,1.0,1.0,0.0,0.0,1
645,035014aaf996fa3b7f8b099068e31c6550a9b19d_0,source_type=2d_layout|query_type=single_hop,0.5,0.5,0.0,0.5,0
646,035014aaf996fa3b7f8b099068e31c6550a9b19d_1,source_type=2d_layout|query_type=single_hop,1.0,1.0,0.0,0.0,0
647,035014aaf996fa3b7f8b099068e31c6550a9b19d_2,source_type=chart|query_type=multi_hop,1.0,1.0,0.0,0.0,1
648,035014aaf996fa3b7f8b099068e31c6550a9b19d_3,source_type=chart|query_type=multi_hop,1.0,1.0,0.0,0.0,1
649,0352bcc00aac47f10ce9a8ef5678ebc1d5b5b22c_0,source_type=text|query_type=single_hop,1.0,1.0,0.0,0.0,0
650,0352bcc00aac47f10ce9a8ef5678ebc1d5b5b22c_1,source_type=text|query_type=single_hop,1.0,1.0,0.0,0.0,2
651,03531d8790adc2cf7d0d656abefc3e334918687c_0,source_type=text|query_type=single_hop,0.5,0.5,0.0,0.5,1
652,03531d8790adc2cf7d0d656abefc3e334918687c_1,source_type=table|query_type=single_hop,1.0,1.0,0.0,0.0,2
653,03531d8790adc2cf7d0d656abefc3e334918687c_2,source_type=table|query_type=single_hop,1.0,1.0,0.0,0.0,1
654,035347b19e84d7aa4af1636ab7dfc7cc26def123_0,source_type=2d_layout|query_type=multi_hop,1.0,1.0,0.0,0.0,0
655,035347b19e84d7aa4af1636ab7dfc7cc26def123_1,source_type=2d_layout|query_type=single_hop,1.0,1.0,0.0,0.0,0
656,035347b19e84d7aa4af1636ab7dfc7cc26def123_2,source_type=chart|query_type=multi_hop,1.0,1.0,0.0,0.0,0
657,035347b19e84d7aa4af1636ab7dfc7cc26def123_3,source_type=2d_layout|query_type=multi_hop,1.0,1.0,0.0,0.0,0
658,035b9550b3330f2c24630a5f8efa2cd8c252c261_0,source_type=2d_layout|query_type=single_hop,0.6309297535714575,0.6309297535714575,0.0,0.36907024642854247,2
659,035b9550b3330f2c24630a5f8efa2cd8c252c261_1,source_type=2d_layout|query_type=single_hop,0.6309297535714575,0.6309297535714575,0.0,0.36907024642854247,1
660,035b9550b3330f2c24630a5f8efa2cd8c252c261_2,source_type=2d_layout|query_type=single_hop,1.0,1.0,0.0,0.0,0
661,035b9550b3330f2c24630a5f8efa2cd8c252c261_3,source_type=2d_layout|query_type=single_hop,0.5,0.5,0.0,0.5,2
662,035c9daea16dcaf9461e25a45e357a9a0db39da5_0,source_type=2d_layout|query_type=single_hop,1.0,1.0,0.0,0.0,0
663,035c9daea16dcaf9461e25a45e357a9a0db39da5_1,source_type=2d_layout|query_type=single_hop,1.0,1.0,0.0,0.0,2
664,035c9daea16dcaf9461e25a45e357a9a0db39da5_2,source_type=table|query_type=multi_hop,1.0,1.0,0.0,0.0,0
665,035c9daea16dcaf9461e25a45e357a9a0db39da5_3,source_type=2d_layout|query_type=single_hop,0.6309297535714575,1.0,0.36907024642854247,0.0,1
666,035c9daea16dcaf9461e25a45e357a9a0db39da5_4,source_type=2d_layout|query_type=single_hop,1.0,1.0,0.0,0.0,1
667,035c9daea16dcaf9461e25a45e357a9a0db39da5_5,source_type=table|query_type=multi_hop,1.0,1.0,0.0,0.0,0
668,035f079d15c6f57a75bb44fb68bc36f31d963c5f_0,source_type=chart|query_type=multi_hop,1.0,1.0,0.0,0.0,2
669,035f079d15c6f57a75bb44fb68bc36f31d963c5f_1,source_type=chart|query_type=multi_hop,1.0,1.0,0.0,0.0,2
670,035f079d15c6f57a75bb44fb68bc36f31d963c5f_2,source_type=chart|query_type=single_hop,1.0,1.0,0.0,0.0,2
671,035f079d15c6f57a75bb44fb68bc36f31d963c5f_3,source_type=2d_layout|query_type=single_hop,1.0,1.0,0.0,0.0,2
672,035f7ae44821cbb6191454cffc3a81cbc5cfc9d5_0,source_type=2d_layout|query_type=single_hop,1.0,1.0,0.0,0.0,1
673,035f7ae44821cbb6191454cffc3a81cbc5cfc9d5_1,source_type=2d_layout|query_type=single_hop,1.0,1.0,0.0,0.0,2
674,035f7ae44821cbb6191454cffc3a81cbc5cfc9d5_2,source_type=table|query_type=single_hop,0.6309297535714575,0.6309297535714575,0.0,0.36907024642854247,1
675,035f7ae44821cbb6191454cffc3a81cbc5cfc9d5_3,source_type=2d_layout|query_type=single_hop,0.6309297535714575,0.6309297535714575,0.0,0.36907024642854247,2
676,035f7ae44821cbb6191454cffc3a81cbc5cfc9d5_4,source_type=2d_layout|query_type=single_hop,0.43067655807339306,0.43067655807339306,0.0,0.5693234419266069,2
677,0360cec043c089361d69db8a983dde56d21f8c42_0,source_type=2d_layout|query_type=single_hop,0.5,0.5,0.0,0.5,2
678,0360cec043c089361d69db8a983dde56d21f8c42_1,source_type=2d_layout|query_type=single_hop,0.43067655807339306,0.43067655807339306,0.0,0.5693234419266069,2
679,0360cec043c089361d69db8a983dde56d21f8c42_2,source_type=2d_layout|query_type=multi_hop,0.5,0.5,0.0,0.5,2
680,0360cec043c089361d69db8a983dde56d21f8c42_3,source_type=2d_layout|query_type=multi_hop,1.0,1.0,0.0,0.0,2
681,0360cec043c089361d69db8a983dde56d21f8c42_4,source_type=2d_layout|query_type=single_hop,0.43067655807339306,0.43067655807339306,0.0,0.5693234419266069,2
682,0362524caefe112f57cbfa547ad8a1b3be756e08_0,source_type=table|query_type=single_hop,1.0,1.0,0.0,0.0,1
683,0362524caefe112f57cbfa547ad8a1b3be756e08_1,source_type=table|query_type=multi_hop,1.0,1.0,0.0,0.0,0
684,0362524caefe112f57cbfa547ad8a1b3be756e08_2,source_type=2d_layout|query_type=multi_hop,0.6309297535714575,1.0,0.36907024642854247,0.0,1
685,0362524caefe112f57cbfa547ad8a1b3be756e08_3,source_type=table|query_type=multi_hop,1.0,1.0,0.0,0.0,2
686,036d37910cd4b143a98986f1facbe9d84f7e6ca3_0,source_type=2d_layout|query_type=single_hop,1.0,1.0,0.0,0.0,1
687,036d37910cd4b143a98986f1facbe9d84f7e6ca3_1,source_type=2d_layout|query_type=multi_hop,1.0,1.0,0.0,0.0,2
688,036d37910cd4b143a98986f1facbe9d84f7e6ca3_2,source_type=chart|query_type=multi_hop,1.0,1.0,0.0,0.0,0
689,03712a39c4aac9d622685456983c12257318df02_0,source_type=chart|query_type=multi_hop,1.0,1.0,0.0,0.0,2
690,03712a39c4aac9d622685456983c12257318df02_1,source_type=chart|query_type=multi_hop,1.0,1.0,0.0,0.0,0
691,03712a39c4aac9d622685456983c12257318df02_2,source_type=chart|query_type=multi_hop,1.0,1.0,0.0,0.0,2
692,03712a39c4aac9d622685456983c12257318df02_3,source_type=chart|query_type=multi_hop,1.0,1.0,0.0,0.0,0
693,0372940bfd53ea56cbc58ca8db8bf0d3141a467c_0,source_type=2d_layout|query_type=single_hop,0.3333333333333333,0.5,0.16666666666666669,0.5,1
694,0372940bfd53ea56cbc58ca8db8bf0d3141a467c_1,source_type=2d_layout|query_type=single_hop,1.0,1.0,0.0,0.0,0
695,0372940bfd53ea56cbc58ca8db8bf0d3141a467c_2,source_type=2d_layout|query_type=single_hop,1.0,1.0,0.0,0.0,0
696,0372940bfd53ea56cbc58ca8db8bf0d3141a467c_3,source_type=2d_layout|query_type=single_hop,1.0,1.0,0.0,0.0,2
697,037565607baae0e594a768a081618926ef9d5658_0,source_type=2d_layout|query_type=multi_hop,0.6309297535714575,0.6309297535714575,0.0,0.36907024642854247,0
698,037565607baae0e594a768a081618926ef9d5658_1,source_type=2d_layout|query_type=single_hop,1.0,1.0,0.0,0.0,2
699,037565607baae0e594a768a081618926ef9d5658_2,source_type=2d_layout|query_type=single_hop,0.6309297535714575,0.6309297535714575,0.0,0.36907024642854247,0
700,03765e5f537e4f64bf9295e169360c99129f873d_0,source_type=text|query_type=single_hop,1.0,1.0,0.0,0.0,1
701,0377538b0b6ca5779ea310917023c144c642ae6d_0,source_type=2d_layout|query_type=multi_hop,1.0,1.0,0.0,0.0,1
702,0377538b0b6ca5779ea310917023c144c642ae6d_1,source_type=2d_layout|query_type=single_hop,1.0,1.0,0.0,0.0,0
703,0377538b0b6ca5779ea310917023c144c642ae6d_2,source_type=2d_layout|query_type=single_hop,1.0,1.0,0.0,0.0,0
704,0377538b0b6ca5779ea310917023c144c642ae6d_3,source_type=2d_layout|query_type=single_hop,0.6309297535714575,1.0,0.36907024642854247,0.0,1
705,0379df63b26382ced5647b1461294aeab1e3b44b_0,source_type=table|query_type=single_hop,1.0,1.0,0.0,0.0,0
706,0379df63b26382ced5647b1461294aeab1e3b44b_1,source_type=table|query_type=multi_hop,1.0,1.0,0.0,0.0,0
707,0379df63b26382ced5647b1461294aeab1e3b44b_2,source_type=2d_layout|query_type=single_hop,1.0,1.0,0.0,0.0,1
708,0379df63b26382ced5647b1461294aeab1e3b44b_3,source_type=2d_layout|query_type=single_hop,1.0,1.0,0.0,0.0,0
709,037ba95d73f98278bdb26c4fd691eb4f4a9a3646_0,source_type=2d_layout|query_type=single_hop,0.5,0.6309297535714575,0.13092975357145753,0.36907024642854247,0
710,037ba95d73f98278bdb26c4fd691eb4f4a9a3646_1,source_type=2d_layout|query_type=single_hop,1.0,1.0,0.0,0.0,0
711,037ba95d73f98278bdb26c4fd691eb4f4a9a3646_2,source_type=chart|query_type=multi_hop,1.0,1.0,0.0,0.0,0
712,037ba95d73f98278bdb26c4fd691eb4f4a9a3646_3,source_type=chart|query_type=multi_hop,1.0,1.0,0.0,0.0,0
713,0389183e3fe45615b4d7002823fac7fba892c63c_0,source_type=2d_layout|query_type=single_hop,1.0,1.0,0.0,0.0,0
714,0389183e3fe45615b4d7002823fac7fba892c63c_1,source_type=2d_layout|query_type=single_hop,1.0,1.0,0.0,0.0,0
715,0389183e3fe45615b4d7002823fac7fba892c63c_2,source_type=2d_layout|query_type=single_hop,1.0,1.0,0.0,0.0,0
716,0389183e3fe45615b4d7002823fac7fba892c63c_3,source_type=2d_layout|query_type=single_hop,1.0,1.0,0.0,0.0,2
717,0389183e3fe45615b4d7002823fac7fba892c63c_4,source_type=2d_layout|query_type=single_hop,0.43067655807339306,0.43067655807339306,0.0,0.5693234419266069,2
718,0389183e3fe45615b4d7002823fac7fba892c63c_5,source_type=2d_layout|query_type=single_hop,1.0,1.0,0.0,0.0,1
719,038c7d9e4cc19a5b729d9d2a7ca5b304e6756ea1_0,source_type=table|query_type=multi_hop,1.0,1.0,0.0,0.0,2
720,038c7d9e4cc19a5b729d9d2a7ca5b304e6756ea1_1,source_type=table|query_type=multi_hop,1.0,1.0,0.0,0.0,2
721,038c7d9e4cc19a5b729d9d2a7ca5b304e6756ea1_2,source_type=table|query_type=multi_hop,1.0,1.0,0.0,0.0,2
722,038c7d9e4cc19a5b729d9d2a7ca5b304e6756ea1_3,source_type=chart|query_type=multi_hop,0.43067655807339306,1.0,0.5693234419266069,0.0,1
723,0393238e281882c034559a1f3698aed1024cdd22_0,source_type=2d_layout|query_type=single_hop,0.6309297535714575,0.6309297535714575,0.0,0.36907024642854247,2
724,0393238e281882c034559a1f3698aed1024cdd22_1,source_type=2d_layout|query_type=single_hop,1.0,1.0,0.0,0.0,1
725,0393238e281882c034559a1f3698aed1024cdd22_2,source_type=2d_layout|query_type=single_hop,1.0,1.0,0.0,0.0,0
726,0393238e281882c034559a1f3698aed1024cdd22_3,source_type=text|query_type=multi_hop,1.0,1.0,0.0,0.0,0
727,039caf63aeb6da222d15063252e65f0feb2e2b91_0,source_type=text|query_type=single_hop,1.0,1.0,0.0,0.0,1
728,039caf63aeb6da222d15063252e65f0feb2e2b91_1,source_type=text|query_type=single_hop,1.0,1.0,0.0,0.0,1
729,039caf63aeb6da222d15063252e65f0feb2e2b91_2,source_type=text|query_type=single_hop,1.0,1.0,0.0,0.0,0
730,039caf63aeb6da222d15063252e65f0feb2e2b91_3,source_type=2d_layout|query_type=multi_hop,1.0,1.0,0.0,0.0,2
731,03a13137407ae65720369c919743d742ea048c00_0,source_type=2d_layout|query_type=single_hop,1.0,1.0,0.0,0.0,0
732,03a13137407ae65720369c919743d742ea048c00_1,source_type=2d_layout|query_type=single_hop,0.6309297535714575,0.6309297535714575,0.0,0.36907024642854247,2
733,03a13137407ae65720369c919743d742ea048c00_2,source_type=2d_layout|query_type=single_hop,1.0,1.0,0.0,0.0,1
734,03ac2db287f40c0e0e2a0dc8aea779ec9fe038ad_0,source_type=2d_layout|query_type=single_hop,1.0,1.0,0.0,0.0,2
735,03ac2db287f40c0e0e2a0dc8aea779ec9fe038ad_1,source_type=2d_layout|query_type=single_hop,0.6309297535714575,0.6309297535714575,0.0,0.36907024642854247,2
736,03ac2db287f40c0e0e2a0dc8aea779ec9fe038ad_2,source_type=2d_layout|query_type=single_hop,1.0,1.0,0.0,0.0,1
737,03ac2db287f40c0e0e2a0dc8aea779ec9fe038ad_3,source_type=2d_layout|query_type=multi_hop,1.0,1.0,0.0,0.0,0
738,03b3eb1e4b96a044ab30ce1c08f7b44447ed856f_0,source_type=2d_layout|query_type=single_hop,1.0,1.0,0.0,0.0,0
739,03b3eb1e4b96a044ab30ce1c08f7b44447ed856f_1,source_type=text|query_type=single_hop,0.3562071871080222,0.43067655807339306,0.07446937096537087,0.5693234419266069,0
740,03b3eb1e4b96a044ab30ce1c08f7b44447ed856f_2,source_type=2d_layout|query_type=single_hop,0.6309297535714575,0.6309297535714575,0.0,0.36907024642854247,2
741,03b3eb1e4b96a044ab30ce1c08f7b44447ed856f_3,source_type=2d_layout|query_type=single_hop,1.0,1.0,0.0,0.0,0
742,03c7d62afbcc088cad1c810c09a71df29a29c968_0,source_type=2d_layout|query_type=single_hop,0.38685280723454163,0.5,0.11314719276545837,0.5,1
743,03c7d62afbcc088cad1c810c09a71df29a29c968_1,source_type=text|query_type=single_hop,1.0,1.0,0.0,0.0,0
744,03c7d62afbcc088cad1c810c09a71df29a29c968_2,source_type=2d_layout|query_type=single_hop,0.5,0.5,0.0,0.5,2
745,03d43f2433d81ffb6a31706a4b30684459b72a54_0,source_type=chart|query_type=multi_hop,1.0,1.0,0.0,0.0,2
746,03d43f2433d81ffb6a31706a4b30684459b72a54_1,source_type=chart|query_type=multi_hop,0.5,0.5,0.0,0.5,2
747,03d43f2433d81ffb6a31706a4b30684459b72a54_2,source_type=text|query_type=single_hop,1.0,1.0,0.0,0.0,2
748,03d43f2433d81ffb6a31706a4b30684459b72a54_3,source_type=2d_layout|query_type=multi_hop,0.5,0.5,0.0,0.5,2
749,03d44d98d4935ae7f685853677e7a1084c223c4a_0,source_type=2d_layout|query_type=multi_hop,1.0,1.0,0.0,0.0,0
750,03d44d98d4935ae7f685853677e7a1084c223c4a_1,source_type=2d_layout|query_type=multi_hop,1.0,1.0,0.0,0.0,0
751,03d44d98d4935ae7f685853677e7a1084c223c4a_2,source_type=2d_layout|query_type=single_hop,1.0,1.0,0.0,0.0,0
752,03d44d98d4935ae7f685853677e7a1084c223c4a_3,source_type=2d_layout|query_type=single_hop,1.0,1.0,0.0,0.0,0
753,03d4791d0dff026024d0ac18a81750c446f09766_0,source_type=chart|query_type=multi_hop,1.0,1.0,0.0,0.0,0
754,03d4791d0dff026024d0ac18a81750c446f09766_1,source_type=text|query_type=multi_hop,1.0,1.0,0.0,0.0,1
755,03d4791d0dff026024d0ac18a81750c446f09766_2,source_type=table|query_type=multi_hop,1.0,1.0,0.0,0.0,0
756,03d4791d0dff026024d0ac18a81750c446f09766_3,source_type=table|query_type=multi_hop,1.0,1.0,0.0,0.0,0
757,03e39ad403954cd1b459ea5b74e6f15db98d1e51_0,source_type=2d_layout|query_type=single_hop,1.0,1.0,0.0,0.0,2
758,03e39ad403954cd1b459ea5b74e6f15db98d1e51_1,source_type=text|query_type=single_hop,0.6309297535714575,0.6309297535714575,0.0,0.36907024642854247,2
759,03e39ad403954cd1b459ea5b74e6f15db98d1e51_2,source_type=2d_layout|query_type=multi_hop,1.0,1.0,0.0,0.0,1
760,03e39ad403954cd1b459ea5b74e6f15db98d1e51_3,source_type=2d_layout|query_type=multi_hop,1.0,1.0,0.0,0.0,2
761,03e90a945dafd353e9d86b46ca2774a29149048d_0,source_type=2d_layout|query_type=multi_hop,1.0,1.0,0.0,0.0,0
762,03e90a945dafd353e9d86b46ca2774a29149048d_1,source_type=2d_layout|query_type=single_hop,0.5,1.0,0.5,0.0,1
763,03e90a945dafd353e9d86b46ca2774a29149048d_2,source_type=2d_layout|query_type=single_hop,1.0,1.0,0.0,0.0,2
764,03e90a945dafd353e9d86b46ca2774a29149048d_3,source_type=table|query_type=single_hop,1.0,1.0,0.0,0.0,0
765,03f0c5d774e9800419a6e2dff3a15d991f4916da_0,source_type=2d_layout|query_type=single_hop,1.0,1.0,0.0,0.0,2
766,03f0c5d774e9800419a6e2dff3a15d991f4916da_1,source_type=2d_layout|query_type=single_hop,1.0,1.0,0.0,0.0,0
767,03f0c5d774e9800419a6e2dff3a15d991f4916da_2,source_type=chart|query_type=single_hop,1.0,1.0,0.0,0.0,2
768,03f0c5d774e9800419a6e2dff3a15d991f4916da_3,source_type=table|query_type=multi_hop,1.0,1.0,0.0,0.0,0
769,03f0c5d774e9800419a6e2dff3a15d991f4916da_4,source_type=table|query_type=single_hop,0.6309297535714575,0.6309297535714575,0.0,0.36907024642854247,2
770,03fb6462e17a68dcce166dfd773fc68cd38d738a_0,source_type=table|query_type=single_hop,1.0,1.0,0.0,0.0,1
771,03fb6462e17a68dcce166dfd773fc68cd38d738a_1,source_type=table|query_type=multi_hop,0.6309297535714575,1.0,0.36907024642854247,0.0,1
772,03fb6462e17a68dcce166dfd773fc68cd38d738a_2,source_type=table|query_type=multi_hop,1.0,1.0,0.0,0.0,1
773,03fb6462e17a68dcce166dfd773fc68cd38d738a_3,source_type=table|query_type=multi_hop,1.0,1.0,0.0,0.0,1
774,0403e30c9f87e8e6cb38c6858878e2726542f8e9_0,source_type=text|query_type=multi_hop,1.0,1.0,0.0,0.0,0
775,0403e30c9f87e8e6cb38c6858878e2726542f8e9_1,source_type=table|query_type=single_hop,1.0,1.0,0.0,0.0,0
776,0403e30c9f87e8e6cb38c6858878e2726542f8e9_2,source_type=table|query_type=multi_hop,1.0,1.0,0.0,0.0,0
777,0403e30c9f87e8e6cb38c6858878e2726542f8e9_3,source_type=2d_layout|query_type=single_hop,1.0,1.0,0.0,0.0,0
778,0403e30c9f87e8e6cb38c6858878e2726542f8e9_4,source_type=2d_layout|query_type=multi_hop,1.0,1.0,0.0,0.0,0
779,0403e30c9f87e8e6cb38c6858878e2726542f8e9_5,source_type=chart|query_type=multi_hop,1.0,1.0,0.0,0.0,0
780,04142fb786f77442a30674aaddc92cfd16a243c1_0,source_type=2d_layout|query_type=single_hop,0.31546487678572877,0.43067655807339306,0.11521168128766429,0.5693234419266069,1
781,04142fb786f77442a30674aaddc92cfd16a243c1_1,source_type=2d_layout|query_type=single_hop,1.0,1.0,0.0,0.0,0
782,04142fb786f77442a30674aaddc92cfd16a243c1_2,source_type=2d_layout|query_type=multi_hop,1.0,1.0,0.0,0.0,0
783,0417d7d6ead6fe08b9b85792559b45ded94db6b8_0,source_type=chart|query_type=multi_hop,1.0,1.0,0.0,0.0,2
784,0417d7d6ead6fe08b9b85792559b45ded94db6b8_1,source_type=chart|query_type=multi_hop,1.0,1.0,0.0,0.0,2
785,0417d7d6ead6fe08b9b85792559b45ded94db6b8_2,source_type=chart|query_type=multi_hop,0.38685280723454163,0.38685280723454163,0.0,0.6131471927654584,2
786,0417d7d6ead6fe08b9b85792559b45ded94db6b8_3,source_type=chart|query_type=multi_hop,1.0,1.0,0.0,0.0,2
787,041a9646c9f7dfb8cc0207476f0b743730c2b60a_0,source_type=chart|query_type=multi_hop,0.5,0.5,0.0,0.5,2
788,041a9646c9f7dfb8cc0207476f0b743730c2b60a_1,source_type=chart|query_type=multi_hop,1.0,1.0,0.0,0.0,0
789,041a9646c9f7dfb8cc0207476f0b743730c2b60a_2,source_type=chart|query_type=multi_hop,1.0,1.0,0.0,0.0,0
790,041a9646c9f7dfb8cc0207476f0b743730c2b60a_3,source_type=chart|query_type=multi_hop,1.0,1.0,0.0,0.0,0
791,0441317ce9deb3da74c85d08fe3a2137d7832df0_0,source_type=2d_layout|query_type=single_hop,1.0,1.0,0.0,0.0,0
792,0441317ce9deb3da74c85d08fe3a2137d7832df0_1,source_type=chart|query_type=multi_hop,1.0,1.0,0.0,0.0,0
793,0445026fe082a0cd33def1e83114f44cb9908248_0,source_type=text|query_type=single_hop,1.0,1.0,0.0,0.0,0
794,0445026fe082a0cd33def1e83114f44cb9908248_1,source_type=2d_layout|query_type=single_hop,0.43067655807339306,0.43067655807339306,0.0,0.5693234419266069,2
795,0445026fe082a0cd33def1e83114f44cb9908248_2,source_type=2d_layout|query_type=single_hop,0.5,1.0,0.5,0.0,1
796,04450a0f59f81025574451222aa26322ae7ede42_0,source_type=2d_layout|query_type=single_hop,0.5,1.0,0.5,0.0,1
797,04450a0f59f81025574451222aa26322ae7ede42_1,source_type=2d_layout|query_type=single_hop,0.43067655807339306,0.5,0.06932344192660694,0.5,0
798,04450a0f59f81025574451222aa26322ae7ede42_2,source_type=2d_layout|query_type=multi_hop,0.0,0.0,0.0,1.0,0
799,04450a0f59f81025574451222aa26322ae7ede42_3,source_type=2d_layout|query_type=multi_hop,1.0,1.0,0.0,0.0,0
800,0454efb78bc1e03ae39f9552cb4c165495b11e4b_0,source_type=table|query_type=single_hop,1.0,1.0,0.0,0.0,1
801,0454efb78bc1e03ae39f9552cb4c165495b11e4b_1,source_type=table|query_type=single_hop,1.0,1.0,0.0,0.0,0
802,0454efb78bc1e03ae39f9552cb4c165495b11e4b_2,source_type=table|query_type=single_hop,0.6309297535714575,0.6309297535714575,0.0,0.36907024642854247,1
803,0454efb78bc1e03ae39f9552cb4c165495b11e4b_3,source_type=table|query_type=single_hop,0.6309297535714575,0.6309297535714575,0.0,0.36907024642854247,2
804,04588cc917dbf3cfe0f760b7460baf798270be21_0,source_type=2d_layout|query_type=multi_hop,1.0,1.0,0.0,0.0,0
805,04588cc917dbf3cfe0f760b7460baf798270be21_1,source_type=2d_layout|query_type=multi_hop,1.0,1.0,0.0,0.0,0
806,04588cc917dbf3cfe0f760b7460baf798270be21_2,source_type=2d_layout|query_type=single_hop,1.0,1.0,0.0,0.0,0
807,04588cc917dbf3cfe0f760b7460baf798270be21_3,source_type=2d_layout|query_type=multi_hop,1.0,1.0,0.0,0.0,0
808,04599c51c70292b98ef78f06b5ccb7cfde95f4ca_0,source_type=2d_layout|query_type=single_hop,1.0,1.0,0.0,0.0,0
809,04599c51c70292b98ef78f06b5ccb7cfde95f4ca_1,source_type=2d_layout|query_type=multi_hop,1.0,1.0,0.0,0.0,2
810,04599c51c70292b98ef78f06b5ccb7cfde95f4ca_2,source_type=2d_layout|query_type=multi_hop,1.0,1.0,0.0,0.0,2
811,04599c51c70292b98ef78f06b5ccb7cfde95f4ca_3,source_type=2d_layout|query_type=single_hop,1.0,1.0,0.0,0.0,0
812,04629a804e43741f6b693ae93e027939d1a1e356_0,source_type=2d_layout|query_type=single_hop,1.0,1.0,0.0,0.0,2
813,04629a804e43741f6b693ae93e027939d1a1e356_1,source_type=2d_layout|query_type=single_hop,1.0,1.0,0.0,0.0,1
814,04629a804e43741f6b693ae93e027939d1a1e356_2,source_type=chart|query_type=multi_hop,1.0,1.0,0.0,0.0,2
815,04629a804e43741f6b693ae93e027939d1a1e356_3,source_type=2d_layout|query_type=single_hop,1.0,1.0,0.0,0.0,2
816,04629a804e43741f6b693ae93e027939d1a1e356_4,source_type=2d_layout|query_type=single_hop,1.0,1.0,0.0,0.0,0
817,046a5a7310a0b0b8e4ca0fe859e0d66301832747_0,source_type=2d_layout|query_type=single_hop,1.0,1.0,0.0,0.0,1
818,046a5a7310a0b0b8e4ca0fe859e0d66301832747_1,source_type=2d_layout|query_type=single_hop,1.0,1.0,0.0,0.0,0
819,046a5a7310a0b0b8e4ca0fe859e0d66301832747_2,source_type=2d_layout|query_type=single_hop,0.6309297535714575,0.6309297535714575,0.0,0.36907024642854247,1
820,046a5a7310a0b0b8e4ca0fe859e0d66301832747_3,source_type=2d_layout|query_type=multi_hop,1.0,1.0,0.0,0.0,0
821,046a5a7310a0b0b8e4ca0fe859e0d66301832747_4,source_type=2d_layout|query_type=multi_hop,1.0,1.0,0.0,0.0,2
822,046ab04bd04d4671ad4a37f44281444f3882b714_0,source_type=text|query_type=multi_hop,0.6309297535714575,0.6309297535714575,0.0,0.36907024642854247,0
823,046ab04bd04d4671ad4a37f44281444f3882b714_1,source_type=text|query_type=multi_hop,1.0,1.0,0.0,0.0,0
824,046ab04bd04d4671ad4a37f44281444f3882b714_2,source_type=chart|query_type=multi_hop,1.0,1.0,0.0,0.0,1
825,046ab04bd04d4671ad4a37f44281444f3882b714_3,source_type=table|query_type=multi_hop,1.0,1.0,0.0,0.0,0
826,046ab04bd04d4671ad4a37f44281444f3882b714_4,source_type=2d_layout|query_type=multi_hop,0.6309297535714575,0.6309297535714575,0.0,0.36907024642854247,0
827,046ab04bd04d4671ad4a37f44281444f3882b714_5,source_type=2d_layout|query_type=multi_hop,1.0,1.0,0.0,0.0,0
828,046b484106fa2683e015153dfd8d791b87b3c564_0,source_type=2d_layout|query_type=single_hop,1.0,1.0,0.0,0.0,0
829,046b484106fa2683e015153dfd8d791b87b3c564_1,source_type=2d_layout|query_type=single_hop,0.6309297535714575,0.6309297535714575,0.0,0.36907024642854247,2
830,046b484106fa2683e015153dfd8d791b87b3c564_2,source_type=2d_layout|query_type=single_hop,0.6309297535714575,0.6309297535714575,0.0,0.36907024642854247,2
831,046b484106fa2683e015153dfd8d791b87b3c564_3,source_type=table|query_type=single_hop,1.0,1.0,0.0,0.0,0
832,046c8aeae3495fae63c6b029a72b048b5b91ed0a_0,source_type=2d_layout|query_type=multi_hop,1.0,1.0,0.0,0.0,0
833,046c8aeae3495fae63c6b029a72b048b5b91ed0a_1,source_type=chart|query_type=multi_hop,0.5,0.5,0.0,0.5,1
834,046c8aeae3495fae63c6b029a72b048b5b91ed0a_2,source_type=2d_layout|query_type=single_hop,1.0,1.0,0.0,0.0,2
835,046c8aeae3495fae63c6b029a72b048b5b91ed0a_3,source_type=2d_layout|query_type=single_hop,1.0,1.0,0.0,0.0,2
836,047733d6ecb0f878c9f6fe1a9fdaa0c2b86eff61_0,source_type=table|query_type=multi_hop,1.0,1.0,0.0,0.0,1
837,047733d6ecb0f878c9f6fe1a9fdaa0c2b86eff61_1,source_type=2d_layout|query_type=single_hop,1.0,1.0,0.0,0.0,1
838,047733d6ecb0f878c9f6fe1a9fdaa0c2b86eff61_2,source_type=2d_layout|query_type=single_hop,0.6309297535714575,1.0,0.36907024642854247,0.0,5
839,047733d6ecb0f878c9f6fe1a9fdaa0c2b86eff61_3,source_type=2d_layout|query_type=single_hop,1.0,1.0,0.0,0.0,0
840,04787b8b2a5d62fdd928d716356ca6c3e7554251_0,source_type=2d_layout|query_type=single_hop,1.0,1.0,0.0,0.0,2
841,04787b8b2a5d62fdd928d716356ca6c3e7554251_1,source_type=2d_layout|query_type=single_hop,1.0,1.0,0.0,0.0,0
842,04787b8b2a5d62fdd928d716356ca6c3e7554251_2,source_type=table|query_type=single_hop,1.0,1.0,0.0,0.0,0
843,04787b8b2a5d62fdd928d716356ca6c3e7554251_3,source_type=chart|query_type=multi_hop,1.0,1.0,0.0,0.0,0
844,04799e9a53fbac0a7475a53495b39e9042c168e9_0,source_type=chart|query_type=multi_hop,1.0,1.0,0.0,0.0,0
845,04799e9a53fbac0a7475a53495b39e9042c168e9_1,source_type=text|query_type=single_hop,1.0,1.0,0.0,0.0,0
846,04799e9a53fbac0a7475a53495b39e9042c168e9_2,source_type=2d_layout|query_type=single_hop,1.0,1.0,0.0,0.0,0
847,04799e9a53fbac0a7475a53495b39e9042c168e9_3,source_type=2d_layout|query_type=single_hop,1.0,1.0,0.0,0.0,0
848,04877fbd1a0ba6c62b516596391983ab8e3f47ef_0,source_type=2d_layout|query_type=single_hop,1.0,1.0,0.0,0.0,0
849,04877fbd1a0ba6c62b516596391983ab8e3f47ef_1,source_type=2d_layout|query_type=single_hop,1.0,1.0,0.0,0.0,0
850,04877fbd1a0ba6c62b516596391983ab8e3f47ef_2,source_type=2d_layout|query_type=single_hop,1.0,1.0,0.0,0.0,0
851,04877fbd1a0ba6c62b516596391983ab8e3f47ef_3,source_type=2d_layout|query_type=single_hop,1.0,1.0,0.0,0.0,2
852,04877fbd1a0ba6c62b516596391983ab8e3f47ef_4,source_type=2d_layout|query_type=single_hop,1.0,1.0,0.0,0.0,0
853,04877fbd1a0ba6c62b516596391983ab8e3f47ef_5,source_type=2d_layout|query_type=single_hop,1.0,1.0,0.0,0.0,0
854,0487dcb861f03c1c838213788c0ab0b7e2cb0715_0,source_type=2d_layout|query_type=multi_hop,0.6309297535714575,1.0,0.36907024642854247,0.0,0
855,0487dcb861f03c1c838213788c0ab0b7e2cb0715_1,source_type=2d_layout|query_type=single_hop,1.0,1.0,0.0,0.0,1
856,0487dcb861f03c1c838213788c0ab0b7e2cb0715_2,source_type=2d_layout|query_type=single_hop,1.0,1.0,0.0,0.0,0
857,048ce9cbabf9b58c9764e8be143b7196b5478ac1_0,source_type=2d_layout|query_type=single_hop,1.0,1.0,0.0,0.0,0
858,048ce9cbabf9b58c9764e8be143b7196b5478ac1_1,source_type=2d_layout|query_type=single_hop,1.0,1.0,0.0,0.0,0
859,048ce9cbabf9b58c9764e8be143b7196b5478ac1_2,source_type=text|query_type=single_hop,1.0,1.0,0.0,0.0,0
860,048f169dbd92ced56925af7dbfaccf18edccb41c_0,source_type=table|query_type=single_hop,1.0,1.0,0.0,0.0,1
861,048f169dbd92ced56925af7dbfaccf18edccb41c_1,source_type=2d_layout|query_type=multi_hop,1.0,1.0,0.0,0.0,0
862,048f6cdef44c4bcef8467b703f37c3cb02e65e35_0,source_type=2d_layout|query_type=single_hop,1.0,1.0,0.0,0.0,0
863,048f6cdef44c4bcef8467b703f37c3cb02e65e35_1,source_type=2d_layout|query_type=single_hop,0.6309297535714575,1.0,0.36907024642854247,0.0,0
864,048f6cdef44c4bcef8467b703f37c3cb02e65e35_2,source_type=2d_layout|query_type=multi_hop,0.6309297535714575,1.0,0.36907024642854247,0.0,0
865,048f6cdef44c4bcef8467b703f37c3cb02e65e35_3,source_type=chart|query_type=multi_hop,1.0,1.0,0.0,0.0,2
866,0490e266aaeced5fafb75d853b07335cfedad365_0,source_type=2d_layout|query_type=single_hop,0.5,0.5,0.0,0.5,2
867,0490e266aaeced5fafb75d853b07335cfedad365_1,source_type=2d_layout|query_type=single_hop,1.0,1.0,0.0,0.0,0
868,0490e266aaeced5fafb75d853b07335cfedad365_2,source_type=2d_layout|query_type=single_hop,1.0,1.0,0.0,0.0,0
869,0490e266aaeced5fafb75d853b07335cfedad365_3,source_type=2d_layout|query_type=single_hop,1.0,1.0,0.0,0.0,2
870,0490e266aaeced5fafb75d853b07335cfedad365_4,source_type=2d_layout|query_type=single_hop,1.0,1.0,0.0,0.0,2
871,0490e266aaeced5fafb75d853b07335cfedad365_5,source_type=2d_layout|query_type=single_hop,1.0,1.0,0.0,0.0,0
872,0491caf83d08b02f78c45646359acc12cc2a563c_0,source_type=2d_layout|query_type=single_hop,0.6309297535714575,0.6309297535714575,0.0,0.36907024642854247,0
873,0491caf83d08b02f78c45646359acc12cc2a563c_1,source_type=2d_layout|query_type=single_hop,1.0,1.0,0.0,0.0,0
874,0495179924a9cbee42a546b067cfedb39cf6e207_0,source_type=chart|query_type=multi_hop,1.0,1.0,0.0,0.0,0
875,0495179924a9cbee42a546b067cfedb39cf6e207_1,source_type=chart|query_type=multi_hop,1.0,1.0,0.0,0.0,2
876,0495179924a9cbee42a546b067cfedb39cf6e207_2,source_type=table|query_type=multi_hop,1.0,1.0,0.0,0.0,0
877,0495179924a9cbee42a546b067cfedb39cf6e207_3,source_type=2d_layout|query_type=single_hop,0.5,0.5,0.0,0.5,2
878,04973d056d9522006d5bdaefd92627ebedea7ba1_0,source_type=table|query_type=single_hop,1.0,1.0,0.0,0.0,2
879,04973d056d9522006d5bdaefd92627ebedea7ba1_1,source_type=table|query_type=single_hop,1.0,1.0,0.0,0.0,2
880,04973d056d9522006d5bdaefd92627ebedea7ba1_2,source_type=text|query_type=single_hop,1.0,1.0,0.0,0.0,1
881,04a385633c2c14185d3ca288083efdcc6350420e_0,source_type=2d_layout|query_type=multi_hop,1.0,1.0,0.0,0.0,0
882,04a385633c2c14185d3ca288083efdcc6350420e_1,source_type=2d_layout|query_type=multi_hop,0.43067655807339306,0.43067655807339306,0.0,0.5693234419266069,2
883,04a385633c2c14185d3ca288083efdcc6350420e_2,source_type=table|query_type=multi_hop,1.0,1.0,0.0,0.0,2
884,04a385633c2c14185d3ca288083efdcc6350420e_3,source_type=2d_layout|query_type=multi_hop,1.0,1.0,0.0,0.0,0
885,04a6afc745680ef1189d52b6fe27f8f30604ef95_0,source_type=table|query_type=multi_hop,1.0,1.0,0.0,0.0,1
886,04a6afc745680ef1189d52b6fe27f8f30604ef95_1,source_type=chart|query_type=multi_hop,1.0,1.0,0.0,0.0,2
887,04a6afc745680ef1189d52b6fe27f8f30604ef95_2,source_type=chart|query_type=multi_hop,1.0,1.0,0.0,0.0,2
888,04a6afc745680ef1189d52b6fe27f8f30604ef95_3,source_type=text|query_type=single_hop,1.0,1.0,0.0,0.0,2
889,04ad1ed44c5d12daf9bc5cc290e7eade424ee761_0,source_type=2d_layout|query_type=single_hop,0.6309297535714575,1.0,0.36907024642854247,0.0,0
890,04ad1ed44c5d12daf9bc5cc290e7eade424ee761_1,source_type=2d_layout|query_type=multi_hop,1.0,1.0,0.0,0.0,0
891,04ad1ed44c5d12daf9bc5cc290e7eade424ee761_2,source_type=2d_layout|query_type=single_hop,0.6309297535714575,0.6309297535714575,0.0,0.36907024642854247,2
892,04ad1ed44c5d12daf9bc5cc290e7eade424ee761_3,source_type=table|query_type=multi_hop,1.0,1.0,0.0,0.0,0
893,04b5c5ab0cf0130a8f8669a9de6eb1da2238e026_0,source_type=2d_layout|query_type=single_hop,1.0,1.0,0.0,0.0,2
894,04b5c5ab0cf0130a8f8669a9de6eb1da2238e026_1,source_type=2d_layout|query_type=single_hop,1.0,1.0,0.0,0.0,0
895,04b5c5ab0cf0130a8f8669a9de6eb1da2238e026_2,source_type=table|query_type=single_hop,0.5,0.5,0.0,0.5,2
896,04b5c5ab0cf0130a8f8669a9de6eb1da2238e026_3,source_type=table|query_type=single_hop,1.0,1.0,0.0,0.0,2
897,04b7109c3df828764a27acd68e32f0b0928d704d_0,source_type=2d_layout|query_type=multi_hop,0.6309297535714575,1.0,0.36907024642854247,0.0,1
898,04b7109c3df828764a27acd68e32f0b0928d704d_1,source_type=2d_layout|query_type=multi_hop,1.0,1.0,0.0,0.0,1
899,04b7109c3df828764a27acd68e32f0b0928d704d_2,source_type=text|query_type=single_hop,1.0,1.0,0.0,0.0,1
900,04b7109c3df828764a27acd68e32f0b0928d704d_3,source_type=table|query_type=multi_hop,1.0,1.0,0.0,0.0,0
901,04b7109c3df828764a27acd68e32f0b0928d704d_4,source_type=table|query_type=multi_hop,1.0,1.0,0.0,0.0,0
902,04b864a0038b563f9569725f01e6fc8b50a8696b_0,source_type=2d_layout|query_type=single_hop,1.0,1.0,0.0,0.0,0
903,04b864a0038b563f9569725f01e6fc8b50a8696b_1,source_type=2d_layout|query_type=multi_hop,1.0,1.0,0.0,0.0,0
904,04b864a0038b563f9569725f01e6fc8b50a8696b_2,source_type=2d_layout|query_type=single_hop,1.0,1.0,0.0,0.0,0
905,04b864a0038b563f9569725f01e6fc8b50a8696b_3,source_type=2d_layout|query_type=multi_hop,1.0,1.0,0.0,0.0,0
906,04bbb582d8aa03330ebd8a675f6ce0c94a208bea_0,source_type=2d_layout|query_type=single_hop,0.6309297535714575,0.6309297535714575,0.0,0.36907024642854247,2
907,04bbb582d8aa03330ebd8a675f6ce0c94a208bea_1,source_type=table|query_type=multi_hop,1.0,1.0,0.0,0.0,0
908,04bbb582d8aa03330ebd8a675f6ce0c94a208bea_2,source_type=chart|query_type=multi_hop,0.6309297535714575,0.6309297535714575,0.0,0.36907024642854247,2
909,04bbb582d8aa03330ebd8a675f6ce0c94a208bea_3,source_type=table|query_type=multi_hop,1.0,1.0,0.0,0.0,1
910,04bbb582d8aa03330ebd8a675f6ce0c94a208bea_4,source_type=text|query_type=single_hop,1.0,1.0,0.0,0.0,0
911,04bd2d23667aad4d8daabffaaed6d2c5306f7c6e_0,source_type=table|query_type=multi_hop,1.0,1.0,0.0,0.0,0
912,04bd2d23667aad4d8daabffaaed6d2c5306f7c6e_1,source_type=table|query_type=multi_hop,1.0,1.0,0.0,0.0,0
913,04bd2d23667aad4d8daabffaaed6d2c5306f7c6e_2,source_type=2d_layout|query_type=single_hop,1.0,1.0,0.0,0.0,0
914,04bd2d23667aad4d8daabffaaed6d2c5306f7c6e_3,source_type=2d_layout|query_type=single_hop,1.0,1.0,0.0,0.0,0
915,04c58e22d7f3e0b2ccd662848c1b1dd76d2cae4f_0,source_type=2d_layout|query_type=single_hop,1.0,1.0,0.0,0.0,0
916,04c58e22d7f3e0b2ccd662848c1b1dd76d2cae4f_1,source_type=2d_layout|query_type=multi_hop,1.0,1.0,0.0,0.0,0
917,04c58e22d7f3e0b2ccd662848c1b1dd76d2cae4f_2,source_type=table|query_type=multi_hop,1.0,1.0,0.0,0.0,2
918,04c58e22d7f3e0b2ccd662848c1b1dd76d2cae4f_3,source_type=chart|query_type=multi_hop,1.0,1.0,0.0,0.0,0
919,04d03750a51cf1eb204b5f663d42aaf14ee40693_0,source_type=2d_layout|query_type=single_hop,0.6309297535714575,1.0,0.36907024642854247,0.0,1
920,04d03750a51cf1eb204b5f663d42aaf14ee40693_1,source_type=2d_layout|query_type=single_hop,1.0,1.0,0.0,0.0,0
921,04d03750a51cf1eb204b5f663d42aaf14ee40693_2,source_type=2d_layout|query_type=multi_hop,1.0,1.0,0.0,0.0,0
922,04d03750a51cf1eb204b5f663d42aaf14ee40693_3,source_type=2d_layout|query_type=single_hop,0.6309297535714575,1.0,0.36907024642854247,0.0,5
923,04d14102144bfa97bf1f2e41bda7986bd3f712c1_0,source_type=chart|query_type=multi_hop,1.0,1.0,0.0,0.0,2
924,04d14102144bfa97bf1f2e41bda7986bd3f712c1_1,source_type=chart|query_type=multi_hop,1.0,1.0,0.0,0.0,1
925,04d14102144bfa97bf1f2e41bda7986bd3f712c1_2,source_type=chart|query_type=multi_hop,0.5,1.0,0.5,0.0,3
926,04d14102144bfa97bf1f2e41bda7986bd3f712c1_3,source_type=chart|query_type=multi_hop,1.0,1.0,0.0,0.0,2
927,04d8bb0db929110f204723c56e5386c1d8d21587_0,source_type=table|query_type=multi_hop,1.0,1.0,0.0,0.0,0
928,04d8bb0db929110f204723c56e5386c1d8d21587_1,source_type=2d_layout|query_type=single_hop,1.0,1.0,0.0,0.0,0
929,04d8bb0db929110f204723c56e5386c1d8d21587_2,source_type=2d_layout|query_type=multi_hop,1.0,1.0,0.0,0.0,0
930,04d8bb0db929110f204723c56e5386c1d8d21587_3,source_type=2d_layout|query_type=single_hop,0.3333333333333333,0.5,0.16666666666666669,0.5,0
931,04d8bb0db929110f204723c56e5386c1d8d21587_4,source_type=chart|query_type=multi_hop,1.0,1.0,0.0,0.0,0
932,04db4a5c08c5cac1e5d49dcaa872e2f24b31ff29_0,source_type=2d_layout|query_type=single_hop,1.0,1.0,0.0,0.0,2
933,04db4a5c08c5cac1e5d49dcaa872e2f24b31ff29_1,source_type=2d_layout|query_type=single_hop,1.0,1.0,0.0,0.0,2
934,04db4a5c08c5cac1e5d49dcaa872e2f24b31ff29_2,source_type=chart|query_type=multi_hop,0.6309297535714575,1.0,0.36907024642854247,0.0,0
935,04db4a5c08c5cac1e5d49dcaa872e2f24b31ff29_3,source_type=2d_layout|query_type=single_hop,1.0,1.0,0.0,0.0,0
936,04db4a5c08c5cac1e5d49dcaa872e2f24b31ff29_4,source_type=2d_layout|query_type=multi_hop,1.0,1.0,0.0,0.0,0
937,04dc0db4eefee1ab8f9d77c40047cce2d0a5f087_0,source_type=chart|query_type=multi_hop,0.3010299956639812,0.3010299956639812,0.0,0.6989700043360187,2
938,04dc0db4eefee1ab8f9d77c40047cce2d0a5f087_1,source_type=chart|query_type=multi_hop,1.0,1.0,0.0,0.0,0
939,04dc0db4eefee1ab8f9d77c40047cce2d0a5f087_2,source_type=chart|query_type=multi_hop,1.0,1.0,0.0,0.0,1
940,04dc0db4eefee1ab8f9d77c40047cce2d0a5f087_3,source_type=chart|query_type=multi_hop,1.0,1.0,0.0,0.0,0
941,04dc0db4eefee1ab8f9d77c40047cce2d0a5f087_4,source_type=chart|query_type=multi_hop,0.43067655807339306,1.0,0.5693234419266069,0.0,1
942,04e2b6db5fd32c43649acdf45cb23e2b2ebe2bb0_0,source_type=2d_layout|query_type=single_hop,1.0,1.0,0.0,0.0,1
943,04e2b6db5fd32c43649acdf45cb23e2b2ebe2bb0_1,source_type=text|query_type=single_hop,1.0,1.0,0.0,0.0,0
944,04e2b6db5fd32c43649acdf45cb23e2b2ebe2bb0_2,source_type=text|query_type=single_hop,1.0,1.0,0.0,0.0,0
945,04ef5ceb6b8b0bb055c715259533d21a82475fc4_0,source_type=2d_layout|query_type=single_hop,1.0,1.0,0.0,0.0,2
946,04ef5ceb6b8b0bb055c715259533d21a82475fc4_1,source_type=table|query_type=multi_hop,1.0,1.0,0.0,0.0,0
947,04ef5ceb6b8b0bb055c715259533d21a82475fc4_2,source_type=table|query_type=single_hop,1.0,1.0,0.0,0.0,0
948,04ef5ceb6b8b0bb055c715259533d21a82475fc4_3,source_type=2d_layout|query_type=single_hop,0.3010299956639812,0.31546487678572877,0.014434881121747567,0.6845351232142712,5
949,04fbac4cb4c0de17f371d1ef6de15d535c9c875f_0,source_type=2d_layout|query_type=multi_hop,1.0,1.0,0.0,0.0,0
950,04fbac4cb4c0de17f371d1ef6de15d535c9c875f_1,source_type=2d_layout|query_type=single_hop,0.5,0.5,0.0,0.5,0
951,04fbac4cb4c0de17f371d1ef6de15d535c9c875f_2,source_type=2d_layout|query_type=multi_hop,1.0,1.0,0.0,0.0,0
952,04fbac4cb4c0de17f371d1ef6de15d535c9c875f_3,source_type=2d_layout|query_type=multi_hop,1.0,1.0,0.0,0.0,0
953,04fbc940ab77d9025ccd3b061548e5723b2112bc_0,source_type=text|query_type=single_hop,1.0,1.0,0.0,0.0,0
954,04fbc940ab77d9025ccd3b061548e5723b2112bc_1,source_type=text|query_type=single_hop,1.0,1.0,0.0,0.0,1
955,04fbc940ab77d9025ccd3b061548e5723b2112bc_2,source_type=text|query_type=single_hop,1.0,1.0,0.0,0.0,0
956,04fbc940ab77d9025ccd3b061548e5723b2112bc_3,source_type=text|query_type=single_hop,0.6309297535714575,0.6309297535714575,0.0,0.36907024642854247,1
957,050ae6cc2a1218270b2ce855179862b0201d4683_0,source_type=2d_layout|query_type=multi_hop,1.0,1.0,0.0,0.0,0
958,050ae6cc2a1218270b2ce855179862b0201d4683_1,source_type=table|query_type=multi_hop,1.0,1.0,0.0,0.0,0
959,050ae6cc2a1218270b2ce855179862b0201d4683_2,source_type=2d_layout|query_type=multi_hop,1.0,1.0,0.0,0.0,1
960,050ae6cc2a1218270b2ce855179862b0201d4683_3,source_type=text|query_type=multi_hop,1.0,1.0,0.0,0.0,0
961,050d47be5b55d11f46859b001eeaa5a593644067_0,source_type=2d_layout|query_type=single_hop,1.0,1.0,0.0,0.0,0
962,050d47be5b55d11f46859b001eeaa5a593644067_1,source_type=2d_layout|query_type=single_hop,0.3333333333333333,1.0,0.6666666666666667,0.0,1
963,050d47be5b55d11f46859b001eeaa5a593644067_2,source_type=2d_layout|query_type=single_hop,0.3333333333333333,1.0,0.6666666666666667,0.0,1
964,050d47be5b55d11f46859b001eeaa5a593644067_3,source_type=2d_layout|query_type=single_hop,0.43067655807339306,0.5,0.06932344192660694,0.5,4
965,050dee157a41140f7fa4f5be94591267c1bc95b8_0,source_type=chart|query_type=multi_hop,1.0,1.0,0.0,0.0,1
966,050dee157a41140f7fa4f5be94591267c1bc95b8_1,source_type=chart|query_type=multi_hop,1.0,1.0,0.0,0.0,0
967,050dee157a41140f7fa4f5be94591267c1bc95b8_2,source_type=2d_layout|query_type=multi_hop,1.0,1.0,0.0,0.0,1
968,050dee157a41140f7fa4f5be94591267c1bc95b8_3,source_type=chart|query_type=multi_hop,0.3562071871080222,0.6309297535714575,0.27472256646343535,0.36907024642854247,1
969,050dee157a41140f7fa4f5be94591267c1bc95b8_4,source_type=2d_layout|query_type=multi_hop,1.0,1.0,0.0,0.0,2
970,050f61c6536665c70733bde32b9faf15dbe5b92b_0,source_type=table|query_type=multi_hop,1.0,1.0,0.0,0.0,0
971,050f61c6536665c70733bde32b9faf15dbe5b92b_1,source_type=table|query_type=multi_hop,1.0,1.0,0.0,0.0,0
972,050f61c6536665c70733bde32b9faf15dbe5b92b_2,source_type=text|query_type=multi_hop,1.0,1.0,0.0,0.0,2
973,050f61c6536665c70733bde32b9faf15dbe5b92b_3,source_type=table|query_type=multi_hop,1.0,1.0,0.0,0.0,2
974,0511556fa21cb60820be4c111435e1059a22b4a7_0,source_type=2d_layout|query_type=single_hop,1.0,1.0,0.0,0.0,1
975,0511556fa21cb60820be4c111435e1059a22b4a7_1,source_type=2d_layout|query_type=multi_hop,1.0,1.0,0.0,0.0,1
976,0511556fa21cb60820be4c111435e1059a22b4a7_2,source_type=chart|query_type=multi_hop,1.0,1.0,0.0,0.0,0
977,0511556fa21cb60820be4c111435e1059a22b4a7_3,source_type=chart|query_type=multi_hop,1.0,1.0,0.0,0.0,2
978,0512095c193d806b9ac3eb6422636b59df8032e2_0,source_type=table|query_type=multi_hop,1.0,1.0,0.0,0.0,0
979,0512095c193d806b9ac3eb6422636b59df8032e2_1,source_type=table|query_type=multi_hop,1.0,1.0,0.0,0.0,1
980,0512095c193d806b9ac3eb6422636b59df8032e2_2,source_type=2d_layout|query_type=single_hop,1.0,1.0,0.0,0.0,0
981,0512095c193d806b9ac3eb6422636b59df8032e2_3,source_type=2d_layout|query_type=single_hop,1.0,1.0,0.0,0.0,0
982,0512095c193d806b9ac3eb6422636b59df8032e2_4,source_type=2d_layout|query_type=single_hop,1.0,1.0,0.0,0.0,0
983,0519066b89ed0bf2974792ccbea703d8c1e2a851_0,source_type=2d_layout|query_type=multi_hop,1.0,1.0,0.0,0.0,0
984,0519066b89ed0bf2974792ccbea703d8c1e2a851_1,source_type=2d_layout|query_type=single_hop,1.0,1.0,0.0,0.0,0
985,0519066b89ed0bf2974792ccbea703d8c1e2a851_2,source_type=2d_layout|query_type=multi_hop,1.0,1.0,0.0,0.0,0
986,0519066b89ed0bf2974792ccbea703d8c1e2a851_3,source_type=2d_layout|query_type=multi_hop,1.0,1.0,0.0,0.0,2
987,051d54d0f3b1788c764783d1bfc6b9f3cc830ce8_0,source_type=table|query_type=multi_hop,1.0,1.0,0.0,0.0,2
988,051d54d0f3b1788c764783d1bfc6b9f3cc830ce8_1,source_type=2d_layout|query_type=multi_hop,1.0,1.0,0.0,0.0,2
989,051d54d0f3b1788c764783d1bfc6b9f3cc830ce8_2,source_type=2d_layout|query_type=multi_hop,0.0,0.0,0.0,1.0,0
990,051d54d0f3b1788c764783d1bfc6b9f3cc830ce8_3,source_type=chart|query_type=multi_hop,1.0,1.0,0.0,0.0,0
991,051d54d0f3b1788c764783d1bfc6b9f3cc830ce8_4,source_type=table|query_type=multi_hop,1.0,1.0,0.0,0.0,0
992,051d7a1acd648d364a5ccaf6a7b5d1ed16f1adeb_0,source_type=2d_layout|query_type=multi_hop,1.0,1.0,0.0,0.0,0
993,051d7a1acd648d364a5ccaf6a7b5d1ed16f1adeb_1,source_type=2d_layout|query_type=single_hop,1.0,1.0,0.0,0.0,0
994,051d7a1acd648d364a5ccaf6a7b5d1ed16f1adeb_2,source_type=2d_layout|query_type=single_hop,1.0,1.0,0.0,0.0,0
995,051d7a1acd648d364a5ccaf6a7b5d1ed16f1adeb_3,source_type=2d_layout|query_type=single_hop,1.0,1.0,0.0,0.0,0
996,052948fcd583b29f7e1cb58e127cce9cd4d0dc0d_0,source_type=2d_layout|query_type=single_hop,1.0,1.0,0.0,0.0,0
997,052948fcd583b29f7e1cb58e127cce9cd4d0dc0d_1,source_type=chart|query_type=multi_hop,1.0,1.0,0.0,0.0,2
998,052948fcd583b29f7e1cb58e127cce9cd4d0dc0d_2,source_type=chart|query_type=multi_hop,0.6309297535714575,0.6309297535714575,0.0,0.36907024642854247,2
999,052948fcd583b29f7e1cb58e127cce9cd4d0dc0d_3,source_type=table|query_type=multi_hop,1.0,1.0,0.0,0.0,0
1000,052948fcd583b29f7e1cb58e127cce9cd4d0dc0d_4,source_type=chart|query_type=multi_hop,1.0,1.0,0.0,0.0,0
1001,05308614914cb33b8d38d893d8a33e03becedf19_0,source_type=text|query_type=single_hop,0.5,0.5,0.0,0.5,0
1002,05308614914cb33b8d38d893d8a33e03becedf19_1,source_type=2d_layout|query_type=single_hop,1.0,1.0,0.0,0.0,0
1003,05308614914cb33b8d38d893d8a33e03becedf19_2,source_type=2d_layout|query_type=single_hop,0.6309297535714575,0.6309297535714575,0.0,0.36907024642854247,0
1004,05308614914cb33b8d38d893d8a33e03becedf19_3,source_type=2d_layout|query_type=single_hop,1.0,1.0,0.0,0.0,2
1005,0531b35a448df92e2f0c6288b38918a7dcea5dc9_0,source_type=2d_layout|query_type=single_hop,0.6309297535714575,0.6309297535714575,0.0,0.36907024642854247,0
1006,0531b35a448df92e2f0c6288b38918a7dcea5dc9_1,source_type=2d_layout|query_type=single_hop,1.0,1.0,0.0,0.0,1
1007,0531b35a448df92e2f0c6288b38918a7dcea5dc9_2,source_type=table|query_type=single_hop,1.0,1.0,0.0,0.0,0
1008,0531b35a448df92e2f0c6288b38918a7dcea5dc9_3,source_type=2d_layout|query_type=single_hop,1.0,1.0,0.0,0.0,2
1009,053328d288a9167453f08ade2e36149f95fbf157_0,source_type=2d_layout|query_type=single_hop,1.0,1.0,0.0,0.0,2
1010,053328d288a9167453f08ade2e36149f95fbf157_1,source_type=table|query_type=multi_hop,1.0,1.0,0.0,0.0,2
1011,053328d288a9167453f08ade2e36149f95fbf157_2,source_type=table|query_type=single_hop,0.6309297535714575,0.6309297535714575,0.0,0.36907024642854247,0
1012,053328d288a9167453f08ade2e36149f95fbf157_3,source_type=table|query_type=single_hop,1.0,1.0,0.0,0.0,2
1013,0534a2c5d71b9cd959659202de9793403f618985_0,source_type=2d_layout|query_type=single_hop,0.5,0.6309297535714575,0.13092975357145753,0.36907024642854247,0
1014,0534a2c5d71b9cd959659202de9793403f618985_1,source_type=2d_layout|query_type=single_hop,1.0,1.0,0.0,0.0,2
1015,0534a2c5d71b9cd959659202de9793403f618985_2,source_type=2d_layout|query_type=single_hop,1.0,1.0,0.0,0.0,2
1016,0534a2c5d71b9cd959659202de9793403f618985_3,source_type=2d_layout|query_type=single_hop,1.0,1.0,0.0,0.0,0
1017,053cbd81cfa6499b8d7e57705bd4dc162d062ce5_0,source_type=chart|query_type=multi_hop,1.0,1.0,0.0,0.0,0
1018,053cbd81cfa6499b8d7e57705bd4dc162d062ce5_1,source_type=chart|query_type=multi_hop,1.0,1.0,0.0,0.0,1
1019,053cbd81cfa6499b8d7e57705bd4dc162d062ce5_2,source_type=2d_layout|query_type=multi_hop,1.0,1.0,0.0,0.0,0
1020,053cbd81cfa6499b8d7e57705bd4dc162d062ce5_3,source_type=2d_layout|query_type=multi_hop,1.0,1.0,0.0,0.0,0
1021,0541896ed71e7eb1098ad3dbee66bf4444855b17_0,source_type=2d_layout|query_type=single_hop,0.6309297535714575,1.0,0.36907024642854247,0.0,0
1022,0541896ed71e7eb1098ad3dbee66bf4444855b17_1,source_type=2d_layout|query_type=single_hop,0.2890648263178879,0.3010299956639812,0.011965169346093318,0.6989700043360187,1
1023,0541896ed71e7eb1098ad3dbee66bf4444855b17_2,source_type=2d_layout|query_type=single_hop,1.0,1.0,0.0,0.0,2
1024,05431d0c73a506ba1e04ca357b7d8bdbf6efa7f5_0,source_type=2d_layout|query_type=single_hop,0.6309297535714575,0.6309297535714575,0.0,0.36907024642854247,2
1025,05431d0c73a506ba1e04ca357b7d8bdbf6efa7f5_1,source_type=table|query_type=multi_hop,1.0,1.0,0.0,0.0,0
1026,05431d0c73a506ba1e04ca357b7d8bdbf6efa7f5_2,source_type=table|query_type=multi_hop,1.0,1.0,0.0,0.0,1
1027,05431d0c73a506ba1e04ca357b7d8bdbf6efa7f5_3,source_type=text|query_type=multi_hop,1.0,1.0,0.0,0.0,1
1028,05431d0c73a506ba1e04ca357b7d8bdbf6efa7f5_4,source_type=chart|query_type=multi_hop,1.0,1.0,0.0,0.0,0
1029,054566ec811fd05e25852906ac99a9203548def1_0,source_type=chart|query_type=multi_hop,1.0,1.0,0.0,0.0,2
1030,054566ec811fd05e25852906ac99a9203548def1_1,source_type=2d_layout|query_type=multi_hop,0.6309297535714575,0.6309297535714575,0.0,0.36907024642854247,2
1031,054566ec811fd05e25852906ac99a9203548def1_2,source_type=2d_layout|query_type=single_hop,1.0,1.0,0.0,0.0,1
1032,054566ec811fd05e25852906ac99a9203548def1_3,source_type=2d_layout|query_type=single_hop,1.0,1.0,0.0,0.0,1
1033,054566ec811fd05e25852906ac99a9203548def1_4,source_type=2d_layout|query_type=single_hop,1.0,1.0,0.0,0.0,1
1034,054adbf8327de7348cba0375cbaea22cb7f80813_0,source_type=text|query_type=single_hop,1.0,1.0,0.0,0.0,0
1035,054adbf8327de7348cba0375cbaea22cb7f80813_1,source_type=text|query_type=single_hop,1.0,1.0,0.0,0.0,0
1036,054adbf8327de7348cba0375cbaea22cb7f80813_2,source_type=text|query_type=single_hop,1.0,1.0,0.0,0.0,0
1037,054adbf8327de7348cba0375cbaea22cb7f80813_3,source_type=text|query_type=single_hop,1.0,1.0,0.0,0.0,1
1038,054e98cc2676ed1ab0f94f2ae43010514596aa6b_0,source_type=2d_layout|query_type=single_hop,1.0,1.0,0.0,0.0,0
1039,054e98cc2676ed1ab0f94f2ae43010514596aa6b_1,source_type=2d_layout|query_type=single_hop,1.0,1.0,0.0,0.0,1
1040,054ecf499755cfb66feb3a14eb01dc4c4874b9cf_0,source_type=2d_layout|query_type=single_hop,1.0,1.0,0.0,0.0,0
1041,054ecf499755cfb66feb3a14eb01dc4c4874b9cf_1,source_type=2d_layout|query_type=single_hop,1.0,1.0,0.0,0.0,2
1042,054ecf499755cfb66feb3a14eb01dc4c4874b9cf_2,source_type=2d_layout|query_type=single_hop,1.0,1.0,0.0,0.0,0
1043,054ecf499755cfb66feb3a14eb01dc4c4874b9cf_3,source_type=2d_layout|query_type=single_hop,1.0,1.0,0.0,0.0,0
1044,055cb083266230b1e3a86e5b94cc72d3a04c9828_0,source_type=table|query_type=multi_hop,1.0,1.0,0.0,0.0,0
1045,055cb083266230b1e3a86e5b94cc72d3a04c9828_1,source_type=chart|query_type=multi_hop,1.0,1.0,0.0,0.0,1
1046,055cb083266230b1e3a86e5b94cc72d3a04c9828_2,source_type=chart|query_type=multi_hop,0.0,0.0,0.0,1.0,0
1047,055ee29e45ee28c292471739b57d870f968a89f1_0,source_type=2d_layout|query_type=single_hop,1.0,1.0,0.0,0.0,0
1048,055ee29e45ee28c292471739b57d870f968a89f1_1,source_type=2d_layout|query_type=single_hop,0.6309297535714575,0.6309297535714575,0.0,0.36907024642854247,1
1049,055ee29e45ee28c292471739b57d870f968a89f1_2,source_type=text|query_type=single_hop,1.0,1.0,0.0,0.0,0
1050,0560f63f5c697379aca014bcbde62bc56ce002c0_0,source_type=chart|query_type=multi_hop,1.0,1.0,0.0,0.0,1
1051,0560f63f5c697379aca014bcbde62bc56ce002c0_1,source_type=chart|query_type=multi_hop,1.0,1.0,0.0,0.0,0
1052,0560f63f5c697379aca014bcbde62bc56ce002c0_2,source_type=text|query_type=single_hop,1.0,1.0,0.0,0.0,0
1053,0572af235532740f1d436a21d2272953b66b0611_0,source_type=text|query_type=multi_hop,1.0,1.0,0.0,0.0,0
1054,057c100be0089a87c17842ca315792a97c357de3_0,source_type=2d_layout|query_type=multi_hop,1.0,1.0,0.0,0.0,0
1055,057c100be0089a87c17842ca315792a97c357de3_1,source_type=2d_layout|query_type=single_hop,1.0,1.0,0.0,0.0,0
1056,057c100be0089a87c17842ca315792a97c357de3_2,source_type=2d_layout|query_type=single_hop,1.0,1.0,0.0,0.0,0
1057,057c100be0089a87c17842ca315792a97c357de3_3,source_type=2d_layout|query_type=single_hop,1.0,1.0,0.0,0.0,0
1058,058ae0c5cd32f780ae114720509f1ad12b45268c_1,source_type=table|query_type=multi_hop,1.0,1.0,0.0,0.0,0
1059,058ae0c5cd32f780ae114720509f1ad12b45268c_2,source_type=chart|query_type=multi_hop,1.0,1.0,0.0,0.0,0
1060,058ae0c5cd32f780ae114720509f1ad12b45268c_3,source_type=text|query_type=single_hop,1.0,1.0,0.0,0.0,0
1061,058d35af18dd4adb3b8572e67eb2592f354b2d3e_0,source_type=2d_layout|query_type=single_hop,0.0,0.0,0.0,1.0,0
1062,058d35af18dd4adb3b8572e67eb2592f354b2d3e_1,source_type=2d_layout|query_type=single_hop,1.0,1.0,0.0,0.0,0
1063,058d35af18dd4adb3b8572e67eb2592f354b2d3e_2,source_type=chart|query_type=multi_hop,1.0,1.0,0.0,0.0,0
1064,058f6bca5179d3ca48d85a2c29dfd2c727518ac1_0,source_type=table|query_type=single_hop,1.0,1.0,0.0,0.0,1
1065,058f6bca5179d3ca48d85a2c29dfd2c727518ac1_1,source_type=2d_layout|query_type=single_hop,1.0,1.0,0.0,0.0,2
1066,058f6bca5179d3ca48d85a2c29dfd2c727518ac1_2,source_type=table|query_type=single_hop,1.0,1.0,0.0,0.0,0
1067,058f6bca5179d3ca48d85a2c29dfd2c727518ac1_3,source_type=text|query_type=single_hop,1.0,1.0,0.0,0.0,0
1068,059160027b51c68ce33c9323cf3f6068845bf4b0_0,source_type=2d_layout|query_type=single_hop,1.0,1.0,0.0,0.0,2
1069,059160027b51c68ce33c9323cf3f6068845bf4b0_1,source_type=2d_layout|query_type=single_hop,1.0,1.0,0.0,0.0,0
1070,059160027b51c68ce33c9323cf3f6068845bf4b0_2,source_type=2d_layout|query_type=single_hop,1.0,1.0,0.0,0.0,2
1071,059160027b51c68ce33c9323cf3f6068845bf4b0_3,source_type=2d_layout|query_type=single_hop,1.0,1.0,0.0,0.0,2
1072,0599c55a8d08459b832c7729c25e60d3fcf0fe34_0,source_type=2d_layout|query_type=single_hop,0.3010299956639812,0.38685280723454163,0.08582281157056043,0.6131471927654584,1
1073,0599c55a8d08459b832c7729c25e60d3fcf0fe34_1,source_type=2d_layout|query_type=single_hop,0.3333333333333333,0.38685280723454163,0.053519473901208314,0.6131471927654584,1
1074,0599c55a8d08459b832c7729c25e60d3fcf0fe34_2,source_type=2d_layout|query_type=multi_hop,1.0,1.0,0.0,0.0,1
1075,0599c55a8d08459b832c7729c25e60d3fcf0fe34_3,source_type=2d_layout|query_type=multi_hop,1.0,1.0,0.0,0.0,2
1076,059a0273c9cc2aaf4d9e1d9aad6eebcfa6625c45_0,source_type=2d_layout|query_type=multi_hop,1.0,1.0,0.0,0.0,1
1077,059a0273c9cc2aaf4d9e1d9aad6eebcfa6625c45_1,source_type=2d_layout|query_type=multi_hop,1.0,1.0,0.0,0.0,0
1078,059a0273c9cc2aaf4d9e1d9aad6eebcfa6625c45_2,source_type=text|query_type=multi_hop,1.0,1.0,0.0,0.0,0
1079,059a0273c9cc2aaf4d9e1d9aad6eebcfa6625c45_3,source_type=2d_layout|query_type=single_hop,1.0,1.0,0.0,0.0,0
1080,05a312877bb2a2360f336e7a99bb52ec6f313339_0,source_type=2d_layout|query_type=single_hop,1.0,1.0,0.0,0.0,0
1081,05a312877bb2a2360f336e7a99bb52ec6f313339_1,source_type=2d_layout|query_type=multi_hop,1.0,1.0,0.0,0.0,2
1082,05a312877bb2a2360f336e7a99bb52ec6f313339_2,source_type=2d_layout|query_type=multi_hop,1.0,1.0,0.0,0.0,0
1083,05a312877bb2a2360f336e7a99bb52ec6f313339_3,source_type=2d_layout|query_type=multi_hop,1.0,1.0,0.0,0.0,0
1084,05a3b8bbe4978f54c15901725d146b952aa36fc5_0,source_type=2d_layout|query_type=single_hop,1.0,1.0,0.0,0.0,2
1085,05a3b8bbe4978f54c15901725d146b952aa36fc5_1,source_type=2d_layout|query_type=multi_hop,1.0,1.0,0.0,0.0,0
1086,05a3b8bbe4978f54c15901725d146b952aa36fc5_2,source_type=2d_layout|query_type=multi_hop,1.0,1.0,0.0,0.0,0
1087,05a3b8bbe4978f54c15901725d146b952aa36fc5_3,source_type=table|query_type=multi_hop,1.0,1.0,0.0,0.0,1
1088,05b1e568abe5fffd0959b936848d24d0f52e9b8a_0,source_type=2d_layout|query_type=single_hop,1.0,1.0,0.0,0.0,0
1089,05b1e568abe5fffd0959b936848d24d0f52e9b8a_1,source_type=2d_layout|query_type=single_hop,1.0,1.0,0.0,0.0,0
1090,05b1e568abe5fffd0959b936848d24d0f52e9b8a_2,source_type=2d_layout|query_type=single_hop,0.31546487678572877,0.31546487678572877,0.0,0.6845351232142712,2
1091,05b1e568abe5fffd0959b936848d24d0f52e9b8a_3,source_type=2d_layout|query_type=single_hop,1.0,1.0,0.0,0.0,2
1092,05b3364e2aa2aa8b644a335529979724b658414b_0,source_type=2d_layout|query_type=multi_hop,1.0,1.0,0.0,0.0,0
1093,05b3364e2aa2aa8b644a335529979724b658414b_1,source_type=2d_layout|query_type=multi_hop,1.0,1.0,0.0,0.0,1
1094,05b3364e2aa2aa8b644a335529979724b658414b_3,source_type=2d_layout|query_type=multi_hop,1.0,1.0,0.0,0.0,1
1095,05b3364e2aa2aa8b644a335529979724b658414b_4,source_type=2d_layout|query_type=multi_hop,1.0,1.0,0.0,0.0,1
1096,05b9ceacc63e3172d16670189ec129499b77c7b1_0,source_type=2d_layout|query_type=multi_hop,1.0,1.0,0.0,0.0,1
1097,05b9ceacc63e3172d16670189ec129499b77c7b1_1,source_type=table|query_type=multi_hop,1.0,1.0,0.0,0.0,0
1098,05b9ceacc63e3172d16670189ec129499b77c7b1_2,source_type=2d_layout|query_type=single_hop,1.0,1.0,0.0,0.0,0
1099,05b9ceacc63e3172d16670189ec129499b77c7b1_3,source_type=2d_layout|query_type=multi_hop,1.0,1.0,0.0,0.0,0
1100,05c24005dfa4117cda6a29a7bcbfc30d1d66b9e8_0,source_type=table|query_type=multi_hop,1.0,1.0,0.0,0.0,1
1101,05c24005dfa4117cda6a29a7bcbfc30d1d66b9e8_1,source_type=table|query_type=single_hop,1.0,1.0,0.0,0.0,2
1102,05c24005dfa4117cda6a29a7bcbfc30d1d66b9e8_2,source_type=chart|query_type=multi_hop,1.0,1.0,0.0,0.0,0
1103,05c24005dfa4117cda6a29a7bcbfc30d1d66b9e8_3,source_type=table|query_type=single_hop,1.0,1.0,0.0,0.0,1
1104,05c7e75a95edb476e7b019fc8e8db82699c06e59_0,source_type=2d_layout|query_type=multi_hop,1.0,1.0,0.0,0.0,0
1105,05c7e75a95edb476e7b019fc8e8db82699c06e59_1,source_type=2d_layout|query_type=multi_hop,1.0,1.0,0.0,0.0,0
1106,05c7e75a95edb476e7b019fc8e8db82699c06e59_2,source_type=2d_layout|query_type=single_hop,1.0,1.0,0.0,0.0,0
1107,05c7e75a95edb476e7b019fc8e8db82699c06e59_3,source_type=table|query_type=single_hop,1.0,1.0,0.0,0.0,0
1108,05c7e75a95edb476e7b019fc8e8db82699c06e59_4,source_type=2d_layout|query_type=multi_hop,1.0,1.0,0.0,0.0,0
1109,05c7e75a95edb476e7b019fc8e8db82699c06e59_5,source_type=2d_layout|query_type=multi_hop,1.0,1.0,0.0,0.0,0
1110,05c7e75a95edb476e7b019fc8e8db82699c06e59_6,source_type=chart|query_type=multi_hop,1.0,1.0,0.0,0.0,0
1111,05c7e75a95edb476e7b019fc8e8db82699c06e59_7,source_type=2d_layout|query_type=multi_hop,1.0,1.0,0.0,0.0,1
1112,05d7e37e61e059bcfecd412df67b06d66617bf0f_0,source_type=2d_layout|query_type=single_hop,0.3562071871080222,1.0,0.6437928128919779,0.0,0
1113,05d7e37e61e059bcfecd412df67b06d66617bf0f_1,source_type=chart|query_type=multi_hop,1.0,1.0,0.0,0.0,1
1114,05d7e37e61e059bcfecd412df67b06d66617bf0f_2,source_type=2d_layout|query_type=single_hop,1.0,1.0,0.0,0.0,0
1115,05d7e37e61e059bcfecd412df67b06d66617bf0f_3,source_type=2d_layout|query_type=single_hop,1.0,1.0,0.0,0.0,0
1116,05dfc70fd754a46e3c32f9c43d75069ff473dcb0_0,source_type=text|query_type=single_hop,1.0,1.0,0.0,0.0,2
1117,05dfc70fd754a46e3c32f9c43d75069ff473dcb0_1,source_type=2d_layout|query_type=multi_hop,1.0,1.0,0.0,0.0,1
1118,05dfc70fd754a46e3c32f9c43d75069ff473dcb0_2,source_type=2d_layout|query_type=multi_hop,1.0,1.0,0.0,0.0,1
1119,05dfc70fd754a46e3c32f9c43d75069ff473dcb0_3,source_type=2d_layout|query_type=single_hop,0.6309297535714575,0.6309297535714575,0.0,0.36907024642854247,0
1120,05dfdb35c72d6b037174c63608f429d8405a020a_0,source_type=2d_layout|query_type=single_hop,1.0,1.0,0.0,0.0,2
1121,05dfdb35c72d6b037174c63608f429d8405a020a_1,source_type=chart|query_type=multi_hop,1.0,1.0,0.0,0.0,0
1122,05dfdb35c72d6b037174c63608f429d8405a020a_2,source_type=2d_layout|query_type=multi_hop,1.0,1.0,0.0,0.0,0
1123,05dfdb35c72d6b037174c63608f429d8405a020a_3,source_type=2d_layout|query_type=single_hop,1.0,1.0,0.0,0.0,0
1124,05e2dbaf2d299e33a0e7bf92a434214c84381bf1_0,source_type=2d_layout|query_type=single_hop,1.0,1.0,0.0,0.0,0
1125,05e2dbaf2d299e33a0e7bf92a434214c84381bf1_1,source_type=table|query_type=single_hop,1.0,1.0,0.0,0.0,0
1126,05e2dbaf2d299e33a0e7bf92a434214c84381bf1_2,source_type=2d_layout|query_type=single_hop,0.5,0.6309297535714575,0.13092975357145753,0.36907024642854247,0
1127,05e2dbaf2d299e33a0e7bf92a434214c84381bf1_3,source_type=2d_layout|query_type=single_hop,0.5,0.5,0.0,0.5,2
1128,05e2dbaf2d299e33a0e7bf92a434214c84381bf1_4,source_type=2d_layout|query_type=single_hop,1.0,1.0,0.0,0.0,0
1129,05e2dbaf2d299e33a0e7bf92a434214c84381bf1_5,source_type=2d_layout|query_type=single_hop,0.0,0.5,0.5,0.5,1
1130,05e6bd48bfcd3bc62a8b338e09ec5a066779910c_0,source_type=table|query_type=single_hop,1.0,1.0,0.0,0.0,2
1131,05e6bd48bfcd3bc62a8b338e09ec5a066779910c_1,source_type=table|query_type=single_hop,1.0,1.0,0.0,0.0,2
1132,05e6bd48bfcd3bc62a8b338e09ec5a066779910c_2,source_type=table|query_type=multi_hop,1.0,1.0,0.0,0.0,2
1133,05e6bd48bfcd3bc62a8b338e09ec5a066779910c_3,source_type=table|query_type=single_hop,1.0,1.0,0.0,0.0,2
1134,05ee4c3bb7067b0b8b5472f18affcd34417266ef_0,source_type=table|query_type=multi_hop,1.0,1.0,0.0,0.0,2
1135,05ee4c3bb7067b0b8b5472f18affcd34417266ef_1,source_type=table|query_type=multi_hop,1.0,1.0,0.0,0.0,2
1136,05ee4c3bb7067b0b8b5472f18affcd34417266ef_2,source_type=table|query_type=multi_hop,0.43067655807339306,0.5,0.06932344192660694,0.5,5
1137,05ee4c3bb7067b0b8b5472f18affcd34417266ef_3,source_type=chart|query_type=multi_hop,1.0,1.0,0.0,0.0,0
1138,05efd4c41b7d1b72b0e3e48b4c915acf83bbae2f_0,source_type=2d_layout|query_type=single_hop,1.0,1.0,0.0,0.0,1
1139,05efd4c41b7d1b72b0e3e48b4c915acf83bbae2f_1,source_type=2d_layout|query_type=multi_hop,1.0,1.0,0.0,0.0,0
1140,05efd4c41b7d1b72b0e3e48b4c915acf83bbae2f_2,source_type=2d_layout|query_type=multi_hop,1.0,1.0,0.0,0.0,0
1141,05efd4c41b7d1b72b0e3e48b4c915acf83bbae2f_3,source_type=text|query_type=single_hop,1.0,1.0,0.0,0.0,1
