path,category,size_bytes,sha256,status,note
.gitattributes,infrastructure,623,7b5c4e7ad0e1012c3686168765ae7596df2a2ae97e9565ad01187b6fc38bc564,OBSERVED,
.github/PULL_REQUEST_TEMPLATE.md,documentation,740,2bdeeba192e499a7cb421578983638e087ffea9388fd602c73ea75600c4cbaaf,OBSERVED,
.github/workflows/ci.yml,infrastructure,1835,2d267a391c7a009ea9958e1c8cc8800aec4e2c2e8fa65bfa912324b12a2a081c,OBSERVED,
.gitignore,infrastructure,488,28cf7e7592d28f2f3d09251a0c13a2429687fcb3ac7abc69c9aa772e8dcaa295,OBSERVED,
CONTRIBUTING.md,documentation,3335,4e696631b23777b5a6cf3a20189a469fac85eec931db28619895141a22c3044f,OBSERVED,
README.md,documentation,20072,4e29ac9610c0ef09fcbaa33debb5cdf4f264758eda10656bcd0f4d94d84e518d,OBSERVED,
configs/README.md,documentation,696,539f6ba87ab5b0e62138370caec428ef705ae7d127e392ff7bf92d1df3a2dd3b,OBSERVED,
configs/m1.1/vidoseek.toml,config,2478,eddc0ff982e5a7f8474cb812ebe87de938548410595c024865b8665537a51b00,UNREVIEWED,
configs/m1.2/core.toml,config,387,d8ab2405dc9656eba42e35b1cf53f31b95b46bd9d1db75387a59ff28180b436d,UNREVIEWED,
data/README.md,documentation,789,768d359f6bac5cc769084fb0919c849db2ed9b6435673d31eeb5ac3b130191b0,OBSERVED,
data/manifests/vidoseek-e91a92b-location.json,data,2232,eeb74f436ebf579359d54d05589c8b47c9017d8df35f0ebb1bff423f286e65cd,UNREVIEWED,
data/raw/vidoseek-e91a92b/README.md,documentation,3100,273f59f85f61c9c242eb9a08075563b2a969c183cb1a3bd0abf3866f2c24fd5b,OBSERVED,
data/raw/vidoseek-e91a92b/pdfs/pdf/0003504fb992941d93dee794e4d017b76bc5e5f8.pdf,data,5951470,851e6f9cea6c826ab04a1e22654a8add48a65deb8eb546d5ee67055e7532cf53,UNREVIEWED,
data/raw/vidoseek-e91a92b/pdfs/pdf/0004b995666f8846b92ffc3d741a930bba0638e3.pdf,data,1272583,a21f837c0086e726041d65e594f0ab8c572df7de559d1aaa0d1ac1fb8b1ac3a4,UNREVIEWED,
data/raw/vidoseek-e91a92b/pdfs/pdf/000787f166f057643ae6a2c248fe104742fade2b.pdf,data,4744933,ccaede9077e69c337824d8e5e7b2db3e8ee92cd1f1af96c319fc4cca8f8bfdc3,UNREVIEWED,
data/raw/vidoseek-e91a92b/pdfs/pdf/00136f54532dfe44863f718dea07afadc9d9b1bd.pdf,data,2244752,2a196d12045beead5c9cccd66088391bc0a41948f7433a172e53b390598d938e,UNREVIEWED,
data/raw/vidoseek-e91a92b/pdfs/pdf/00171a1b5e1078fd6fa76e72d361d1c647d77eb5.pdf,data,1872029,fc113d1bb689ae7dea1d851dd18d7af9a9eec444323e835355b9a668a3c449c4,UNREVIEWED,
data/raw/vidoseek-e91a92b/pdfs/pdf/001c68b131356935e1ed82a77300a0d40250cfbb.pdf,data,1599778,ad9073f561714eeea93cb9295bc0a2e9ce8d1b1447b302b46bde37a468601c60,UNREVIEWED,
data/raw/vidoseek-e91a92b/pdfs/pdf/001d373f0f9c22ae1a7a3a086f7859aa74c140a8.pdf,data,2971094,559f14a872dda75b0be7a0b8c872431597de891f9bafb76135554b64b9e741f4,UNREVIEWED,
data/raw/vidoseek-e91a92b/pdfs/pdf/00222bf4bff30ff446c45fee544767a33532ee56.pdf,data,2262902,72580b88cf0e0c5d6d5fe4f184947e7c28486f22c8db7cb0c8476f06d2ee442b,UNREVIEWED,
data/raw/vidoseek-e91a92b/pdfs/pdf/0022f971d841560d6ab3eee650475ad2218692c2.pdf,data,1477447,fcaf5534becea6c70a56ab2d85c6c58eb3122f9fa1ce877c19f8eb6ba52ca276,UNREVIEWED,
data/raw/vidoseek-e91a92b/pdfs/pdf/00291389a275d8392d91e1e9f5b462afa26f3732.pdf,data,3691937,12a465833eddad03294d11418ffb8706c09f11f039c04fe0dffad8c2a9adc609,UNREVIEWED,
data/raw/vidoseek-e91a92b/pdfs/pdf/00362e0c00ff5aaff038a11f970f2c0c35addd1e.pdf,data,1630589,b012def4b313f7fc8f9fad20e8273ad02ea062caafea6571c3f7a6ef2ae2c868,UNREVIEWED,
data/raw/vidoseek-e91a92b/pdfs/pdf/0036ac776bf7d6a0e1c550e132d99ba4ea07cada.pdf,data,1968699,e5e62f4528bda4216cccd104101d65ac2a218339a09e57ee778e88484ce7c120,UNREVIEWED,
data/raw/vidoseek-e91a92b/pdfs/pdf/0037474fa0400321fa39f174b2e463c6e1a2c263.pdf,data,2262781,3d5d33aa3d44c771d438464ba8e2f45e6fb8b45e7a5bf2b9c6225cebf9b78221,UNREVIEWED,
data/raw/vidoseek-e91a92b/pdfs/pdf/0039d8dff6883e560db3de8ce33e756124864c72.pdf,data,2517269,26950d1546f81e2fe373993c6c00ba02271b14eb17be6d7d62687ef1dc4f4030,UNREVIEWED,
data/raw/vidoseek-e91a92b/pdfs/pdf/0046a62271522f82bccb449a6da2a2c3b3438d6f.pdf,data,2966388,02b37d7d352e71f81896873b2895f18e49cd750b8ddb9773ccf119b81986f6bb,UNREVIEWED,
data/raw/vidoseek-e91a92b/pdfs/pdf/00476779215f7c5dfc33c26f82359defa7fb09a4.pdf,data,3388151,335bbb0ff6556712787f79a69eae51de57e81bb6f764a26d74d373424f7cc688,UNREVIEWED,
data/raw/vidoseek-e91a92b/pdfs/pdf/004fa5b659d542cc041ca010cd7d7ee62c6cad65.pdf,data,1852764,32f48c9e31f7a37251f5d8be4e7882fe8086667d8b7e3772580a09080ee62c99,UNREVIEWED,
data/raw/vidoseek-e91a92b/pdfs/pdf/00514494eaa8512bfe56d31e5ecb4e5f14e3cd3a.pdf,data,2367698,5c6639ade82f143eb6cebb19f97abff8f1d944fac74c9cf8780d4719454b32a0,UNREVIEWED,
data/raw/vidoseek-e91a92b/pdfs/pdf/005d1214a22febf782a7f1cc41ff046d6e7c8bc5.pdf,data,1358162,82b93c5c8870cb744bba19c0c174cd53f37248bce864c38da062498292bd0d25,UNREVIEWED,
data/raw/vidoseek-e91a92b/pdfs/pdf/0060ecefdf2940beb2bb815c0fac9f0dc8879223.pdf,data,1521549,a7a388a30c3a8cc059a692f6497ed7faa6b9b592bee6956b64308c92092926b5,UNREVIEWED,
data/raw/vidoseek-e91a92b/pdfs/pdf/00635dc8c9b99e2c839ade4ee486b54a1bf70a67.pdf,data,3172835,d332eed9e653506a98cc018af7441fb1e39ca6169c321ccf4efa57728f847ef1,UNREVIEWED,
data/raw/vidoseek-e91a92b/pdfs/pdf/0065038b9255be3283bedc7bbe75ef5c2660d3a8.pdf,data,1657430,e356e45946d2eaac36987258a8e86008d384f756eec8e30acfa7c50b2c5793ad,UNREVIEWED,
data/raw/vidoseek-e91a92b/pdfs/pdf/006708446f8b5d7e63ece4e8794811b0c377b8d5.pdf,data,1974705,abe8660e153dd6128a2a0e85df4790b03f59d77da7da0d7cc4218232dd1f37c2,UNREVIEWED,
data/raw/vidoseek-e91a92b/pdfs/pdf/007190056808dc4305bf7199977e4d9c296df88c.pdf,data,3131933,0b281c03613c542ddc93ede5a9bd33b47f22dc69b3a738c9f5505288e8498ca2,UNREVIEWED,
data/raw/vidoseek-e91a92b/pdfs/pdf/0073d1c9d37a124a69560a42acf492e6fae6fb55.pdf,data,1281931,89513d033f3411af3ec9139f532acc80905ce190f1b878e13f4e90a3abfc36a9,UNREVIEWED,
data/raw/vidoseek-e91a92b/pdfs/pdf/0073e9e4899d0c973eab31589057ddbba328be0c.pdf,data,2627919,6ab6bfbd864d1580a539f6671d7b040da3696409764e76aa3726ca6c39eff041,UNREVIEWED,
data/raw/vidoseek-e91a92b/pdfs/pdf/00745bf47a154bf4cbc93be8abc0ec86d502e42a.pdf,data,1229149,f92cf7b45da658e7d72fde24388bec59337e1879ae06f029ad1b15bee5ae26b0,UNREVIEWED,
data/raw/vidoseek-e91a92b/pdfs/pdf/00766a8de5a8bc7c777662b534d8014737dcf248.pdf,data,6889089,b61c614aaca13b2709e577b80e5e16ed107a4c3ee74311a9e3239aeb6d651972,UNREVIEWED,
data/raw/vidoseek-e91a92b/pdfs/pdf/007758e589ec783581801f488c13ac03ad616803.pdf,data,1369172,f361fcf8202963cfc5761386c1d2ad77b75b00f80a8b31ec1fd31093e51803c1,UNREVIEWED,
data/raw/vidoseek-e91a92b/pdfs/pdf/007b9c939a070ebea56e27391ecb1cf9550909df.pdf,data,2489868,f6a375c256408e8d4e9a3a03a7ed198b63472116b4a610794926e078d45da48a,UNREVIEWED,
data/raw/vidoseek-e91a92b/pdfs/pdf/007ee14d7991c3debc7ebc7558a8a5e38dfb1109.pdf,data,1055919,2cdaed1447154981eb58ee8b8ae543a3b5ef7e69378beaca0f6ce7359fce3905,UNREVIEWED,
data/raw/vidoseek-e91a92b/pdfs/pdf/008179ae43fe6605078e2dfbc1e02a2bfb1f3f48.pdf,data,2012030,f7820fbc4912219f6841dff6c22194bc3e91365c323e5b638ef05cfe4bf49962,UNREVIEWED,
data/raw/vidoseek-e91a92b/pdfs/pdf/008363273c77bfd99cc0bbe473189616006e7c72.pdf,data,1908063,5866580552fe1241b5f2ddeba1ac06d095244733e5665d26171573691d06770b,UNREVIEWED,
data/raw/vidoseek-e91a92b/pdfs/pdf/0085b42536c3a3a4806ab799a56df25c6f183dc2.pdf,data,1602872,dd2cf34d4e889980ee34eea139075837e502e8aab5f1fbc4f353488c8850dd53,UNREVIEWED,
data/raw/vidoseek-e91a92b/pdfs/pdf/0092c881cffe1c685ec3bc0fd5d5110c0939c081.pdf,data,1702416,79c2e1cfc657e60c164722a3efbe0eacf80c4d24fad1fad1b9de7dfbf644a1e6,UNREVIEWED,
data/raw/vidoseek-e91a92b/pdfs/pdf/009856a0cdcc230d983c3a3e460a0c1b83cb09d4.pdf,data,6690846,470c55a4c3cb2a4a885e460cc17295f3657721f01f492a5d0f9c491119491370,UNREVIEWED,
data/raw/vidoseek-e91a92b/pdfs/pdf/009ab62111533e1608fd1d36c955d7d5a85aa77a.pdf,data,1262636,e071639b7995490e7c79f4872b1f5d832f664a8ce80f069470ab1ea0195da540,UNREVIEWED,
data/raw/vidoseek-e91a92b/pdfs/pdf/009e328fc7136f2a006b114ff3154d3eafd04ecb.pdf,data,2688520,8158eaa7fb2e796bf514f492420a63c5a10909343704e535817ecb56921a1785,UNREVIEWED,
data/raw/vidoseek-e91a92b/pdfs/pdf/009fba61d172d2e380aa6271996751b3433cfdf6.pdf,data,1331729,666eed6a35f3a668486d719c45a69f8842f7a2fd36103168616f5cedbd3ce766,UNREVIEWED,
data/raw/vidoseek-e91a92b/pdfs/pdf/00a1765f5fa2e5453d308132b37142e8f84ddd23.pdf,data,1257796,2ce231d695a43e1c2ac00d04bf28a73b9fbcc9ab197ef7f6bcacfb5f10c29107,UNREVIEWED,
data/raw/vidoseek-e91a92b/pdfs/pdf/00a76e3a9a36255616e2dc14a6eb5dde598b321f.pdf,data,1857699,e68251a4728ccef9a8462c19f4017e1b9304db8ef6c7b0e9dc1f75516ad8d126,UNREVIEWED,
data/raw/vidoseek-e91a92b/pdfs/pdf/00b713b0c29bb3c2332acc9720ee82084e6d2223.pdf,data,2479808,7a340fe83db57e3f0549f0677d7f401d9ef0c160732a153835eaad504324ca6b,UNREVIEWED,
data/raw/vidoseek-e91a92b/pdfs/pdf/00c9161083ca956372a7548e69650556a8c7f358.pdf,data,2000578,8bd690bff992aba160843b2b7ee00997e605402332815e7b58ba44328dbc10c3,UNREVIEWED,
data/raw/vidoseek-e91a92b/pdfs/pdf/00d3101e767726159003a7e4aa9e34ed7811ac4d.pdf,data,2100587,486bc3299820d9c624ba8a599a9be5f6b597e0ea7ec601f3cbb424aa2fd4319e,UNREVIEWED,
data/raw/vidoseek-e91a92b/pdfs/pdf/00d651c402c11a65c94ff362c3cc6f116e1408d0.pdf,data,2153749,69e8e3e36d99895581d7c1ce1a98522ad70cba71c29aabd0361d60ddb1385a61,UNREVIEWED,
data/raw/vidoseek-e91a92b/pdfs/pdf/00d8d22ded241c20c75d49578359057cd25739d1.pdf,data,1925790,6c6fb94ac4e9272c9b4d557c67bfb7d3ecba79e896795d32efa778af682c7dca,UNREVIEWED,
data/raw/vidoseek-e91a92b/pdfs/pdf/00e3465b452fe1a062568e4c6df56d4b25091e4a.pdf,data,1529584,a53ff6bf8ac341392a48b743cfbbafb161d02683924eb21b7bfcdd40bbdd9309,UNREVIEWED,
data/raw/vidoseek-e91a92b/pdfs/pdf/00e957f8d92df41cce41fa6f0860beeb63a2bc0d.pdf,data,1761253,1b882dd2a30c95ecdcd4a5ac535b33397008433433a166b472b442fa35963384,UNREVIEWED,
data/raw/vidoseek-e91a92b/pdfs/pdf/00eaa8398ef80dca6f36488467acf600d01f8a98.pdf,data,2877646,779f901260408d44de1b56f21fe66845dae13b40879941a395a97029edf96256,UNREVIEWED,
data/raw/vidoseek-e91a92b/pdfs/pdf/00f09f97f9d5b77133891f15abdf622f1021c828.pdf,data,2389543,abe5fc8bac77d3b797da57d2ca1f3f667bbf0d210dfc79d8ecbf7e782c66a3bb,UNREVIEWED,
data/raw/vidoseek-e91a92b/pdfs/pdf/00f9525a2659bdcd3f43e08ef8403a11284d1879.pdf,data,1357103,f60e0263f0b0548efe967ad017e380dcb1ae50bfd0aa8fac885a8d5a2d2d2a48,UNREVIEWED,
data/raw/vidoseek-e91a92b/pdfs/pdf/01008ed4462f4cd8ca21bb3f0ba2c9f42adf31e0.pdf,data,3057427,d5acfb7d15442494e8723550bc8a4f73409797eb973c7027fd6d05625b856d26,UNREVIEWED,
data/raw/vidoseek-e91a92b/pdfs/pdf/0102d1ef93ef13b1164524c4f5386ce4208e05c6.pdf,data,1549411,e83198a1ebdcc02c80ad7fd9db77fab6aee009b7a7b02a170f7dfe0066285826,UNREVIEWED,
data/raw/vidoseek-e91a92b/pdfs/pdf/01044e66f7113aacd8a9b011f7cc6251a66715cd.pdf,data,1796167,974939e027332d355f2b400c660309877870c5e96c96d1a1ea0f32eb2b0f7792,UNREVIEWED,
data/raw/vidoseek-e91a92b/pdfs/pdf/01054a87c831f60e8cfaead13508fb385ef34f44.pdf,data,2736689,8a3635e9b0c96717808bb1df550a41d8e9cfda619e5bf8ec3d8d78cb4f4e7ec1,UNREVIEWED,
data/raw/vidoseek-e91a92b/pdfs/pdf/01056efdbb585d355a073b6aba9a906611fc1cc4.pdf,data,1436395,ea81c516f865da748d351765cf11f3f5870f5bd7ed44a6b9647fd6c74180cbda,UNREVIEWED,
data/raw/vidoseek-e91a92b/pdfs/pdf/010590d6cf97f7ade2020f7d8a19467c75998833.pdf,data,2501960,b419528587b758545f55e23b278cf240bc988bba2d3e07ab2c56a3a301fb5e30,UNREVIEWED,
data/raw/vidoseek-e91a92b/pdfs/pdf/010a416cae90d4bb404900188fa5b3b588cf4ee6.pdf,data,2678339,ec7487bdeba7c8fb46562dc4929d3cabe429f6f8930d78e02fb113e9867eefa0,UNREVIEWED,
data/raw/vidoseek-e91a92b/pdfs/pdf/010aa2ce76c2512f680fb811dfb2b345a728d207.pdf,data,2913939,bc4c656a23a3351f8864ac51ff708d052b098c75688b1091508b7bb1e92c8c8f,UNREVIEWED,
data/raw/vidoseek-e91a92b/pdfs/pdf/010b32101467eec8ee7547ff0b4273c6570d1a3e.pdf,data,1472949,062192707a4f7e74693647a23fdb7fd0f7789def7067797e658ce6b535fd4b3b,UNREVIEWED,
data/raw/vidoseek-e91a92b/pdfs/pdf/010b954baee991271716f3cf02078768ce291cad.pdf,data,7873520,834ca5a5154f179dc6cd16d6e46f5793df22cd39c6f74fe07b9ec9fa29a6c379,UNREVIEWED,
data/raw/vidoseek-e91a92b/pdfs/pdf/0110a283b16e9eb0d864336a69f474f16bc246fc.pdf,data,1222197,d02ca4a953c9e3666de4878acd7aa7f815529b274ee921e72d989ba4f0630a8f,UNREVIEWED,
data/raw/vidoseek-e91a92b/pdfs/pdf/0112ca2699d66e29e4030467d283e111e8460785.pdf,data,8071874,a420a9d3acee13d8e0e7ea7d414f95c2cee2dd16f8a99c0fa9716468d7f07806,UNREVIEWED,
data/raw/vidoseek-e91a92b/pdfs/pdf/0113e646ae1bfb91d3b7e0c7461ef216d49364ec.pdf,data,1975206,889eff4a15c69b5bf3bc39312c1c1d49f4180a0ef0d9b26cf6f25caefd1a3c17,UNREVIEWED,
data/raw/vidoseek-e91a92b/pdfs/pdf/011a2465874f6d9a254213a736098a0a2bb02008.pdf,data,1377579,b8b17756d31032df41f1c9ec16bf3900c77f15ee0861faf981c9efeb2bc1a80c,UNREVIEWED,
data/raw/vidoseek-e91a92b/pdfs/pdf/011d63ccb0a9d4bf4acb930130cab628f8257a80.pdf,data,2289864,584067d260f54e307e4cc683c593db98cc00ea64d53d8588411e4e50821e3ce9,UNREVIEWED,
data/raw/vidoseek-e91a92b/pdfs/pdf/011e012b28d60278c243b200eaf19952a725370c.pdf,data,1546174,2c26e33585163874943209812eada9379f96a6e883c94cfea26545d0a5159d1d,UNREVIEWED,
data/raw/vidoseek-e91a92b/pdfs/pdf/01205fc33e82bddd5ac1382b8b99368f54bec83f.pdf,data,4446786,07427a6d59c266738c99dea4fda369c6d0e55b03d4f9f0c0deb980377b90ac16,UNREVIEWED,
data/raw/vidoseek-e91a92b/pdfs/pdf/0123e4fee5e59cc7a1476402986a2b9fb41162c2.pdf,data,2775871,f5a55aab047057fb1c869f8d56482fc0fa913dfaf4c7907ddfcc01695930310f,UNREVIEWED,
data/raw/vidoseek-e91a92b/pdfs/pdf/012cc40cf7002584e28a0bb878bcee275f0709c3.pdf,data,2686936,0b617b7f3b05bccab70225102b4ee7e9581e1347b1ce6843381483cb61852af9,UNREVIEWED,
data/raw/vidoseek-e91a92b/pdfs/pdf/01308bf277aae0458648b3e45465b72b296bec79.pdf,data,1636163,44be8dacbdfe20ed28bba33b410ac880f912bf36906dd2012a3075832b6668e1,UNREVIEWED,
data/raw/vidoseek-e91a92b/pdfs/pdf/01366bd3d0d29464d17b4b237c57f9212335e065.pdf,data,2830251,685d538b862137ccea5caf875534a16c71781abe470c209b29c3984b5a42359c,UNREVIEWED,
data/raw/vidoseek-e91a92b/pdfs/pdf/013a76b7d4fff54f05699693f7bcdf0a146db252.pdf,data,3176531,db3a4f41a6812a007798e4eec38a4c73fcdc467f23b1e0acc08ac3b77396a4d6,UNREVIEWED,
data/raw/vidoseek-e91a92b/pdfs/pdf/0141423d1458ba94137419fea5eaaa76ff9e66f5.pdf,data,1911605,061afcf1fc2d973869a7c61b1fd15ea7fc512b6fe2f18545418a8efcda0d8efe,UNREVIEWED,
data/raw/vidoseek-e91a92b/pdfs/pdf/014a0f670eefb10fb9b8c82f29e8ec877dd7b2ae.pdf,data,3055054,2e6105787c3fcc4f874e963f02ee18b2c5c90aff56c3ebfae286dc18bb9c685c,UNREVIEWED,
data/raw/vidoseek-e91a92b/pdfs/pdf/014b7b21bdb3febc039b65199de37a0e67c7b970.pdf,data,1166276,88baf2c1a60ad77f6ea9a5c5a0843c7e8cdd3c5707d783f7e6e17057a4d00216,UNREVIEWED,
data/raw/vidoseek-e91a92b/pdfs/pdf/014da9165faa5601e43d0579cbc08e102729bc2f.pdf,data,11242674,46b2035c443b9aa58e32e6fde67a6243fd0133a78939542c22d9d004fafae195,UNREVIEWED,
data/raw/vidoseek-e91a92b/pdfs/pdf/014e06ff15aa70dca51689af416805faa0a4584a.pdf,data,1268740,634a45df33b2bc578c39ad091837a940783fff5cda9a7489c1edf6339b54c49a,UNREVIEWED,
data/raw/vidoseek-e91a92b/pdfs/pdf/014fd451d352ca6afa4520bc065d9223a77220fd.pdf,data,4539209,f378d508db7ded885c66d917842e4fac02b8128d0b314dbceba83c6bce0361fe,UNREVIEWED,
data/raw/vidoseek-e91a92b/pdfs/pdf/015080023c12881bbdaba9a10869fe1b7abb392b.pdf,data,3136874,ce463c8c30210293193da97f457e22329dcc6c562a66c5be57b56a0d73e67ba8,UNREVIEWED,
data/raw/vidoseek-e91a92b/pdfs/pdf/015629bf22e394df0ea1e3e162e3d5bef341415f.pdf,data,2189193,c2c855d7fdc5637ab9dbbee19da8192efab04e223a659ebbe33daa4bb78c16b3,UNREVIEWED,
data/raw/vidoseek-e91a92b/pdfs/pdf/015834912780c3a83a8c27aa66c52252994a8b16.pdf,data,3442353,7f51f6d3fc131f26d8d3c3815c0f6575dceea67e932dbc5e912bfcdcb9217122,UNREVIEWED,
data/raw/vidoseek-e91a92b/pdfs/pdf/016c6142ccc35a54402cf0838e2c9bd00d0cfe26.pdf,data,7977685,9e3631857e255f172aa43659d31c3aa8890aedfecb52c09893159bb156f8f7b7,UNREVIEWED,
data/raw/vidoseek-e91a92b/pdfs/pdf/016d380720964134f37e5803bc182f7bcb0af024.pdf,data,2836290,073cc18a20a17fe0308d40c118620a7d38966b99f212a9b44e61eb8c44daef9a,UNREVIEWED,
data/raw/vidoseek-e91a92b/pdfs/pdf/01710452190c12c400325a76e75776f660935e6d.pdf,data,2077339,9ce5f577d6411d607ed601c1c71205c1faf5890b1827066c0f302431b38e60a8,UNREVIEWED,
data/raw/vidoseek-e91a92b/pdfs/pdf/017a22d5906315fd57b67970a5c6829b1de1de5d.pdf,data,5076200,0b51e4dda90c4c4b68342deceb5c5552694de7b36bc7dfaebcd7ccc208033266,UNREVIEWED,
data/raw/vidoseek-e91a92b/pdfs/pdf/017af5182e83e83177be247bf4f05adeddd6105b.pdf,data,1372603,0d90c27f2cd7ffa6c20776667b44f845abebb20d55380622eab86702fca108ca,UNREVIEWED,
data/raw/vidoseek-e91a92b/pdfs/pdf/017b534723c463c51f4031ccbba8ce156a502b42.pdf,data,4256865,17eb02ae0b9fa2f80491db6caec6b258ce0562168ed9d1da1c4f88c3a4c12332,UNREVIEWED,
data/raw/vidoseek-e91a92b/pdfs/pdf/017b6f58539aba1651e897c39a8104381e627794.pdf,data,2237710,a7bb0de1a098f2091b796a0db52b0c8e640bca9c5cb346f42d91bc2447a3a7ee,UNREVIEWED,
data/raw/vidoseek-e91a92b/pdfs/pdf/01867e3e7f633451b5d59291fb4ff2bce1d23d4f.pdf,data,2330390,b109ca29a7340ab6eb175b9795beb0c25675c9f92b127b34a6a08f046ab6be0e,UNREVIEWED,
data/raw/vidoseek-e91a92b/pdfs/pdf/018c1bacd62f681697487fa8f033c0f332e849a0.pdf,data,3381865,a26be3e615dbe7d7285a35c9eec57d1dbb6d074383329caf7befdb600da10666,UNREVIEWED,
data/raw/vidoseek-e91a92b/pdfs/pdf/019628e5cf93e750e1ba161b17b970acaeaaf5bb.pdf,data,1317811,be97f7e71fb416a294038397e811886383901dc4b817e944f6ae459152ed87ee,UNREVIEWED,
data/raw/vidoseek-e91a92b/pdfs/pdf/01972440b42f5700a79723eb27cf8f86fb9ca967.pdf,data,1390198,ae493e3ae5cccbb3521f2c74e7b8f0d44e59bf6b932b3cbecbe6ba0340d44689,UNREVIEWED,
data/raw/vidoseek-e91a92b/pdfs/pdf/01ada48daaf576de7e173f212b032ab06b742e24.pdf,data,8585161,543d42b6caf6a4da847c9d48abd11d22bdbe798165f14fd71026ae33e9ed2c9e,UNREVIEWED,
data/raw/vidoseek-e91a92b/pdfs/pdf/01adef9a43d47eb468db708906f53c182e01c156.pdf,data,1158147,a8f31bffa57c61eeddede598bb8c2e2e5cc11a61347e329ffb5fe864839097f6,UNREVIEWED,
data/raw/vidoseek-e91a92b/pdfs/pdf/01b0562bad7dae455fb107d2ab7cc9bf85dc28d1.pdf,data,6589614,c40c5ba406cc2efddd11bdeeae6d1fd5cb8192a1140eab4f5a44ac6f41602db1,UNREVIEWED,
data/raw/vidoseek-e91a92b/pdfs/pdf/01b45067b00e9d6a633241ded31d8359ffecfab3.pdf,data,2350072,95db766de8cc6d5f3ebe28b426b9216471c6287ace8c50ee8d7ac060830f4471,UNREVIEWED,
data/raw/vidoseek-e91a92b/pdfs/pdf/01d19e89beeb2a6dc209a3d38a8a0b5d1289e1d9.pdf,data,3077523,e246cc5fac68d9e7cb3eea9f3d2cbecefa58c3049b43538ebbcb5e4d73f120f5,UNREVIEWED,
data/raw/vidoseek-e91a92b/pdfs/pdf/01d2cbe048456cbecc7d3049ddb16145b22eeaee.pdf,data,2694202,f063c091b75f4eba4c599c914383d161523f4784950f31149905cf391d46031f,UNREVIEWED,
data/raw/vidoseek-e91a92b/pdfs/pdf/01d4e74b70ac525e54c217dc5a380950b5c1d8e3.pdf,data,6061769,4fa6fef49994bba6a0ba69b2a7e908308daa8387debe3029fe775497e38d675f,UNREVIEWED,
data/raw/vidoseek-e91a92b/pdfs/pdf/01d73640c391613eb67e4d6853ebe1b72a334bd8.pdf,data,5984286,4ebf872e6aa56ba4e772127e472c1ac34c9cad15e819e72fa5fb9f4fe0466128,UNREVIEWED,
data/raw/vidoseek-e91a92b/pdfs/pdf/01db33037495b43a964c0527bc3a54bf80f2d7ed.pdf,data,4846865,e76b2c4a7c937463f343774026bdec3084e09a17a0895aaaacacf6f9d8e653b6,UNREVIEWED,
data/raw/vidoseek-e91a92b/pdfs/pdf/01dc52ed80b475c6ac81bc9def3e03dad93e33de.pdf,data,1350102,94410a5d8ad81d82d321f578a18e6565a4d76ea11b1a6572b95ab9f7af9a0d19,UNREVIEWED,
data/raw/vidoseek-e91a92b/pdfs/pdf/01e5c3da08fc4a64af814dd982ef7f786d59b197.pdf,data,2202717,d1d6488385b2e2730010e6ecc1031a7eb68d83df67b0bbf36311ad683c514ac2,UNREVIEWED,
data/raw/vidoseek-e91a92b/pdfs/pdf/01ee87da11c9a8aa43f24e6e50814e11410afe71.pdf,data,1063790,fe03493ce70078b45b1e67851d7fd15df91ab574eabd46d1b641d899a7688a3a,UNREVIEWED,
data/raw/vidoseek-e91a92b/pdfs/pdf/01f51049a9822b8a31158202a65751407a23cd29.pdf,data,5781055,fc4ef328dae2ab65bc0b4acc04e441ba11ebec6fdf25a0d27bf02254577a6408,UNREVIEWED,
data/raw/vidoseek-e91a92b/pdfs/pdf/020a45a6a26dd2e033a104b5e827d9f5b48482b7.pdf,data,1985805,7c16b25bd846f8019b1ef412daff996b0abc514204e6bdfcaf8afbb4402c74ea,UNREVIEWED,
data/raw/vidoseek-e91a92b/pdfs/pdf/020b7cd1af551afa9f91a0c82ebeca65ce2b70a9.pdf,data,1156194,c74665cfcccd7ad0b0c199deb1c00dceed846622f5aa3d6f9e1e084458f21447,UNREVIEWED,
data/raw/vidoseek-e91a92b/pdfs/pdf/020bcb3e110f77717003542c1d705ccb7f551ea0.pdf,data,4151591,534b88414a450713f58f44ec9ffca98b49452dd5cb54c9d53eb00a1847a3f406,UNREVIEWED,
data/raw/vidoseek-e91a92b/pdfs/pdf/0210a4d56ca2323da785eebec3a8132ba92889eb.pdf,data,2109689,2d2263066734222eaf4012114fb969ecfa12a61ec65b288bd4b183a9a5ba1caa,UNREVIEWED,
data/raw/vidoseek-e91a92b/pdfs/pdf/02194db1476749b2fd3a5b7004b16bc63f071ffb.pdf,data,3746028,0c9b2b3e7b12700b45f3ebde7112a157b5762344f0d04f803acce9bb5d25f051,UNREVIEWED,
data/raw/vidoseek-e91a92b/pdfs/pdf/0219b006cf0a2d4116f8163f9faa75108baa3292.pdf,data,3762492,e6ab2984deefd1b9edc14b0585de41dffb4197cbb1aeb9a5d6dafba2c9e3584c,UNREVIEWED,
data/raw/vidoseek-e91a92b/pdfs/pdf/022f9e5d533ac8ccc613bfb3a0797a09f38ce256.pdf,data,1739334,36c6d987f5b39590d3216c4106f5c25280cddce9327f2f80229517c277b49a4d,UNREVIEWED,
data/raw/vidoseek-e91a92b/pdfs/pdf/0234bac525e1d4114cdf7c833a6682a406d038c2.pdf,data,3842034,0bed27e0df9435939ac858467053ceb3d6c10cd91f12169c2b55900d303e01a6,UNREVIEWED,
data/raw/vidoseek-e91a92b/pdfs/pdf/023ac0d5e5bb44d48aae7eeddbf102ec6a8064aa.pdf,data,3733849,719e9126e1cf707d07dae669ce9ebe73e5111d6a7e4f92c4997e6bb9a7dff3fd,UNREVIEWED,
data/raw/vidoseek-e91a92b/pdfs/pdf/023d52557a93b35d8c8f4d409acc3c699b5afc4a.pdf,data,6393288,bcb076a3c80f3c308a937f131a9358d4066c559ef1d6e2e4b1f93aae3270333d,UNREVIEWED,
data/raw/vidoseek-e91a92b/pdfs/pdf/0258acc3a8560dbfd515a78c429125106f29abf3.pdf,data,1730258,4e19080497f899f1304515a7df75bcf1c36e129e2b9053e52225109c85e678dc,UNREVIEWED,
data/raw/vidoseek-e91a92b/pdfs/pdf/025d01d4a3c6f6f9930d7188dc1dd779773c109d.pdf,data,5049396,c9ccb2c90107c102479d0a41238aa9d349f992969c2574b24dc3b970ffa3c163,UNREVIEWED,
data/raw/vidoseek-e91a92b/pdfs/pdf/025d29820e87212c70835c906ec824ed69687b11.pdf,data,1363350,f9a5f94bf3a75fa59bf73a191def8836cd3d488639afd4414231bd428d0a1e08,UNREVIEWED,
data/raw/vidoseek-e91a92b/pdfs/pdf/02702d83f1a8d89b600baac8da0a8076e862f3b0.pdf,data,2121842,9600110e2e9fd8419044572dd9d56bc8d6a262d6cd4bee5c84641660f071ab9a,UNREVIEWED,
data/raw/vidoseek-e91a92b/pdfs/pdf/027dee01b7aced677eb5093c754ebad82a89015d.pdf,data,1437527,c26d67ccf332cbc398326c6caec1360e72cec00ccbdbc63e6faee375a0b49c96,UNREVIEWED,
data/raw/vidoseek-e91a92b/pdfs/pdf/027fc5feacb59ded7d660a1aaccc343994d349cb.pdf,data,2987726,2c27a2cf6bb9f6d614779da76e90452a0ea650cb3fc0ab24b695bb534fd4d519,UNREVIEWED,
data/raw/vidoseek-e91a92b/pdfs/pdf/02862397eb1a6a6a9011506457d8f88d48654cab.pdf,data,1327447,70033e45c9ed275f1a912622acea0dc15ef0630f5b5ae19f6335cfd7572dbc0b,UNREVIEWED,
data/raw/vidoseek-e91a92b/pdfs/pdf/02901905b0dca6b415e8c505be07cb53224d619a.pdf,data,3682168,869c4fee91b988958f39cc4476d43fa16f254dd8ca90530b84c4393df6424d21,UNREVIEWED,
data/raw/vidoseek-e91a92b/pdfs/pdf/02930e06acb93ef2bb4e11c0e1f4677ee25e1aa9.pdf,data,1313444,abdc8f34cbaea54ea3981ef40ead33bb06a4702bda052a4cfb41b774487d36d2,UNREVIEWED,
data/raw/vidoseek-e91a92b/pdfs/pdf/0295f1ca960d29e2327e90a848235693d965d308.pdf,data,4893497,192d39dcb6f98233cfc8e679a6dd7f3a2302ff74b6ea685a8b5f153ee81ac9af,UNREVIEWED,
data/raw/vidoseek-e91a92b/pdfs/pdf/029a9ea8732b9dbbba9057e52120245f00770c1b.pdf,data,2726759,00f10b7917440523569f9d79a038fa5898d4a783d4eb7a054b0593c5e77ce696,UNREVIEWED,
data/raw/vidoseek-e91a92b/pdfs/pdf/029bee9c16e36444109f4e8e4eedf938e6b1c170.pdf,data,2217478,0962f9391c9209400e082e34a6412b12959ee3b3e75b4b141d40888ec53e3b7e,UNREVIEWED,
data/raw/vidoseek-e91a92b/pdfs/pdf/029c4114f7ca1441b6c2ece43413d9dbbdba61b2.pdf,data,1613978,181ec608d2478f220d473a6b213f80959e47570851487a7def4be017fb184b4b,UNREVIEWED,
data/raw/vidoseek-e91a92b/pdfs/pdf/02a5b57a4c7a9cab3f280da70bf789ac74dfdc23.pdf,data,1882509,319c86ec6d0c1d2f0e4f5f699e3f0884ebf866707d380c4d59cc5a92db2a2ffe,UNREVIEWED,
data/raw/vidoseek-e91a92b/pdfs/pdf/02c05ed2ea23546d0df9449c70dcaa41103a240c.pdf,data,1384107,20739db6957016c17e2afcfd54b1241681001b56b40df5328b29756a3832976c,UNREVIEWED,
data/raw/vidoseek-e91a92b/pdfs/pdf/02d59c632786097daf539c0e1c249dece29d678c.pdf,data,1135499,c0f010bab42477c33de956dc5c221b89c35edbaf0cc6691e94f5da15b9e5015e,UNREVIEWED,
data/raw/vidoseek-e91a92b/pdfs/pdf/02d9d6c3d872469119ce9ff49442967c9209d1cd.pdf,data,6082628,24b1c8427de3e7a86e43eefccfcfc6be3283f89c5ed17e2e39a3693735724414,UNREVIEWED,
data/raw/vidoseek-e91a92b/pdfs/pdf/02e22d6e970bef1b48efd32bf2a524c6bd3263c7.pdf,data,7573764,d10e7b9a19d66978a57caf81859343486cbc3c33ee3cc9a5a5b9dabd00d33b30,UNREVIEWED,
data/raw/vidoseek-e91a92b/pdfs/pdf/02ea7667e98ee1f63c04b3e0ebbd765a4b14d3d6.pdf,data,1613774,6ae7a8fe6d83cd89e87cc890b673c08c885b389db693af850867d64ab5ae1b22,UNREVIEWED,
data/raw/vidoseek-e91a92b/pdfs/pdf/02ec82b1931eb6533f83776d2f7adfb8c8054f3e.pdf,data,1886906,d88e278027e620d8c55f8ebd3e4838b715660a8e16a5c784e2220d7e3dee0efc,UNREVIEWED,
data/raw/vidoseek-e91a92b/pdfs/pdf/02f4660e0eab879402f28af77849e932758894d4.pdf,data,2379236,2f131bb9c640ce0c30c6f573e03471ecfb7224b2a0dadd32f433a1a8cd4cc552,UNREVIEWED,
data/raw/vidoseek-e91a92b/pdfs/pdf/02fad63af9e5d225ca97805a30691ac4da45871d.pdf,data,1666903,7443bc2407af19dbc118e43607c3a4945bebf6d9289200d962d3ab3803431d68,UNREVIEWED,
data/raw/vidoseek-e91a92b/pdfs/pdf/0309cdc068e3874daff521ef28a4cb8c4246eac0.pdf,data,2442572,2ff20d34e51b5bfd9f27c11cb1120545939cf05313a6c19f4b94506393351d8a,UNREVIEWED,
data/raw/vidoseek-e91a92b/pdfs/pdf/030dfed8672b1e949201e193e0fb7f1b909b620f.pdf,data,1178453,d92b84ed157bd58977e74691c661eb893d0342241ca4d8fe056dc66be459ce50,UNREVIEWED,
data/raw/vidoseek-e91a92b/pdfs/pdf/030f9aadf5213406f5bbb4ff47e0d1b2202ac3a4.pdf,data,1498175,a37377cec33dd55eac98a7b74f69d05c8ab16ab6ec1e1bc6fb7c00058aa65cf9,UNREVIEWED,
data/raw/vidoseek-e91a92b/pdfs/pdf/031271a581b8802789a540ffaeca23b68166195b.pdf,data,1568080,918138165f7bd33f9ac29acc8a1142c5f8345107eed40dfa9469837c812e315d,UNREVIEWED,
data/raw/vidoseek-e91a92b/pdfs/pdf/0315a7e099d0e42580d92d213ab9d201603934a8.pdf,data,1779530,fb1f6539c09a3fdd435b1835ef64f1608c71a242fbdeedcdff454372cdac7bdd,UNREVIEWED,
data/raw/vidoseek-e91a92b/pdfs/pdf/03181f25690efd8f9d1f241a4cb9837db4ab9e20.pdf,data,2507593,11a9594286ef6379e1047fc3443727a1c41f1e596f415dfd29bda7809b379968,UNREVIEWED,
data/raw/vidoseek-e91a92b/pdfs/pdf/031acfd29ec690ea84000b928b3da3b67e973a56.pdf,data,1484762,331f6b64e268c5495e56bdc558ae1d66d510a026d9bc25c0e1c89185542962b2,UNREVIEWED,
data/raw/vidoseek-e91a92b/pdfs/pdf/031b2c2942ecd6ac2726e23505aeddb4314b7392.pdf,data,2187113,81050d0d5e514653b855d39f7b9bd7deb92ebe0d6208a90ab7f440311953d17f,UNREVIEWED,
data/raw/vidoseek-e91a92b/pdfs/pdf/031b7b7d18c37c9bc134212f6ccf7bac1f06e606.pdf,data,1327125,6dd9594e1e8c76404f03316ab00a15b633642eea5e399bf663d707a267e71c22,UNREVIEWED,
data/raw/vidoseek-e91a92b/pdfs/pdf/031c0c13ba27809088357fd6cc8dfd5f79d5d5c5.pdf,data,4035419,6d24bb0d7ab83328cd08c3b6a5661a1ece637a31291d84c7ca19ad3ee5a27403,UNREVIEWED,
data/raw/vidoseek-e91a92b/pdfs/pdf/031e852a852b2ca2fd7f646ece8d87d8d552ac94.pdf,data,1323659,b6af579d74843fed85f1235c22b2404cb1a4e70698627050c67fdf5816e0da49,UNREVIEWED,
data/raw/vidoseek-e91a92b/pdfs/pdf/031fea85e1f8e5802aa7e0eb796ee3df76837872.pdf,data,2822241,51ebdc5db3c734ac85c42d162bf101ac8962d5a34f7ab36dedebd69bf860c6ed,UNREVIEWED,
data/raw/vidoseek-e91a92b/pdfs/pdf/03244446f5499b38d84fb09e3ba09f995eb0692a.pdf,data,1605465,0865f741e0fc86a333895ea993fd61ba54ee856d8c2c2c1bf2138e066b6e9836,UNREVIEWED,
data/raw/vidoseek-e91a92b/pdfs/pdf/032581d016eb696657d7cbc94adeb2d1451e3f3a.pdf,data,6486223,3993024c9d08e6d1221bba9933f196c0c2abf40a15e7b56cf08cdc5fb635e2ef,UNREVIEWED,
data/raw/vidoseek-e91a92b/pdfs/pdf/0325f2543fd5aa5598d96e475cebc6135842f554.pdf,data,1868238,f136ac6101b61298972b0e8c2994172cdea9d06668cf28635ce34a14a2fef5ca,UNREVIEWED,
data/raw/vidoseek-e91a92b/pdfs/pdf/0326d17c46b12ae5a6621ac965080b97824083dc.pdf,data,2234676,eea4730ede980edac2d80325abdc30537fdf6c1914606f72fab13e323dd61c27,UNREVIEWED,
data/raw/vidoseek-e91a92b/pdfs/pdf/032c88c2530df468cd1180a3313ebf4707f9b2f1.pdf,data,1239859,8bea743b75ca0e4f4ceb2df49903c7dbe762486ecdff2b4a7669ed73d75e6ee4,UNREVIEWED,
data/raw/vidoseek-e91a92b/pdfs/pdf/0330f7d99a9decfb3453a864ae658b4e8185a992.pdf,data,1314817,df76fef4059e9b8fadf08cdc32c3375e51b4135565e507b276bee9ec7ac54ae8,UNREVIEWED,
data/raw/vidoseek-e91a92b/pdfs/pdf/0333acd34369002c5edea3756ab6564959a4501e.pdf,data,1513969,907b330414284b981a20c33b9c800c2d5f5414ee987eefbfc4f11cc198405b38,UNREVIEWED,
data/raw/vidoseek-e91a92b/pdfs/pdf/03342a0175f5314185dece3b8f2777f36759bf4c.pdf,data,1645756,ac33b862ab2d8766424b581c9f96159997360f07f63d5934f230ccb6584c4233,UNREVIEWED,
data/raw/vidoseek-e91a92b/pdfs/pdf/03377aa7680d54b29304cb427153ab26facda5ec.pdf,data,3266294,c8a22bc67a670a5ef2c06e5f13cdc2d1960ca7420e22cbc35bce5df112627c3d,UNREVIEWED,
data/raw/vidoseek-e91a92b/pdfs/pdf/03379bd7e36465b4632439f8dad4beae1459b9fe.pdf,data,3667508,9a5f48db48c286212fe71e0c8c893112b473ef5c2b40df86b8f44c28ab807121,UNREVIEWED,
data/raw/vidoseek-e91a92b/pdfs/pdf/033ca8a1636d5112160d47897b766462c4993823.pdf,data,3131897,eb5944c5c07f025f0af47786e7297897b63134221ccc6991cc3d5e759ef66502,UNREVIEWED,
data/raw/vidoseek-e91a92b/pdfs/pdf/033e2499e1186982a8c8e06254bf19c2005e89c9.pdf,data,3410908,ef924aae6b7b76c5dd99be1b8f681b8bd03dd23e3c4e25f3a6f8a2fec07ca920,UNREVIEWED,
data/raw/vidoseek-e91a92b/pdfs/pdf/0340dd45e8c17379a5bddf87dd535c18ec0d6993.pdf,data,5172326,760c52e3463848f48a07280df5e2a0f68aeea3eb8e8ad5e10d838ec03ae32983,UNREVIEWED,
data/raw/vidoseek-e91a92b/pdfs/pdf/0345fadb95b0749d09c43c09cd2867fdaa8914e4.pdf,data,2262380,f3ae63cf5a9cb5206a811d1a710d8749a32d0525c10ebb6a019ac1f3bfb330d3,UNREVIEWED,
data/raw/vidoseek-e91a92b/pdfs/pdf/034a1a1dd2c6d0d58c3c9c95754f33fd786527a1.pdf,data,3612035,fcff32b33b3ed76c8125995481a32dc66db9f97e0bc8521e057468730b0cf0e7,UNREVIEWED,
data/raw/vidoseek-e91a92b/pdfs/pdf/03500be8791067ef26bfcd24c65d3cee9c9eb741.pdf,data,4147054,c89956f1f523f5f67e275fd5d98801f8c7bacd21493026fe52523392ee4c57cf,UNREVIEWED,
data/raw/vidoseek-e91a92b/pdfs/pdf/035014aaf996fa3b7f8b099068e31c6550a9b19d.pdf,data,2339809,7c1fbcab45b545049316828f5352b6374296fabb66e309b7cacf6e3ef6ba29df,UNREVIEWED,
data/raw/vidoseek-e91a92b/pdfs/pdf/0352bcc00aac47f10ce9a8ef5678ebc1d5b5b22c.pdf,data,1557654,c90dd4fe38bf0089dd4b0dd98b339057a8c3094d84be524f00453ee92c54b640,UNREVIEWED,
data/raw/vidoseek-e91a92b/pdfs/pdf/03531d8790adc2cf7d0d656abefc3e334918687c.pdf,data,5484173,1eccbc9f8c2b09a7eaef6765908b898a274a48161ef1b6a3db0a0929a2fee3f3,UNREVIEWED,
data/raw/vidoseek-e91a92b/pdfs/pdf/035347b19e84d7aa4af1636ab7dfc7cc26def123.pdf,data,2349464,cb53767a6f808af16b8e93a57985ddbeae6da166c79595dcb60a3afa0cb4dbb6,UNREVIEWED,
data/raw/vidoseek-e91a92b/pdfs/pdf/035b9550b3330f2c24630a5f8efa2cd8c252c261.pdf,data,2277512,a16a258309f79c5e6cc85f42af1bbbd50f1c9f63f5d89e46abfe5763cb452789,UNREVIEWED,
data/raw/vidoseek-e91a92b/pdfs/pdf/035c9daea16dcaf9461e25a45e357a9a0db39da5.pdf,data,1261266,86b97fdbdf392f76ca77b1ea39de1d18dab10fb9ca2162c78688c6eb944eedf3,UNREVIEWED,
data/raw/vidoseek-e91a92b/pdfs/pdf/035f079d15c6f57a75bb44fb68bc36f31d963c5f.pdf,data,2075558,356894d744bbab23a8a9fb8649c2b0a5fd49606ce2efccbcb600f585e119e0c4,UNREVIEWED,
data/raw/vidoseek-e91a92b/pdfs/pdf/035f7ae44821cbb6191454cffc3a81cbc5cfc9d5.pdf,data,1965481,5729c27aa1ab98f4fc6e27868d726ec99bb9f3edc1823a8e2138971639f4ce66,UNREVIEWED,
data/raw/vidoseek-e91a92b/pdfs/pdf/0360cec043c089361d69db8a983dde56d21f8c42.pdf,data,2286948,f41f0ae022433ccf0344f59c6893fb4baef50783c28ecc93a88dd59ba574e751,UNREVIEWED,
data/raw/vidoseek-e91a92b/pdfs/pdf/0362524caefe112f57cbfa547ad8a1b3be756e08.pdf,data,2080130,580eec94b531f442c70fb0aa68cf06855ad7609a22ef257615bd2c80a81149ab,UNREVIEWED,
data/raw/vidoseek-e91a92b/pdfs/pdf/036d37910cd4b143a98986f1facbe9d84f7e6ca3.pdf,data,1315540,8dba0342adf66a2faceb7c465a1e53db8a88ee6d17de169f275c3a95756aea7b,UNREVIEWED,
data/raw/vidoseek-e91a92b/pdfs/pdf/03712a39c4aac9d622685456983c12257318df02.pdf,data,3934642,375538800042565480d288c0902db8400c2a291d5fdb9282e16cc8757340ba38,UNREVIEWED,
data/raw/vidoseek-e91a92b/pdfs/pdf/0372940bfd53ea56cbc58ca8db8bf0d3141a467c.pdf,data,7909511,998f517d63f1bfae71009021724f3c32fe1f43448f68f96445fbf67c9a4df32b,UNREVIEWED,
data/raw/vidoseek-e91a92b/pdfs/pdf/037565607baae0e594a768a081618926ef9d5658.pdf,data,1587118,294cbfd3af479ea3d8a50d21dbdf5ae32ad9642b2d74325feab1067127e9a752,UNREVIEWED,
data/raw/vidoseek-e91a92b/pdfs/pdf/03765e5f537e4f64bf9295e169360c99129f873d.pdf,data,2317787,d2508b2f3cb7e01c1864a76754f1b032cb83ebd24ac217704bc0767b53562400,UNREVIEWED,
data/raw/vidoseek-e91a92b/pdfs/pdf/0377538b0b6ca5779ea310917023c144c642ae6d.pdf,data,2899141,d013c001943b0c375c0f60218d8ee4727385dd44288495516842aab49b5275e1,UNREVIEWED,
data/raw/vidoseek-e91a92b/pdfs/pdf/0379df63b26382ced5647b1461294aeab1e3b44b.pdf,data,4327596,3ab7a2ec1532bcd7088894de00cb67dd9c632baabe0606b5723a3c4dd416bc2d,UNREVIEWED,
data/raw/vidoseek-e91a92b/pdfs/pdf/037ba95d73f98278bdb26c4fd691eb4f4a9a3646.pdf,data,6789260,fbe7703e56cceb684e8c460e039065a4a94583797115651fec5e4b1df4d8d8e1,UNREVIEWED,
data/raw/vidoseek-e91a92b/pdfs/pdf/0389183e3fe45615b4d7002823fac7fba892c63c.pdf,data,4281062,bf956cde1fcb37b157d43d72ecb1edaaf1fdf766f82ed9c83ed2f5710752a260,UNREVIEWED,
data/raw/vidoseek-e91a92b/pdfs/pdf/038c7d9e4cc19a5b729d9d2a7ca5b304e6756ea1.pdf,data,1326446,63bada474071ddda66133e714d994c7c6b8c5cc339f9fae86bd2da8d8faa327f,UNREVIEWED,
data/raw/vidoseek-e91a92b/pdfs/pdf/0393238e281882c034559a1f3698aed1024cdd22.pdf,data,2229534,935b98e5fc4295876eeb6f73ae5707567441da78a2354232558ce7a7710e7a70,UNREVIEWED,
data/raw/vidoseek-e91a92b/pdfs/pdf/039caf63aeb6da222d15063252e65f0feb2e2b91.pdf,data,3099607,5ef7c06d82e11c8b36bb9a7f435819645372304e0fa69ee7e05f7c8e120904f1,UNREVIEWED,
data/raw/vidoseek-e91a92b/pdfs/pdf/03a13137407ae65720369c919743d742ea048c00.pdf,data,1471104,e424ee320a3184c8429d3eea323249ba5b584dd1e45e59248b50ea3df11e92d8,UNREVIEWED,
data/raw/vidoseek-e91a92b/pdfs/pdf/03ac2db287f40c0e0e2a0dc8aea779ec9fe038ad.pdf,data,1300280,3c203b92904936484bd0ed08b5ce402013eb24b4183728bfa0e483e33811b60b,UNREVIEWED,
data/raw/vidoseek-e91a92b/pdfs/pdf/03b3eb1e4b96a044ab30ce1c08f7b44447ed856f.pdf,data,1439495,381b507b914a3dcf63c2ff9fb0939f47dbf56bfd3baad27bbee4ea366f73bade,UNREVIEWED,
data/raw/vidoseek-e91a92b/pdfs/pdf/03c7d62afbcc088cad1c810c09a71df29a29c968.pdf,data,2959490,4c5e75797b0cb45be8664061780222c1af18d901d4225da27ddb2be2f1363bbd,UNREVIEWED,
data/raw/vidoseek-e91a92b/pdfs/pdf/03d43f2433d81ffb6a31706a4b30684459b72a54.pdf,data,2936947,aa1b65e60f223f7a6cff197e614cee44c1694547ee8a52340b6c1b250622357d,UNREVIEWED,
data/raw/vidoseek-e91a92b/pdfs/pdf/03d44d98d4935ae7f685853677e7a1084c223c4a.pdf,data,2687795,fa58e981bfdee4d59ab827d68a226fe4f23c3c1d5fb06b3f4506ef3e75189ef6,UNREVIEWED,
data/raw/vidoseek-e91a92b/pdfs/pdf/03d4791d0dff026024d0ac18a81750c446f09766.pdf,data,1898969,51f78f57700ede4f0a1ee3bbf32cdbda70f35184feccde9d25c38a23bc3f167e,UNREVIEWED,
data/raw/vidoseek-e91a92b/pdfs/pdf/03e39ad403954cd1b459ea5b74e6f15db98d1e51.pdf,data,5211654,1bb30b1f5076af894c9afa913d7f23293c958df3282f0beba703fc6a5e05597a,UNREVIEWED,
data/raw/vidoseek-e91a92b/pdfs/pdf/03e90a945dafd353e9d86b46ca2774a29149048d.pdf,data,1212378,db918605972cfb1c2f16fe73fe741cfef61cd98e81118cb1f12b462c21ac17bc,UNREVIEWED,
data/raw/vidoseek-e91a92b/pdfs/pdf/03f0c5d774e9800419a6e2dff3a15d991f4916da.pdf,data,2702517,5cd37bcff7ff9ee7c2a7fc949ceb0fe16fe43add492d14ebc8b205c6d9fd05fa,UNREVIEWED,
data/raw/vidoseek-e91a92b/pdfs/pdf/03fb6462e17a68dcce166dfd773fc68cd38d738a.pdf,data,2832456,0e9f7346ddf412323f15a2dc886bcb092973330cfa9bf64e508eea8f59d963a2,UNREVIEWED,
data/raw/vidoseek-e91a92b/pdfs/pdf/0403e30c9f87e8e6cb38c6858878e2726542f8e9.pdf,data,1873428,d8a6b64b37d64095f9acc73c3c937e96a07690e8050766ff90e5e59f977f2f03,UNREVIEWED,
data/raw/vidoseek-e91a92b/pdfs/pdf/04142fb786f77442a30674aaddc92cfd16a243c1.pdf,data,8122243,c2a1238b4bda343d9a9b10beb778e5400562c2af1ab19324669f127734f3baec,UNREVIEWED,
data/raw/vidoseek-e91a92b/pdfs/pdf/0417d7d6ead6fe08b9b85792559b45ded94db6b8.pdf,data,1616059,18afb8bbe191b07d7207d87d6df6e08f3179e2dd0d6f3afcef228d5d5e8126af,UNREVIEWED,
data/raw/vidoseek-e91a92b/pdfs/pdf/041a9646c9f7dfb8cc0207476f0b743730c2b60a.pdf,data,3393715,9fb1ee6b9021a3d48ba1a1bbe846d6300bcd2b89c6adc9bde02218bbd06e2715,UNREVIEWED,
data/raw/vidoseek-e91a92b/pdfs/pdf/0441317ce9deb3da74c85d08fe3a2137d7832df0.pdf,data,4179277,e6527b8d993feeb72255343f27344c64291f71ddcd245789b6700a3b49ad1be3,UNREVIEWED,
data/raw/vidoseek-e91a92b/pdfs/pdf/0445026fe082a0cd33def1e83114f44cb9908248.pdf,data,2832274,1487099d607b4542315d723a0ed01cd27f8960ad69476c6bd32785a80052ac87,UNREVIEWED,
data/raw/vidoseek-e91a92b/pdfs/pdf/04450a0f59f81025574451222aa26322ae7ede42.pdf,data,2868283,a11ad213e260e7c56628d74aa844857c6f105e71f9bcbc37815b7936dad7f9d8,UNREVIEWED,
data/raw/vidoseek-e91a92b/pdfs/pdf/0454efb78bc1e03ae39f9552cb4c165495b11e4b.pdf,data,1724465,db85e631cfbf746533f2b04354fdc0b91c475825d86e7c5b40b78299927db916,UNREVIEWED,
data/raw/vidoseek-e91a92b/pdfs/pdf/04588cc917dbf3cfe0f760b7460baf798270be21.pdf,data,2583431,8b4ea6a2437bd20d66140758beee09989341e40377903eecf21bbb5872bb7988,UNREVIEWED,
data/raw/vidoseek-e91a92b/pdfs/pdf/04599c51c70292b98ef78f06b5ccb7cfde95f4ca.pdf,data,2780474,1e3faf7b60174cc41c6961c8f9fa56fe5731f4e906199b53d0a567354de038f7,UNREVIEWED,
data/raw/vidoseek-e91a92b/pdfs/pdf/04629a804e43741f6b693ae93e027939d1a1e356.pdf,data,4604271,803aa53723879864e43b2af0b3d0d43ba5257d4a62e90ac42a91d16dc1dde730,UNREVIEWED,
data/raw/vidoseek-e91a92b/pdfs/pdf/046a5a7310a0b0b8e4ca0fe859e0d66301832747.pdf,data,4057118,d65cc9a31ac348bde5d187836fb204ed74390d6a643c2b51aaa363b929232abe,UNREVIEWED,
data/raw/vidoseek-e91a92b/pdfs/pdf/046ab04bd04d4671ad4a37f44281444f3882b714.pdf,data,5746665,40debe740bf167147185bb3803a3131fa15a560997a05d5e061a2dd58221ffb4,UNREVIEWED,
data/raw/vidoseek-e91a92b/pdfs/pdf/046b484106fa2683e015153dfd8d791b87b3c564.pdf,data,1448829,0859dc0cd1a7af48ef353d9f96ed5084f9d196eea802a5d81b8e7eb5d575b4e7,UNREVIEWED,
data/raw/vidoseek-e91a92b/pdfs/pdf/046c8aeae3495fae63c6b029a72b048b5b91ed0a.pdf,data,2760304,a5c431ef56b33c5df269f326a71fc0f1c2b1857541fc6b4d0dda0d50b493d16b,UNREVIEWED,
data/raw/vidoseek-e91a92b/pdfs/pdf/047733d6ecb0f878c9f6fe1a9fdaa0c2b86eff61.pdf,data,1967659,28a931af3edc0f99c224e3f84618ce34f5a0239c10a5e093e81f22b7bfebfaa9,UNREVIEWED,
data/raw/vidoseek-e91a92b/pdfs/pdf/04787b8b2a5d62fdd928d716356ca6c3e7554251.pdf,data,3574995,8636f47b3faf90c00eec7e8c642f39dd7f412967a2b1129d1f2cf2ef355ab6b2,UNREVIEWED,
data/raw/vidoseek-e91a92b/pdfs/pdf/04799e9a53fbac0a7475a53495b39e9042c168e9.pdf,data,8113723,001f8ea683b8c5185c5f17bd0425304b979bc022b8293af39c9eb22a52af15ba,UNREVIEWED,
data/raw/vidoseek-e91a92b/pdfs/pdf/04877fbd1a0ba6c62b516596391983ab8e3f47ef.pdf,data,1982645,aa556af42373d27fce3eee25640d31725a1a5187d51573fb4f57a0a7413621fc,UNREVIEWED,
data/raw/vidoseek-e91a92b/pdfs/pdf/0487dcb861f03c1c838213788c0ab0b7e2cb0715.pdf,data,2126670,47b2fd1f4322a3e3ec225e76eb889eebb2dcd02aa96b1a6ca480cb01baf716a6,UNREVIEWED,
data/raw/vidoseek-e91a92b/pdfs/pdf/048ce9cbabf9b58c9764e8be143b7196b5478ac1.pdf,data,1635125,acfa953d8cc5f65125359f64b48374abe20146eff03528be897cc04fb396cd6e,UNREVIEWED,
data/raw/vidoseek-e91a92b/pdfs/pdf/048f169dbd92ced56925af7dbfaccf18edccb41c.pdf,data,5154328,25e7d2fce1e4edb392fb7e025a7b339d764b0b06537a24e0564208ad57779c08,UNREVIEWED,
data/raw/vidoseek-e91a92b/pdfs/pdf/048f6cdef44c4bcef8467b703f37c3cb02e65e35.pdf,data,3408016,ee5275accdeda6dd8b7863bd125acbfc7d3de4c7ddd0a014355e777c0c84cf47,UNREVIEWED,
data/raw/vidoseek-e91a92b/pdfs/pdf/0490e266aaeced5fafb75d853b07335cfedad365.pdf,data,2484615,0bdd0f68c6406545244e2e9ee57a8cb9a45e06608d81f756864e855c8d9831a5,UNREVIEWED,
data/raw/vidoseek-e91a92b/pdfs/pdf/0491caf83d08b02f78c45646359acc12cc2a563c.pdf,data,1453145,5c1be358409072b38e362842f49b53cfccf77930f2f489c08f2302b7a0897520,UNREVIEWED,
data/raw/vidoseek-e91a92b/pdfs/pdf/0495179924a9cbee42a546b067cfedb39cf6e207.pdf,data,1468248,5307efc2a23aabf0ea1f7d4c429436edf3a6daf30156d597e049e47e46529d41,UNREVIEWED,
data/raw/vidoseek-e91a92b/pdfs/pdf/04973d056d9522006d5bdaefd92627ebedea7ba1.pdf,data,1659490,1255b5e201a743731c8a71c5b3225c6ff185b96fca2e4f9d10273f1469dfa30c,UNREVIEWED,
data/raw/vidoseek-e91a92b/pdfs/pdf/04a385633c2c14185d3ca288083efdcc6350420e.pdf,data,3661014,f0ecd49872b258008183d7ef8696d7c46f5a06522b8ed281185cc9fbf6443d5c,UNREVIEWED,
data/raw/vidoseek-e91a92b/pdfs/pdf/04a6afc745680ef1189d52b6fe27f8f30604ef95.pdf,data,2092733,5fc77c27348571ca9aff534f905f686a438196f9a1188e4b141bd1fd0e100676,UNREVIEWED,
data/raw/vidoseek-e91a92b/pdfs/pdf/04ad1ed44c5d12daf9bc5cc290e7eade424ee761.pdf,data,1521450,9fbee74d8816a39fcde5811e6e64a166e819c37cace65cf7f7182dcacdd89a57,UNREVIEWED,
data/raw/vidoseek-e91a92b/pdfs/pdf/04b5c5ab0cf0130a8f8669a9de6eb1da2238e026.pdf,data,3052058,9512273b67034bf3df9fad19a98a118b4ca52d7d7c606edcedee48c42ab43ec7,UNREVIEWED,
data/raw/vidoseek-e91a92b/pdfs/pdf/04b7109c3df828764a27acd68e32f0b0928d704d.pdf,data,7466456,d8f5417bd98fc654aa743586eaa12918fdfe80c73b9e97faa200589ba910b755,UNREVIEWED,
data/raw/vidoseek-e91a92b/pdfs/pdf/04b864a0038b563f9569725f01e6fc8b50a8696b.pdf,data,7301488,50d1ce8852686390ca0fc8b2d2270ca2b4b6a80cd077d7a978b4000ff200556e,UNREVIEWED,
data/raw/vidoseek-e91a92b/pdfs/pdf/04bbb582d8aa03330ebd8a675f6ce0c94a208bea.pdf,data,3962844,8880c63410b54216a3e7d72341c97d84c385fb1b590d2abd3678527432fcb8e9,UNREVIEWED,
data/raw/vidoseek-e91a92b/pdfs/pdf/04bd2d23667aad4d8daabffaaed6d2c5306f7c6e.pdf,data,1530811,b0f02ed43fcedd2e9c30dc9caaedbfd479d38564586f529c4aba68a55ad08991,UNREVIEWED,
data/raw/vidoseek-e91a92b/pdfs/pdf/04c58e22d7f3e0b2ccd662848c1b1dd76d2cae4f.pdf,data,2917476,aad6f4845aef08b618d7e8cf70cf6fad1a3fb28060ab3b52130d6fcba22cc378,UNREVIEWED,
data/raw/vidoseek-e91a92b/pdfs/pdf/04d03750a51cf1eb204b5f663d42aaf14ee40693.pdf,data,2268082,beac49e03705e2f5a81403e6a185620a46f67fefd0d7643e6a18e3c5bb5bea02,UNREVIEWED,
data/raw/vidoseek-e91a92b/pdfs/pdf/04d14102144bfa97bf1f2e41bda7986bd3f712c1.pdf,data,2796135,368bba37064054f1613a82a2cfa1c02b8d8940cddcd76ccfe9f0e59511098d00,UNREVIEWED,
data/raw/vidoseek-e91a92b/pdfs/pdf/04d8bb0db929110f204723c56e5386c1d8d21587.pdf,data,1088240,55523f0c5373a562744e662b7992724f0e4527966a9966ba2b61e376ad1d23b1,UNREVIEWED,
data/raw/vidoseek-e91a92b/pdfs/pdf/04db4a5c08c5cac1e5d49dcaa872e2f24b31ff29.pdf,data,2048225,16326c66703b42920f885a3ee80c5c30485ef936e284c50fd750e332dca3bf65,UNREVIEWED,
data/raw/vidoseek-e91a92b/pdfs/pdf/04dc0db4eefee1ab8f9d77c40047cce2d0a5f087.pdf,data,3353940,e5976fbe2b4233f3d041509ff0769c067757fb3ccfa1f2b0e3c4b47c3d6dcd32,UNREVIEWED,
data/raw/vidoseek-e91a92b/pdfs/pdf/04e2b6db5fd32c43649acdf45cb23e2b2ebe2bb0.pdf,data,2564949,85d46078af77644c542e846b53aa7af8af2c3796aa9cd1aa77bdb4ed1035ef70,UNREVIEWED,
data/raw/vidoseek-e91a92b/pdfs/pdf/04ef5ceb6b8b0bb055c715259533d21a82475fc4.pdf,data,5937741,cb444416afae93d5922b73c2a10ee1b02bf956220a7f1802562d05be42a57ae1,UNREVIEWED,
data/raw/vidoseek-e91a92b/pdfs/pdf/04fbac4cb4c0de17f371d1ef6de15d535c9c875f.pdf,data,7880887,684d13f36a0fb26df26a76cf19c4567b664f6b31310fa696a6c32e3eb9efd6a7,UNREVIEWED,
data/raw/vidoseek-e91a92b/pdfs/pdf/04fbc940ab77d9025ccd3b061548e5723b2112bc.pdf,data,2047072,90a9e3355a29189953d0f94a11b0c644488f71112f8864f196ab5278435636a2,UNREVIEWED,
data/raw/vidoseek-e91a92b/pdfs/pdf/050ae6cc2a1218270b2ce855179862b0201d4683.pdf,data,8135908,5003e3e1e1a6fb398f40e4ef25f2fc8f6fba6e30a8bad984c8a7dd0892bc4eee,UNREVIEWED,
data/raw/vidoseek-e91a92b/pdfs/pdf/050d47be5b55d11f46859b001eeaa5a593644067.pdf,data,6606282,9660985f710ca08bb7819dc72745bc3dd4da5c60e9cc272d945d22f9a40fd023,UNREVIEWED,
data/raw/vidoseek-e91a92b/pdfs/pdf/050dee157a41140f7fa4f5be94591267c1bc95b8.pdf,data,2911912,37c16e074cdf5edf59d99d41b2b50106e912f2c9cff297ae32678cb03bf81122,UNREVIEWED,
data/raw/vidoseek-e91a92b/pdfs/pdf/050f61c6536665c70733bde32b9faf15dbe5b92b.pdf,data,1935466,c0c206e3525d2b7d27f83a49235a10034c404eca225a8ecab5bc85aedc3b3727,UNREVIEWED,
data/raw/vidoseek-e91a92b/pdfs/pdf/0511556fa21cb60820be4c111435e1059a22b4a7.pdf,data,1541020,9bb7c44dbd405a9b6be1bed6f1509132432d897452caa8b674bccfcc3e7f7a4b,UNREVIEWED,
data/raw/vidoseek-e91a92b/pdfs/pdf/0512095c193d806b9ac3eb6422636b59df8032e2.pdf,data,1557708,83535e8f96fdf9c3bafaad6067c8d9a60999a42b54903caa5404d34fa1cae255,UNREVIEWED,
data/raw/vidoseek-e91a92b/pdfs/pdf/0519066b89ed0bf2974792ccbea703d8c1e2a851.pdf,data,2811915,8861360db59dbfb9a77567964dc2ab71797504013c811dbc85c012e1bfeffe6b,UNREVIEWED,
data/raw/vidoseek-e91a92b/pdfs/pdf/051d54d0f3b1788c764783d1bfc6b9f3cc830ce8.pdf,data,9179005,c33ee59312ade1c43dc08b5e15e5f568cba6086e26964c5ecdc79b663532d1de,UNREVIEWED,
data/raw/vidoseek-e91a92b/pdfs/pdf/051d7a1acd648d364a5ccaf6a7b5d1ed16f1adeb.pdf,data,1966788,b98af440d2d7120d0b6fcb62587b10c7c11bd918107fe023d13e1f3d223c848c,UNREVIEWED,
data/raw/vidoseek-e91a92b/pdfs/pdf/052948fcd583b29f7e1cb58e127cce9cd4d0dc0d.pdf,data,4416934,abd23b05472aff3a4eda6d33080c026c97cd42b8a65d67e8f6325987f118059b,UNREVIEWED,
data/raw/vidoseek-e91a92b/pdfs/pdf/05308614914cb33b8d38d893d8a33e03becedf19.pdf,data,1521199,df0bc3e2353014cb40d4d4affa12cd41d66e148b6340611ea19b2af9f9d18d23,UNREVIEWED,
data/raw/vidoseek-e91a92b/pdfs/pdf/0531b35a448df92e2f0c6288b38918a7dcea5dc9.pdf,data,2098988,0826cc24c38cd7e62767a0db860d969711fa1a6c597af42a7fadd28067c9e6ef,UNREVIEWED,
data/raw/vidoseek-e91a92b/pdfs/pdf/053328d288a9167453f08ade2e36149f95fbf157.pdf,data,2646872,c80e7dad4fac354c9c0dd1b88b34e9da13f7ed05af18979603500e3cde9961fb,UNREVIEWED,
data/raw/vidoseek-e91a92b/pdfs/pdf/0534a2c5d71b9cd959659202de9793403f618985.pdf,data,1398668,f4731e5604870ee58ce8d433e49399d86dff221950a21551d4c1787caf50e4c8,UNREVIEWED,
data/raw/vidoseek-e91a92b/pdfs/pdf/053cbd81cfa6499b8d7e57705bd4dc162d062ce5.pdf,data,2230188,a53a646fa440b0b8740230984c2dafe8de5d8ff2e20932a5c475e28df38a5dca,UNREVIEWED,
data/raw/vidoseek-e91a92b/pdfs/pdf/0541896ed71e7eb1098ad3dbee66bf4444855b17.pdf,data,3663855,28c1ef5392d0d135ecf4aeebccaf1c86141412ebc21a87acc59e0d019c7e64dc,UNREVIEWED,
data/raw/vidoseek-e91a92b/pdfs/pdf/05431d0c73a506ba1e04ca357b7d8bdbf6efa7f5.pdf,data,2659864,94ba33e66beb88cea05a10c5736be14a401d426b1b0530e3f22c933dc4fa4979,UNREVIEWED,
data/raw/vidoseek-e91a92b/pdfs/pdf/054566ec811fd05e25852906ac99a9203548def1.pdf,data,5249777,36ef72aea7debe0b0d9fbfb4dbe3ea34aa8e8c900b4b6c012fe8f48ffa210302,UNREVIEWED,
data/raw/vidoseek-e91a92b/pdfs/pdf/054adbf8327de7348cba0375cbaea22cb7f80813.pdf,data,1423614,bf5a1743a75da47abf4370c2a6bac05a6d042881a2a8106a2ca4d2f378ab7384,UNREVIEWED,
data/raw/vidoseek-e91a92b/pdfs/pdf/054e98cc2676ed1ab0f94f2ae43010514596aa6b.pdf,data,7540882,5577a0ecf923117b3f38c655c7a35c848b553669593312f40540c01e14842fec,UNREVIEWED,
data/raw/vidoseek-e91a92b/pdfs/pdf/054ecf499755cfb66feb3a14eb01dc4c4874b9cf.pdf,data,1994407,25cafda9c8486357d5c70af9cbfc46a2ff10016669deac5acaa793af6621545d,UNREVIEWED,
data/raw/vidoseek-e91a92b/pdfs/pdf/055cb083266230b1e3a86e5b94cc72d3a04c9828.pdf,data,3529305,1c1285e077ae59ee24085fda0027048d29220c8d0a446f4755664590ef3cfd3f,UNREVIEWED,
data/raw/vidoseek-e91a92b/pdfs/pdf/055ee29e45ee28c292471739b57d870f968a89f1.pdf,data,7007035,99b1109e87fea770fe4bf301b5c8754a34af715c01e4631f9f21cd5070e75726,UNREVIEWED,
data/raw/vidoseek-e91a92b/pdfs/pdf/0560f63f5c697379aca014bcbde62bc56ce002c0.pdf,data,1248738,99e35a283c15ac9702de25d66472b5fea165db4e13c0fd1c588e281793e44f0d,UNREVIEWED,
data/raw/vidoseek-e91a92b/pdfs/pdf/0572af235532740f1d436a21d2272953b66b0611.pdf,data,2494033,a38709486a8d7348b20cd4052fdae21024d36d3a2671a58b42029269a4243948,UNREVIEWED,
data/raw/vidoseek-e91a92b/pdfs/pdf/057c100be0089a87c17842ca315792a97c357de3.pdf,data,1959313,95fb074e12b1c0bd8b8f30394150016990e3261113b34fa0eb3f6d79f383c1a7,UNREVIEWED,
data/raw/vidoseek-e91a92b/pdfs/pdf/058ae0c5cd32f780ae114720509f1ad12b45268c.pdf,data,1139052,68d0b23bcbe6cc6ca8ac2885d9f8378f7501f539318d10fa3bfc59c58dbac45a,UNREVIEWED,
data/raw/vidoseek-e91a92b/pdfs/pdf/058d35af18dd4adb3b8572e67eb2592f354b2d3e.pdf,data,2817167,b9e2228f24872ac1d3e1f1167a2f08b4233a7be9704dec93884c9d9221728937,UNREVIEWED,
data/raw/vidoseek-e91a92b/pdfs/pdf/058f6bca5179d3ca48d85a2c29dfd2c727518ac1.pdf,data,2396896,cef514e6b6f7a6e7d7513d3d8671d860603b6ae743040f43397cc017b7ead5c3,UNREVIEWED,
data/raw/vidoseek-e91a92b/pdfs/pdf/059160027b51c68ce33c9323cf3f6068845bf4b0.pdf,data,2735452,1b84714b3d884d87fbd0477d901ca7bb5218cbc4b4ebb1f60db67c210b6d0a29,UNREVIEWED,
data/raw/vidoseek-e91a92b/pdfs/pdf/0599c55a8d08459b832c7729c25e60d3fcf0fe34.pdf,data,3415924,15ceef027b2aed41b8dcf4641a33939b3aa51f8ad7e1d732312db7849c8af6cc,UNREVIEWED,
data/raw/vidoseek-e91a92b/pdfs/pdf/059a0273c9cc2aaf4d9e1d9aad6eebcfa6625c45.pdf,data,1869334,813834cf7dace52508eb0bf9b4a941973eee482b0e1276d0e438dca560119587,UNREVIEWED,
data/raw/vidoseek-e91a92b/pdfs/pdf/05a312877bb2a2360f336e7a99bb52ec6f313339.pdf,data,2869143,c790ff586ffceebded9f974a2895c604e1881ab2b94ebd3c7bcd8b62ff2c1af6,UNREVIEWED,
data/raw/vidoseek-e91a92b/pdfs/pdf/05a3b8bbe4978f54c15901725d146b952aa36fc5.pdf,data,3736687,a4214b0871f87495902cbafe1e338bdb1d28784f89c1383fb6f1988f3c8e6839,UNREVIEWED,
data/raw/vidoseek-e91a92b/pdfs/pdf/05b1e568abe5fffd0959b936848d24d0f52e9b8a.pdf,data,3624042,e3a9270dd8cf35f7cc4ada3d2acb68f9b45bccd32531c7ee7598878c22e00dd3,UNREVIEWED,
data/raw/vidoseek-e91a92b/pdfs/pdf/05b3364e2aa2aa8b644a335529979724b658414b.pdf,data,1419786,4b365cfc7384ac5fa0f487c83683bd2ccc2bfa5e91677f3a0ddd52613a2ed55e,UNREVIEWED,
data/raw/vidoseek-e91a92b/pdfs/pdf/05b5634edde537fcd2a63b09ef4fe62cfe0440dd.pdf,data,7307626,b0ec00687dede4f78dd66a9cfe55e884d1825830b662c341d6066f478c8035e8,UNREVIEWED,
data/raw/vidoseek-e91a92b/pdfs/pdf/05b9ceacc63e3172d16670189ec129499b77c7b1.pdf,data,3101152,405a0bdd863631de6be7ec0e31d011ba38a62d639a924cb6e0b6014006b371b0,UNREVIEWED,
data/raw/vidoseek-e91a92b/pdfs/pdf/05c24005dfa4117cda6a29a7bcbfc30d1d66b9e8.pdf,data,3690315,76aaf15c94289a60e1654b71f5f574796153054f72923aefc1d8ed79ce4cd270,UNREVIEWED,
data/raw/vidoseek-e91a92b/pdfs/pdf/05c7e75a95edb476e7b019fc8e8db82699c06e59.pdf,data,1752756,3f11ba029f2e5a6d6acbf38480a0ffa737985f34b4004d856f0887940cc7a3a7,UNREVIEWED,
data/raw/vidoseek-e91a92b/pdfs/pdf/05d7e37e61e059bcfecd412df67b06d66617bf0f.pdf,data,3852239,ac5379a8ab6328d65c64ba3f7c176f1f97dbe8d98b99aef1306753b7500dce74,UNREVIEWED,
data/raw/vidoseek-e91a92b/pdfs/pdf/05dfc70fd754a46e3c32f9c43d75069ff473dcb0.pdf,data,1853853,e15e0022c50df9d95f8c706ab3490bb1843f173bb4e45a8f4d73845f6cf122ce,UNREVIEWED,
data/raw/vidoseek-e91a92b/pdfs/pdf/05dfdb35c72d6b037174c63608f429d8405a020a.pdf,data,1875146,52b6406307db477b14e700708ca213d8b0ed0afe0fbebb488e5aba04763c76f2,UNREVIEWED,
data/raw/vidoseek-e91a92b/pdfs/pdf/05e2b84a57f2dc58f779abed69a889cf801fc6d0.pdf,data,2237171,aa62d007dd14bea63615086f0063f33cab0d57ca3be49c3adfa77b29165039f0,UNREVIEWED,
data/raw/vidoseek-e91a92b/pdfs/pdf/05e2dbaf2d299e33a0e7bf92a434214c84381bf1.pdf,data,2097867,e969fd89ad413399c5139ebc6862e3840b0ed1c5bbc98c29d117e8f9a89d32f8,UNREVIEWED,
data/raw/vidoseek-e91a92b/pdfs/pdf/05e6bd48bfcd3bc62a8b338e09ec5a066779910c.pdf,data,3817042,56c096f2fa9390e6b8a422b90880ad87ab3818ed7621627be27c0243a7682ce9,UNREVIEWED,
data/raw/vidoseek-e91a92b/pdfs/pdf/05ee4c3bb7067b0b8b5472f18affcd34417266ef.pdf,data,3144020,7f0f3826d537158b712012de08e532187766b4987a0c585d094e83760c2e47cc,UNREVIEWED,
data/raw/vidoseek-e91a92b/pdfs/pdf/05efd4c41b7d1b72b0e3e48b4c915acf83bbae2f.pdf,data,1118029,570ab166c558ed55dc1cf18d48cf209425fd896d4ac64960d648f3f8c64303ba,UNREVIEWED,
data/raw/vidoseek-e91a92b/vidoseek.json,data,597200,ca4949bfc16231d129cd7565f20e07683854ab5aa8d05f05a86a12a9b71a7fab,UNREVIEWED,
data/raw/vidoseek-e91a92b/vidoseek_pdf_document.zip,data,758769613,3b999a798ceab38703118e4cc7d9b852f86538d5bb7caad64eb545251ee00454,UNREVIEWED,
docs/GUILDLINE_OVERVIEWS_PROPOSAL/DE_XUAT_NGHIEN_CUU_QPAF.md,documentation,22483,b3fb003c7158b1b7ca239c64b3e62a842cab12d0c5239d7ab8b1df5cfb4d177c,OBSERVED,
docs/GUILDLINE_OVERVIEWS_PROPOSAL/Nghiên Cứu Kỹ Thuật QPAF.docx,infrastructure,3391156,3330a2fe962be879705e4b25477eabc6f375acfddc2eb31351893d5236831e63,OBSERVED,
docs/GUILDLINE_OVERVIEWS_PROPOSAL/POAI_Milestone_Group01_Hoan_Chinh.xlsx,documentation,375391,896bf26657a58f4d921c4b51b0428931a8770ccea3248201f1ce148714383bdc,OBSERVED,
docs/GUILDLINE_OVERVIEWS_PROPOSAL/TIMELINE_fixed.md,documentation,34494,4498e32cd260db9f8101a23194b92f7db264cc821b25d4b7efe9b94c6168f362,OBSERVED,
docs/GUILDLINE_OVERVIEWS_PROPOSAL/overview.md,documentation,9204,9a62aca72eb47a37528ff0993af92472270d0a6c9fa8d1c07a155e497da7f4c3,OBSERVED,
docs/Tom_tat_dinh_huong_QPAF.md,documentation,5580,a98a6f7e0454657dd8a93dbcfd0caee44e9491f1dc99c3d0c63fda17e67e3484,OBSERVED,
docs/implementation-notes.md,documentation,3572,11917385bf86c1931b4bb702ef4a8fb98a0b3ddc87c964a9c89a915dc1171474,OBSERVED,
docs/khuong-m1-checklist.correction-2026-09-28.md,documentation,1047,e7c16b225bcd8f95b562474298d0b070b4c3f0e6d893179688d322a779931e56,OBSERVED,
docs/khuong-m1-checklist.md,documentation,4551,a5f1c6c001bcb7370d4949b62eab330f336e81afed43d0170a52b9e319f32988,OBSERVED,
docs/m1-readiness-remediation-2026-09-28.md,documentation,9401,dd280ccf0c5b1583c8d72eae89243ad1c32b227f74d32c545a7e16af1443e9b1,OBSERVED,
docs/m1-restart-handoff.correction-2026-09-28.md,documentation,1045,855c1e3cbdba34fd4d20ca8adc83cf57c63939708174936b78a6823d999b50e6,OBSERVED,
docs/m1-restart-handoff.md,documentation,6701,e8d8de7b7424ccfcd3381f73117e11f4bfc9678eec913deb0a36772844aea90f,OBSERVED,
docs/m1.1-m1.2-status.md,documentation,5191,ae3e40a06eae62e5b6c8d3b38073e5171023618eb3cb6c10f5750156bda855fb,OBSERVED,
docs/m1.1-m1.8-readiness-audit-2026-09-28.md,documentation,28374,1691168c26c282c1ffa0156a128d70b709e7cf91823777a0a8e452b4c31bbe69,OBSERVED,
docs/m1.1-modal-oracle.md,documentation,9952,92ccb2cd4378464ef1ac8307a60d3acee8a9d8dd7fdc2b4199cf3aae07f5dc91,OBSERVED,
docs/m1.2-method-core.md,documentation,8548,1ea15699098308a592845faba23ffe83b8208a3385158ba51abdfaf909c8c941,OBSERVED,
docs/m1.3-primary-corpus.md,documentation,4686,72e9080e00c99dd57013afe45cb6d8848eca7f07c761437ade2ca765b1886712,OBSERVED,
docs/m1.4-m1.5-m1.6-audit-report.correction-2026-09-28.md,documentation,1063,203ed47457fd94e4e7b9c6fe0f9eda0aa684d6c114bfe1ce31f062259443b866,OBSERVED,
docs/m1.4-m1.5-m1.6-audit-report.md,documentation,16693,6cb002c03262a74fd7fe7bb43ae0965124f72922baec72e27eeb770299f580f7,OBSERVED,
docs/superpowers/plans/2026-09-25-m1-repository.md,documentation,4461,194a2db6ea3bbc5b2d064e40815d03b1748c4b462bbde13161955e85f0534f85,OBSERVED,
docs/superpowers/plans/2026-09-26-m11-modal-oracle.md,documentation,4695,e27b19ebf4a49713065fa36a82b3838992f0ce5d2c5dcaf74a111214f7f2afea,OBSERVED,
docs/superpowers/plans/2026-09-28-m13-primary-corpus.md,documentation,7799,3e4b4cfa2342cef78c0f0fc14607cabf6687c1ee3cc29ecd2fc55a3ec4a7defd,OBSERVED,
docs/superpowers/plans/2026-09-28-m14-m15-m16-audit.md,documentation,6426,a36b14142ac3ed2bd6f0ec19a5b8211eaa0ccd3917a1033273ec5183d50a287f,OBSERVED,
docs/superpowers/plans/2026-09-28-m18-ocr-artifact.md,documentation,5273,0ba4e9fd69f199d06eb21faebd7e19e4d226dfd1b5c7928ffd9a2220884e838e,OBSERVED,
docs/superpowers/plans/2026-09-28-readiness-remediation.md,documentation,3717,015f9a2ee321db0f380e2ab244780cdbddb92ad74309b75a9b29e06441a1e91e,OBSERVED,
docs/superpowers/specs/2026-09-25-m1-repository-design.md,documentation,3632,504262d3e06bb845b92cf48c8f5dbaa9cdb3d751fdeace764d58dbca9e572d53,OBSERVED,
docs/superpowers/specs/2026-09-26-m11-modal-oracle-design.md,documentation,5875,b176c9413f3e479839a88b29a3a3c2d36b34fe539498297c935b06c4ee6069dd,OBSERVED,
docs/superpowers/specs/2026-09-28-m13-primary-corpus-design.md,documentation,7440,13e6c2a272fc4a61b9b6a406a09b7f5cb1db94ed1aa1165cc920a2e3f2f40e47,OBSERVED,
docs/superpowers/specs/2026-09-28-m14-m15-m16-audit-design.md,documentation,4752,9712ea5982ad44b148f27737fa0ed98c498aad7f75d83788308d5d42a2a99469,OBSERVED,
docs/superpowers/specs/2026-09-28-m18-ocr-artifact-design.md,documentation,7075,177ec1bd7adc65cc466802e79c6f9cac31b36868d2d571e9cb95a4fdbacd44d9,OBSERVED,
manifests/README.md,documentation,456,168fb540e3ea97ec9e5444e2c23c254b712d4b892c42a9ba7d0536e2779a1ced,OBSERVED,
pyproject.toml,infrastructure,719,ebb8a8d06ff6195c4049f09675e55085aa4e9595cfaf035ab7361e0fbbba980f,OBSERVED,
requirements/m11-local.txt,infrastructure,112,f2794370b269ce6ba4b5e118b4f7f0d8622d49ed2ed79841ea30776d4358f2b2,OBSERVED,
requirements/m11-modal.lock,infrastructure,3964,44ccced6480cf8a238db61ba048bc612024c7d3eb7acbc9d3303ebc911b68a07,OBSERVED,
requirements/m11-modal.txt,infrastructure,319,00a5005b623d5d94484d11b5ff335acde45d353833c1c3aa4f8e6c05ee189ce1,OBSERVED,
requirements/m12-cpu.txt,infrastructure,143,a5124e622eb46751a98265b914627789be8e4d61f2df95167f879d8cb9557461,OBSERVED,
results/README.md,documentation,1250,2f24cae1c068a2083df3484a567dea085b9bcb1022fa5392780bdd53dc90cc0a,OBSERVED,
results/m1.1/README.md,documentation,3884,7f1cd475643db3a653a6de3d6d4bee9df09ece563293fe1574f2da8097fa1664,OBSERVED,
results/m1.1/implementation-check/2026-09-26-followup/README.md,documentation,4477,3b4b57700b08e1f3038a0aabaabc57422f25ffdd5f7c1befd0d6704df682872c,OBSERVED,
results/m1.1/implementation-check/2026-09-26-followup/checks-final.json,run,3328,18588f94c7c92ef78a138e7f1c3ec06aff78325f6f8251e139da2c1a0ca3cd0d,PROVENANCE_UNVERIFIED,Observed output; run/config/commit/data links require review
results/m1.1/implementation-check/2026-09-26-followup/checks.json,run,3238,c6204593938033442c93b7e65fade72365e8f8e4c9f7757666f750a7de8c81af,PROVENANCE_UNVERIFIED,Observed output; run/config/commit/data links require review
results/m1.1/implementation-check/2026-09-26-followup/compile-final.log,run,0,e3b0c44298fc1c149afbf4c8996fb92427ae41e4649b934ca495991b7852b855,PROVENANCE_UNVERIFIED,Observed output; run/config/commit/data links require review
results/m1.1/implementation-check/2026-09-26-followup/compile.log,run,0,e3b0c44298fc1c149afbf4c8996fb92427ae41e4649b934ca495991b7852b855,PROVENANCE_UNVERIFIED,Observed output; run/config/commit/data links require review
results/m1.1/implementation-check/2026-09-26-followup/dependencies-final.log,run,67,c2b57a7af7859c071664494cee60e4b0d167170da322ed82ad928852aff54991,PROVENANCE_UNVERIFIED,Observed output; run/config/commit/data links require review
results/m1.1/implementation-check/2026-09-26-followup/dependencies.log,run,67,302bcca4079ec312401aa9422845180371e914b3f4c48a1a9b17b63135f36fb3,PROVENANCE_UNVERIFIED,Observed output; run/config/commit/data links require review
results/m1.1/implementation-check/2026-09-26-followup/diff-docs.log,run,0,e3b0c44298fc1c149afbf4c8996fb92427ae41e4649b934ca495991b7852b855,PROVENANCE_UNVERIFIED,Observed output; run/config/commit/data links require review
results/m1.1/implementation-check/2026-09-26-followup/diff-final.log,run,0,e3b0c44298fc1c149afbf4c8996fb92427ae41e4649b934ca495991b7852b855,PROVENANCE_UNVERIFIED,Observed output; run/config/commit/data links require review
results/m1.1/implementation-check/2026-09-26-followup/diff.log,run,0,e3b0c44298fc1c149afbf4c8996fb92427ae41e4649b934ca495991b7852b855,PROVENANCE_UNVERIFIED,Observed output; run/config/commit/data links require review
results/m1.1/implementation-check/2026-09-26-followup/dry-run-final.log,run,7379,82eee371bb52a56f4097c445d77c5bdb1fbb441945ead864e7a8b29098dbb402,PROVENANCE_UNVERIFIED,Observed output; run/config/commit/data links require review
results/m1.1/implementation-check/2026-09-26-followup/dry-run.log,run,7379,549234a05f25ba2d8dd6114c9fd83241f4f583e54dfaf9da4a29e8d5198d45d3,PROVENANCE_UNVERIFIED,Observed output; run/config/commit/data links require review
results/m1.1/implementation-check/2026-09-26-followup/filesystem-probe.json,run,503,cf6504799a71c1550c97640cdde09509a12a133cf265c109ed69c3e58d953488,PROVENANCE_UNVERIFIED,Observed output; run/config/commit/data links require review
results/m1.1/implementation-check/2026-09-26-followup/filesystem-probe/status.json,run,25,0c64a5cac4e3e17b965b37d59b7d46ddcbf25e70c677f0522bb54927eff65252,PROVENANCE_UNVERIFIED,Observed output; run/config/commit/data links require review
results/m1.1/implementation-check/2026-09-26-followup/fixture-smoke-final.log,run,943,8a01f57d145e5cb2d6a5e3e96ab976fd39190ac5ae3053e14036474e9887aa62,PROVENANCE_UNVERIFIED,Observed output; run/config/commit/data links require review
results/m1.1/implementation-check/2026-09-26-followup/fixture-smoke.log,run,1861,b4be0e641f391d7a16f312f983f620c394365ad169e0e47b90dccbbc6658d673,PROVENANCE_UNVERIFIED,Observed output; run/config/commit/data links require review
results/m1.1/implementation-check/2026-09-26-followup/fixture_smoke.py,run,4348,999bc10b61496d84c980dc4123bfdb6b7a94a07142d54322c0f30f3a90e63118,PROVENANCE_UNVERIFIED,Observed output; run/config/commit/data links require review
results/m1.1/implementation-check/2026-09-26-followup/hashes.csv,run,8259,a7acf8463ca7b4ac60f274d3d6f19c2b923f9bd3e7b68aac6f3b9e054960268e,PROVENANCE_UNVERIFIED,Observed output; run/config/commit/data links require review
results/m1.1/implementation-check/2026-09-26-followup/local-evaluator-final-command.json,run,1546,ad1bd4d4fb0597cd886daf3e9e3395695c29d81b55c69a76b08de3dab797f0f2,PROVENANCE_UNVERIFIED,Observed output; run/config/commit/data links require review
results/m1.1/implementation-check/2026-09-26-followup/local-evaluator-final.log,run,370,d22ea95857b3e2ab22899fd56157a409018521769f677742de1544e93d882ec6,PROVENANCE_UNVERIFIED,Observed output; run/config/commit/data links require review
results/m1.1/implementation-check/2026-09-26-followup/modal-sdk-final.log,run,129,977cdc2cfcf040908cf7b1873ab079b38c2b34964fe1caf084229119fbbc3e86,PROVENANCE_UNVERIFIED,Observed output; run/config/commit/data links require review
results/m1.1/implementation-check/2026-09-26-followup/modal-sdk.log,run,129,977cdc2cfcf040908cf7b1873ab079b38c2b34964fe1caf084229119fbbc3e86,PROVENANCE_UNVERIFIED,Observed output; run/config/commit/data links require review
results/m1.1/implementation-check/2026-09-26-followup/regression-after.json,run,316,436c519dbee8a3afbc9bd7d038a7f6153c7438ad23500913c4ca37bb4937db83,PROVENANCE_UNVERIFIED,Observed output; run/config/commit/data links require review
results/m1.1/implementation-check/2026-09-26-followup/regression-after.log,run,1738,07026a8c46aca0a00d45fad4eb5eb18d60a259beb868a4899960d34030d847e4,PROVENANCE_UNVERIFIED,Observed output; run/config/commit/data links require review
results/m1.1/implementation-check/2026-09-26-followup/regression-before.json,run,379,cefd5cd0e3d88dd39a3fe46a15cec9041612a9ac24f6625a46aa3b93d4ce67a2,PROVENANCE_UNVERIFIED,Observed output; run/config/commit/data links require review
results/m1.1/implementation-check/2026-09-26-followup/regression-before.log,run,23738,2e403dc4a05e9a86e6670f65f2091cd45769af0ccf97cfe1c37b38e686697652,PROVENANCE_UNVERIFIED,Observed output; run/config/commit/data links require review
results/m1.1/implementation-check/2026-09-26-followup/software-fixture-final/exported-evidence/hashes.csv,run,796,558d0f1c180858e143e8cda93862927eef37c5c84a53333f364043b08e791b13,PROVENANCE_UNVERIFIED,Observed output; run/config/commit/data links require review
results/m1.1/implementation-check/2026-09-26-followup/software-fixture-final/exported-evidence/oracle_decisions.jsonl,run,510,84638bb4c922854b750a1d42136deed16a3e3a019318e7fba2b5f6ab893f8c13,PROVENANCE_UNVERIFIED,Observed output; run/config/commit/data links require review
results/m1.1/implementation-check/2026-09-26-followup/software-fixture-final/exported-evidence/per_query_metrics.csv,run,226,623bbb1d0c3fd6972ee44c8a13e782151c4cb7bee56f666e82d3331a37eaa328,PROVENANCE_UNVERIFIED,Observed output; run/config/commit/data links require review
results/m1.1/implementation-check/2026-09-26-followup/software-fixture-final/exported-evidence/provenance.json,run,6083,ba57aebb3339b8dfea0eca15066664d0b3e1d79a8de3d5ba445befc7164758d8,PROVENANCE_UNVERIFIED,Observed output; run/config/commit/data links require review
results/m1.1/implementation-check/2026-09-26-followup/software-fixture-final/exported-evidence/query_ids.csv,run,58,20838c7d07bf8502085c8d7a1b75a836ac5609a4a8a5bbae3b9d8c86f41a98fc,PROVENANCE_UNVERIFIED,Observed output; run/config/commit/data links require review
results/m1.1/implementation-check/2026-09-26-followup/software-fixture-final/exported-evidence/receipt.json,run,2229,cb8219a78b341f0fde7ba9adc401b8314147e00431b84f52e93884b21cd587f4,PROVENANCE_UNVERIFIED,Observed output; run/config/commit/data links require review
results/m1.1/implementation-check/2026-09-26-followup/software-fixture-final/exported-evidence/resolved_config.json,run,2676,5c76fd80b6a0a5ec7925930a3e662a480a8059076644cf749ad5b91f653b9f21,PROVENANCE_UNVERIFIED,Observed output; run/config/commit/data links require review
results/m1.1/implementation-check/2026-09-26-followup/software-fixture-final/exported-evidence/review.md,run,1000,121f41606bbe246bf8605b0854177c4cbe7610ed32a49b5ab4d4099c5e4b8ed1,PROVENANCE_UNVERIFIED,Observed output; run/config/commit/data links require review
results/m1.1/implementation-check/2026-09-26-followup/software-fixture-final/exported-evidence/run.log,run,180,8fd6181a77310fe4433f3611c42e531f5311cbc2fae830b18d9d47809978e6db,PROVENANCE_UNVERIFIED,Observed output; run/config/commit/data links require review
results/m1.1/implementation-check/2026-09-26-followup/software-fixture-final/exported-evidence/status.json,run,158,0270dd6d4224248840fe062c6405a976936f82531def18c0da5388a3048d3ad6,PROVENANCE_UNVERIFIED,Observed output; run/config/commit/data links require review
results/m1.1/implementation-check/2026-09-26-followup/software-fixture-final/exported-evidence/summary.json,run,6608,07a9357d3d9be5edb7649547dd392cc1ca6db42249d80fc0ad8a78b6865c7547,PROVENANCE_UNVERIFIED,Observed output; run/config/commit/data links require review
results/m1.1/implementation-check/2026-09-26-followup/software-fixture-final/exported-evidence/upstream/bm25/hashes.csv,run,526,c477d31ef51574669f9be1ce80210c283dde852b3390297b10f9a4af90ad551a,PROVENANCE_UNVERIFIED,Observed output; run/config/commit/data links require review
results/m1.1/implementation-check/2026-09-26-followup/software-fixture-final/exported-evidence/upstream/bm25/provenance.json,run,5837,550c4d4a7499e4fa8e9566bd3b1070d38b91d9b00aa5699fdb0675fabafc9c72,PROVENANCE_UNVERIFIED,Observed output; run/config/commit/data links require review
results/m1.1/implementation-check/2026-09-26-followup/software-fixture-final/exported-evidence/upstream/bm25/receipt.json,run,1494,3d459dc602f52ef21615931f2de4cbcffbde6cc6deecca026611b2162234205e,PROVENANCE_UNVERIFIED,Observed output; run/config/commit/data links require review
results/m1.1/implementation-check/2026-09-26-followup/software-fixture-final/exported-evidence/upstream/bm25/resolved_config.json,run,2676,5c76fd80b6a0a5ec7925930a3e662a480a8059076644cf749ad5b91f653b9f21,PROVENANCE_UNVERIFIED,Observed output; run/config/commit/data links require review
results/m1.1/implementation-check/2026-09-26-followup/software-fixture-final/exported-evidence/upstream/bm25/run.log,run,152,cd61e54bf3a3ba79a6b81fcf02c5eaee870bf3ee6727d68fdee5c2f85d5fc09c,PROVENANCE_UNVERIFIED,Observed output; run/config/commit/data links require review
results/m1.1/implementation-check/2026-09-26-followup/software-fixture-final/exported-evidence/upstream/bm25/scores.json,run,263,fc89fafaaabf9f5cd7d7323f714add32558b61079386e68f21ca0e08b5e87934,PROVENANCE_UNVERIFIED,Observed output; run/config/commit/data links require review
results/m1.1/implementation-check/2026-09-26-followup/software-fixture-final/exported-evidence/upstream/bm25/status.json,run,158,c2bac4fd4cae43832c7cdf7ff07d7b0d2010ac586a39d8a39a16537877840740,PROVENANCE_UNVERIFIED,Observed output; run/config/commit/data links require review
results/m1.1/implementation-check/2026-09-26-followup/software-fixture-final/exported-evidence/upstream/dense/hashes.csv,run,525,bb5a30d457a9a3099e54af738ac7d836757008a43f9ed0b15f36f2b71e1ca976,PROVENANCE_UNVERIFIED,Observed output; run/config/commit/data links require review
results/m1.1/implementation-check/2026-09-26-followup/software-fixture-final/exported-evidence/upstream/dense/provenance.json,run,5837,893f2aa9557eb5d401128a0e9ad9414cf12493c0709ae7a1710c7a5df47a1150,PROVENANCE_UNVERIFIED,Observed output; run/config/commit/data links require review
results/m1.1/implementation-check/2026-09-26-followup/software-fixture-final/exported-evidence/upstream/dense/receipt.json,run,1493,e3e9db8675588608a7c1362d7f1a7a8b594dd82402b1fc58d1230584265021ff,PROVENANCE_UNVERIFIED,Observed output; run/config/commit/data links require review
results/m1.1/implementation-check/2026-09-26-followup/software-fixture-final/exported-evidence/upstream/dense/resolved_config.json,run,2676,5c76fd80b6a0a5ec7925930a3e662a480a8059076644cf749ad5b91f653b9f21,PROVENANCE_UNVERIFIED,Observed output; run/config/commit/data links require review
results/m1.1/implementation-check/2026-09-26-followup/software-fixture-final/exported-evidence/upstream/dense/run.log,run,97,38417465e876c0d33b2ec2ebde668d4f09b15137444870ebb7812ae8fa25f90f,PROVENANCE_UNVERIFIED,Observed output; run/config/commit/data links require review
results/m1.1/implementation-check/2026-09-26-followup/software-fixture-final/exported-evidence/upstream/dense/scores.json,run,264,3d054172c167e843b10007338182c4ac2707fc1a9f82a6b623641c8936748f2e,PROVENANCE_UNVERIFIED,Observed output; run/config/commit/data links require review
results/m1.1/implementation-check/2026-09-26-followup/software-fixture-final/exported-evidence/upstream/dense/status.json,run,158,25fbde767f9d5392b1eb8af1a15f01eaf2f0574879972bff03f3387ec771ef3b,PROVENANCE_UNVERIFIED,Observed output; run/config/commit/data links require review
results/m1.1/implementation-check/2026-09-26-followup/software-fixture-final/exported-evidence/upstream/prepare/dataset.json,run,111,98a6ebfdae2284d848f099369f73b1e147b76548fde7fa00f7e74624630e0c08,PROVENANCE_UNVERIFIED,Observed output; run/config/commit/data links require review
results/m1.1/implementation-check/2026-09-26-followup/software-fixture-final/exported-evidence/upstream/prepare/hashes.csv,run,689,f2aa3e639326e4625c2006de36197b013fac71f74ff67e3883749f0b0184f05c,PROVENANCE_UNVERIFIED,Observed output; run/config/commit/data links require review
results/m1.1/implementation-check/2026-09-26-followup/software-fixture-final/exported-evidence/upstream/prepare/provenance.json,run,5750,1ab52cc615b7148597909db7bb358fe28d5d8ca4ff3b4049c86ca10b90d8c4c8,PROVENANCE_UNVERIFIED,Observed output; run/config/commit/data links require review
results/m1.1/implementation-check/2026-09-26-followup/software-fixture-final/exported-evidence/upstream/prepare/qrels.json,run,63,7957c74914441dfac3de7b122b10ca95107b40aa46527ec15d6bbfdbdb8ad9c9,PROVENANCE_UNVERIFIED,Observed output; run/config/commit/data links require review
results/m1.1/implementation-check/2026-09-26-followup/software-fixture-final/exported-evidence/upstream/prepare/queries.json,run,114,f1f9111670b58759a5338a2323ae60fe97791b2e5dc8a80764f847c4dfd4c752,PROVENANCE_UNVERIFIED,Observed output; run/config/commit/data links require review
results/m1.1/implementation-check/2026-09-26-followup/software-fixture-final/exported-evidence/upstream/prepare/receipt.json,run,1716,33b44f918befc779402a93868bd0b72f14352b04ce11436e6b9591755516570a,PROVENANCE_UNVERIFIED,Observed output; run/config/commit/data links require review
results/m1.1/implementation-check/2026-09-26-followup/software-fixture-final/exported-evidence/upstream/prepare/resolved_config.json,run,2676,5c76fd80b6a0a5ec7925930a3e662a480a8059076644cf749ad5b91f653b9f21,PROVENANCE_UNVERIFIED,Observed output; run/config/commit/data links require review
results/m1.1/implementation-check/2026-09-26-followup/software-fixture-final/exported-evidence/upstream/prepare/run.log,run,99,1af3810616a9ac1e493b23175032f9892a91e22a161c04b3f7eb2424482a2c45,PROVENANCE_UNVERIFIED,Observed output; run/config/commit/data links require review
results/m1.1/implementation-check/2026-09-26-followup/software-fixture-final/exported-evidence/upstream/prepare/status.json,run,158,a543dc5c51e9796dbb1358b0f5c9a2041192bc174c817b432835e67b4336af15,PROVENANCE_UNVERIFIED,Observed output; run/config/commit/data links require review
results/m1.1/implementation-check/2026-09-26-followup/software-fixture-final/exported-evidence/upstream/visual/hashes.csv,run,525,19a9e50f0d8b2af60911559954e8750bd49362832d96339839577e9fe8798cdd,PROVENANCE_UNVERIFIED,Observed output; run/config/commit/data links require review
results/m1.1/implementation-check/2026-09-26-followup/software-fixture-final/exported-evidence/upstream/visual/provenance.json,run,5837,f55babcd342a17432384b4062360a15dd44cf92d13d20e2e3f3ac1f9e70dd949,PROVENANCE_UNVERIFIED,Observed output; run/config/commit/data links require review
results/m1.1/implementation-check/2026-09-26-followup/software-fixture-final/exported-evidence/upstream/visual/receipt.json,run,1493,1952dffdd636ca28faabb7bcaa86a4a17b8b6eb4de13859bbaecafa7da5755b8,PROVENANCE_UNVERIFIED,Observed output; run/config/commit/data links require review
results/m1.1/implementation-check/2026-09-26-followup/software-fixture-final/exported-evidence/upstream/visual/resolved_config.json,run,2676,5c76fd80b6a0a5ec7925930a3e662a480a8059076644cf749ad5b91f653b9f21,PROVENANCE_UNVERIFIED,Observed output; run/config/commit/data links require review
results/m1.1/implementation-check/2026-09-26-followup/software-fixture-final/exported-evidence/upstream/visual/run.log,run,98,14be4e22ad5eded6482788d24ba937b264a78578d91b2c15f18dedb60d778dd2,PROVENANCE_UNVERIFIED,Observed output; run/config/commit/data links require review
results/m1.1/implementation-check/2026-09-26-followup/software-fixture-final/exported-evidence/upstream/visual/scores.json,run,265,fa271cb554c0468cfbafdef0170b82527819717e7c502c6276836f6621235ab6,PROVENANCE_UNVERIFIED,Observed output; run/config/commit/data links require review
results/m1.1/implementation-check/2026-09-26-followup/software-fixture-final/exported-evidence/upstream/visual/status.json,run,158,3bbcdfd251948fe1d3db3604227610a6d65fedcf37e40f35306218c1f5820f4b,PROVENANCE_UNVERIFIED,Observed output; run/config/commit/data links require review
results/m1.1/implementation-check/2026-09-26-followup/software-fixture-final/local-evaluation/oracle/20260925T182114-96c07c96/hashes.csv,run,796,37eed73a757d13b5e65be0669221598138f955c87501245ef359faec7fb5d7b0,PROVENANCE_UNVERIFIED,Observed output; run/config/commit/data links require review
results/m1.1/implementation-check/2026-09-26-followup/software-fixture-final/local-evaluation/oracle/20260925T182114-96c07c96/oracle_decisions.jsonl,run,510,84638bb4c922854b750a1d42136deed16a3e3a019318e7fba2b5f6ab893f8c13,PROVENANCE_UNVERIFIED,Observed output; run/config/commit/data links require review
results/m1.1/implementation-check/2026-09-26-followup/software-fixture-final/local-evaluation/oracle/20260925T182114-96c07c96/per_query_metrics.csv,run,226,623bbb1d0c3fd6972ee44c8a13e782151c4cb7bee56f666e82d3331a37eaa328,PROVENANCE_UNVERIFIED,Observed output; run/config/commit/data links require review
results/m1.1/implementation-check/2026-09-26-followup/software-fixture-final/local-evaluation/oracle/20260925T182114-96c07c96/provenance.json,run,7184,56312525d838626629547770fc723da3c550dce674ebcfe2dc3b381d85aed9f0,PROVENANCE_UNVERIFIED,Observed output; run/config/commit/data links require review
results/m1.1/implementation-check/2026-09-26-followup/software-fixture-final/local-evaluation/oracle/20260925T182114-96c07c96/query_ids.csv,run,58,20838c7d07bf8502085c8d7a1b75a836ac5609a4a8a5bbae3b9d8c86f41a98fc,PROVENANCE_UNVERIFIED,Observed output; run/config/commit/data links require review
results/m1.1/implementation-check/2026-09-26-followup/software-fixture-final/local-evaluation/oracle/20260925T182114-96c07c96/receipt.json,run,2229,20cde261a515b5fb221bafb8f9090a544dfd7a52774e44ae936a68063c7e0ce3,PROVENANCE_UNVERIFIED,Observed output; run/config/commit/data links require review
results/m1.1/implementation-check/2026-09-26-followup/software-fixture-final/local-evaluation/oracle/20260925T182114-96c07c96/resolved_config.json,run,2676,5c76fd80b6a0a5ec7925930a3e662a480a8059076644cf749ad5b91f653b9f21,PROVENANCE_UNVERIFIED,Observed output; run/config/commit/data links require review
results/m1.1/implementation-check/2026-09-26-followup/software-fixture-final/local-evaluation/oracle/20260925T182114-96c07c96/review.md,run,1000,121f41606bbe246bf8605b0854177c4cbe7610ed32a49b5ab4d4099c5e4b8ed1,PROVENANCE_UNVERIFIED,Observed output; run/config/commit/data links require review
results/m1.1/implementation-check/2026-09-26-followup/software-fixture-final/local-evaluation/oracle/20260925T182114-96c07c96/run.log,run,180,d601bb3e7eb89deeabe272e5f0ded17cfb925974c2fa5515d30fb6095b0a1ed9,PROVENANCE_UNVERIFIED,Observed output; run/config/commit/data links require review
results/m1.1/implementation-check/2026-09-26-followup/software-fixture-final/local-evaluation/oracle/20260925T182114-96c07c96/status.json,run,158,99352080a3e4360a12b49cc94e9ef6272121890e44224cad30a2551f69b58890,PROVENANCE_UNVERIFIED,Observed output; run/config/commit/data links require review
results/m1.1/implementation-check/2026-09-26-followup/software-fixture-final/local-evaluation/oracle/20260925T182114-96c07c96/summary.json,run,6608,07a9357d3d9be5edb7649547dd392cc1ca6db42249d80fc0ad8a78b6865c7547,PROVENANCE_UNVERIFIED,Observed output; run/config/commit/data links require review
results/m1.1/implementation-check/2026-09-26-followup/software-fixture-final/local-evaluation/oracle/complete.json,run,136,feb13d55d62234542f7066f3ca7ca1d64ca4f1e6ad0b4560f4059e79af77bd58,PROVENANCE_UNVERIFIED,Observed output; run/config/commit/data links require review
results/m1.1/implementation-check/2026-09-26-followup/software-fixture-final/local-evaluator-command.json,run,1546,ad1bd4d4fb0597cd886daf3e9e3395695c29d81b55c69a76b08de3dab797f0f2,PROVENANCE_UNVERIFIED,Observed output; run/config/commit/data links require review
results/m1.1/implementation-check/2026-09-26-followup/software-fixture-final/local-evaluator.log,run,370,d22ea95857b3e2ab22899fd56157a409018521769f677742de1544e93d882ec6,PROVENANCE_UNVERIFIED,Observed output; run/config/commit/data links require review
results/m1.1/implementation-check/2026-09-26-followup/software-fixture-final/runs/software-fixture/bm25/20260925T182112-2a0fbcbc/hashes.csv,run,526,c477d31ef51574669f9be1ce80210c283dde852b3390297b10f9a4af90ad551a,PROVENANCE_UNVERIFIED,Observed output; run/config/commit/data links require review
results/m1.1/implementation-check/2026-09-26-followup/software-fixture-final/runs/software-fixture/bm25/20260925T182112-2a0fbcbc/provenance.json,run,5837,550c4d4a7499e4fa8e9566bd3b1070d38b91d9b00aa5699fdb0675fabafc9c72,PROVENANCE_UNVERIFIED,Observed output; run/config/commit/data links require review
results/m1.1/implementation-check/2026-09-26-followup/software-fixture-final/runs/software-fixture/bm25/20260925T182112-2a0fbcbc/receipt.json,run,1494,3d459dc602f52ef21615931f2de4cbcffbde6cc6deecca026611b2162234205e,PROVENANCE_UNVERIFIED,Observed output; run/config/commit/data links require review
results/m1.1/implementation-check/2026-09-26-followup/software-fixture-final/runs/software-fixture/bm25/20260925T182112-2a0fbcbc/resolved_config.json,run,2676,5c76fd80b6a0a5ec7925930a3e662a480a8059076644cf749ad5b91f653b9f21,PROVENANCE_UNVERIFIED,Observed output; run/config/commit/data links require review
results/m1.1/implementation-check/2026-09-26-followup/software-fixture-final/runs/software-fixture/bm25/20260925T182112-2a0fbcbc/run.log,run,152,cd61e54bf3a3ba79a6b81fcf02c5eaee870bf3ee6727d68fdee5c2f85d5fc09c,PROVENANCE_UNVERIFIED,Observed output; run/config/commit/data links require review
results/m1.1/implementation-check/2026-09-26-followup/software-fixture-final/runs/software-fixture/bm25/20260925T182112-2a0fbcbc/scores.json,run,263,fc89fafaaabf9f5cd7d7323f714add32558b61079386e68f21ca0e08b5e87934,PROVENANCE_UNVERIFIED,Observed output; run/config/commit/data links require review
results/m1.1/implementation-check/2026-09-26-followup/software-fixture-final/runs/software-fixture/bm25/20260925T182112-2a0fbcbc/scores.npy,run,176,60d6510f50d161cbc19d1699815ebf988bbc542298b10e558ec45031deb988a2,PROVENANCE_UNVERIFIED,Observed output; run/config/commit/data links require review
results/m1.1/implementation-check/2026-09-26-followup/software-fixture-final/runs/software-fixture/bm25/20260925T182112-2a0fbcbc/status.json,run,158,c2bac4fd4cae43832c7cdf7ff07d7b0d2010ac586a39d8a39a16537877840740,PROVENANCE_UNVERIFIED,Observed output; run/config/commit/data links require review
results/m1.1/implementation-check/2026-09-26-followup/software-fixture-final/runs/software-fixture/bm25/complete.json,run,136,95b22074a6047a9b99e6186d8cfa3b106bd2353c000630e2410bf182c6191146,PROVENANCE_UNVERIFIED,Observed output; run/config/commit/data links require review
results/m1.1/implementation-check/2026-09-26-followup/software-fixture-final/runs/software-fixture/dense/20260925T182112-71a9effd/hashes.csv,run,525,bb5a30d457a9a3099e54af738ac7d836757008a43f9ed0b15f36f2b71e1ca976,PROVENANCE_UNVERIFIED,Observed output; run/config/commit/data links require review
results/m1.1/implementation-check/2026-09-26-followup/software-fixture-final/runs/software-fixture/dense/20260925T182112-71a9effd/provenance.json,run,5837,893f2aa9557eb5d401128a0e9ad9414cf12493c0709ae7a1710c7a5df47a1150,PROVENANCE_UNVERIFIED,Observed output; run/config/commit/data links require review
results/m1.1/implementation-check/2026-09-26-followup/software-fixture-final/runs/software-fixture/dense/20260925T182112-71a9effd/receipt.json,run,1493,e3e9db8675588608a7c1362d7f1a7a8b594dd82402b1fc58d1230584265021ff,PROVENANCE_UNVERIFIED,Observed output; run/config/commit/data links require review
results/m1.1/implementation-check/2026-09-26-followup/software-fixture-final/runs/software-fixture/dense/20260925T182112-71a9effd/resolved_config.json,run,2676,5c76fd80b6a0a5ec7925930a3e662a480a8059076644cf749ad5b91f653b9f21,PROVENANCE_UNVERIFIED,Observed output; run/config/commit/data links require review
results/m1.1/implementation-check/2026-09-26-followup/software-fixture-final/runs/software-fixture/dense/20260925T182112-71a9effd/run.log,run,97,38417465e876c0d33b2ec2ebde668d4f09b15137444870ebb7812ae8fa25f90f,PROVENANCE_UNVERIFIED,Observed output; run/config/commit/data links require review
results/m1.1/implementation-check/2026-09-26-followup/software-fixture-final/runs/software-fixture/dense/20260925T182112-71a9effd/scores.json,run,264,3d054172c167e843b10007338182c4ac2707fc1a9f82a6b623641c8936748f2e,PROVENANCE_UNVERIFIED,Observed output; run/config/commit/data links require review
results/m1.1/implementation-check/2026-09-26-followup/software-fixture-final/runs/software-fixture/dense/20260925T182112-71a9effd/scores.npy,run,176,2696304be93419744ffe6dd04eff9930f2066ab7b73a4d79c7d06613d04d1446,PROVENANCE_UNVERIFIED,Observed output; run/config/commit/data links require review
results/m1.1/implementation-check/2026-09-26-followup/software-fixture-final/runs/software-fixture/dense/20260925T182112-71a9effd/status.json,run,158,25fbde767f9d5392b1eb8af1a15f01eaf2f0574879972bff03f3387ec771ef3b,PROVENANCE_UNVERIFIED,Observed output; run/config/commit/data links require review
results/m1.1/implementation-check/2026-09-26-followup/software-fixture-final/runs/software-fixture/dense/complete.json,run,136,dbd72266005899ac5d66b4160efc1e6b1e6accc267523d7a086c300eda3107ca,PROVENANCE_UNVERIFIED,Observed output; run/config/commit/data links require review
results/m1.1/implementation-check/2026-09-26-followup/software-fixture-final/runs/software-fixture/oracle/20260925T182113-26c7b4db/hashes.csv,run,796,558d0f1c180858e143e8cda93862927eef37c5c84a53333f364043b08e791b13,PROVENANCE_UNVERIFIED,Observed output; run/config/commit/data links require review
results/m1.1/implementation-check/2026-09-26-followup/software-fixture-final/runs/software-fixture/oracle/20260925T182113-26c7b4db/oracle_decisions.jsonl,run,510,84638bb4c922854b750a1d42136deed16a3e3a019318e7fba2b5f6ab893f8c13,PROVENANCE_UNVERIFIED,Observed output; run/config/commit/data links require review
results/m1.1/implementation-check/2026-09-26-followup/software-fixture-final/runs/software-fixture/oracle/20260925T182113-26c7b4db/per_query_metrics.csv,run,226,623bbb1d0c3fd6972ee44c8a13e782151c4cb7bee56f666e82d3331a37eaa328,PROVENANCE_UNVERIFIED,Observed output; run/config/commit/data links require review
results/m1.1/implementation-check/2026-09-26-followup/software-fixture-final/runs/software-fixture/oracle/20260925T182113-26c7b4db/provenance.json,run,6083,ba57aebb3339b8dfea0eca15066664d0b3e1d79a8de3d5ba445befc7164758d8,PROVENANCE_UNVERIFIED,Observed output; run/config/commit/data links require review
results/m1.1/implementation-check/2026-09-26-followup/software-fixture-final/runs/software-fixture/oracle/20260925T182113-26c7b4db/query_ids.csv,run,58,20838c7d07bf8502085c8d7a1b75a836ac5609a4a8a5bbae3b9d8c86f41a98fc,PROVENANCE_UNVERIFIED,Observed output; run/config/commit/data links require review
results/m1.1/implementation-check/2026-09-26-followup/software-fixture-final/runs/software-fixture/oracle/20260925T182113-26c7b4db/receipt.json,run,2229,cb8219a78b341f0fde7ba9adc401b8314147e00431b84f52e93884b21cd587f4,PROVENANCE_UNVERIFIED,Observed output; run/config/commit/data links require review
results/m1.1/implementation-check/2026-09-26-followup/software-fixture-final/runs/software-fixture/oracle/20260925T182113-26c7b4db/resolved_config.json,run,2676,5c76fd80b6a0a5ec7925930a3e662a480a8059076644cf749ad5b91f653b9f21,PROVENANCE_UNVERIFIED,Observed output; run/config/commit/data links require review
results/m1.1/implementation-check/2026-09-26-followup/software-fixture-final/runs/software-fixture/oracle/20260925T182113-26c7b4db/review.md,run,1000,121f41606bbe246bf8605b0854177c4cbe7610ed32a49b5ab4d4099c5e4b8ed1,PROVENANCE_UNVERIFIED,Observed output; run/config/commit/data links require review
results/m1.1/implementation-check/2026-09-26-followup/software-fixture-final/runs/software-fixture/oracle/20260925T182113-26c7b4db/run.log,run,180,8fd6181a77310fe4433f3611c42e531f5311cbc2fae830b18d9d47809978e6db,PROVENANCE_UNVERIFIED,Observed output; run/config/commit/data links require review
results/m1.1/implementation-check/2026-09-26-followup/software-fixture-final/runs/software-fixture/oracle/20260925T182113-26c7b4db/status.json,run,158,0270dd6d4224248840fe062c6405a976936f82531def18c0da5388a3048d3ad6,PROVENANCE_UNVERIFIED,Observed output; run/config/commit/data links require review
results/m1.1/implementation-check/2026-09-26-followup/software-fixture-final/runs/software-fixture/oracle/20260925T182113-26c7b4db/summary.json,run,6608,07a9357d3d9be5edb7649547dd392cc1ca6db42249d80fc0ad8a78b6865c7547,PROVENANCE_UNVERIFIED,Observed output; run/config/commit/data links require review
results/m1.1/implementation-check/2026-09-26-followup/software-fixture-final/runs/software-fixture/oracle/complete.json,run,136,41525627353e0d1d12eaa4672363796435e037943f2c56b5e592fab0c8764a7a,PROVENANCE_UNVERIFIED,Observed output; run/config/commit/data links require review
results/m1.1/implementation-check/2026-09-26-followup/software-fixture-final/runs/software-fixture/prepare/20260925T182112-4f3baafb/dataset.json,run,111,98a6ebfdae2284d848f099369f73b1e147b76548fde7fa00f7e74624630e0c08,PROVENANCE_UNVERIFIED,Observed output; run/config/commit/data links require review
results/m1.1/implementation-check/2026-09-26-followup/software-fixture-final/runs/software-fixture/prepare/20260925T182112-4f3baafb/hashes.csv,run,689,f2aa3e639326e4625c2006de36197b013fac71f74ff67e3883749f0b0184f05c,PROVENANCE_UNVERIFIED,Observed output; run/config/commit/data links require review
results/m1.1/implementation-check/2026-09-26-followup/software-fixture-final/runs/software-fixture/prepare/20260925T182112-4f3baafb/pages.json,run,169,c7b4eb06295170a2cd078c498a9deb89e134b85daa9a0dd67f95da07d626ad08,PROVENANCE_UNVERIFIED,Observed output; run/config/commit/data links require review
results/m1.1/implementation-check/2026-09-26-followup/software-fixture-final/runs/software-fixture/prepare/20260925T182112-4f3baafb/provenance.json,run,5750,1ab52cc615b7148597909db7bb358fe28d5d8ca4ff3b4049c86ca10b90d8c4c8,PROVENANCE_UNVERIFIED,Observed output; run/config/commit/data links require review
results/m1.1/implementation-check/2026-09-26-followup/software-fixture-final/runs/software-fixture/prepare/20260925T182112-4f3baafb/qrels.json,run,63,7957c74914441dfac3de7b122b10ca95107b40aa46527ec15d6bbfdbdb8ad9c9,PROVENANCE_UNVERIFIED,Observed output; run/config/commit/data links require review
results/m1.1/implementation-check/2026-09-26-followup/software-fixture-final/runs/software-fixture/prepare/20260925T182112-4f3baafb/queries.json,run,114,f1f9111670b58759a5338a2323ae60fe97791b2e5dc8a80764f847c4dfd4c752,PROVENANCE_UNVERIFIED,Observed output; run/config/commit/data links require review
results/m1.1/implementation-check/2026-09-26-followup/software-fixture-final/runs/software-fixture/prepare/20260925T182112-4f3baafb/receipt.json,run,1716,33b44f918befc779402a93868bd0b72f14352b04ce11436e6b9591755516570a,PROVENANCE_UNVERIFIED,Observed output; run/config/commit/data links require review
results/m1.1/implementation-check/2026-09-26-followup/software-fixture-final/runs/software-fixture/prepare/20260925T182112-4f3baafb/resolved_config.json,run,2676,5c76fd80b6a0a5ec7925930a3e662a480a8059076644cf749ad5b91f653b9f21,PROVENANCE_UNVERIFIED,Observed output; run/config/commit/data links require review
results/m1.1/implementation-check/2026-09-26-followup/software-fixture-final/runs/software-fixture/prepare/20260925T182112-4f3baafb/run.log,run,99,1af3810616a9ac1e493b23175032f9892a91e22a161c04b3f7eb2424482a2c45,PROVENANCE_UNVERIFIED,Observed output; run/config/commit/data links require review
results/m1.1/implementation-check/2026-09-26-followup/software-fixture-final/runs/software-fixture/prepare/20260925T182112-4f3baafb/status.json,run,158,a543dc5c51e9796dbb1358b0f5c9a2041192bc174c817b432835e67b4336af15,PROVENANCE_UNVERIFIED,Observed output; run/config/commit/data links require review
results/m1.1/implementation-check/2026-09-26-followup/software-fixture-final/runs/software-fixture/prepare/complete.json,run,136,93247fdec68252cad353c7bc2f2795916a050a40e43ed62450c687b357a421d1,PROVENANCE_UNVERIFIED,Observed output; run/config/commit/data links require review
results/m1.1/implementation-check/2026-09-26-followup/software-fixture-final/runs/software-fixture/visual/20260925T182113-0c334cad/hashes.csv,run,525,19a9e50f0d8b2af60911559954e8750bd49362832d96339839577e9fe8798cdd,PROVENANCE_UNVERIFIED,Observed output; run/config/commit/data links require review
results/m1.1/implementation-check/2026-09-26-followup/software-fixture-final/runs/software-fixture/visual/20260925T182113-0c334cad/provenance.json,run,5837,f55babcd342a17432384b4062360a15dd44cf92d13d20e2e3f3ac1f9e70dd949,PROVENANCE_UNVERIFIED,Observed output; run/config/commit/data links require review
results/m1.1/implementation-check/2026-09-26-followup/software-fixture-final/runs/software-fixture/visual/20260925T182113-0c334cad/receipt.json,run,1493,1952dffdd636ca28faabb7bcaa86a4a17b8b6eb4de13859bbaecafa7da5755b8,PROVENANCE_UNVERIFIED,Observed output; run/config/commit/data links require review
results/m1.1/implementation-check/2026-09-26-followup/software-fixture-final/runs/software-fixture/visual/20260925T182113-0c334cad/resolved_config.json,run,2676,5c76fd80b6a0a5ec7925930a3e662a480a8059076644cf749ad5b91f653b9f21,PROVENANCE_UNVERIFIED,Observed output; run/config/commit/data links require review
results/m1.1/implementation-check/2026-09-26-followup/software-fixture-final/runs/software-fixture/visual/20260925T182113-0c334cad/run.log,run,98,14be4e22ad5eded6482788d24ba937b264a78578d91b2c15f18dedb60d778dd2,PROVENANCE_UNVERIFIED,Observed output; run/config/commit/data links require review
results/m1.1/implementation-check/2026-09-26-followup/software-fixture-final/runs/software-fixture/visual/20260925T182113-0c334cad/scores.json,run,265,fa271cb554c0468cfbafdef0170b82527819717e7c502c6276836f6621235ab6,PROVENANCE_UNVERIFIED,Observed output; run/config/commit/data links require review
results/m1.1/implementation-check/2026-09-26-followup/software-fixture-final/runs/software-fixture/visual/20260925T182113-0c334cad/scores.npy,run,176,bee69c26906307e3ce6952d1e179796dbb98d581593d7ccd78f1f81079b51932,PROVENANCE_UNVERIFIED,Observed output; run/config/commit/data links require review
results/m1.1/implementation-check/2026-09-26-followup/software-fixture-final/runs/software-fixture/visual/20260925T182113-0c334cad/status.json,run,158,3bbcdfd251948fe1d3db3604227610a6d65fedcf37e40f35306218c1f5820f4b,PROVENANCE_UNVERIFIED,Observed output; run/config/commit/data links require review
results/m1.1/implementation-check/2026-09-26-followup/software-fixture-final/runs/software-fixture/visual/complete.json,run,136,d146b3aaf1af44fae241039b6edae9f197b75fc869003fd48245afbed7a9d819,PROVENANCE_UNVERIFIED,Observed output; run/config/commit/data links require review
results/m1.1/implementation-check/2026-09-26-followup/software-fixture/runs/software-fixture/bm25/20260925T181758-74aa32cc/provenance.json,run,5831,1c3a433da70497d3a0b869abe82997fecea00ac3d0f5fce6f096282d17131097,PROVENANCE_UNVERIFIED,Observed output; run/config/commit/data links require review
results/m1.1/implementation-check/2026-09-26-followup/software-fixture/runs/software-fixture/bm25/20260925T181758-74aa32cc/resolved_config.json,run,2676,5c76fd80b6a0a5ec7925930a3e662a480a8059076644cf749ad5b91f653b9f21,PROVENANCE_UNVERIFIED,Observed output; run/config/commit/data links require review
results/m1.1/implementation-check/2026-09-26-followup/software-fixture/runs/software-fixture/bm25/20260925T181758-74aa32cc/run.log,run,152,9969617c875e49538f8bc1649aafc43ad756cf627a9c08fc8bcba994e7d5599e,PROVENANCE_UNVERIFIED,Observed output; run/config/commit/data links require review
results/m1.1/implementation-check/2026-09-26-followup/software-fixture/runs/software-fixture/bm25/20260925T181758-74aa32cc/scores.json,run,263,fc89fafaaabf9f5cd7d7323f714add32558b61079386e68f21ca0e08b5e87934,PROVENANCE_UNVERIFIED,Observed output; run/config/commit/data links require review
results/m1.1/implementation-check/2026-09-26-followup/software-fixture/runs/software-fixture/bm25/20260925T181758-74aa32cc/scores.npy,run,176,60d6510f50d161cbc19d1699815ebf988bbc542298b10e558ec45031deb988a2,PROVENANCE_UNVERIFIED,Observed output; run/config/commit/data links require review
results/m1.1/implementation-check/2026-09-26-followup/software-fixture/runs/software-fixture/bm25/20260925T181758-74aa32cc/status.json,run,83,b67bfa1e13d004a1386c25a580ab79b45b6bd2d350e6b151ff04ef5181b73668,PROVENANCE_UNVERIFIED,Observed output; run/config/commit/data links require review
results/m1.1/implementation-check/2026-09-26-followup/software-fixture/runs/software-fixture/prepare/20260925T181758-7b4d8542/dataset.json,run,111,98a6ebfdae2284d848f099369f73b1e147b76548fde7fa00f7e74624630e0c08,PROVENANCE_UNVERIFIED,Observed output; run/config/commit/data links require review
results/m1.1/implementation-check/2026-09-26-followup/software-fixture/runs/software-fixture/prepare/20260925T181758-7b4d8542/hashes.csv,run,689,d80ce290bbf90b8a7673b63542e11de0676c6e0d01ca65cf533f03f1814a7e45,PROVENANCE_UNVERIFIED,Observed output; run/config/commit/data links require review
results/m1.1/implementation-check/2026-09-26-followup/software-fixture/runs/software-fixture/prepare/20260925T181758-7b4d8542/pages.json,run,169,c7b4eb06295170a2cd078c498a9deb89e134b85daa9a0dd67f95da07d626ad08,PROVENANCE_UNVERIFIED,Observed output; run/config/commit/data links require review
results/m1.1/implementation-check/2026-09-26-followup/software-fixture/runs/software-fixture/prepare/20260925T181758-7b4d8542/provenance.json,run,5744,0fe59b38014a7ec07c354b7a41ea1a65847cc1f245aea5abefdb55afed683a43,PROVENANCE_UNVERIFIED,Observed output; run/config/commit/data links require review
results/m1.1/implementation-check/2026-09-26-followup/software-fixture/runs/software-fixture/prepare/20260925T181758-7b4d8542/qrels.json,run,63,7957c74914441dfac3de7b122b10ca95107b40aa46527ec15d6bbfdbdb8ad9c9,PROVENANCE_UNVERIFIED,Observed output; run/config/commit/data links require review
results/m1.1/implementation-check/2026-09-26-followup/software-fixture/runs/software-fixture/prepare/20260925T181758-7b4d8542/queries.json,run,114,f1f9111670b58759a5338a2323ae60fe97791b2e5dc8a80764f847c4dfd4c752,PROVENANCE_UNVERIFIED,Observed output; run/config/commit/data links require review
results/m1.1/implementation-check/2026-09-26-followup/software-fixture/runs/software-fixture/prepare/20260925T181758-7b4d8542/receipt.json,run,1716,d80139cbe08457950c659f78166e879c4b5547ef3acbd280d590f6fa58307739,PROVENANCE_UNVERIFIED,Observed output; run/config/commit/data links require review
results/m1.1/implementation-check/2026-09-26-followup/software-fixture/runs/software-fixture/prepare/20260925T181758-7b4d8542/resolved_config.json,run,2676,5c76fd80b6a0a5ec7925930a3e662a480a8059076644cf749ad5b91f653b9f21,PROVENANCE_UNVERIFIED,Observed output; run/config/commit/data links require review
results/m1.1/implementation-check/2026-09-26-followup/software-fixture/runs/software-fixture/prepare/20260925T181758-7b4d8542/run.log,run,99,25123b6dbc802d57a04360f47910ea7e478fff6762047ca0f44447e0ac125157,PROVENANCE_UNVERIFIED,Observed output; run/config/commit/data links require review
results/m1.1/implementation-check/2026-09-26-followup/software-fixture/runs/software-fixture/prepare/20260925T181758-7b4d8542/status.json,run,158,6af73e87de5744232cb24939608323c4c6c21867e6ef195344163c2b9fb2684e,PROVENANCE_UNVERIFIED,Observed output; run/config/commit/data links require review
results/m1.1/implementation-check/2026-09-26-followup/software-fixture/runs/software-fixture/prepare/complete.json,run,136,60efd926f4a30f6b5edb0505be0b96f1a9158e5133074eeef57ce09f1b298da0,PROVENANCE_UNVERIFIED,Observed output; run/config/commit/data links require review
results/m1.1/implementation-check/2026-09-26-followup/source.json,run,6152,aeb4c64396178dd0273965747ceec47abb3fc40ca32af1e68ce4360b53ce1322,PROVENANCE_UNVERIFIED,Observed output; run/config/commit/data links require review
results/m1.1/implementation-check/2026-09-26-followup/status.json,run,338,678ca5e7fad4cfbbed751a76404a01922dbb93c934319a3844be7ad32b17365b,PROVENANCE_UNVERIFIED,Observed output; run/config/commit/data links require review
results/m1.1/implementation-check/2026-09-26-followup/tests-final.log,run,7536,02490f9f990330dbbb1787d19c432e65bf1031fe779570c40d26ee01e61dadcb,PROVENANCE_UNVERIFIED,Observed output; run/config/commit/data links require review
results/m1.1/implementation-check/2026-09-26-followup/tests.log,run,7193,c1001f92487ca699aea54f9fb86c7aa19d80af58333f4da0f67d00589660664f,PROVENANCE_UNVERIFIED,Observed output; run/config/commit/data links require review
results/m1.1/implementation-check/2026-09-26-followup/windows-lock-before.json,run,378,b6f550f71aa6b5a2d613b54c73248d767e53ab94160e0fa95c1e6b26e0e3953a,PROVENANCE_UNVERIFIED,Observed output; run/config/commit/data links require review
results/m1.1/implementation-check/2026-09-26-followup/windows-lock-before.log,run,2055,b0e043d4ebde11a9a6205c7451cade302098e6305150ac0e1dc1161e43b98492,PROVENANCE_UNVERIFIED,Observed output; run/config/commit/data links require review
results/m1.1/implementation-check/README.md,documentation,551,e0aee12883248ea0fdc29456e7027ec63e106b6be288a5c551e442ba765f381a,OBSERVED,
results/m1.1/reference/oracle-progress-report.docx,run,16953,95edab2591da69f62e9d92b9307f8a4e2a1356abf6d9713722b604ea9a2b9c39,PROVENANCE_UNVERIFIED,Observed output; run/config/commit/data links require review
results/m1.1/reference/source_manifest.csv,run,316,3c28fc733de3f876dac504f5bb60844d10073744b4405e30ba054ae3066a1f56,PROVENANCE_UNVERIFIED,Observed output; run/config/commit/data links require review
results/m1.2/README.md,documentation,3171,dbe4197b0ba94a686416d977bcd895947de9f3c49497b97e865fcc2d3ad19005,OBSERVED,
results/m1.2/handoff-check-2026-09-26/README.md,documentation,1298,b2eed50c0cb083f6cbcc61dac2d822ef62892a67df20054ffabec19c060fea69,OBSERVED,
results/m1.2/handoff-check-2026-09-26/verification/20260926T022045-0ec475f4/features.json,run,2168,03fe2e40d4e02e7275ca902ac1206baa49d659f5cd833952adfebf2fff9c3e9e,PROVENANCE_UNVERIFIED,Observed output; run/config/commit/data links require review
results/m1.2/handoff-check-2026-09-26/verification/20260926T022045-0ec475f4/fixture.json,run,921,f59a17633ffd41a1e687d6b0fc954144695481c364d0c77d5cb25cb0e02d1ebc,PROVENANCE_UNVERIFIED,Observed output; run/config/commit/data links require review
results/m1.2/handoff-check-2026-09-26/verification/20260926T022045-0ec475f4/gate_parameters.json,run,2796,5c0c0775227366bca7c8947f0c8ef659196830a00b2dc7d08ad96ed5ceb7364d,PROVENANCE_UNVERIFIED,Observed output; run/config/commit/data links require review
results/m1.2/handoff-check-2026-09-26/verification/20260926T022045-0ec475f4/hashes.csv,run,1142,6d58fa2362634823ef38643692b67726da7bd7697ab080ca0684c473e1a6be17,PROVENANCE_UNVERIFIED,Observed output; run/config/commit/data links require review
results/m1.2/handoff-check-2026-09-26/verification/20260926T022045-0ec475f4/learning_trace.csv,run,3805,500047db7566e9c2ca38e7e459b1ba9d20bc837c72588758bef0b93e18f46a06,PROVENANCE_UNVERIFIED,Observed output; run/config/commit/data links require review
results/m1.2/handoff-check-2026-09-26/verification/20260926T022045-0ec475f4/predictions.json,run,3834,b1327f9e733902e28e3a689508711cca9ae4a1e477f4226fe51d1be7d7f66493,PROVENANCE_UNVERIFIED,Observed output; run/config/commit/data links require review
results/m1.2/handoff-check-2026-09-26/verification/20260926T022045-0ec475f4/provenance.json,run,8318,6df647292ebea48c0d8a01c6b19ab68090efd8bf0ccae1a1bd9df1b054cdca1d,PROVENANCE_UNVERIFIED,Observed output; run/config/commit/data links require review
results/m1.2/handoff-check-2026-09-26/verification/20260926T022045-0ec475f4/receipt.json,run,2705,1eb310bae492c18b25c395e8ba4348b064943dec10809a1fb7bdc59658c0050c,PROVENANCE_UNVERIFIED,Observed output; run/config/commit/data links require review
results/m1.2/handoff-check-2026-09-26/verification/20260926T022045-0ec475f4/resolved_config.json,run,371,ac873202f87e542f41294e3366b3be8b6267f5c4c7316142acd9b52ef8b97477,PROVENANCE_UNVERIFIED,Observed output; run/config/commit/data links require review
results/m1.2/handoff-check-2026-09-26/verification/20260926T022045-0ec475f4/run.log,run,406,0be968502ebfbf45a65983214a54f732c1d73429e21ec310e1215ddd46492ce8,PROVENANCE_UNVERIFIED,Observed output; run/config/commit/data links require review
results/m1.2/handoff-check-2026-09-26/verification/20260926T022045-0ec475f4/status.json,run,158,dbf30cd94eec7073d3b851504fe7dd6bfa64423f4f131e29a13561227f35dcfd,PROVENANCE_UNVERIFIED,Observed output; run/config/commit/data links require review
results/m1.2/handoff-check-2026-09-26/verification/20260926T022045-0ec475f4/summary.json,run,1073,c59794865b35a6aabeaf8a7a527049ad0f5957a8cd6b2a74bac055dd888a0323,PROVENANCE_UNVERIFIED,Observed output; run/config/commit/data links require review
results/m1.2/handoff-check-2026-09-26/verification/20260926T022045-0ec475f4/unit-tests.json,run,70,0f6ddd4e10937ca71084db9a11960dcecd98dcba9e0c4e62bd1d6638c9fff0f7,PROVENANCE_UNVERIFIED,Observed output; run/config/commit/data links require review
results/m1.2/handoff-check-2026-09-26/verification/20260926T022045-0ec475f4/unit-tests.log,run,3304,b311c0cc1975100ec56edad4e5bd30fe49e3b5390897514642d2d3a24bd5df62,PROVENANCE_UNVERIFIED,Observed output; run/config/commit/data links require review
results/m1.2/handoff-check-2026-09-26/verification/20260926T022045-0ec475f4/verification.md,run,1221,18dd610f07d72ba88e600e09272c70261be4704f629d3f6e82ede44b06d0d0bb,PROVENANCE_UNVERIFIED,Observed output; run/config/commit/data links require review
results/m1.2/handoff-check-2026-09-26/verification/complete.json,run,136,12c3e16de184ef729958a07357cc28b51acfaba7083f914a5fb69e2871dae619,PROVENANCE_UNVERIFIED,Observed output; run/config/commit/data links require review
results/m1.2/implementation-check/2026-09-26-core-v1/README.md,documentation,4114,8d99cd8e108edc5e405d7e6b7b9cfb4b58b384de1994d9bf5fe080707439264b,OBSERVED,
results/m1.2/implementation-check/2026-09-26-core-v1/before.json,run,380,24b5d6fe15adfe9af2c185e7cc28af275c9e5e339adb93c88c059f65f5e546a9,PROVENANCE_UNVERIFIED,Observed output; run/config/commit/data links require review
results/m1.2/implementation-check/2026-09-26-core-v1/before.log,run,2143,cb1318ac13615a9748d70ba5fd2c5873729e2e4a3be0fe936f183a062da649e8,PROVENANCE_UNVERIFIED,Observed output; run/config/commit/data links require review
results/m1.2/implementation-check/2026-09-26-core-v1/checks.json,run,2010,583f3f45590dd87347ad9a1657363d0274d6fbde2152cd10c4a0f4b57fb2c7ea,PROVENANCE_UNVERIFIED,Observed output; run/config/commit/data links require review
results/m1.2/implementation-check/2026-09-26-core-v1/clean-checks.json,run,3187,bd2e4a12f7ce5574660803b333ba8b504643661ab3cb7e091b19797dff0dcd95,PROVENANCE_UNVERIFIED,Observed output; run/config/commit/data links require review
results/m1.2/implementation-check/2026-09-26-core-v1/clean-dependencies.log,run,280,f1567f6d10b501924905e4201d3b1e7523c237cd1116d561f6e9d089278353b5,PROVENANCE_UNVERIFIED,Observed output; run/config/commit/data links require review
results/m1.2/implementation-check/2026-09-26-core-v1/clean-dependency-check.log,run,67,d1a2f07df5d28752c7a42369827b31f9399f9cfd4a353bd2022501281d416c16,PROVENANCE_UNVERIFIED,Observed output; run/config/commit/data links require review
results/m1.2/implementation-check/2026-09-26-core-v1/clean-evidence/verification/20260925T185555-fe65eac0/features.json,run,2168,03fe2e40d4e02e7275ca902ac1206baa49d659f5cd833952adfebf2fff9c3e9e,PROVENANCE_UNVERIFIED,Observed output; run/config/commit/data links require review
results/m1.2/implementation-check/2026-09-26-core-v1/clean-evidence/verification/20260925T185555-fe65eac0/fixture.json,run,921,f59a17633ffd41a1e687d6b0fc954144695481c364d0c77d5cb25cb0e02d1ebc,PROVENANCE_UNVERIFIED,Observed output; run/config/commit/data links require review
results/m1.2/implementation-check/2026-09-26-core-v1/clean-evidence/verification/20260925T185555-fe65eac0/gate_parameters.json,run,2796,5c0c0775227366bca7c8947f0c8ef659196830a00b2dc7d08ad96ed5ceb7364d,PROVENANCE_UNVERIFIED,Observed output; run/config/commit/data links require review
results/m1.2/implementation-check/2026-09-26-core-v1/clean-evidence/verification/20260925T185555-fe65eac0/hashes.csv,run,1142,5b45506f0260c064577d30c7ac7dbaf9ce0bced89b9edebc18ce77992948c332,PROVENANCE_UNVERIFIED,Observed output; run/config/commit/data links require review
results/m1.2/implementation-check/2026-09-26-core-v1/clean-evidence/verification/20260925T185555-fe65eac0/learning_trace.csv,run,3805,500047db7566e9c2ca38e7e459b1ba9d20bc837c72588758bef0b93e18f46a06,PROVENANCE_UNVERIFIED,Observed output; run/config/commit/data links require review
results/m1.2/implementation-check/2026-09-26-core-v1/clean-evidence/verification/20260925T185555-fe65eac0/predictions.json,run,3834,b1327f9e733902e28e3a689508711cca9ae4a1e477f4226fe51d1be7d7f66493,PROVENANCE_UNVERIFIED,Observed output; run/config/commit/data links require review
results/m1.2/implementation-check/2026-09-26-core-v1/clean-evidence/verification/20260925T185555-fe65eac0/provenance.json,run,6090,6245fcd893faaff47c07124b3f8d6535d169d3a104b55f2d49a76dd8270c1de0,PROVENANCE_UNVERIFIED,Observed output; run/config/commit/data links require review
results/m1.2/implementation-check/2026-09-26-core-v1/clean-evidence/verification/20260925T185555-fe65eac0/receipt.json,run,2705,893faaa49c5067e3579c6a4777020b9666a0cfdd12f5dae62722ee64060f6183,PROVENANCE_UNVERIFIED,Observed output; run/config/commit/data links require review
results/m1.2/implementation-check/2026-09-26-core-v1/clean-evidence/verification/20260925T185555-fe65eac0/resolved_config.json,run,371,ac873202f87e542f41294e3366b3be8b6267f5c4c7316142acd9b52ef8b97477,PROVENANCE_UNVERIFIED,Observed output; run/config/commit/data links require review
results/m1.2/implementation-check/2026-09-26-core-v1/clean-evidence/verification/20260925T185555-fe65eac0/run.log,run,406,72a7f4c60b07e9ac021311da0f7c06d87e5c044780940f6282388dd2e4039f52,PROVENANCE_UNVERIFIED,Observed output; run/config/commit/data links require review
results/m1.2/implementation-check/2026-09-26-core-v1/clean-evidence/verification/20260925T185555-fe65eac0/status.json,run,158,96af7ef60906374612dd1dcac6c06f387be1cd78b62746a8a39c466968a13a8c,PROVENANCE_UNVERIFIED,Observed output; run/config/commit/data links require review
results/m1.2/implementation-check/2026-09-26-core-v1/clean-evidence/verification/20260925T185555-fe65eac0/summary.json,run,1073,c59794865b35a6aabeaf8a7a527049ad0f5957a8cd6b2a74bac055dd888a0323,PROVENANCE_UNVERIFIED,Observed output; run/config/commit/data links require review
results/m1.2/implementation-check/2026-09-26-core-v1/clean-evidence/verification/20260925T185555-fe65eac0/unit-tests.json,run,70,0f6ddd4e10937ca71084db9a11960dcecd98dcba9e0c4e62bd1d6638c9fff0f7,PROVENANCE_UNVERIFIED,Observed output; run/config/commit/data links require review
results/m1.2/implementation-check/2026-09-26-core-v1/clean-evidence/verification/20260925T185555-fe65eac0/unit-tests.log,run,3303,4689d303839bf5df4840d74899469dace8519406aa526c152a0cc34eb48af81c,PROVENANCE_UNVERIFIED,Observed output; run/config/commit/data links require review
results/m1.2/implementation-check/2026-09-26-core-v1/clean-evidence/verification/20260925T185555-fe65eac0/verification.md,run,1221,18dd610f07d72ba88e600e09272c70261be4704f629d3f6e82ede44b06d0d0bb,PROVENANCE_UNVERIFIED,Observed output; run/config/commit/data links require review
results/m1.2/implementation-check/2026-09-26-core-v1/clean-evidence/verification/complete.json,run,136,2299582bf0c5cf9b6384f82648f48d6a409cb2568c7c1756245683fde2e8478d,PROVENANCE_UNVERIFIED,Observed output; run/config/commit/data links require review
results/m1.2/implementation-check/2026-09-26-core-v1/clean-install.log,run,430,2455821fe824a6f5f07257b42da05f802e15cb2479a8f0bf835f3300ea8b3749,PROVENANCE_UNVERIFIED,Observed output; run/config/commit/data links require review
results/m1.2/implementation-check/2026-09-26-core-v1/clean-tests.log,run,3995,510673d2421802aacbf9c5bd0801f017fb6d9dc0265ef867e10ebae7b6fdc0f7,PROVENANCE_UNVERIFIED,Observed output; run/config/commit/data links require review
results/m1.2/implementation-check/2026-09-26-core-v1/clean-venv.log,run,206,cf14103751498805d5fe0f2064f7efa57fd9ccbf191fbdbbdbc2032f1197010a,PROVENANCE_UNVERIFIED,Observed output; run/config/commit/data links require review
results/m1.2/implementation-check/2026-09-26-core-v1/clean-verification.log,run,869,27ba2e1bae901ddfe5dd698066311aec9a83a807f80aa8b8aefb8b0bd00dfcb5,PROVENANCE_UNVERIFIED,Observed output; run/config/commit/data links require review
results/m1.2/implementation-check/2026-09-26-core-v1/cli-after.log,run,426,7015b82b08140eefe61da287a8c2d2dbe1ee2847bd59ab58c9d4b39567f5f492,PROVENANCE_UNVERIFIED,Observed output; run/config/commit/data links require review
results/m1.2/implementation-check/2026-09-26-core-v1/cli-before.log,run,2161,b5c517ee65f18c5bfeb74f558af56c253f84f0094b9a0c92f1d9d484fe5fcbd6,PROVENANCE_UNVERIFIED,Observed output; run/config/commit/data links require review
results/m1.2/implementation-check/2026-09-26-core-v1/compile.log,run,0,e3b0c44298fc1c149afbf4c8996fb92427ae41e4649b934ca495991b7852b855,PROVENANCE_UNVERIFIED,Observed output; run/config/commit/data links require review
results/m1.2/implementation-check/2026-09-26-core-v1/core-first-check.log,run,3303,f31b5bc920f72624f8c8e7f6fead04136dd74e63d73dc5f37be2d50a0983aaa3,PROVENANCE_UNVERIFIED,Observed output; run/config/commit/data links require review
results/m1.2/implementation-check/2026-09-26-core-v1/dependencies.log,run,67,d5c881e40dbb9e6f9e712b8febe91090cbb4347c8fa44d3031b5694fdcd36fd2,PROVENANCE_UNVERIFIED,Observed output; run/config/commit/data links require review
results/m1.2/implementation-check/2026-09-26-core-v1/diff.log,run,0,e3b0c44298fc1c149afbf4c8996fb92427ae41e4649b934ca495991b7852b855,PROVENANCE_UNVERIFIED,Observed output; run/config/commit/data links require review
results/m1.2/implementation-check/2026-09-26-core-v1/environment-parity.json,run,972,4e75b86f417282cf83b24ac1387718466f899d431d67d37f403edd1b320b63bc,PROVENANCE_UNVERIFIED,Observed output; run/config/commit/data links require review
results/m1.2/implementation-check/2026-09-26-core-v1/final-file-check.log,run,118,ea1a2085666a518a849e47f666eb791e0a5586720cd9d4e9c20c8bb2f33355a5,PROVENANCE_UNVERIFIED,Observed output; run/config/commit/data links require review
results/m1.2/implementation-check/2026-09-26-core-v1/full-tests.log,run,11057,82002f4aba1ad2caf087ce77671759a92e04ab868da29b3bdfb9bfc1de43d070,PROVENANCE_UNVERIFIED,Observed output; run/config/commit/data links require review
results/m1.2/implementation-check/2026-09-26-core-v1/hashes.csv,run,4310,69ec550fb4a0e4d6a4a9757dc39336818f6f593b26d8c0680cf6a11ac215d7f3,PROVENANCE_UNVERIFIED,Observed output; run/config/commit/data links require review
results/m1.2/implementation-check/2026-09-26-core-v1/installed-package.log,run,502,27caa03db742be6f46594286a23e8dc13a5d40ca4543a110d7055e03580b95ae,PROVENANCE_UNVERIFIED,Observed output; run/config/commit/data links require review
results/m1.2/implementation-check/2026-09-26-core-v1/local-verification.log,run,507,0cb38c685a0c253257c6f78bd8304fa613079a6911a12036099af7582d558875,PROVENANCE_UNVERIFIED,Observed output; run/config/commit/data links require review
results/m1.2/implementation-check/2026-09-26-core-v1/status.json,run,541,4853b00ddff2e2a25e3a95d0aa71ecbcc60eca364c45fc141833d0fd8a679844,PROVENANCE_UNVERIFIED,Observed output; run/config/commit/data links require review
results/m1.2/implementation-check/2026-09-26-core-v1/verified-inputs.json,run,2209,b83b7f742e8a9205ed2a907d3a20bafe2cd10a1b4ce4512b2c76112959c03e57,PROVENANCE_UNVERIFIED,Observed output; run/config/commit/data links require review
results/m1.2/local-core-2026-09-26-001/verification/20260925T185407-b9f9151b/features.json,run,2168,03fe2e40d4e02e7275ca902ac1206baa49d659f5cd833952adfebf2fff9c3e9e,PROVENANCE_UNVERIFIED,Observed output; run/config/commit/data links require review
results/m1.2/local-core-2026-09-26-001/verification/20260925T185407-b9f9151b/fixture.json,run,921,f59a17633ffd41a1e687d6b0fc954144695481c364d0c77d5cb25cb0e02d1ebc,PROVENANCE_UNVERIFIED,Observed output; run/config/commit/data links require review
results/m1.2/local-core-2026-09-26-001/verification/20260925T185407-b9f9151b/gate_parameters.json,run,2796,5c0c0775227366bca7c8947f0c8ef659196830a00b2dc7d08ad96ed5ceb7364d,PROVENANCE_UNVERIFIED,Observed output; run/config/commit/data links require review
results/m1.2/local-core-2026-09-26-001/verification/20260925T185407-b9f9151b/hashes.csv,run,1142,f6e7f01c2274215605d2a34402b192ca5adf626859f3053d96c1d5c647d705af,PROVENANCE_UNVERIFIED,Observed output; run/config/commit/data links require review
results/m1.2/local-core-2026-09-26-001/verification/20260925T185407-b9f9151b/learning_trace.csv,run,3805,500047db7566e9c2ca38e7e459b1ba9d20bc837c72588758bef0b93e18f46a06,PROVENANCE_UNVERIFIED,Observed output; run/config/commit/data links require review
results/m1.2/local-core-2026-09-26-001/verification/20260925T185407-b9f9151b/predictions.json,run,3834,b1327f9e733902e28e3a689508711cca9ae4a1e477f4226fe51d1be7d7f66493,PROVENANCE_UNVERIFIED,Observed output; run/config/commit/data links require review
results/m1.2/local-core-2026-09-26-001/verification/20260925T185407-b9f9151b/provenance.json,run,8257,ba325c8b364862733abf273457221fb540f9d1ed76eda2c904d5feb03fea3fbc,PROVENANCE_UNVERIFIED,Observed output; run/config/commit/data links require review
results/m1.2/local-core-2026-09-26-001/verification/20260925T185407-b9f9151b/receipt.json,run,2705,5cd0ce41e8c3884ee17ef77966716591caefa1a4168b000ae192398b1bcc0577,PROVENANCE_UNVERIFIED,Observed output; run/config/commit/data links require review
results/m1.2/local-core-2026-09-26-001/verification/20260925T185407-b9f9151b/resolved_config.json,run,371,ac873202f87e542f41294e3366b3be8b6267f5c4c7316142acd9b52ef8b97477,PROVENANCE_UNVERIFIED,Observed output; run/config/commit/data links require review
results/m1.2/local-core-2026-09-26-001/verification/20260925T185407-b9f9151b/run.log,run,406,e23304f9ddbed6bceeeca98595d84c542a0a95a25d45430fcfba8903967bb780,PROVENANCE_UNVERIFIED,Observed output; run/config/commit/data links require review
results/m1.2/local-core-2026-09-26-001/verification/20260925T185407-b9f9151b/status.json,run,158,0b791cefa239da867e4e6e861b6bfbddd8ea01ed52c75af0e72dbfadbf490024,PROVENANCE_UNVERIFIED,Observed output; run/config/commit/data links require review
results/m1.2/local-core-2026-09-26-001/verification/20260925T185407-b9f9151b/summary.json,run,1073,c59794865b35a6aabeaf8a7a527049ad0f5957a8cd6b2a74bac055dd888a0323,PROVENANCE_UNVERIFIED,Observed output; run/config/commit/data links require review
results/m1.2/local-core-2026-09-26-001/verification/20260925T185407-b9f9151b/unit-tests.json,run,70,0f6ddd4e10937ca71084db9a11960dcecd98dcba9e0c4e62bd1d6638c9fff0f7,PROVENANCE_UNVERIFIED,Observed output; run/config/commit/data links require review
results/m1.2/local-core-2026-09-26-001/verification/20260925T185407-b9f9151b/unit-tests.log,run,3303,ae3656c9b5ab640479bdfb1c9ac0e135dddc899d88d3317f43d23590e553bb29,PROVENANCE_UNVERIFIED,Observed output; run/config/commit/data links require review
results/m1.2/local-core-2026-09-26-001/verification/20260925T185407-b9f9151b/verification.md,run,1221,18dd610f07d72ba88e600e09272c70261be4704f629d3f6e82ede44b06d0d0bb,PROVENANCE_UNVERIFIED,Observed output; run/config/commit/data links require review
results/m1.2/local-core-2026-09-26-001/verification/complete.json,run,136,1524f86f1771c87335dca3da86e5438e37946083833457d1c4d1404a35227f52,PROVENANCE_UNVERIFIED,Observed output; run/config/commit/data links require review
scripts/audit_collisions.py,infrastructure,12541,b8e4a686b0852df735d6e4fef8846191850e020ff3b4cca10b3f8b409ee9b1ae,OBSERVED,
scripts/audit_ocr_policy.py,infrastructure,14196,7b72c4571392fd8e3a3c833ebc028045384ee47ccf6fab72abb118595e22c454,OBSERVED,
scripts/audit_primary_corpus.py,infrastructure,6272,9d9f2941eec0440dd7cf0882f44fd8327ff61ed5de25a4eb78cb8f7e40d7648f,OBSERVED,
scripts/audit_repository.py,infrastructure,404,3d5be4fa6db221900c7ac085cbe0099ab10563de653120103db90564ef8a2aaa,OBSERVED,
scripts/download_primary_corpus.py,infrastructure,3053,9adad00338de462ac8260d4c94db3ef21340b0eed0d6660593b480ccf6e582f2,OBSERVED,
scripts/evaluate_m11.py,infrastructure,2400,6513fafbc95347f3b64100bdc2d2a51bbb7639501f2625767f6a395fe884b882,OBSERVED,
scripts/run_m11_modal.py,infrastructure,4391,c0fe3b215ca59b6edcfb82b018980fbd089fc157656f6d907b5dd6136ffb5957,OBSERVED,
scripts/verify_m12.py,infrastructure,9871,a2fec7486934636bf2a809b56cdad81dd4178ffce731575d465a47f17102effa,OBSERVED,
src/qpaf/__init__.py,infrastructure,62,3c676f0b96ef73c4f9eb29a27d8bcc3464303483653f2ae28c7f4e739fe9d542,OBSERVED,
src/qpaf/audit.py,infrastructure,11958,0d4190e6642eed477d50cbbadd0046eeb333ca5305a6f5919ec3d610df5d29b5,OBSERVED,
src/qpaf/m11/__init__.py,source,78,f2c256e8608884fb0e4ffca4ccfd800bbbc8fea816963fb084b0e3255d49ba2b,UNREVIEWED,
src/qpaf/m11/artifacts.py,source,8438,a71ac1d3a0ea26e9c7de60d4de4f821d910c72039499adba6ad87c9bc43ec691,UNREVIEWED,
src/qpaf/m11/config.py,source,6524,7b2f8d25c3fdfe7b8d6f149e2aee6c1cdc41e31e5a0c04abfaed652486fc0df5,UNREVIEWED,
src/qpaf/m11/dataset.py,source,12104,f44c87e14932bf0586fc70d15b51e9ee286949e73900617be640390ccbdcd67a,UNREVIEWED,
src/qpaf/m11/evidence.py,source,2253,58eef596cd4bb27da2f7044ec5bf5703f59e3e6c010c4f84afff7a39498b1f85,UNREVIEWED,
src/qpaf/m11/metrics.py,source,1917,c2d15bd922cc60b3f84a72a8828fe8a248467d892d88e9af98e4cfe3b71a3a9c,UNREVIEWED,
src/qpaf/m11/modal_app.py,source,2657,44ba5c2f2a22c1b1bde60b0bf16793061c27cc2d5764340f4008a4d856eb4cdb,UNREVIEWED,
src/qpaf/m11/oracle.py,source,6106,56e05e5a4d01dae5ab68ae5e11ffbaf4f9c76bee22b5cf78fabf004f493dbdf1,UNREVIEWED,
src/qpaf/m11/pipeline.py,source,7784,edf171f9a413a5ba546f71882cc163d8281bfa9d47b8b9cd8aaad637b0a4764f,UNREVIEWED,
src/qpaf/m11/retrieval.py,source,6995,93ff00e50256bdc44759cfde88012a49282017096d240de2eaab58ef695db2e1,UNREVIEWED,
src/qpaf/m12/__init__.py,source,82,da36c939381d3e097a35208abdf7b5ab43b912a1c1e137638f67ab759758b2c0,UNREVIEWED,
src/qpaf/m12/config.py,source,2168,4b50ec1b8f1f48cc47c6028235ea0e18e931349360ac65d48693ea8099fd3f6e,UNREVIEWED,
src/qpaf/m12/features.py,source,4257,86eb5d540d2330c0fec263d587581d2f159b77461df85c57f6ecaa64fafa40b6,UNREVIEWED,
src/qpaf/m12/losses.py,source,1586,18debc316b02146c38c36a6b1021f0db5e3ba9be55ffdb4c8be153cd11ce5395,UNREVIEWED,
src/qpaf/m12/model.py,source,4173,05c0370343a14b70b1db37e3d2bf6fd852c4ea67f7a967af52fa0ff498adcc3e,UNREVIEWED,
src/qpaf/m13/__init__.py,source,1055,4f6ff852d89a749c6911610bb300f9b8a510743373f557218c1f2380ebd92684,UNREVIEWED,
src/qpaf/m13/boundary.py,source,2024,6c0897346254fe8d751a7f68cc7dee1e21e2dba1c920ba535b90307796a1cee8,UNREVIEWED,
src/qpaf/m13/corpus.py,source,7614,5a4e60a8be5d64a67244b841312ca3d5fcfe152c71fd59bea8d1b58de37efb66,UNREVIEWED,
src/qpaf/m13/splits.py,source,6351,341eed1f421646f4e2c5d1c52e12733f9849d074986b6d46db19ff2b459a65f1,UNREVIEWED,
src/qpaf/m13/vidoseek.py,source,4017,9724e0e26e376e8559ff91eb064175dbb427a3142e39779c1c134e8aeec52b44,UNREVIEWED,
src/qpaf/m16/__init__.py,source,795,c4e5942acc652d47f9d09d9d4ed7cfccebf820c64e698e690a5f3e6e041f7e5e,UNREVIEWED,
src/qpaf/m16/detector.py,source,5296,7863926375ce7eb8041141fcfdcf8be3ca35140fd6658e6d5db853f068aef724,UNREVIEWED,
src/qpaf/m16/manifest.py,source,6396,1b20c75318186094cb47754824a4a21a89fa9c100a0c9263fcd8f0c28b368d5a,UNREVIEWED,
src/qpaf/m16/real_corpus.py,source,4374,bcd3c5f9b1c1ba173ff78b1f9bd9eba1b842136ca157774f8cf95516e2cb534a,UNREVIEWED,
src/qpaf/m16/report.py,source,7510,850dab8d76fe5f11c8be454dd108ef1e17c4412a3b44bea66367da4321814e19,UNREVIEWED,
src/qpaf/m18/__init__.py,source,467,942bcaa139785d70821d172969afe8ed3094d33fef7384342f499436f0edfaaf,UNREVIEWED,
src/qpaf/m18/namespace.py,source,6085,6e05cafb8db4808e073742ced9ba3fc6f0ecbdbfec9db9f55adfcc65a55ad12a,UNREVIEWED,
src/qpaf/m18/ocr_policy.py,source,2875,69ae47b8c4f95a213b10f851899874e98953ef85705f36a3f625578acbd20bc0,UNREVIEWED,
tests/test_audit.py,infrastructure,10379,c45aa4c0e7cf179000de9fcd599ce08b220ca1aa2792707c8a7ad0b2aee8bf0b,OBSERVED,
tests/test_m11_artifacts.py,infrastructure,8049,1850f26e7a4d9554b2dd40995392d43a6a459b8e16ee2e780bcdb43b2ab5dd50,OBSERVED,
tests/test_m11_core.py,infrastructure,5504,5e71b275d3e2e42d2d3056cc3429cff4beae7942390fce5836ade98c689b13ff,OBSERVED,
tests/test_m11_pipeline.py,infrastructure,6605,91be95f1d8ddb8efe7cbeb6280e87ce3f21a3b4e34abfec572817bac026af8ed,OBSERVED,
tests/test_m12_config.py,infrastructure,1485,c0efddbbaba71d668c0879c7546f4190618caefc298323d6fafba3ca9bf2aa6e,OBSERVED,
tests/test_m12_core.py,infrastructure,14103,11e88d00cf89945fea68a4a9ed4b8aa9a379a277e7f96923198c7b94ff93abc2,OBSERVED,
tests/test_m12_verification.py,infrastructure,3299,568ad9077b41e1c8ec20f5139b73d44ff9267e854e07de60baa822a950e6e9da,OBSERVED,
tests/test_m13_boundary.py,infrastructure,1050,1c1ad7c6630162baf38ef14c8b2617c2b99561361c30e4f7a05621e71e091f67,OBSERVED,
tests/test_m13_cli.py,infrastructure,6061,9cb6089825d9d6976a308280cfdc35a8cfcc4662ca96edff3fc2cbcdafcaa1de,OBSERVED,
tests/test_m13_corpus.py,infrastructure,4554,e0ed59e394a58e58b245a18def294eb585177a1f5b17fd2fc2a1cc2e293ea0b9,OBSERVED,
tests/test_m13_splits.py,infrastructure,4675,5aa918f49a6c79e519eb2959a93d2634880bdf46f99f34001231c56b6a947216,OBSERVED,
tests/test_m13_vidoseek.py,infrastructure,4146,7f46188cc82a5f7e14a53ec201a25e1e56867c57665bd792640919975e445385,OBSERVED,
tests/test_m16_collision.py,infrastructure,12379,11a25844f7b0d5b3cce3522575eab7be0e17e23e9bde5df8b96934bda0cdf8d8,OBSERVED,
tests/test_m16_real_audit.py,infrastructure,4367,f37385352ddc4fd9816ff17b620dc7b1732f24efde161b5be7bff3f370e9bc33,OBSERVED,
tests/test_m17_registry.py,infrastructure,8566,10693d2ec0214e011be2a83dc072cb8264ca1e19ed56544a7ddbee56f67f0e3f,OBSERVED,
tests/test_m18_ocr.py,infrastructure,4757,a7017f79fe009d8e3545427dd5e19ff3810f4613f24169c792b11a81e7ed6137,OBSERVED,
tests/test_m18_runtime.py,infrastructure,10633,e8b0c00365112ec64f691239e98400f7092a8f693c744a7b05eb2ade8a2e0314,OBSERVED,
